tax_id,GeneID,Ensembl_gene_identifier,RNA_nucleotide_accession.version,Ensembl_rna_identifier,protein_accession.version,Ensembl_protein_identifier
105023,7256389,ENSNFUG00015000011,-,-,YP_002456257.1,ENSNFUP00015000003.1
105023,7256390,ENSNFUG00015000007,-,-,YP_002456256.1,ENSNFUP00015000002.1
105023,7256391,ENSNFUG00015000017,-,-,YP_002456258.1,ENSNFUP00015000004.1
105023,7256392,ENSNFUG00015000028,-,-,YP_002456264.1,ENSNFUP00015000010.1
105023,7256393,ENSNFUG00015000033,-,-,YP_002456266.1,ENSNFUP00015000012.1
105023,7256394,ENSNFUG00015000029,-,-,YP_002456265.1,ENSNFUP00015000011.1
105023,7256395,ENSNFUG00015000034,-,-,YP_002456267.1,ENSNFUP00015000013.1
105023,7256396,ENSNFUG00015000036,-,-,YP_002456268.1,ENSNFUP00015000014.1
105023,7256397,ENSNFUG00015000026,-,-,YP_002456263.1,ENSNFUP00015000009.1
105023,7256398,ENSNFUG00015000022,-,-,YP_002456260.1,ENSNFUP00015000006.1
105023,7256399,ENSNFUG00015000020,-,-,YP_002456259.1,ENSNFUP00015000005.1
105023,7256400,ENSNFUG00015000024,-,-,YP_002456262.1,ENSNFUP00015000008.1
105023,7256401,ENSNFUG00015000023,-,-,YP_002456261.1,ENSNFUP00015000007.1
105023,64988109,ENSNFUG00015000008,-,-,-,-
105023,64988110,ENSNFUG00015000012,-,-,-,-
105023,64988111,ENSNFUG00015000027,-,-,-,-
105023,64988112,ENSNFUG00015000030,-,-,-,-
105023,64988113,ENSNFUG00015000035,-,-,-,-
105023,64988114,ENSNFUG00015000037,-,-,-,-
105023,64988115,ENSNFUG00015000025,-,-,-,-
105023,64988116,ENSNFUG00015000021,-,-,-,-
105023,64988117,ENSNFUG00015000018,-,-,-,-
105023,64988118,ENSNFUG00015000003,-,-,-,-
105023,64988119,ENSNFUG00015000004,-,-,-,-
105023,64988120,ENSNFUG00015000005,-,-,-,-
105023,64988121,ENSNFUG00015000006,-,-,-,-
105023,64988122,ENSNFUG00015000009,-,-,-,-
105023,64988123,ENSNFUG00015000010,-,-,-,-
105023,64988124,ENSNFUG00015000013,-,-,-,-
105023,64988125,ENSNFUG00015000014,-,-,-,-
105023,64988126,ENSNFUG00015000015,-,-,-,-
105023,64988127,ENSNFUG00015000016,-,-,-,-
105023,64988128,ENSNFUG00015000019,-,-,-,-
105023,64988129,ENSNFUG00015000031,-,-,-,-
105023,64988130,ENSNFUG00015000032,-,-,-,-
105023,64988131,ENSNFUG00015000038,-,-,-,-
105023,64988132,ENSNFUG00015000039,-,-,-,-
105023,64988133,ENSNFUG00015000002,-,-,-,-
105023,107372319,ENSNFUG00015011642,-,-,-,-
105023,107372320,ENSNFUG00015011724,-,-,XP_015796012.1,ENSNFUP00015024246.1
105023,107372323,ENSNFUG00015011767,-,-,XP_015796015.1,ENSNFUP00015024401.1
105023,107372325,ENSNFUG00015011915,-,-,XP_015796020.1,ENSNFUP00015024606.1
105023,107372326,ENSNFUG00015011954,-,-,XP_015796022.1,ENSNFUP00015024688.1
105023,107372328,ENSNFUG00015011922,-,-,XP_015796024.1,ENSNFUP00015024614.1
105023,107372346,ENSNFUG00015024014,-,-,-,-
105023,107372353,ENSNFUG00015016450,-,-,-,-
105023,107372354,ENSNFUG00015016429,-,-,XP_015796044.1,ENSNFUP00015033571.1
105023,107372355,ENSNFUG00015016453,-,-,XP_015796045.1,ENSNFUP00015033632.1
105023,107372360,ENSNFUG00015016457,-,-,-,-
105023,107372364,ENSNFUG00015016509,-,-,XP_015796057.1,ENSNFUP00015033783.1
105023,107372366,ENSNFUG00015016537,-,-,-,-
105023,107372367,ENSNFUG00015016546,-,-,-,-
105023,107372371,ENSNFUG00015024045,-,-,XP_015796072.1,ENSNFUP00015052223.1
105023,107372377,ENSNFUG00015016716,-,-,-,-
105023,107372380,ENSNFUG00015017331,-,-,XP_015796082.1,ENSNFUP00015036446.1
105023,107372381,ENSNFUG00015017004,-,-,-,-
105023,107372385,ENSNFUG00015017794,-,-,-,-
105023,107372386,ENSNFUG00015017785,-,-,-,-
105023,107372389,ENSNFUG00015024425,-,-,XP_015796104.1,ENSNFUP00015052336.1
105023,107372399,ENSNFUG00015009043,-,-,-,-
105023,107372400,ENSNFUG00015024435,-,-,XP_015796124.1,ENSNFUP00015052356.1
105023,107372401,ENSNFUG00015008968,-,-,-,-
105023,107372404,ENSNFUG00015009187,-,-,-,-
105023,107372405,ENSNFUG00015009313,-,-,-,-
105023,107372407,ENSNFUG00015009275,-,-,XP_015796123.1,ENSNFUP00015019197.1
105023,107372409,ENSNFUG00015009300,-,-,-,-
105023,107372411,ENSNFUG00015009404,-,-,XP_015796128.1,ENSNFUP00015019440.1
105023,107372412,ENSNFUG00015009404,-,-,XP_015796129.1,ENSNFUP00015019657.1
105023,107372412,ENSNFUG00015009404,-,-,XP_015796131.1,ENSNFUP00015019704.1
105023,107372413,ENSNFUG00015024484,-,-,-,-
105023,107372414,ENSNFUG00015009362,-,-,XP_015796133.1,ENSNFUP00015019338.1
105023,107372416,ENSNFUG00015009544,-,-,-,-
105023,107372418,ENSNFUG00015009608,-,-,-,-
105023,107372419,ENSNFUG00015009991,-,-,XP_015796139.1,ENSNFUP00015020846.1
105023,107372419,ENSNFUG00015009991,-,-,XP_015796140.1,ENSNFUP00015020894.1
105023,107372420,ENSNFUG00015009936,-,-,-,-
105023,107372422,ENSNFUG00015024667,-,-,-,-
105023,107372423,ENSNFUG00015010409,-,-,-,-
105023,107372425,ENSNFUG00015010195,-,-,-,-
105023,107372430,ENSNFUG00015011984,-,-,XP_015796159.1,ENSNFUP00015024870.1
105023,107372431,ENSNFUG00015011944,-,-,XP_015796161.1,ENSNFUP00015024674.1
105023,107372440,ENSNFUG00015013632,-,-,XP_015796173.1,ENSNFUP00015028186.1
105023,107372441,ENSNFUG00015013637,-,-,XP_015796174.1,ENSNFUP00015028197.1
105023,107372446,ENSNFUG00015013710,-,-,-,-
105023,107372447,ENSNFUG00015013726,-,-,-,-
105023,107372448,ENSNFUG00015013715,-,-,XP_015796179.1,ENSNFUP00015028353.1
105023,107372451,ENSNFUG00015013743,-,-,XP_015796181.1,ENSNFUP00015028407.1
105023,107372452,ENSNFUG00015013768,-,-,-,-
105023,107372459,ENSNFUG00015013544,-,-,-,-
105023,107372515,ENSNFUG00015024934,-,-,-,-
105023,107372542,ENSNFUG00015013524,-,-,XP_015796249.1,ENSNFUP00015027996.1
105023,107372550,ENSNFUG00015013556,-,-,-,-
105023,107372554,ENSNFUG00015013630,-,-,-,-
105023,107372559,ENSNFUG00015014207,-,-,XP_015796268.1,ENSNFUP00015029272.1
105023,107372564,ENSNFUG00015014298,-,-,-,-
105023,107372568,ENSNFUG00015014342,-,-,XP_015796277.1,ENSNFUP00015029476.1
105023,107372602,ENSNFUG00015016201,-,-,-,-
105023,107372612,ENSNFUG00015016557,-,-,XP_015796318.1,ENSNFUP00015034661.1
105023,107372622,ENSNFUG00015017052,-,-,XP_015796323.1,ENSNFUP00015035048.1
105023,107372638,ENSNFUG00015017902,-,-,-,-
105023,107372647,ENSNFUG00015025196,-,-,XP_015796343.1,ENSNFUP00015054275.1
105023,107372661,ENSNFUG00015017951,-,-,-,-
105023,107372670,ENSNFUG00015018213,-,-,-,-
105023,107372676,ENSNFUG00015010207,-,-,-,-
105023,107372681,ENSNFUG00015018353,-,-,-,-
105023,107372686,ENSNFUG00015010350,-,-,-,-
105023,107372696,ENSNFUG00015011985,-,-,XP_015796385.1,ENSNFUP00015024752.1
105023,107372704,ENSNFUG00015011997,-,-,-,-
105023,107372710,ENSNFUG00015018421,-,-,-,-
105023,107372713,ENSNFUG00015012026,-,-,XP_015796404.1,ENSNFUP00015024896.1
105023,107372719,ENSNFUG00015012045,-,-,XP_015796410.1,ENSNFUP00015024931.1
105023,107372722,ENSNFUG00015018464,-,-,XP_015796408.1,ENSNFUP00015038229.1
105023,107372722,ENSNFUG00015018464,-,-,XP_015796409.1,ENSNFUP00015038233.1
105023,107372728,ENSNFUG00015008940,-,-,-,-
105023,107372730,ENSNFUG00015008911,-,-,XP_015796415.1,ENSNFUP00015018717.1
105023,107372736,ENSNFUG00015008992,-,-,XP_015796421.1,ENSNFUP00015018810.1
105023,107372740,ENSNFUG00015009036,-,-,-,-
105023,107372744,ENSNFUG00015009135,-,-,-,-
105023,107372745,ENSNFUG00015009115,-,-,XP_015796434.1,ENSNFUP00015018965.1
105023,107372746,ENSNFUG00015012062,-,-,XP_015796437.1,ENSNFUP00015024952.1
105023,107372756,ENSNFUG00015012193,-,-,XP_015796446.1,ENSNFUP00015028603.1
105023,107372762,ENSNFUG00015009356,-,-,XP_015796449.1,ENSNFUP00015019312.1
105023,107372764,ENSNFUG00015013966,-,-,XP_015796456.1,ENSNFUP00015028856.1
105023,107372773,ENSNFUG00015013975,-,-,XP_015796465.1,ENSNFUP00015028894.1
105023,107372778,ENSNFUG00015009519,-,-,-,-
105023,107372779,ENSNFUG00015009570,-,-,-,-
105023,107372780,ENSNFUG00015013998,-,-,-,-
105023,107372806,ENSNFUG00015014427,-,-,XP_015796497.1,ENSNFUP00015030373.1
105023,107372810,ENSNFUG00015009667,-,-,XP_015796496.1,ENSNFUP00015019958.1
105023,107372811,ENSNFUG00015009683,-,-,-,-
105023,107372814,ENSNFUG00015014877,-,-,XP_015796506.1,ENSNFUP00015030637.1
105023,107372816,ENSNFUG00015009717,-,-,XP_015796505.1,ENSNFUP00015020052.1
105023,107372822,ENSNFUG00015009742,-,-,-,-
105023,107372822,ENSNFUG00015009742,-,-,XP_015796511.1,ENSNFUP00015020096.1
105023,107372824,ENSNFUG00015015000,-,-,-,-
105023,107372831,ENSNFUG00015009809,-,-,-,-
105023,107372836,ENSNFUG00015009842,-,-,-,-
105023,107372848,ENSNFUG00015015268,-,-,-,-
105023,107372858,ENSNFUG00015015360,-,-,XP_015796550.1,ENSNFUP00015033545.1
105023,107372866,ENSNFUG00015014350,-,-,-,-
105023,107372869,ENSNFUG00015015281,-,-,XP_015796558.1,ENSNFUP00015031290.1
105023,107372874,ENSNFUG00015014548,-,-,XP_015796560.1,ENSNFUP00015029861.1
105023,107372877,ENSNFUG00015014551,-,-,-,-
105023,107372879,ENSNFUG00015016432,-,-,-,-
105023,107372881,ENSNFUG00015014677,-,-,XP_015796566.1,ENSNFUP00015030114.1
105023,107372888,ENSNFUG00015016555,-,-,XP_015796575.1,ENSNFUP00015033860.1
105023,107372901,ENSNFUG00015014875,-,-,XP_015796581.1,ENSNFUP00015030506.1
105023,107372902,ENSNFUG00015014865,-,-,XP_015796582.1,ENSNFUP00015030451.1
105023,107372911,ENSNFUG00015016623,-,-,-,-
105023,107372917,ENSNFUG00015015327,-,-,XP_015796598.1,ENSNFUP00015031372.1
105023,107372920,ENSNFUG00015018305,-,-,XP_015796605.1,ENSNFUP00015037950.1
105023,107372925,ENSNFUG00015015612,-,-,XP_015796607.1,ENSNFUP00015031884.1
105023,107372926,ENSNFUG00015015575,-,-,XP_015796608.1,ENSNFUP00015031851.1
105023,107372942,ENSNFUG00015015923,-,-,-,-
105023,107372943,ENSNFUG00015015870,-,-,-,-
105023,107372954,ENSNFUG00015016160,-,-,-,-
105023,107372960,ENSNFUG00015016183,-,-,XP_015796636.1,ENSNFUP00015033050.1
105023,107372965,ENSNFUG00015016216,-,-,XP_015796641.1,ENSNFUP00015033161.1
105023,107372966,ENSNFUG00015016216,-,-,XP_015796643.1,ENSNFUP00015033170.1
105023,107372971,ENSNFUG00015016257,-,-,-,-
105023,107372999,ENSNFUG00015015966,-,-,-,-
105023,107373005,ENSNFUG00015018386,-,-,-,-
105023,107373006,ENSNFUG00015009016,-,-,XP_015796685.1,ENSNFUP00015018871.1
105023,107373013,ENSNFUG00015009133,-,-,XP_015796692.1,ENSNFUP00015018989.1
105023,107373022,ENSNFUG00015018458,-,-,-,-
105023,107373024,ENSNFUG00015009294,-,-,XP_015796700.1,ENSNFUP00015020719.1
105023,107373025,ENSNFUG00015010058,-,-,-,-
105023,107373040,ENSNFUG00015018469,-,-,-,-
105023,107373042,ENSNFUG00015014499,-,-,-,-
105023,107373048,ENSNFUG00015014591,-,-,XP_015796717.1,ENSNFUP00015029979.1
105023,107373051,ENSNFUG00015018476,-,-,-,-
105023,107373062,ENSNFUG00015018489,-,-,XP_015796729.1,ENSNFUP00015038277.1
105023,107373090,ENSNFUG00015018494,-,-,-,-
105023,107373108,ENSNFUG00015018500,-,-,-,-
105023,107373116,ENSNFUG00015018521,-,-,-,-
105023,107373131,ENSNFUG00015010074,-,-,XP_015796792.1,ENSNFUP00015020815.1
105023,107373131,ENSNFUG00015010074,-,-,XP_015796797.1,ENSNFUP00015020799.1
105023,107373147,ENSNFUG00015010287,-,-,XP_015796806.1,ENSNFUP00015021196.1
105023,107373161,ENSNFUG00015010430,-,-,XP_015796816.1,ENSNFUP00015021553.1
105023,107373172,ENSNFUG00015010837,-,-,-,-
105023,107373176,ENSNFUG00015010873,-,-,-,-
105023,107373180,ENSNFUG00015019467,-,-,-,-
105023,107373188,ENSNFUG00015010930,-,-,-,-
105023,107373190,ENSNFUG00015019564,-,-,-,-
105023,107373197,ENSNFUG00015011099,-,-,-,-
105023,107373199,ENSNFUG00015019569,-,-,-,-
105023,107373223,ENSNFUG00015019619,-,-,-,-
105023,107373232,ENSNFUG00015020379,-,-,XP_015796885.1,ENSNFUP00015042558.1
105023,107373232,ENSNFUG00015020379,-,-,XP_015796890.1,ENSNFUP00015042571.1
105023,107373232,ENSNFUG00015020379,-,-,XP_015796905.1,ENSNFUP00015042577.1
105023,107373258,ENSNFUG00015020427,-,-,XP_015796918.1,ENSNFUP00015042725.1
105023,107373272,ENSNFUG00015014737,-,-,-,-
105023,107373299,ENSNFUG00015020488,-,-,-,-
105023,107373304,ENSNFUG00015015153,-,-,XP_015796948.1,ENSNFUP00015031091.1
105023,107373313,ENSNFUG00015020562,-,-,XP_015796959.1,ENSNFUP00015042956.1
105023,107373315,ENSNFUG00015015233,-,-,-,-
105023,107373338,ENSNFUG00015015591,-,-,-,-
105023,107373347,ENSNFUG00015015709,-,-,-,-
105023,107373355,ENSNFUG00015020595,-,-,-,-
105023,107373367,ENSNFUG00015020775,-,-,XP_015797001.1,ENSNFUP00015043473.1
105023,107373379,ENSNFUG00015020565,-,-,XP_015797012.1,ENSNFUP00015042960.1
105023,107373389,ENSNFUG00015020787,-,-,-,-
105023,107373395,ENSNFUG00015020791,-,-,XP_015797025.1,ENSNFUP00015043537.1
105023,107373395,ENSNFUG00015020791,-,-,XP_015797029.1,ENSNFUP00015043539.1
105023,107373408,ENSNFUG00015015580,-,-,XP_015797033.1,ENSNFUP00015032562.1
105023,107373409,ENSNFUG00015015974,-,-,-,-
105023,107373410,ENSNFUG00015020804,-,-,XP_015797038.1,ENSNFUP00015043545.1
105023,107373416,ENSNFUG00015016070,-,-,XP_015797041.1,ENSNFUP00015032888.1
105023,107373421,ENSNFUG00015016133,-,-,-,-
105023,107373430,ENSNFUG00015020811,-,-,XP_015797055.1,ENSNFUP00015043572.1
105023,107373446,ENSNFUG00015016299,-,-,-,-
105023,107373451,ENSNFUG00015020818,-,-,-,-
105023,107373476,ENSNFUG00015016345,-,-,XP_015797091.1,ENSNFUP00015033378.1
105023,107373488,ENSNFUG00015020835,-,-,-,-
105023,107373532,ENSNFUG00015020905,-,-,XP_015797141.1,ENSNFUP00015044211.1
105023,107373538,ENSNFUG00015019937,-,-,-,-
105023,107373543,ENSNFUG00015021088,-,-,-,-
105023,107373550,ENSNFUG00015020055,-,-,XP_015797156.1,ENSNFUP00015041805.1
105023,107373551,ENSNFUG00015019979,-,-,XP_015797157.1,ENSNFUP00015041783.1
105023,107373552,ENSNFUG00015020057,-,-,XP_015797158.1,ENSNFUP00015041810.1
105023,107373553,ENSNFUG00015020061,-,-,XP_015797160.1,ENSNFUP00015041815.1
105023,107373557,ENSNFUG00015020130,-,-,XP_015797165.1,ENSNFUP00015042100.1
105023,107373558,ENSNFUG00015020204,-,-,-,-
105023,107373559,ENSNFUG00015021272,-,-,-,-
105023,107373565,ENSNFUG00015020498,-,-,XP_015797177.1,ENSNFUP00015043215.1
105023,107373566,ENSNFUG00015021279,-,-,XP_015797182.1,ENSNFUP00015044719.1
105023,107373571,ENSNFUG00015020688,-,-,-,-
105023,107373573,ENSNFUG00015020690,-,-,XP_015797186.1,ENSNFUP00015043241.1
105023,107373574,ENSNFUG00015020698,-,-,XP_015797187.1,ENSNFUP00015043264.1
105023,107373577,ENSNFUG00015021278,-,-,-,-
105023,107373584,ENSNFUG00015020740,-,-,XP_015797199.1,ENSNFUP00015043464.1
105023,107373588,ENSNFUG00015020740,-,-,XP_015797201.1,ENSNFUP00015043434.1
105023,107373590,ENSNFUG00015020840,-,-,-,-
105023,107373591,ENSNFUG00015020843,-,-,XP_015797206.1,ENSNFUP00015043649.1
105023,107373598,ENSNFUG00015021284,-,-,XP_015797216.1,ENSNFUP00015044732.1
105023,107373603,ENSNFUG00015011299,-,-,XP_015797218.1,ENSNFUP00015023351.1
105023,107373605,ENSNFUG00015011670,-,-,-,-
105023,107373607,ENSNFUG00015008931,-,-,XP_015797227.1,ENSNFUP00015018731.1
105023,107373608,ENSNFUG00015011712,-,-,-,-
105023,107373609,ENSNFUG00015011726,-,-,-,-
105023,107373613,ENSNFUG00015011758,-,-,-,-
105023,107373616,ENSNFUG00015011818,-,-,XP_015797239.1,ENSNFUP00015024446.1
105023,107373638,ENSNFUG00015013033,-,-,XP_015797256.1,ENSNFUP00015026995.1
105023,107373639,ENSNFUG00015008950,-,-,XP_015797260.1,ENSNFUP00015018756.1
105023,107373640,ENSNFUG00015013105,-,-,XP_015797257.1,ENSNFUP00015027392.1
105023,107373643,ENSNFUG00015013300,-,-,-,-
105023,107373646,ENSNFUG00015013374,-,-,XP_015797266.1,ENSNFUP00015027939.1
105023,107373647,ENSNFUG00015013334,-,-,-,-
105023,107373648,ENSNFUG00015008972,-,-,XP_015797271.1,ENSNFUP00015018780.1
105023,107373658,ENSNFUG00015009075,-,-,-,-
105023,107373662,ENSNFUG00015013783,-,-,-,-
105023,107373664,ENSNFUG00015013827,-,-,XP_015797283.1,ENSNFUP00015028573.1
105023,107373665,ENSNFUG00015014308,-,-,-,-
105023,107373667,ENSNFUG00015009592,-,-,XP_015797289.1,ENSNFUP00015019828.1
105023,107373669,ENSNFUG00015014308,-,-,XP_015797287.1,ENSNFUP00015034167.1
105023,107373673,ENSNFUG00015019306,-,-,-,-
105023,107373674,ENSNFUG00015016948,-,-,-,-
105023,107373675,ENSNFUG00015016709,-,-,-,-
105023,107373679,ENSNFUG00015019841,-,-,XP_015797305.1,ENSNFUP00015041324.1
105023,107373680,ENSNFUG00015019330,-,-,XP_015797306.1,ENSNFUP00015040177.1
105023,107373681,ENSNFUG00015019330,-,-,XP_015797307.1,ENSNFUP00015041315.1
105023,107373685,ENSNFUG00015009644,-,-,-,-
105023,107373693,ENSNFUG00015019850,-,-,-,-
105023,107373695,ENSNFUG00015009948,-,-,-,-
105023,107373696,ENSNFUG00015019869,-,-,XP_015797324.1,ENSNFUP00015041411.1
105023,107373696,ENSNFUG00015019869,-,-,XP_015797325.1,ENSNFUP00015041402.1
105023,107373699,ENSNFUG00015020770,-,-,XP_015797331.1,ENSNFUP00015043895.1
105023,107373699,ENSNFUG00015020770,-,-,XP_015797333.1,ENSNFUP00015043908.1
105023,107373701,ENSNFUG00015020938,-,-,XP_015797335.1,ENSNFUP00015043934.1
105023,107373706,ENSNFUG00015020944,-,-,-,-
105023,107373707,ENSNFUG00015008890,-,-,XP_015797338.1,ENSNFUP00015018691.1
105023,107373712,ENSNFUG00015008978,-,-,XP_015797346.1,ENSNFUP00015018782.1
105023,107373712,ENSNFUG00015008993,-,-,-,-
105023,107373713,ENSNFUG00015009072,-,-,-,-
105023,107373714,ENSNFUG00015009189,-,-,-,-
105023,107373715,ENSNFUG00015009038,-,-,-,-
105023,107373717,ENSNFUG00015009318,-,-,-,-
105023,107373718,ENSNFUG00015010193,-,-,XP_015797360.1,ENSNFUP00015020989.1
105023,107373720,ENSNFUG00015009364,-,-,XP_015797359.1,ENSNFUP00015019540.1
105023,107373723,ENSNFUG00015009605,-,-,XP_015797361.1,ENSNFUP00015019962.1
105023,107373726,ENSNFUG00015010202,-,-,-,-
105023,107373732,ENSNFUG00015012250,-,-,XP_015797374.1,ENSNFUP00015025341.1
105023,107373738,ENSNFUG00015012277,-,-,-,-
105023,107373739,ENSNFUG00015012266,-,-,XP_015797381.1,ENSNFUP00015025388.1
105023,107373741,ENSNFUG00015012288,-,-,-,-
105023,107373742,ENSNFUG00015010214,-,-,-,-
105023,107373748,ENSNFUG00015012385,-,-,-,-
105023,107373749,ENSNFUG00015012395,-,-,-,-
105023,107373750,ENSNFUG00015012403,-,-,XP_015797392.1,ENSNFUP00015025634.1
105023,107373751,ENSNFUG00015012416,-,-,-,-
105023,107373752,ENSNFUG00015012423,-,-,-,-
105023,107373754,ENSNFUG00015012426,-,-,-,-
105023,107373760,ENSNFUG00015012461,-,-,XP_015797399.1,ENSNFUP00015025739.1
105023,107373761,ENSNFUG00015012463,-,-,-,-
105023,107373762,ENSNFUG00015012464,-,-,-,-
105023,107373767,ENSNFUG00015010259,-,-,-,-
105023,107373787,ENSNFUG00015012555,-,-,-,-
105023,107373803,ENSNFUG00015010709,-,-,XP_015797438.1,ENSNFUP00015030876.1
105023,107373803,ENSNFUG00015010709,-,-,XP_015797443.1,ENSNFUP00015030121.1
105023,107373807,ENSNFUG00015014379,-,-,XP_015797440.1,ENSNFUP00015029573.1
105023,107373809,ENSNFUG00015014347,-,-,XP_015797442.1,ENSNFUP00015029531.1
105023,107373814,ENSNFUG00015014416,-,-,XP_015797444.1,ENSNFUP00015029723.1
105023,107373824,ENSNFUG00015014623,-,-,-,-
105023,107373825,ENSNFUG00015014712,-,-,-,-
105023,107373835,ENSNFUG00015014881,-,-,-,-
105023,107373836,ENSNFUG00015014896,-,-,-,-
105023,107373838,ENSNFUG00015014912,-,-,XP_015797466.1,ENSNFUP00015030606.1
105023,107373841,ENSNFUG00015015006,-,-,-,-
105023,107373850,ENSNFUG00015016072,-,-,XP_015797477.1,ENSNFUP00015032793.1
105023,107373864,ENSNFUG00015016737,-,-,-,-
105023,107373865,ENSNFUG00015015183,-,-,XP_015797498.1,ENSNFUP00015031796.1
105023,107373866,ENSNFUG00015016759,-,-,-,-
105023,107373867,ENSNFUG00015016768,-,-,XP_015797491.1,ENSNFUP00015034431.1
105023,107373881,ENSNFUG00015015646,-,-,-,-
105023,107373885,ENSNFUG00015016975,-,-,-,-
105023,107373886,ENSNFUG00015017050,-,-,XP_015797513.1,ENSNFUP00015035076.1
105023,107373888,ENSNFUG00015017073,-,-,XP_015797517.1,ENSNFUP00015035113.1
105023,107373891,ENSNFUG00015015586,-,-,XP_015797522.1,ENSNFUP00015031932.1
105023,107373894,ENSNFUG00015017092,-,-,XP_015797520.1,ENSNFUP00015035162.1
105023,107373895,ENSNFUG00015017117,-,-,-,-
105023,107373897,ENSNFUG00015017110,-,-,-,-
105023,107373901,ENSNFUG00015017579,-,-,XP_015797527.1,ENSNFUP00015036374.1
105023,107373901,ENSNFUG00015017579,-,-,XP_015797531.1,ENSNFUP00015036291.1
105023,107373912,ENSNFUG00015009088,-,-,XP_015797547.1,ENSNFUP00015018951.1
105023,107373913,ENSNFUG00015009123,-,-,-,-
105023,107373962,ENSNFUG00015015999,-,-,-,-
105023,107373976,ENSNFUG00015009140,-,-,-,-
105023,107373989,ENSNFUG00015009578,-,-,-,-
105023,107373990,ENSNFUG00015009656,-,-,XP_015797620.1,ENSNFUP00015020034.1
105023,107374000,ENSNFUG00015009966,-,-,XP_015797632.1,ENSNFUP00015021079.1
105023,107374002,ENSNFUG00015010271,-,-,XP_015797634.1,ENSNFUP00015021141.1
105023,107374004,ENSNFUG00015010253,-,-,XP_015797636.1,ENSNFUP00015021121.1
105023,107374004,ENSNFUG00015010253,-,-,XP_015797637.1,ENSNFUP00015021102.1
105023,107374010,ENSNFUG00015010322,-,-,-,-
105023,107374015,ENSNFUG00015010398,-,-,XP_015797646.1,ENSNFUP00015021397.1
105023,107374016,ENSNFUG00015010386,-,-,-,-
105023,107374017,ENSNFUG00015010411,-,-,XP_015797648.1,ENSNFUP00015021427.1
105023,107374022,ENSNFUG00015016249,-,-,XP_015797652.1,ENSNFUP00015038424.1
105023,107374035,ENSNFUG00015010589,-,-,-,-
105023,107374038,ENSNFUG00015011521,-,-,XP_015797664.1,ENSNFUP00015023820.1
105023,107374040,ENSNFUG00015011577,-,-,XP_015797666.1,ENSNFUP00015024174.1
105023,107374041,ENSNFUG00015018927,-,-,XP_015797670.1,ENSNFUP00015039289.1
105023,107374043,ENSNFUG00015011713,-,-,-,-
105023,107374044,ENSNFUG00015011704,-,-,-,-
105023,107374047,ENSNFUG00015011762,-,-,XP_015797673.1,ENSNFUP00015024330.1
105023,107374049,ENSNFUG00015018957,-,-,-,-
105023,107374050,ENSNFUG00015011749,-,-,XP_015797676.1,ENSNFUP00015024305.1
105023,107374058,ENSNFUG00015011788,-,-,-,-
105023,107374059,ENSNFUG00015011797,-,-,XP_015797686.1,ENSNFUP00015024392.1
105023,107374060,ENSNFUG00015011843,-,-,-,-
105023,107374061,ENSNFUG00015011811,-,-,XP_015797688.1,ENSNFUP00015024440.1
105023,107374064,ENSNFUG00015019045,-,-,-,-
105023,107374065,ENSNFUG00015011897,-,-,-,-
105023,107374066,ENSNFUG00015011881,-,-,-,-
105023,107374068,ENSNFUG00015012166,-,-,-,-
105023,107374072,ENSNFUG00015012291,-,-,XP_015797712.1,ENSNFUP00015025421.1
105023,107374078,ENSNFUG00015019038,-,-,XP_015797723.1,ENSNFUP00015039528.1
105023,107374081,ENSNFUG00015014656,-,-,XP_015797722.1,ENSNFUP00015031243.1
105023,107374085,ENSNFUG00015012595,-,-,-,-
105023,107374090,ENSNFUG00015019053,-,-,XP_015797731.1,ENSNFUP00015039565.1
105023,107374101,ENSNFUG00015012716,-,-,-,-
105023,107374109,ENSNFUG00015019083,-,-,-,-
105023,107374118,ENSNFUG00015013079,-,-,XP_015797756.1,ENSNFUP00015027072.1
105023,107374119,ENSNFUG00015013072,-,-,XP_015797757.1,ENSNFUP00015026959.1
105023,107374123,ENSNFUG00015013987,-,-,XP_015797763.1,ENSNFUP00015028903.1
105023,107374124,ENSNFUG00015013192,-,-,-,-
105023,107374132,ENSNFUG00015014226,-,-,-,-
105023,107374136,ENSNFUG00015014140,-,-,XP_015797771.1,ENSNFUP00015029181.1
105023,107374141,ENSNFUG00015014598,-,-,XP_015797775.1,ENSNFUP00015030301.1
105023,107374147,ENSNFUG00015014837,-,-,-,-
105023,107374164,ENSNFUG00015016024,-,-,XP_015797791.1,ENSNFUP00015032720.1
105023,107374171,ENSNFUG00015016285,-,-,XP_015797799.1,ENSNFUP00015033406.1
105023,107374175,ENSNFUG00015016854,-,-,-,-
105023,107374177,ENSNFUG00015016868,-,-,-,-
105023,107374180,ENSNFUG00015016927,-,-,XP_015797811.1,ENSNFUP00015034762.1
105023,107374181,ENSNFUG00015016937,-,-,XP_015797812.1,ENSNFUP00015034779.1
105023,107374182,ENSNFUG00015016944,-,-,-,-
105023,107374188,ENSNFUG00015017020,-,-,XP_015797819.1,ENSNFUP00015034949.1
105023,107374195,ENSNFUG00015008907,-,-,XP_015797826.1,ENSNFUP00015018753.1
105023,107374196,ENSNFUG00015008971,-,-,XP_015797827.1,ENSNFUP00015018783.1
105023,107374198,ENSNFUG00015009050,-,-,XP_015797831.1,ENSNFUP00015018876.1
105023,107374199,ENSNFUG00015009034,-,-,-,-
105023,107374209,ENSNFUG00015009154,-,-,XP_015797840.1,ENSNFUP00015019002.1
105023,107374230,ENSNFUG00015009556,-,-,XP_015797862.1,ENSNFUP00015019752.1
105023,107374238,ENSNFUG00015009866,-,-,XP_015797872.1,ENSNFUP00015020346.1
105023,107374248,ENSNFUG00015009962,-,-,-,-
105023,107374251,ENSNFUG00015010004,-,-,-,-
105023,107374254,ENSNFUG00015010077,-,-,XP_015797886.1,ENSNFUP00015020783.1
105023,107374255,ENSNFUG00015010157,-,-,-,-
105023,107374260,ENSNFUG00015010933,-,-,XP_015797897.1,ENSNFUP00015022599.1
105023,107374271,ENSNFUG00015011033,-,-,XP_015797906.1,ENSNFUP00015023002.1
105023,107374272,ENSNFUG00015011174,-,-,XP_015797907.1,ENSNFUP00015023094.1
105023,107374276,ENSNFUG00015011659,-,-,-,-
105023,107374277,ENSNFUG00015011717,-,-,-,-
105023,107374287,ENSNFUG00015011825,-,-,XP_015797925.1,ENSNFUP00015024430.1
105023,107374287,ENSNFUG00015011825,-,-,XP_015797926.1,ENSNFUP00015024435.1
105023,107374301,ENSNFUG00015012044,-,-,XP_015797938.1,ENSNFUP00015024914.1
105023,107374310,ENSNFUG00015012659,-,-,XP_015797945.1,ENSNFUP00015026134.1
105023,107374311,ENSNFUG00015012672,-,-,XP_015797946.1,ENSNFUP00015026143.1
105023,107374322,ENSNFUG00015012803,-,-,-,-
105023,107374329,ENSNFUG00015015681,-,-,-,-
105023,107374335,ENSNFUG00015019737,-,-,XP_015797969.1,ENSNFUP00015041125.1
105023,107374338,ENSNFUG00015013118,-,-,XP_015797968.1,ENSNFUP00015027051.1
105023,107374339,ENSNFUG00015013121,-,-,XP_015797971.1,ENSNFUP00015027060.1
105023,107374344,ENSNFUG00015019752,-,-,XP_015797981.1,ENSNFUP00015041155.1
105023,107374345,ENSNFUG00015013178,-,-,-,-
105023,107374349,ENSNFUG00015014329,-,-,-,-
105023,107374352,ENSNFUG00015019813,-,-,XP_015797991.1,ENSNFUP00015043689.1
105023,107374354,ENSNFUG00015014359,-,-,XP_015797989.1,ENSNFUP00015029511.1
105023,107374355,ENSNFUG00015014337,-,-,XP_015797990.1,ENSNFUP00015029497.1
105023,107374361,ENSNFUG00015020918,-,-,XP_015798001.1,ENSNFUP00015043897.1
105023,107374367,ENSNFUG00015010642,-,-,-,-
105023,107374371,ENSNFUG00015020925,-,-,XP_015798009.1,ENSNFUP00015043960.1
105023,107374373,ENSNFUG00015014724,-,-,-,-
105023,107374381,ENSNFUG00015020954,-,-,-,-
105023,107374386,ENSNFUG00015014888,-,-,-,-
105023,107374392,ENSNFUG00015020969,-,-,XP_015798026.1,ENSNFUP00015044008.1
105023,107374402,ENSNFUG00015020975,-,-,-,-
105023,107374411,ENSNFUG00015015238,-,-,-,-
105023,107374417,ENSNFUG00015020971,-,-,XP_015798054.1,ENSNFUP00015044028.1
105023,107374419,ENSNFUG00015015323,-,-,XP_015798053.1,ENSNFUP00015031361.1
105023,107374420,ENSNFUG00015015299,-,-,XP_015798058.1,ENSNFUP00015031344.1
105023,107374423,ENSNFUG00015002533,-,-,XP_015798296.1,ENSNFUP00015005076.1
105023,107374425,ENSNFUG00015020984,-,-,XP_015798075.1,ENSNFUP00015044059.1
105023,107374428,ENSNFUG00015015383,-,-,-,-
105023,107374430,ENSNFUG00015015656,-,-,XP_015798065.1,ENSNFUP00015031996.1
105023,107374435,ENSNFUG00015015768,-,-,XP_015798070.1,ENSNFUP00015032260.1
105023,107374436,ENSNFUG00015008898,-,-,XP_015798071.1,ENSNFUP00015018698.1
105023,107374441,ENSNFUG00015008945,-,-,-,-
105023,107374445,ENSNFUG00015009109,-,-,-,-
105023,107374447,ENSNFUG00015010560,-,-,-,-
105023,107374449,ENSNFUG00015010645,-,-,XP_015798085.1,ENSNFUP00015021952.1
105023,107374455,ENSNFUG00015010675,-,-,-,-
105023,107374458,ENSNFUG00015021013,-,-,-,-
105023,107374459,ENSNFUG00015010731,-,-,XP_015798094.1,ENSNFUP00015022144.1
105023,107374467,ENSNFUG00015010769,-,-,XP_015798102.1,ENSNFUP00015022302.1
105023,107374482,ENSNFUG00015012440,-,-,XP_015798126.1,ENSNFUP00015025714.1
105023,107374492,ENSNFUG00015012644,-,-,-,-
105023,107374507,ENSNFUG00015012733,-,-,-,-
105023,107374508,ENSNFUG00015003729,-,-,XP_015798183.1,ENSNFUP00015007585.1
105023,107374511,ENSNFUG00015012744,-,-,XP_015798153.1,ENSNFUP00015026311.1
105023,107374516,ENSNFUG00015021050,-,-,-,-
105023,107374520,ENSNFUG00015012835,-,-,XP_015798160.1,ENSNFUP00015026473.1
105023,107374522,ENSNFUG00015012841,-,-,XP_015798162.1,ENSNFUP00015026505.1
105023,107374523,ENSNFUG00015012854,-,-,XP_015798163.1,ENSNFUP00015026531.1
105023,107374524,ENSNFUG00015012871,-,-,-,-
105023,107374526,ENSNFUG00015012911,-,-,XP_015798166.1,ENSNFUP00015026650.1
105023,107374527,ENSNFUG00015021149,-,-,XP_015798170.1,ENSNFUP00015044435.1
105023,107374528,ENSNFUG00015012903,-,-,-,-
105023,107374531,ENSNFUG00015012942,-,-,XP_015798171.1,ENSNFUP00015026716.1
105023,107374538,ENSNFUG00015008905,-,-,-,-
105023,107374545,ENSNFUG00015009282,-,-,XP_015798190.1,ENSNFUP00015019288.1
105023,107374546,ENSNFUG00015009359,-,-,XP_015798193.1,ENSNFUP00015019328.1
105023,107374547,ENSNFUG00015021162,-,-,-,-
105023,107374549,ENSNFUG00015009385,-,-,-,-
105023,107374557,ENSNFUG00015009692,-,-,-,-
105023,107374563,ENSNFUG00015009743,-,-,-,-
105023,107374566,ENSNFUG00015009932,-,-,-,-
105023,107374570,ENSNFUG00015009956,-,-,-,-
105023,107374590,ENSNFUG00015010555,-,-,XP_015798236.1,ENSNFUP00015024218.1
105023,107374593,ENSNFUG00015021209,-,-,-,-
105023,107374607,ENSNFUG00015011951,-,-,XP_015798249.1,ENSNFUP00015024683.1
105023,107374618,ENSNFUG00015021942,-,-,-,-
105023,107374630,ENSNFUG00015021947,-,-,-,-
105023,107374638,ENSNFUG00015021952,-,-,XP_015798274.1,ENSNFUP00015046290.1
105023,107374660,ENSNFUG00015000243,-,-,XP_015798288.1,ENSNFUP00015000289.1
105023,107374661,ENSNFUG00015000272,-,-,XP_015798291.1,ENSNFUP00015000374.1
105023,107374662,ENSNFUG00015000386,-,-,-,-
105023,107374663,ENSNFUG00015000511,-,-,XP_015798295.1,ENSNFUP00015000833.1
105023,107374664,ENSNFUG00015000522,-,-,XP_015798298.1,ENSNFUP00015000851.1
105023,107374666,ENSNFUG00015000589,-,-,-,-
105023,107374667,ENSNFUG00015000708,-,-,XP_015798304.1,ENSNFUP00015001170.1
105023,107374670,ENSNFUG00015000736,-,-,-,-
105023,107374672,ENSNFUG00015000783,-,-,XP_015798312.1,ENSNFUP00015001319.1
105023,107374673,ENSNFUG00015000787,-,-,-,-
105023,107374674,ENSNFUG00015000795,-,-,XP_015798315.1,ENSNFUP00015001348.1
105023,107374675,ENSNFUG00015000800,-,-,-,-
105023,107374677,ENSNFUG00015000807,-,-,-,-
105023,107374678,ENSNFUG00015000812,-,-,XP_015798320.1,ENSNFUP00015001395.1
105023,107374679,ENSNFUG00015000931,-,-,XP_015798322.1,ENSNFUP00015001643.1
105023,107374681,ENSNFUG00015000830,-,-,-,-
105023,107374682,ENSNFUG00015000961,-,-,-,-
105023,107374683,ENSNFUG00015000996,-,-,-,-
105023,107374684,ENSNFUG00015001008,-,-,-,-
105023,107374690,ENSNFUG00015001060,-,-,-,-
105023,107374691,ENSNFUG00015001111,-,-,XP_015798359.1,ENSNFUP00015002035.1
105023,107374692,ENSNFUG00015001100,-,-,-,-
105023,107374694,ENSNFUG00015001126,-,-,-,-
105023,107374696,ENSNFUG00015001175,-,-,-,-
105023,107374697,ENSNFUG00015001210,-,-,-,-
105023,107374698,ENSNFUG00015001291,-,-,-,-
105023,107374705,ENSNFUG00015001628,-,-,XP_015798387.1,ENSNFUP00015003156.1
105023,107374706,ENSNFUG00015001681,-,-,-,-
105023,107374708,ENSNFUG00015001855,-,-,XP_015798392.1,ENSNFUP00015003716.1
105023,107374709,ENSNFUG00015001989,-,-,-,-
105023,107374711,ENSNFUG00015002354,-,-,-,-
105023,107374713,ENSNFUG00015002372,-,-,-,-
105023,107374715,ENSNFUG00015002440,-,-,XP_015798409.1,ENSNFUP00015005252.1
105023,107374715,ENSNFUG00015002440,-,-,XP_015798415.1,ENSNFUP00015005198.1
105023,107374717,ENSNFUG00015002655,-,-,XP_015798417.1,ENSNFUP00015005310.1
105023,107374718,ENSNFUG00015002665,-,-,XP_015798419.1,ENSNFUP00015005321.1
105023,107374721,ENSNFUG00015002754,-,-,-,-
105023,107374723,ENSNFUG00015001265,-,-,-,-
105023,107374725,ENSNFUG00015002840,-,-,-,-
105023,107374727,ENSNFUG00015003497,-,-,XP_015798435.1,ENSNFUP00015007416.1
105023,107374728,ENSNFUG00015003132,-,-,-,-
105023,107374729,ENSNFUG00015003652,-,-,-,-
105023,107374730,ENSNFUG00015003034,-,-,-,-
105023,107374733,ENSNFUG00015003661,-,-,XP_015798441.1,ENSNFUP00015007444.1
105023,107374734,ENSNFUG00015003721,-,-,-,-
105023,107374735,ENSNFUG00015003920,-,-,-,-
105023,107374737,ENSNFUG00015003930,-,-,-,-
105023,107374740,ENSNFUG00015003936,-,-,-,-
105023,107374741,ENSNFUG00015003938,-,-,-,-
105023,107374743,ENSNFUG00015004098,-,-,XP_015798461.1,ENSNFUP00015008363.1
105023,107374746,ENSNFUG00015004154,-,-,XP_015798465.1,ENSNFUP00015008761.1
105023,107374746,ENSNFUG00015004154,-,-,XP_015798466.1,ENSNFUP00015008807.1
105023,107374748,ENSNFUG00015004497,-,-,XP_015798469.1,ENSNFUP00015009241.1
105023,107374749,ENSNFUG00015003380,-,-,-,-
105023,107374750,ENSNFUG00015003393,-,-,-,-
105023,107374750,ENSNFUG00015003393,-,-,XP_015798473.1,ENSNFUP00015006863.1
105023,107374750,ENSNFUG00015003393,-,-,XP_015798474.1,ENSNFUP00015006859.1
105023,107374751,ENSNFUG00015003400,-,-,XP_015798476.1,ENSNFUP00015006878.1
105023,107374752,ENSNFUG00015003451,-,-,XP_015798477.1,ENSNFUP00015007100.1
105023,107374753,ENSNFUG00015003531,-,-,XP_015798479.1,ENSNFUP00015007121.1
105023,107374757,ENSNFUG00015003622,-,-,XP_015798484.1,ENSNFUP00015007367.1
105023,107374758,ENSNFUG00015003654,-,-,-,-
105023,107374759,ENSNFUG00015004050,-,-,-,-
105023,107374761,ENSNFUG00015004125,-,-,XP_015798491.1,ENSNFUP00015008562.1
105023,107374762,ENSNFUG00015004192,-,-,-,-
105023,107374767,ENSNFUG00015004406,-,-,-,-
105023,107374768,ENSNFUG00015004596,-,-,XP_015798503.1,ENSNFUP00015009454.1
105023,107374769,ENSNFUG00015004605,-,-,-,-
105023,107374771,ENSNFUG00015004616,-,-,XP_015798506.1,ENSNFUP00015009496.1
105023,107374772,ENSNFUG00015004682,-,-,-,-
105023,107374772,ENSNFUG00015004682,-,-,XP_015798513.1,ENSNFUP00015010289.1
105023,107374774,ENSNFUG00015004622,-,-,XP_015798514.1,ENSNFUP00015009513.1
105023,107374776,ENSNFUG00015005138,-,-,XP_015798517.1,ENSNFUP00015010416.1
105023,107374777,ENSNFUG00015005167,-,-,XP_015798518.1,ENSNFUP00015010491.1
105023,107374778,ENSNFUG00015005196,-,-,-,-
105023,107374779,ENSNFUG00015005220,-,-,-,-
105023,107374782,ENSNFUG00015005249,-,-,-,-
105023,107374784,ENSNFUG00015005423,-,-,-,-
105023,107374785,ENSNFUG00015006244,-,-,XP_015798530.1,ENSNFUP00015012708.1
105023,107374787,ENSNFUG00015006390,-,-,-,-
105023,107374788,ENSNFUG00015007724,-,-,XP_015798533.1,ENSNFUP00015016427.1
105023,107374789,ENSNFUG00015007895,-,-,-,-
105023,107374791,ENSNFUG00015007712,-,-,-,-
105023,107374792,ENSNFUG00015007948,-,-,-,-
105023,107374793,ENSNFUG00015007701,-,-,-,-
105023,107374794,ENSNFUG00015007670,-,-,XP_015798541.1,ENSNFUP00015015982.1
105023,107374796,ENSNFUG00015007961,-,-,-,-
105023,107374797,ENSNFUG00015007952,-,-,-,-
105023,107374798,ENSNFUG00015007985,-,-,-,-
105023,107374800,ENSNFUG00015008026,-,-,XP_015798552.1,ENSNFUP00015016802.1
105023,107374801,ENSNFUG00015008110,-,-,-,-
105023,107374802,ENSNFUG00015008278,-,-,-,-
105023,107374808,ENSNFUG00015008606,-,-,-,-
105023,107374809,ENSNFUG00015008609,-,-,-,-
105023,107374811,ENSNFUG00015008627,-,-,-,-
105023,107374814,ENSNFUG00015008673,-,-,-,-
105023,107374815,ENSNFUG00015008730,-,-,XP_015798579.1,ENSNFUP00015018423.1
105023,107374817,ENSNFUG00015008759,-,-,XP_015798580.1,ENSNFUP00015018436.1
105023,107374819,ENSNFUG00015008872,-,-,-,-
105023,107374820,ENSNFUG00015008838,-,-,XP_015798583.1,ENSNFUP00015018606.1
105023,107374820,ENSNFUG00015008838,-,-,XP_015798584.1,ENSNFUP00015018613.1
105023,107374821,ENSNFUG00015009218,-,-,-,-
105023,107374823,ENSNFUG00015009462,-,-,XP_015798586.1,ENSNFUP00015019549.1
105023,107374824,ENSNFUG00015009471,-,-,XP_015798589.1,ENSNFUP00015019587.1
105023,107374825,ENSNFUG00015009486,-,-,XP_015798590.1,ENSNFUP00015019606.1
105023,107374826,ENSNFUG00015009514,-,-,XP_015798591.1,ENSNFUP00015019854.1
105023,107374827,ENSNFUG00015009754,-,-,-,-
105023,107374829,ENSNFUG00015010761,-,-,XP_015798594.1,ENSNFUP00015022253.1
105023,107374832,ENSNFUG00015010823,-,-,-,-
105023,107374833,ENSNFUG00015010828,-,-,-,-
105023,107374834,ENSNFUG00015010834,-,-,-,-
105023,107374835,ENSNFUG00015010858,-,-,XP_015798600.1,ENSNFUP00015022420.1
105023,107374836,ENSNFUG00015003890,-,-,XP_015798601.1,ENSNFUP00015007920.1
105023,107374838,ENSNFUG00015003954,-,-,XP_015798602.1,ENSNFUP00015008598.1
105023,107374839,ENSNFUG00015004234,-,-,-,-
105023,107374840,ENSNFUG00015004263,-,-,XP_015798605.1,ENSNFUP00015008774.1
105023,107374841,ENSNFUG00015004274,-,-,XP_015798608.1,ENSNFUP00015008785.1
105023,107374843,ENSNFUG00015004582,-,-,-,-
105023,107374844,ENSNFUG00015004591,-,-,-,-
105023,107374847,ENSNFUG00015004648,-,-,XP_015798615.1,ENSNFUP00015010178.1
105023,107374848,ENSNFUG00015004599,-,-,-,-
105023,107374849,ENSNFUG00015005047,-,-,XP_015798617.1,ENSNFUP00015010276.1
105023,107374850,ENSNFUG00015005078,-,-,XP_015798619.1,ENSNFUP00015010335.1
105023,107374851,ENSNFUG00015005124,-,-,-,-
105023,107374853,ENSNFUG00015005273,-,-,-,-
105023,107374854,ENSNFUG00015005301,-,-,XP_015798623.1,ENSNFUP00015010846.1
105023,107374855,ENSNFUG00015005377,-,-,-,-
105023,107374857,ENSNFUG00015005392,-,-,-,-
105023,107374858,ENSNFUG00015005399,-,-,-,-
105023,107374859,ENSNFUG00015005417,-,-,-,-
105023,107374860,ENSNFUG00015005511,-,-,-,-
105023,107374862,ENSNFUG00015006005,-,-,-,-
105023,107374862,ENSNFUG00015006005,-,-,XP_015798642.1,ENSNFUP00015012439.1
105023,107374865,ENSNFUG00015006302,-,-,-,-
105023,107374866,ENSNFUG00015006671,-,-,XP_015798649.1,ENSNFUP00015013636.1
105023,107374867,ENSNFUG00015006697,-,-,-,-
105023,107374869,ENSNFUG00015006697,-,-,-,-
105023,107374870,ENSNFUG00015007035,-,-,-,-
105023,107374871,ENSNFUG00015007916,-,-,-,-
105023,107374881,ENSNFUG00015009245,-,-,-,-
105023,107374901,ENSNFUG00015007976,-,-,-,-
105023,107374903,ENSNFUG00015008001,-,-,-,-
105023,107374904,ENSNFUG00015008008,-,-,XP_015798678.1,ENSNFUP00015016791.1
105023,107374907,ENSNFUG00015008032,-,-,XP_015798680.1,ENSNFUP00015016818.1
105023,107374908,ENSNFUG00015008039,-,-,-,-
105023,107374909,ENSNFUG00015002323,-,-,-,-
105023,107374912,ENSNFUG00015008080,-,-,XP_015798690.1,ENSNFUP00015016909.1
105023,107374913,ENSNFUG00015008086,-,-,XP_015798691.1,ENSNFUP00015016928.1
105023,107374914,ENSNFUG00015008093,-,-,XP_015798692.1,ENSNFUP00015016931.1
105023,107374918,ENSNFUG00015002326,-,-,-,-
105023,107374922,ENSNFUG00015012229,-,-,XP_015798700.1,ENSNFUP00015025310.1
105023,107374923,ENSNFUG00015012247,-,-,XP_015798701.1,ENSNFUP00015025332.1
105023,107374924,ENSNFUG00015012249,-,-,XP_015798702.1,ENSNFUP00015025340.1
105023,107374925,ENSNFUG00015012257,-,-,XP_015798704.1,ENSNFUP00015025353.1
105023,107374929,ENSNFUG00015012276,-,-,XP_015798705.1,ENSNFUP00015026011.1
105023,107374931,ENSNFUG00015012709,-,-,-,-
105023,107374933,ENSNFUG00015013129,-,-,XP_015798709.1,ENSNFUP00015027071.1
105023,107374933,ENSNFUG00015013129,-,-,XP_015798710.1,ENSNFUP00015027076.1
105023,107374934,ENSNFUG00015013137,-,-,-,-
105023,107374939,ENSNFUG00015013236,-,-,-,-
105023,107374940,ENSNFUG00015016682,-,-,-,-
105023,107374941,ENSNFUG00015002359,-,-,XP_015798726.1,ENSNFUP00015004770.1
105023,107374946,ENSNFUG00015016780,-,-,XP_015798727.1,ENSNFUP00015034455.1
105023,107374950,ENSNFUG00015002436,-,-,XP_015798746.1,ENSNFUP00015004899.1
105023,107374952,ENSNFUG00015017832,-,-,XP_015798740.1,ENSNFUP00015036847.1
105023,107374953,ENSNFUG00015017837,-,-,-,-
105023,107374955,ENSNFUG00015017850,-,-,XP_015798744.1,ENSNFUP00015036877.1
105023,107374958,ENSNFUG00015017855,-,-,XP_015798749.1,ENSNFUP00015036896.1
105023,107374960,ENSNFUG00015018325,-,-,XP_015798751.1,ENSNFUP00015039759.1
105023,107374961,ENSNFUG00015019269,-,-,XP_015798752.1,ENSNFUP00015040066.1
105023,107374962,ENSNFUG00015019295,-,-,XP_015798753.1,ENSNFUP00015040086.1
105023,107374964,ENSNFUG00015002431,-,-,XP_015798758.1,ENSNFUP00015004887.1
105023,107374965,ENSNFUG00015019312,-,-,-,-
105023,107374968,ENSNFUG00015000181,-,-,-,-
105023,107374969,ENSNFUG00015000323,-,-,-,-
105023,107374974,ENSNFUG00015000481,-,-,XP_015798772.1,ENSNFUP00015000803.1
105023,107374974,ENSNFUG00015000481,-,-,XP_015798773.1,ENSNFUP00015000798.1
105023,107374975,ENSNFUG00015000519,-,-,-,-
105023,107374976,ENSNFUG00015000529,-,-,XP_015798776.1,ENSNFUP00015000870.1
105023,107374978,ENSNFUG00015000547,-,-,-,-
105023,107374980,ENSNFUG00015000558,-,-,-,-
105023,107374981,ENSNFUG00015000573,-,-,-,-
105023,107374982,ENSNFUG00015002447,-,-,XP_015798789.1,ENSNFUP00015004925.1
105023,107374985,ENSNFUG00015000920,-,-,XP_015798788.1,ENSNFUP00015001652.1
105023,107374986,ENSNFUG00015000995,-,-,-,-
105023,107374987,ENSNFUG00015001247,-,-,XP_015798792.1,ENSNFUP00015002414.1
105023,107374988,ENSNFUG00015001281,-,-,XP_015798794.1,ENSNFUP00015002448.1
105023,107374991,ENSNFUG00015002548,-,-,-,-
105023,107374994,ENSNFUG00015001421,-,-,-,-
105023,107374995,ENSNFUG00015001438,-,-,-,-
105023,107374998,ENSNFUG00015001611,-,-,XP_015798807.1,ENSNFUP00015003299.1
105023,107374998,ENSNFUG00015001611,-,-,XP_015798808.1,ENSNFUP00015003284.1
105023,107374998,ENSNFUG00015001611,-,-,XP_015798809.1,ENSNFUP00015003325.1
105023,107374999,ENSNFUG00015001551,-,-,-,-
105023,107375000,ENSNFUG00015001731,-,-,XP_015798812.1,ENSNFUP00015003428.1
105023,107375002,ENSNFUG00015001746,-,-,XP_015798814.1,ENSNFUP00015003449.1
105023,107375003,ENSNFUG00015001763,-,-,-,-
105023,107375004,ENSNFUG00015001788,-,-,-,-
105023,107375006,ENSNFUG00015001894,-,-,-,-
105023,107375007,ENSNFUG00015001829,-,-,XP_015798820.1,ENSNFUP00015003639.1
105023,107375012,ENSNFUG00015002609,-,-,-,-
105023,107375013,ENSNFUG00015002618,-,-,XP_015798835.1,ENSNFUP00015005234.1
105023,107375013,ENSNFUG00015002618,-,-,XP_015798837.1,ENSNFUP00015005239.1
105023,107375014,ENSNFUG00015002862,-,-,-,-
105023,107375015,ENSNFUG00015003196,-,-,XP_015798843.1,ENSNFUP00015006388.1
105023,107375016,ENSNFUG00015002844,-,-,XP_015798839.1,ENSNFUP00015005700.1
105023,107375018,ENSNFUG00015002919,-,-,-,-
105023,107375019,ENSNFUG00015002932,-,-,XP_015798844.1,ENSNFUP00015005885.1
105023,107375021,ENSNFUG00015002969,-,-,XP_015798846.1,ENSNFUP00015006035.1
105023,107375022,ENSNFUG00015003041,-,-,-,-
105023,107375023,ENSNFUG00015003052,-,-,XP_015798848.1,ENSNFUP00015006082.1
105023,107375041,ENSNFUG00015003092,-,-,XP_015798868.1,ENSNFUP00015006171.1
105023,107375042,ENSNFUG00015003125,-,-,-,-
105023,107375043,ENSNFUG00015003255,-,-,-,-
105023,107375044,ENSNFUG00015003262,-,-,XP_015798872.1,ENSNFUP00015006539.1
105023,107375047,ENSNFUG00015003238,-,-,-,-
105023,107375048,ENSNFUG00015003294,-,-,-,-
105023,107375050,ENSNFUG00015003321,-,-,-,-
105023,107375061,ENSNFUG00015003783,-,-,XP_015798890.1,ENSNFUP00015007695.1
105023,107375062,ENSNFUG00015003784,-,-,XP_015798891.1,ENSNFUP00015007697.1
105023,107375063,ENSNFUG00015003791,-,-,XP_015798894.1,ENSNFUP00015007705.1
105023,107375072,ENSNFUG00015003801,-,-,-,-
105023,107375073,ENSNFUG00015003805,-,-,-,-
105023,107375074,ENSNFUG00015003276,-,-,XP_015798913.1,ENSNFUP00015006584.1
105023,107375075,ENSNFUG00015003869,-,-,-,-
105023,107375077,ENSNFUG00015004100,-,-,XP_015798916.1,ENSNFUP00015008653.1
105023,107375080,ENSNFUG00015004337,-,-,-,-
105023,107375081,ENSNFUG00015003259,-,-,XP_015798924.1,ENSNFUP00015006554.1
105023,107375082,ENSNFUG00015004753,-,-,-,-
105023,107375083,ENSNFUG00015004685,-,-,-,-
105023,107375085,ENSNFUG00015005014,-,-,XP_015798926.1,ENSNFUP00015010177.1
105023,107375087,ENSNFUG00015000227,-,-,XP_015798927.1,ENSNFUP00015000264.1
105023,107375087,ENSNFUG00015000227,-,-,XP_015798928.1,ENSNFUP00015000269.1
105023,107375092,ENSNFUG00015000274,-,-,-,-
105023,107375093,ENSNFUG00015000288,-,-,XP_015798936.1,ENSNFUP00015000356.1
105023,107375095,ENSNFUG00015000322,-,-,-,-
105023,107375096,ENSNFUG00015002514,-,-,XP_015798977.1,ENSNFUP00015005047.1
105023,107375100,ENSNFUG00015000418,-,-,XP_015798945.1,ENSNFUP00015000824.1
105023,107375104,ENSNFUG00015000885,-,-,-,-
105023,107375106,ENSNFUG00015000984,-,-,XP_015798952.1,ENSNFUP00015001783.1
105023,107375107,ENSNFUG00015001002,-,-,XP_015798955.1,ENSNFUP00015001821.1
105023,107375109,ENSNFUG00015001036,-,-,-,-
105023,107375111,ENSNFUG00015001404,-,-,XP_015798959.1,ENSNFUP00015002760.1
105023,107375112,ENSNFUG00015001407,-,-,-,-
105023,107375113,ENSNFUG00015001410,-,-,XP_015798961.1,ENSNFUP00015002781.1
105023,107375114,ENSNFUG00015008903,-,-,-,-
105023,107375115,ENSNFUG00015001501,-,-,-,-
105023,107375124,ENSNFUG00015004213,-,-,-,-
105023,107375125,ENSNFUG00015004318,-,-,XP_015798981.1,ENSNFUP00015008870.1
105023,107375127,ENSNFUG00015004325,-,-,XP_015798984.1,ENSNFUP00015008885.1
105023,107375129,ENSNFUG00015004335,-,-,-,-
105023,107375130,ENSNFUG00015004346,-,-,XP_015798986.1,ENSNFUP00015008912.1
105023,107375131,ENSNFUG00015004352,-,-,-,-
105023,107375134,ENSNFUG00015004407,-,-,XP_015798990.1,ENSNFUP00015009047.1
105023,107375137,ENSNFUG00015004524,-,-,XP_015798993.1,ENSNFUP00015009301.1
105023,107375138,ENSNFUG00015004531,-,-,XP_015798994.1,ENSNFUP00015009319.1
105023,107375147,ENSNFUG00015004627,-,-,-,-
105023,107375148,ENSNFUG00015009062,-,-,XP_015799022.1,ENSNFUP00015018873.1
105023,107375149,ENSNFUG00015004889,-,-,XP_015799012.1,ENSNFUP00015009950.1
105023,107375151,ENSNFUG00015004907,-,-,-,-
105023,107375152,ENSNFUG00015004913,-,-,XP_015799020.1,ENSNFUP00015009986.1
105023,107375153,ENSNFUG00015004917,-,-,XP_015799021.1,ENSNFUP00015010013.1
105023,107375154,ENSNFUG00015005011,-,-,XP_015799023.1,ENSNFUP00015010538.1
105023,107375155,ENSNFUG00015004932,-,-,XP_015799025.1,ENSNFUP00015010024.1
105023,107375158,ENSNFUG00015005234,-,-,XP_015799028.1,ENSNFUP00015010595.1
105023,107375159,ENSNFUG00015005248,-,-,-,-
105023,107375160,ENSNFUG00015009409,-,-,-,-
105023,107375162,ENSNFUG00015005285,-,-,-,-
105023,107375163,ENSNFUG00015005292,-,-,-,-
105023,107375164,ENSNFUG00015005300,-,-,XP_015799036.1,ENSNFUP00015010725.1
105023,107375164,ENSNFUG00015005300,-,-,XP_015799037.1,ENSNFUP00015010748.1
105023,107375166,ENSNFUG00015005315,-,-,-,-
105023,107375168,ENSNFUG00015009320,-,-,XP_015799046.1,ENSNFUP00015019282.1
105023,107375169,ENSNFUG00015005348,-,-,-,-
105023,107375171,ENSNFUG00015005401,-,-,XP_015799047.1,ENSNFUP00015010940.1
105023,107375175,ENSNFUG00015005636,-,-,XP_015799051.1,ENSNFUP00015011458.1
105023,107375182,ENSNFUG00015000562,-,-,-,-
105023,107375184,ENSNFUG00015000597,-,-,-,-
105023,107375185,ENSNFUG00015009344,-,-,XP_015799070.1,ENSNFUP00015019304.1
105023,107375191,ENSNFUG00015000683,-,-,-,-
105023,107375193,ENSNFUG00015000697,-,-,-,-
105023,107375195,ENSNFUG00015000702,-,-,-,-
105023,107375197,ENSNFUG00015000731,-,-,XP_015799091.1,ENSNFUP00015001233.1
105023,107375198,ENSNFUG00015000721,-,-,-,-
105023,107375199,ENSNFUG00015010148,-,-,-,-
105023,107375200,ENSNFUG00015000746,-,-,XP_015799094.1,ENSNFUP00015001245.1
105023,107375201,ENSNFUG00015000759,-,-,XP_015799095.1,ENSNFUP00015001277.1
105023,107375205,ENSNFUG00015000785,-,-,-,-
105023,107375207,ENSNFUG00015000810,-,-,-,-
105023,107375208,ENSNFUG00015011036,-,-,-,-
105023,107375209,ENSNFUG00015000886,-,-,-,-
105023,107375211,ENSNFUG00015000921,-,-,XP_015799107.1,ENSNFUP00015001624.1
105023,107375212,ENSNFUG00015000947,-,-,-,-
105023,107375213,ENSNFUG00015001104,-,-,-,-
105023,107375215,ENSNFUG00015001056,-,-,-,-
105023,107375217,ENSNFUG00015001052,-,-,-,-
105023,107375219,ENSNFUG00015001048,-,-,-,-
105023,107375224,ENSNFUG00015001279,-,-,XP_015799125.1,ENSNFUP00015002429.1
105023,107375225,ENSNFUG00015001311,-,-,XP_015799126.1,ENSNFUP00015002716.1
105023,107375229,ENSNFUG00015001449,-,-,XP_015799133.1,ENSNFUP00015002876.1
105023,107375232,ENSNFUG00015011550,-,-,XP_015799138.1,ENSNFUP00015023947.1
105023,107375233,ENSNFUG00015001499,-,-,XP_015799135.1,ENSNFUP00015002949.1
105023,107375236,ENSNFUG00015001541,-,-,XP_015799144.1,ENSNFUP00015003038.1
105023,107375246,ENSNFUG00015001604,-,-,XP_015799152.1,ENSNFUP00015003103.1
105023,107375248,ENSNFUG00015011658,-,-,-,-
105023,107375249,ENSNFUG00015001675,-,-,XP_015799155.1,ENSNFUP00015003297.1
105023,107375250,ENSNFUG00015001639,-,-,XP_015799156.1,ENSNFUP00015003222.1
105023,107375251,ENSNFUG00015001623,-,-,XP_015799158.1,ENSNFUP00015003145.1
105023,107375253,ENSNFUG00015001701,-,-,XP_015799166.1,ENSNFUP00015003308.1
105023,107375254,ENSNFUG00015001712,-,-,XP_015799167.1,ENSNFUP00015003342.1
105023,107375256,ENSNFUG00015001705,-,-,XP_015799168.1,ENSNFUP00015003326.1
105023,107375257,ENSNFUG00015001722,-,-,XP_015799170.1,ENSNFUP00015003378.1
105023,107375258,ENSNFUG00015001750,-,-,-,-
105023,107375259,ENSNFUG00015001904,-,-,-,-
105023,107375260,ENSNFUG00015002015,-,-,-,-
105023,107375261,ENSNFUG00015001942,-,-,-,-
105023,107375262,ENSNFUG00015001914,-,-,-,-
105023,107375263,ENSNFUG00015011610,-,-,XP_015799184.1,ENSNFUP00015024032.1
105023,107375264,ENSNFUG00015001961,-,-,-,-
105023,107375267,ENSNFUG00015002114,-,-,-,-
105023,107375268,ENSNFUG00015002116,-,-,-,-
105023,107375269,ENSNFUG00015002157,-,-,XP_015799190.1,ENSNFUP00015004443.1
105023,107375273,ENSNFUG00015002304,-,-,-,-
105023,107375274,ENSNFUG00015002340,-,-,-,-
105023,107375275,ENSNFUG00015002357,-,-,XP_015799198.1,ENSNFUP00015004691.1
105023,107375276,ENSNFUG00015002367,-,-,XP_015799199.1,ENSNFUP00015004702.1
105023,107375277,ENSNFUG00015002392,-,-,-,-
105023,107375278,ENSNFUG00015002381,-,-,XP_015799208.1,ENSNFUP00015004752.1
105023,107375284,ENSNFUG00015007079,-,-,XP_015799214.1,ENSNFUP00015014570.1
105023,107375285,ENSNFUG00015007085,-,-,XP_015799216.1,ENSNFUP00015014575.1
105023,107375286,ENSNFUG00015007090,-,-,XP_015799218.1,ENSNFUP00015014592.1
105023,107375288,ENSNFUG00015007335,-,-,XP_015799221.1,ENSNFUP00015015152.1
105023,107375288,ENSNFUG00015007335,-,-,XP_015799222.1,ENSNFUP00015015146.1
105023,107375289,ENSNFUG00015007103,-,-,XP_015799223.1,ENSNFUP00015015060.1
105023,107375292,ENSNFUG00015007377,-,-,XP_015799226.1,ENSNFUP00015015247.1
105023,107375294,ENSNFUG00015007389,-,-,XP_015799230.1,ENSNFUP00015015283.1
105023,107375294,ENSNFUG00015007389,-,-,XP_015799231.1,ENSNFUP00015015266.1
105023,107375296,ENSNFUG00015007409,-,-,XP_015799234.1,ENSNFUP00015015516.1
105023,107375297,ENSNFUG00015007486,-,-,XP_015799236.1,ENSNFUP00015015536.1
105023,107375299,ENSNFUG00015007496,-,-,XP_015799240.1,ENSNFUP00015015592.1
105023,107375303,ENSNFUG00015007622,-,-,XP_015799248.1,ENSNFUP00015015849.1
105023,107375305,ENSNFUG00015007645,-,-,XP_015799249.1,ENSNFUP00015015918.1
105023,107375307,ENSNFUG00015002507,-,-,XP_015799292.1,ENSNFUP00015005030.1
105023,107375315,ENSNFUG00015011794,-,-,-,-
105023,107375323,ENSNFUG00015008408,-,-,XP_015799269.1,ENSNFUP00015017607.1
105023,107375324,ENSNFUG00015008416,-,-,XP_015799270.1,ENSNFUP00015017716.1
105023,107375326,ENSNFUG00015008735,-,-,XP_015799274.1,ENSNFUP00015020368.1
105023,107375327,ENSNFUG00015009965,-,-,XP_015799275.1,ENSNFUP00015020562.1
105023,107375333,ENSNFUG00015012874,-,-,-,-
105023,107375335,ENSNFUG00015012910,-,-,XP_015799285.1,ENSNFUP00015026649.1
105023,107375336,ENSNFUG00015012920,-,-,XP_015799286.1,ENSNFUP00015026688.1
105023,107375337,ENSNFUG00015012935,-,-,XP_015799287.1,ENSNFUP00015026702.1
105023,107375342,ENSNFUG00015012978,-,-,-,-
105023,107375343,ENSNFUG00015012990,-,-,XP_015799300.1,ENSNFUP00015026799.1
105023,107375344,ENSNFUG00015012998,-,-,XP_015799303.1,ENSNFUP00015026816.1
105023,107375344,ENSNFUG00015012998,-,-,XP_015799304.1,ENSNFUP00015026824.1
105023,107375344,ENSNFUG00015012998,-,-,XP_015799305.1,ENSNFUP00015026835.1
105023,107375344,ENSNFUG00015012998,-,-,XP_015799306.1,ENSNFUP00015026846.1
105023,107375345,ENSNFUG00015012986,-,-,XP_015799307.1,ENSNFUP00015026792.1
105023,107375346,ENSNFUG00015013023,-,-,XP_015799308.1,ENSNFUP00015026880.1
105023,107375347,ENSNFUG00015013043,-,-,-,-
105023,107375348,ENSNFUG00015012188,-,-,-,-
105023,107375355,ENSNFUG00015005294,-,-,XP_015799316.1,ENSNFUP00015010702.1
105023,107375370,ENSNFUG00015025159,-,-,XP_015799329.1,ENSNFUP00015054195.1
105023,107375371,ENSNFUG00015025168,-,-,XP_015799330.1,ENSNFUP00015054201.1
105023,107375372,ENSNFUG00015025150,-,-,XP_015799333.1,ENSNFUP00015054177.1
105023,107375375,ENSNFUG00015025137,-,-,XP_015799335.1,ENSNFUP00015054157.1
105023,107375376,ENSNFUG00015025133,-,-,XP_015799338.1,ENSNFUP00015054145.1
105023,107375378,ENSNFUG00015025128,-,-,-,-
105023,107375379,ENSNFUG00015025118,-,-,XP_015799343.1,ENSNFUP00015054116.1
105023,107375380,ENSNFUG00015025125,-,-,XP_015799344.1,ENSNFUP00015054125.1
105023,107375381,ENSNFUG00015025063,-,-,XP_015799346.1,ENSNFUP00015054100.1
105023,107375381,ENSNFUG00015025063,-,-,XP_015799347.1,ENSNFUP00015054107.1
105023,107375382,ENSNFUG00015025043,-,-,XP_015799348.1,ENSNFUP00015053962.1
105023,107375383,ENSNFUG00015025039,-,-,XP_015799350.1,ENSNFUP00015053928.1
105023,107375384,ENSNFUG00015025038,-,-,XP_015799351.1,ENSNFUP00015053916.1
105023,107375385,ENSNFUG00015025035,-,-,XP_015799352.1,ENSNFUP00015053901.1
105023,107375386,ENSNFUG00015012155,-,-,XP_015799355.1,ENSNFUP00015025204.1
105023,107375388,ENSNFUG00015024941,-,-,XP_015799356.1,ENSNFUP00015053830.1
105023,107375388,ENSNFUG00015024941,-,-,XP_015799361.1,ENSNFUP00015053842.1
105023,107375388,ENSNFUG00015024941,-,-,XP_015799362.1,ENSNFUP00015053837.1
105023,107375390,ENSNFUG00015025016,-,-,XP_015799363.1,ENSNFUP00015053898.1
105023,107375391,ENSNFUG00015012048,-,-,XP_015799369.1,ENSNFUP00015025008.1
105023,107375392,ENSNFUG00015024929,-,-,XP_015799366.1,ENSNFUP00015053643.1
105023,107375393,ENSNFUG00015024921,-,-,XP_015799367.1,ENSNFUP00015053630.1
105023,107375397,ENSNFUG00015017390,-,-,XP_015799372.1,ENSNFUP00015053417.1
105023,107375397,ENSNFUG00015017390,-,-,XP_015799373.1,ENSNFUP00015053497.1
105023,107375397,ENSNFUG00015017390,-,-,XP_015799374.1,ENSNFUP00015053592.1
105023,107375398,ENSNFUG00015012118,-,-,XP_015799379.1,ENSNFUP00015025130.1
105023,107375398,ENSNFUG00015012118,-,-,XP_015799386.1,ENSNFUP00015025105.1
105023,107375399,ENSNFUG00015014012,-,-,XP_015799377.1,ENSNFUP00015034221.1
105023,107375402,ENSNFUG00015014012,-,-,XP_015799382.1,ENSNFUP00015034035.1
105023,107375403,ENSNFUG00015013924,-,-,XP_015799383.1,ENSNFUP00015028757.1
105023,107375404,ENSNFUG00015013911,-,-,XP_015799384.1,ENSNFUP00015028742.1
105023,107375407,ENSNFUG00015013265,-,-,-,-
105023,107375408,ENSNFUG00015013253,-,-,-,-
105023,107375409,ENSNFUG00015012238,-,-,XP_015799404.1,ENSNFUP00015027305.1
105023,107375412,ENSNFUG00015011410,-,-,XP_015799417.1,ENSNFUP00015023592.1
105023,107375420,ENSNFUG00015011087,-,-,XP_015799424.1,ENSNFUP00015022947.1
105023,107375421,ENSNFUG00015011081,-,-,-,-
105023,107375422,ENSNFUG00015010550,-,-,-,-
105023,107375423,ENSNFUG00015010499,-,-,-,-
105023,107375424,ENSNFUG00015010487,-,-,-,-
105023,107375425,ENSNFUG00015010458,-,-,XP_015799436.1,ENSNFUP00015021555.1
105023,107375426,ENSNFUG00015010476,-,-,XP_015799437.1,ENSNFUP00015021569.1
105023,107375427,ENSNFUG00015009375,-,-,-,-
105023,107375429,ENSNFUG00015012373,-,-,-,-
105023,107375430,ENSNFUG00015009064,-,-,XP_015799446.1,ENSNFUP00015018887.1
105023,107375431,ENSNFUG00015009024,-,-,-,-
105023,107375432,ENSNFUG00015019068,-,-,-,-
105023,107375433,ENSNFUG00015008961,-,-,XP_015799452.1,ENSNFUP00015018788.1
105023,107375434,ENSNFUG00015019051,-,-,XP_015799454.1,ENSNFUP00015039558.1
105023,107375436,ENSNFUG00015019046,-,-,XP_015799455.1,ENSNFUP00015039545.1
105023,107375439,ENSNFUG00015019028,-,-,-,-
105023,107375441,ENSNFUG00015018785,-,-,XP_015799459.1,ENSNFUP00015039404.1
105023,107375441,ENSNFUG00015018785,-,-,XP_015799461.1,ENSNFUP00015039350.1
105023,107375442,ENSNFUG00015018993,-,-,-,-
105023,107375444,ENSNFUG00015018118,-,-,XP_015799464.1,ENSNFUP00015037456.1
105023,107375444,ENSNFUG00015018118,-,-,XP_015799465.1,ENSNFUP00015037467.1
105023,107375444,ENSNFUG00015018118,-,-,XP_015799466.1,ENSNFUP00015037476.1
105023,107375444,ENSNFUG00015018118,-,-,XP_015799468.1,ENSNFUP00015037497.1
105023,107375445,ENSNFUG00015018110,-,-,XP_015799474.1,ENSNFUP00015037442.1
105023,107375446,ENSNFUG00015016385,-,-,XP_015799475.1,ENSNFUP00015037332.1
105023,107375447,ENSNFUG00015016282,-,-,XP_015799476.1,ENSNFUP00015033307.1
105023,107375448,ENSNFUG00015016193,-,-,-,-
105023,107375449,ENSNFUG00015016188,-,-,XP_015799478.1,ENSNFUP00015033055.1
105023,107375451,ENSNFUG00015012765,-,-,XP_015799484.1,ENSNFUP00015026297.1
105023,107375452,ENSNFUG00015013836,-,-,-,-
105023,107375454,ENSNFUG00015013732,-,-,-,-
105023,107375455,ENSNFUG00015013215,-,-,XP_015799485.1,ENSNFUP00015028067.1
105023,107375457,ENSNFUG00015013188,-,-,-,-
105023,107375458,ENSNFUG00015013168,-,-,XP_015799490.1,ENSNFUP00015027197.1
105023,107375460,ENSNFUG00015013159,-,-,XP_015799492.1,ENSNFUP00015027136.1
105023,107375461,ENSNFUG00015013110,-,-,-,-
105023,107375462,ENSNFUG00015013145,-,-,-,-
105023,107375463,ENSNFUG00015013104,-,-,XP_015799495.1,ENSNFUP00015027021.1
105023,107375480,ENSNFUG00015002074,-,-,XP_015799517.1,ENSNFUP00015004124.1
105023,107375481,ENSNFUG00015002054,-,-,-,-
105023,107375484,ENSNFUG00015002047,-,-,XP_015799523.1,ENSNFUP00015004067.1
105023,107375485,ENSNFUG00015002034,-,-,-,-
105023,107375486,ENSNFUG00015001958,-,-,-,-
105023,107375493,ENSNFUG00015001783,-,-,-,-
105023,107375494,ENSNFUG00015001757,-,-,-,-
105023,107375496,ENSNFUG00015001688,-,-,-,-
105023,107375497,ENSNFUG00015001665,-,-,-,-
105023,107375498,ENSNFUG00015001647,-,-,XP_015799543.1,ENSNFUP00015003196.1
105023,107375503,ENSNFUG00015012777,-,-,-,-
105023,107375512,ENSNFUG00015001023,-,-,-,-
105023,107375513,ENSNFUG00015012790,-,-,XP_015799564.1,ENSNFUP00015026364.1
105023,107375514,ENSNFUG00015001015,-,-,XP_015799561.1,ENSNFUP00015001829.1
105023,107375515,ENSNFUG00015001007,-,-,XP_015799562.1,ENSNFUP00015001816.1
105023,107375516,ENSNFUG00015001004,-,-,XP_015799563.1,ENSNFUP00015001809.1
105023,107375517,ENSNFUG00015000987,-,-,-,-
105023,107375519,ENSNFUG00015000970,-,-,XP_015799571.1,ENSNFUP00015001761.1
105023,107375520,ENSNFUG00015000944,-,-,XP_015799576.1,ENSNFUP00015001723.1
105023,107375522,ENSNFUG00015000916,-,-,-,-
105023,107375523,ENSNFUG00015000717,-,-,XP_015799580.1,ENSNFUP00015001522.1
105023,107375524,ENSNFUG00015012784,-,-,XP_015799586.1,ENSNFUP00015026350.1
105023,107375525,ENSNFUG00015000908,-,-,-,-
105023,107375526,ENSNFUG00015000503,-,-,-,-
105023,107375528,ENSNFUG00015000478,-,-,-,-
105023,107375529,ENSNFUG00015000385,-,-,-,-
105023,107375536,ENSNFUG00015025296,-,-,-,-
105023,107375537,ENSNFUG00015025292,-,-,-,-
105023,107375538,ENSNFUG00015025294,-,-,XP_015799600.1,ENSNFUP00015054495.1
105023,107375539,ENSNFUG00015025292,-,-,-,-
105023,107375542,ENSNFUG00015025289,-,-,XP_015799605.1,ENSNFUP00015054478.1
105023,107375543,ENSNFUG00015025283,-,-,-,-
105023,107375548,ENSNFUG00015025241,-,-,XP_015799613.1,ENSNFUP00015054378.1
105023,107375549,ENSNFUG00015025246,-,-,-,-
105023,107375551,ENSNFUG00015025238,-,-,XP_015799618.1,ENSNFUP00015054365.1
105023,107375553,ENSNFUG00015025230,-,-,XP_015799620.1,ENSNFUP00015054353.1
105023,107375554,ENSNFUG00015012815,-,-,XP_015799625.1,ENSNFUP00015026728.1
105023,107375565,ENSNFUG00015002483,-,-,XP_015799631.1,ENSNFUP00015004990.1
105023,107375566,ENSNFUG00015002698,-,-,-,-
105023,107375567,ENSNFUG00015002490,-,-,XP_015799755.1,ENSNFUP00015004999.1
105023,107375568,ENSNFUG00015003378,-,-,-,-
105023,107375569,ENSNFUG00015003360,-,-,XP_015799636.1,ENSNFUP00015006758.1
105023,107375570,ENSNFUG00015003874,-,-,XP_015799638.1,ENSNFUP00015014002.1
105023,107375571,ENSNFUG00015006888,-,-,-,-
105023,107375572,ENSNFUG00015006876,-,-,-,-
105023,107375573,ENSNFUG00015006921,-,-,XP_015799645.1,ENSNFUP00015014262.1
105023,107375574,ENSNFUG00015006992,-,-,XP_015799647.1,ENSNFUP00015014384.1
105023,107375575,ENSNFUG00015006997,-,-,XP_015799649.1,ENSNFUP00015014399.1
105023,107375576,ENSNFUG00015007010,-,-,-,-
105023,107375580,ENSNFUG00015012974,-,-,-,-
105023,107375589,ENSNFUG00015007138,-,-,-,-
105023,107375590,ENSNFUG00015007050,-,-,-,-
105023,107375595,ENSNFUG00015012993,-,-,XP_015799673.1,ENSNFUP00015027239.1
105023,107375597,ENSNFUG00015007576,-,-,-,-
105023,107375598,ENSNFUG00015007587,-,-,-,-
105023,107375600,ENSNFUG00015007600,-,-,-,-
105023,107375601,ENSNFUG00015000447,-,-,XP_015799682.1,ENSNFUP00015001359.1
105023,107375601,ENSNFUG00015000447,-,-,XP_015799683.1,ENSNFUP00015001364.1
105023,107375603,ENSNFUG00015000917,-,-,-,-
105023,107375604,ENSNFUG00015000917,-,-,-,-
105023,107375605,ENSNFUG00015000929,-,-,XP_015799687.1,ENSNFUP00015001636.1
105023,107375606,ENSNFUG00015000935,-,-,-,-
105023,107375607,ENSNFUG00015000948,-,-,XP_015799689.1,ENSNFUP00015001709.1
105023,107375611,ENSNFUG00015013216,-,-,XP_015799711.1,ENSNFUP00015027291.1
105023,107375614,ENSNFUG00015002722,-,-,-,-
105023,107375615,ENSNFUG00015013239,-,-,-,-
105023,107375617,ENSNFUG00015002747,-,-,XP_015799721.1,ENSNFUP00015005552.1
105023,107375619,ENSNFUG00015002727,-,-,-,-
105023,107375620,ENSNFUG00015002797,-,-,XP_015799728.1,ENSNFUP00015005588.1
105023,107375621,ENSNFUG00015002813,-,-,XP_015799729.1,ENSNFUP00015005637.1
105023,107375626,ENSNFUG00015002853,-,-,XP_015799736.1,ENSNFUP00015005720.1
105023,107375627,ENSNFUG00015002857,-,-,-,-
105023,107375628,ENSNFUG00015002864,-,-,XP_015799738.1,ENSNFUP00015005742.1
105023,107375629,ENSNFUG00015002908,-,-,-,-
105023,107375637,ENSNFUG00015003078,-,-,-,-
105023,107375638,ENSNFUG00015003207,-,-,XP_015799760.1,ENSNFUP00015007072.1
105023,107375640,ENSNFUG00015003771,-,-,-,-
105023,107375641,ENSNFUG00015003615,-,-,-,-
105023,107375642,ENSNFUG00015003773,-,-,XP_015799765.1,ENSNFUP00015007678.1
105023,107375643,ENSNFUG00015003781,-,-,XP_015799766.1,ENSNFUP00015007691.1
105023,107375644,ENSNFUG00015013245,-,-,-,-
105023,107375645,ENSNFUG00015003900,-,-,XP_015799770.1,ENSNFUP00015007939.1
105023,107375650,ENSNFUG00015003898,-,-,-,-
105023,107375654,ENSNFUG00015003855,-,-,XP_015799786.1,ENSNFUP00015007849.1
105023,107375655,ENSNFUG00015003866,-,-,-,-
105023,107375656,ENSNFUG00015003994,-,-,XP_015799789.1,ENSNFUP00015008706.1
105023,107375656,ENSNFUG00015003994,-,-,XP_015799790.1,ENSNFUP00015008731.1
105023,107375657,ENSNFUG00015013252,-,-,-,-
105023,107375658,ENSNFUG00015003902,-,-,XP_015799791.1,ENSNFUP00015007943.1
105023,107375659,ENSNFUG00015004319,-,-,-,-
105023,107375660,ENSNFUG00015004354,-,-,XP_015799796.1,ENSNFUP00015008968.1
105023,107375660,ENSNFUG00015004354,-,-,XP_015799798.1,ENSNFUP00015008991.1
105023,107375661,ENSNFUG00015004404,-,-,-,-
105023,107375663,ENSNFUG00015013427,-,-,-,-
105023,107375664,ENSNFUG00015004495,-,-,-,-
105023,107375665,ENSNFUG00015004462,-,-,XP_015799803.1,ENSNFUP00015009187.1
105023,107375665,ENSNFUG00015004462,-,-,XP_015799804.1,ENSNFUP00015009196.1
105023,107375665,ENSNFUG00015004462,-,-,XP_015799806.1,ENSNFUP00015009181.1
105023,107375666,ENSNFUG00015004545,-,-,XP_015799807.1,ENSNFUP00015009344.1
105023,107375677,ENSNFUG00015018375,-,-,-,-
105023,107375678,ENSNFUG00015018403,-,-,-,-
105023,107375679,ENSNFUG00015018407,-,-,XP_015799827.1,ENSNFUP00015038127.1
105023,107375680,ENSNFUG00015018415,-,-,XP_015799828.1,ENSNFUP00015038185.1
105023,107375681,ENSNFUG00015018453,-,-,XP_015799829.1,ENSNFUP00015038205.1
105023,107375682,ENSNFUG00015018470,-,-,XP_015799830.1,ENSNFUP00015038311.1
105023,107375684,ENSNFUG00015018520,-,-,-,-
105023,107375685,ENSNFUG00015018523,-,-,XP_015799833.1,ENSNFUP00015038366.1
105023,107375686,ENSNFUG00015016541,-,-,-,-
105023,107375691,ENSNFUG00015018535,-,-,XP_015799840.1,ENSNFUP00015038387.1
105023,107375692,ENSNFUG00015018538,-,-,XP_015799841.1,ENSNFUP00015038398.1
105023,107375694,ENSNFUG00015018559,-,-,-,-
105023,107375695,ENSNFUG00015018546,-,-,-,-
105023,107375697,ENSNFUG00015018581,-,-,-,-
105023,107375698,ENSNFUG00015018618,-,-,XP_015799853.1,ENSNFUP00015039249.1
105023,107375700,ENSNFUG00015002944,-,-,-,-
105023,107375704,ENSNFUG00015002979,-,-,-,-
105023,107375705,ENSNFUG00015002966,-,-,XP_015799868.1,ENSNFUP00015005919.1
105023,107375706,ENSNFUG00015003009,-,-,-,-
105023,107375709,ENSNFUG00015003019,-,-,XP_015799875.1,ENSNFUP00015006046.1
105023,107375711,ENSNFUG00015003048,-,-,-,-
105023,107375712,ENSNFUG00015003071,-,-,XP_015799878.1,ENSNFUP00015006122.1
105023,107375714,ENSNFUG00015003096,-,-,-,-
105023,107375715,ENSNFUG00015003098,-,-,-,-
105023,107375719,ENSNFUG00015003120,-,-,-,-
105023,107375721,ENSNFUG00015003355,-,-,XP_015799898.1,ENSNFUP00015006748.1
105023,107375722,ENSNFUG00015003374,-,-,-,-
105023,107375723,ENSNFUG00015003477,-,-,-,-
105023,107375724,ENSNFUG00015003542,-,-,-,-
105023,107375725,ENSNFUG00015003545,-,-,XP_015799912.1,ENSNFUP00015007160.1
105023,107375726,ENSNFUG00015003548,-,-,XP_015799913.1,ENSNFUP00015007168.1
105023,107375727,ENSNFUG00015003554,-,-,-,-
105023,107375728,ENSNFUG00015016616,-,-,-,-
105023,107375731,ENSNFUG00015002478,-,-,-,-
105023,107375732,ENSNFUG00015003578,-,-,-,-
105023,107375739,ENSNFUG00015016647,-,-,-,-
105023,107375740,ENSNFUG00015004001,-,-,XP_015799926.1,ENSNFUP00015008185.1
105023,107375740,ENSNFUG00015004001,-,-,XP_015799927.1,ENSNFUP00015008164.1
105023,107375741,ENSNFUG00015004111,-,-,-,-
105023,107375742,ENSNFUG00015004149,-,-,-,-
105023,107375743,ENSNFUG00015004255,-,-,XP_015799934.1,ENSNFUP00015008735.1
105023,107375744,ENSNFUG00015004262,-,-,XP_015799935.1,ENSNFUP00015008796.1
105023,107375747,ENSNFUG00015017371,-,-,XP_015799955.1,ENSNFUP00015035820.1
105023,107375748,ENSNFUG00015005163,-,-,-,-
105023,107375751,ENSNFUG00015005477,-,-,XP_015799958.1,ENSNFUP00015011110.1
105023,107375752,ENSNFUG00015006310,-,-,-,-
105023,107375753,ENSNFUG00015005577,-,-,-,-
105023,107375754,ENSNFUG00015006331,-,-,-,-
105023,107375756,ENSNFUG00015006486,-,-,-,-
105023,107375757,ENSNFUG00015006956,-,-,-,-
105023,107375758,ENSNFUG00015007054,-,-,-,-
105023,107375760,ENSNFUG00015007148,-,-,-,-
105023,107375761,ENSNFUG00015006917,-,-,-,-
105023,107375762,ENSNFUG00015007159,-,-,-,-
105023,107375763,ENSNFUG00015007143,-,-,XP_015799986.1,ENSNFUP00015014721.1
105023,107375764,ENSNFUG00015017379,-,-,XP_015799989.1,ENSNFUP00015035836.1
105023,107375765,ENSNFUG00015007021,-,-,XP_015799987.1,ENSNFUP00015014451.1
105023,107375766,ENSNFUG00015007016,-,-,XP_015799988.1,ENSNFUP00015014442.1
105023,107375768,ENSNFUG00015007176,-,-,XP_015799993.1,ENSNFUP00015014893.1
105023,107375771,ENSNFUG00015007257,-,-,-,-
105023,107375773,ENSNFUG00015007282,-,-,-,-
105023,107375776,ENSNFUG00015007583,-,-,-,-
105023,107375778,ENSNFUG00015007589,-,-,-,-
105023,107375780,ENSNFUG00015007603,-,-,-,-
105023,107375781,ENSNFUG00015007650,-,-,-,-
105023,107375789,ENSNFUG00015000195,-,-,-,-
105023,107375797,ENSNFUG00015017397,-,-,-,-
105023,107375808,ENSNFUG00015000402,-,-,-,-
105023,107375809,ENSNFUG00015000433,-,-,XP_015800047.1,ENSNFUP00015000644.1
105023,107375812,ENSNFUG00015000455,-,-,XP_015800050.1,ENSNFUP00015000700.1
105023,107375818,ENSNFUG00015000572,-,-,XP_015800059.1,ENSNFUP00015000961.1
105023,107375818,ENSNFUG00015000572,-,-,XP_015800060.1,ENSNFUP00015000945.1
105023,107375819,ENSNFUG00015000626,-,-,XP_015800063.1,ENSNFUP00015001141.1
105023,107375820,ENSNFUG00015000797,-,-,-,-
105023,107375822,ENSNFUG00015000716,-,-,XP_015800067.1,ENSNFUP00015001181.1
105023,107375823,ENSNFUG00015001018,-,-,XP_015800069.1,ENSNFUP00015001834.1
105023,107375829,ENSNFUG00015001797,-,-,-,-
105023,107375830,ENSNFUG00015001804,-,-,XP_015800082.1,ENSNFUP00015003549.1
105023,107375831,ENSNFUG00015001807,-,-,XP_015800083.1,ENSNFUP00015003560.1
105023,107375836,ENSNFUG00015001856,-,-,XP_015800096.1,ENSNFUP00015003687.1
105023,107375837,ENSNFUG00015001863,-,-,-,-
105023,107375838,ENSNFUG00015002002,-,-,-,-
105023,107375839,ENSNFUG00015001941,-,-,XP_015800100.1,ENSNFUP00015003905.1
105023,107375840,ENSNFUG00015001890,-,-,-,-
105023,107375842,ENSNFUG00015002442,-,-,XP_015800104.1,ENSNFUP00015004912.1
105023,107375843,ENSNFUG00015002446,-,-,-,-
105023,107375844,ENSNFUG00015002529,-,-,-,-
105023,107375845,ENSNFUG00015002464,-,-,-,-
105023,107375846,ENSNFUG00015017447,-,-,XP_015800115.1,ENSNFUP00015036074.1
105023,107375848,ENSNFUG00015002537,-,-,XP_015800109.1,ENSNFUP00015005081.1
105023,107375849,ENSNFUG00015002539,-,-,XP_015800110.1,ENSNFUP00015005085.1
105023,107375850,ENSNFUG00015002640,-,-,-,-
105023,107375851,ENSNFUG00015003177,-,-,-,-
105023,107375852,ENSNFUG00015003182,-,-,XP_015800114.1,ENSNFUP00015006366.1
105023,107375854,ENSNFUG00015003213,-,-,-,-
105023,107375855,ENSNFUG00015003227,-,-,-,-
105023,107375856,ENSNFUG00015003263,-,-,XP_015800121.1,ENSNFUP00015006595.1
105023,107375857,ENSNFUG00015003339,-,-,-,-
105023,107375858,ENSNFUG00015017661,-,-,-,-
105023,107375859,ENSNFUG00015003704,-,-,-,-
105023,107375861,ENSNFUG00015005042,-,-,-,-
105023,107375863,ENSNFUG00015005058,-,-,XP_015800155.1,ENSNFUP00015010270.1
105023,107375864,ENSNFUG00015005067,-,-,XP_015800156.1,ENSNFUP00015010295.1
105023,107375866,ENSNFUG00015005129,-,-,-,-
105023,107375867,ENSNFUG00015005316,-,-,-,-
105023,107375869,ENSNFUG00015005418,-,-,-,-
105023,107375870,ENSNFUG00015005397,-,-,XP_015800165.1,ENSNFUP00015010958.1
105023,107375871,ENSNFUG00015005426,-,-,XP_015800166.1,ENSNFUP00015010999.1
105023,107375872,ENSNFUG00015005435,-,-,XP_015800167.1,ENSNFUP00015011020.1
105023,107375879,ENSNFUG00015005645,-,-,XP_015800173.1,ENSNFUP00015011475.1
105023,107375880,ENSNFUG00015005710,-,-,-,-
105023,107375881,ENSNFUG00015005655,-,-,-,-
105023,107375882,ENSNFUG00015005680,-,-,XP_015800180.1,ENSNFUP00015011524.1
105023,107375883,ENSNFUG00015005764,-,-,XP_015800181.1,ENSNFUP00015011670.1
105023,107375885,ENSNFUG00015005768,-,-,XP_015800182.1,ENSNFUP00015011677.1
105023,107375886,ENSNFUG00015005770,-,-,-,-
105023,107375887,ENSNFUG00015005827,-,-,-,-
105023,107375890,ENSNFUG00015006658,-,-,-,-
105023,107375891,ENSNFUG00015006685,-,-,XP_015800197.1,ENSNFUP00015014199.1
105023,107375892,ENSNFUG00015006942,-,-,XP_015800198.1,ENSNFUP00015014354.1
105023,107375893,ENSNFUG00015007019,-,-,-,-
105023,107375894,ENSNFUG00015006985,-,-,-,-
105023,107375897,ENSNFUG00015019502,-,-,XP_015800206.1,ENSNFUP00015047911.1
105023,107375897,ENSNFUG00015019502,-,-,XP_015800215.1,ENSNFUP00015048404.1
105023,107375898,ENSNFUG00015007501,-,-,XP_015800204.1,ENSNFUP00015015574.1
105023,107375900,ENSNFUG00015007505,-,-,-,-
105023,107375901,ENSNFUG00015006652,-,-,XP_015800207.1,ENSNFUP00015013582.1
105023,107375902,ENSNFUG00015006665,-,-,XP_015800208.1,ENSNFUP00015013602.1
105023,107375904,ENSNFUG00015006682,-,-,-,-
105023,107375906,ENSNFUG00015006674,-,-,-,-
105023,107375912,ENSNFUG00015022947,-,-,XP_015800226.1,ENSNFUP00015048807.1
105023,107375918,ENSNFUG00015007096,-,-,-,-
105023,107375919,ENSNFUG00015007707,-,-,XP_015800232.1,ENSNFUP00015016031.1
105023,107375921,ENSNFUG00015023084,-,-,-,-
105023,107375922,ENSNFUG00015007709,-,-,XP_015800235.1,ENSNFUP00015016047.1
105023,107375923,ENSNFUG00015007958,-,-,-,-
105023,107375924,ENSNFUG00015007714,-,-,XP_015800237.1,ENSNFUP00015016064.1
105023,107375925,ENSNFUG00015007748,-,-,XP_015800239.1,ENSNFUP00015016489.1
105023,107375925,ENSNFUG00015007748,-,-,XP_015800240.1,ENSNFUP00015016565.1
105023,107375926,ENSNFUG00015008149,-,-,XP_015800241.1,ENSNFUP00015017088.1
105023,107375926,ENSNFUG00015008149,-,-,XP_015800242.1,ENSNFUP00015017078.1
105023,107375926,ENSNFUG00015008149,-,-,XP_015800243.1,ENSNFUP00015017071.1
105023,107375926,ENSNFUG00015008149,-,-,XP_015800244.1,ENSNFUP00015017118.1
105023,107375930,ENSNFUG00015010133,-,-,-,-
105023,107375932,ENSNFUG00015011906,-,-,-,-
105023,107375933,ENSNFUG00015012845,-,-,-,-
105023,107375937,ENSNFUG00015012909,-,-,-,-
105023,107375938,ENSNFUG00015012858,-,-,-,-
105023,107375939,ENSNFUG00015012864,-,-,XP_015800268.1,ENSNFUP00015026569.1
105023,107375940,ENSNFUG00015012944,-,-,XP_015800269.1,ENSNFUP00015026717.1
105023,107375941,ENSNFUG00015018252,-,-,-,-
105023,107375942,ENSNFUG00015013101,-,-,XP_015800272.1,ENSNFUP00015037160.1
105023,107375942,ENSNFUG00015013101,-,-,XP_015800273.1,ENSNFUP00015037284.1
105023,107375944,ENSNFUG00015023617,-,-,-,-
105023,107375948,ENSNFUG00015023622,-,-,XP_015800280.1,ENSNFUP00015050282.1
105023,107375949,ENSNFUG00015023635,-,-,XP_015800281.1,ENSNFUP00015050404.1
105023,107375950,ENSNFUG00015023695,-,-,XP_015800282.1,ENSNFUP00015050447.1
105023,107375951,ENSNFUG00015023711,-,-,-,-
105023,107375953,ENSNFUG00015023090,-,-,-,-
105023,107375954,ENSNFUG00015023844,-,-,XP_015800288.1,ENSNFUP00015050823.1
105023,107375955,ENSNFUG00015023854,-,-,XP_015800290.1,ENSNFUP00015050835.1
105023,107375956,ENSNFUG00015023855,-,-,XP_015800292.1,ENSNFUP00015050854.1
105023,107375959,ENSNFUG00015024547,-,-,-,-
105023,107375960,ENSNFUG00015024550,-,-,XP_015800297.1,ENSNFUP00015052662.1
105023,107375961,ENSNFUG00015024601,-,-,-,-
105023,107375963,ENSNFUG00015024768,-,-,-,-
105023,107375964,ENSNFUG00015024557,-,-,-,-
105023,107375965,ENSNFUG00015024553,-,-,XP_015800302.1,ENSNFUP00015052672.1
105023,107375966,ENSNFUG00015024798,-,-,-,-
105023,107375967,ENSNFUG00015024801,-,-,XP_015800305.1,ENSNFUP00015053326.1
105023,107375969,ENSNFUG00015024824,-,-,-,-
105023,107375970,ENSNFUG00015024877,-,-,-,-
105023,107375972,ENSNFUG00015024884,-,-,-,-
105023,107375974,ENSNFUG00015024886,-,-,-,-
105023,107375975,ENSNFUG00015024889,-,-,XP_015800312.1,ENSNFUP00015053544.1
105023,107375976,ENSNFUG00015024890,-,-,-,-
105023,107375977,ENSNFUG00015011946,-,-,XP_015800691.1,ENSNFUP00015024672.1
105023,107375978,ENSNFUG00015024893,-,-,-,-
105023,107375979,ENSNFUG00015024896,-,-,-,-
105023,107375980,ENSNFUG00015024898,-,-,-,-
105023,107375981,ENSNFUG00015024903,-,-,-,-
105023,107375982,ENSNFUG00015024899,-,-,-,-
105023,107375983,ENSNFUG00015023111,-,-,XP_015800325.1,ENSNFUP00015049190.1
105023,107375984,ENSNFUG00015024925,-,-,-,-
105023,107375984,ENSNFUG00015024925,-,-,XP_015800323.1,ENSNFUP00015053659.1
105023,107375984,ENSNFUG00015024925,-,-,XP_015800324.1,ENSNFUP00015053667.1
105023,107375988,ENSNFUG00015005837,-,-,XP_015800333.1,ENSNFUP00015011939.1
105023,107375989,ENSNFUG00015023183,-,-,XP_015800345.1,ENSNFUP00015049258.1
105023,107375990,ENSNFUG00015005945,-,-,-,-
105023,107375991,ENSNFUG00015006044,-,-,-,-
105023,107375992,ENSNFUG00015006125,-,-,XP_015800339.1,ENSNFUP00015012485.1
105023,107375994,ENSNFUG00015006301,-,-,-,-
105023,107375997,ENSNFUG00015007359,-,-,XP_015800347.1,ENSNFUP00015015201.1
105023,107375998,ENSNFUG00015007365,-,-,XP_015800348.1,ENSNFUP00015015209.1
105023,107375999,ENSNFUG00015007404,-,-,XP_015800351.1,ENSNFUP00015015665.1
105023,107375999,ENSNFUG00015007404,-,-,XP_015800352.1,ENSNFUP00015015595.1
105023,107375999,ENSNFUG00015007404,-,-,XP_015800355.1,ENSNFUP00015015573.1
105023,107375999,ENSNFUG00015007404,-,-,XP_015800356.1,ENSNFUP00015015510.1
105023,107376000,ENSNFUG00015023256,-,-,-,-
105023,107376002,ENSNFUG00015007580,-,-,XP_015800360.1,ENSNFUP00015016267.1
105023,107376003,ENSNFUG00015007839,-,-,-,-
105023,107376004,ENSNFUG00015007846,-,-,-,-
105023,107376006,ENSNFUG00015007967,-,-,-,-
105023,107376007,ENSNFUG00015009165,-,-,-,-
105023,107376009,ENSNFUG00015011342,-,-,XP_015800367.1,ENSNFUP00015023445.1
105023,107376010,ENSNFUG00015011359,-,-,-,-
105023,107376011,ENSNFUG00015016627,-,-,-,-
105023,107376012,ENSNFUG00015011654,-,-,-,-
105023,107376014,ENSNFUG00015016662,-,-,-,-
105023,107376015,ENSNFUG00015016648,-,-,-,-
105023,107376017,ENSNFUG00015016679,-,-,-,-
105023,107376018,ENSNFUG00015016797,-,-,XP_015800384.1,ENSNFUP00015034474.1
105023,107376021,ENSNFUG00015017708,-,-,-,-
105023,107376022,ENSNFUG00015017712,-,-,XP_015800390.1,ENSNFUP00015036572.1
105023,107376023,ENSNFUG00015017717,-,-,-,-
105023,107376026,ENSNFUG00015023233,-,-,XP_015800396.1,ENSNFUP00015049389.1
105023,107376028,ENSNFUG00015021873,-,-,-,-
105023,107376029,ENSNFUG00015021893,-,-,XP_015800395.1,ENSNFUP00015046282.1
105023,107376029,ENSNFUG00015021893,-,-,XP_015800397.1,ENSNFUP00015046250.1
105023,107376030,ENSNFUG00015021979,-,-,XP_015800400.1,ENSNFUP00015046350.1
105023,107376031,ENSNFUG00015021987,-,-,-,-
105023,107376032,ENSNFUG00015022029,-,-,XP_015800402.1,ENSNFUP00015047571.1
105023,107376033,ENSNFUG00015022516,-,-,-,-
105023,107376034,ENSNFUG00015023216,-,-,-,-
105023,107376035,ENSNFUG00015022539,-,-,XP_015800405.1,ENSNFUP00015047733.1
105023,107376036,ENSNFUG00015022554,-,-,XP_015800406.1,ENSNFUP00015047772.1
105023,107376037,ENSNFUG00015022549,-,-,-,-
105023,107376041,ENSNFUG00015022897,-,-,-,-
105023,107376042,ENSNFUG00015023512,-,-,-,-
105023,107376042,ENSNFUG00015023512,-,-,XP_015800438.1,ENSNFUP00015050856.1
105023,107376042,ENSNFUG00015023512,-,-,XP_015800445.1,ENSNFUP00015050468.1
105023,107376047,ENSNFUG00015023936,-,-,XP_015800460.1,ENSNFUP00015051025.1
105023,107376051,ENSNFUG00015023972,-,-,XP_015800465.1,ENSNFUP00015051279.1
105023,107376053,ENSNFUG00015024061,-,-,-,-
105023,107376054,ENSNFUG00015024071,-,-,XP_015800470.1,ENSNFUP00015051470.1
105023,107376054,ENSNFUG00015024071,-,-,XP_015800472.1,ENSNFUP00015051489.1
105023,107376054,ENSNFUG00015024071,-,-,XP_015800473.1,ENSNFUP00015051527.1
105023,107376056,ENSNFUG00015024190,-,-,XP_015800477.1,ENSNFUP00015052038.1
105023,107376056,ENSNFUG00015024190,-,-,XP_015800479.1,ENSNFUP00015052049.1
105023,107376057,ENSNFUG00015024315,-,-,-,-
105023,107376058,ENSNFUG00015023292,-,-,-,-
105023,107376059,ENSNFUG00015024144,-,-,XP_015800483.1,ENSNFUP00015051641.1
105023,107376060,ENSNFUG00015024133,-,-,-,-
105023,107376062,ENSNFUG00015024317,-,-,XP_015800487.1,ENSNFUP00015052099.1
105023,107376062,ENSNFUG00015024317,-,-,XP_015800488.1,ENSNFUP00015052113.1
105023,107376063,ENSNFUG00015024326,-,-,XP_015800489.1,ENSNFUP00015052133.1
105023,107376066,ENSNFUG00015024338,-,-,-,-
105023,107376067,ENSNFUG00015024344,-,-,XP_015800493.1,ENSNFUP00015052172.1
105023,107376068,ENSNFUG00015024353,-,-,-,-
105023,107376071,ENSNFUG00015024421,-,-,-,-
105023,107376076,ENSNFUG00015024438,-,-,-,-
105023,107376077,ENSNFUG00015024444,-,-,-,-
105023,107376078,ENSNFUG00015024451,-,-,-,-
105023,107376082,ENSNFUG00015024470,-,-,-,-
105023,107376085,ENSNFUG00015024477,-,-,-,-
105023,107376086,ENSNFUG00015002463,-,-,-,-
105023,107376088,ENSNFUG00015024488,-,-,XP_015800518.1,ENSNFUP00015052476.1
105023,107376089,ENSNFUG00015009107,-,-,-,-
105023,107376094,ENSNFUG00015000538,-,-,-,-
105023,107376101,ENSNFUG00015023667,-,-,-,-
105023,107376102,ENSNFUG00015015071,-,-,-,-
105023,107376105,ENSNFUG00015009853,-,-,-,-
105023,107376107,ENSNFUG00015010315,-,-,XP_015800530.1,ENSNFUP00015025872.1
105023,107376109,ENSNFUG00015023670,-,-,-,-
105023,107376110,ENSNFUG00015012572,-,-,XP_015800533.1,ENSNFUP00015025989.1
105023,107376111,ENSNFUG00015012610,-,-,-,-
105023,107376113,ENSNFUG00015012894,-,-,-,-
105023,107376114,ENSNFUG00015012877,-,-,XP_015800539.1,ENSNFUP00015026592.1
105023,107376115,ENSNFUG00015012956,-,-,XP_015800540.1,ENSNFUP00015026730.1
105023,107376118,ENSNFUG00015023673,-,-,XP_015800545.1,ENSNFUP00015050419.1
105023,107376125,ENSNFUG00015013029,-,-,XP_015800547.1,ENSNFUP00015027229.1
105023,107376128,ENSNFUG00015014916,-,-,-,-
105023,107376129,ENSNFUG00015014898,-,-,-,-
105023,107376130,ENSNFUG00015014954,-,-,-,-
105023,107376131,ENSNFUG00015014931,-,-,XP_015800564.1,ENSNFUP00015030603.1
105023,107376133,ENSNFUG00015015052,-,-,XP_015800569.1,ENSNFUP00015030855.1
105023,107376137,ENSNFUG00015015277,-,-,-,-
105023,107376139,ENSNFUG00015017168,-,-,XP_015800574.1,ENSNFUP00015035324.1
105023,107376140,ENSNFUG00015017173,-,-,XP_015800575.1,ENSNFUP00015035329.1
105023,107376143,ENSNFUG00015002448,-,-,-,-
105023,107376144,ENSNFUG00015001805,-,-,-,-
105023,107376157,ENSNFUG00015003647,-,-,-,-
105023,107376169,ENSNFUG00015003122,-,-,-,-
105023,107376170,ENSNFUG00015003085,-,-,-,-
105023,107376170,ENSNFUG00015003085,-,-,XP_015800613.1,ENSNFUP00015006243.1
105023,107376171,ENSNFUG00015002432,-,-,XP_015800730.1,ENSNFUP00015004886.1
105023,107376172,ENSNFUG00015003025,-,-,-,-
105023,107376173,ENSNFUG00015002977,-,-,XP_015800615.1,ENSNFUP00015005976.1
105023,107376181,ENSNFUG00015000304,-,-,-,-
105023,107376184,ENSNFUG00015002774,-,-,XP_015800638.1,ENSNFUP00015005584.1
105023,107376185,ENSNFUG00015002764,-,-,XP_015800643.1,ENSNFUP00015005507.1
105023,107376186,ENSNFUG00015002751,-,-,XP_015800644.1,ENSNFUP00015005498.1
105023,107376187,ENSNFUG00015002740,-,-,XP_015800647.1,ENSNFUP00015005445.1
105023,107376188,ENSNFUG00015000310,-,-,-,-
105023,107376189,ENSNFUG00015002731,-,-,XP_015800648.1,ENSNFUP00015005432.1
105023,107376191,ENSNFUG00015002710,-,-,XP_015800652.1,ENSNFUP00015005400.1
105023,107376192,ENSNFUG00015002715,-,-,-,-
105023,107376195,ENSNFUG00015000320,-,-,-,-
105023,107376196,ENSNFUG00015002487,-,-,-,-
105023,107376197,ENSNFUG00015002552,-,-,-,-
105023,107376198,ENSNFUG00015002448,-,-,-,-
105023,107376203,ENSNFUG00015002280,-,-,XP_015800673.1,ENSNFUP00015004792.1
105023,107376203,ENSNFUG00015002280,-,-,XP_015800674.1,ENSNFUP00015004784.1
105023,107376207,ENSNFUG00015002104,-,-,-,-
105023,107376208,ENSNFUG00015002058,-,-,XP_015800678.1,ENSNFUP00015004154.1
105023,107376209,ENSNFUG00015002037,-,-,XP_015800680.1,ENSNFUP00015004057.1
105023,107376210,ENSNFUG00015002031,-,-,XP_015800681.1,ENSNFUP00015004050.1
105023,107376211,ENSNFUG00015002100,-,-,XP_015800685.1,ENSNFUP00015004182.1
105023,107376213,ENSNFUG00015001735,-,-,XP_015800687.1,ENSNFUP00015003499.1
105023,107376214,ENSNFUG00015000368,-,-,-,-
105023,107376216,ENSNFUG00015001719,-,-,-,-
105023,107376217,ENSNFUG00015001458,-,-,-,-
105023,107376218,ENSNFUG00015001361,-,-,XP_015800694.1,ENSNFUP00015002658.1
105023,107376219,ENSNFUG00015001374,-,-,XP_015800696.1,ENSNFUP00015002692.1
105023,107376220,ENSNFUG00015001388,-,-,-,-
105023,107376221,ENSNFUG00015001354,-,-,XP_015800698.1,ENSNFUP00015002637.1
105023,107376227,ENSNFUG00015017721,-,-,-,-
105023,107376228,ENSNFUG00015017646,-,-,-,-
105023,107376229,ENSNFUG00015017463,-,-,-,-
105023,107376231,ENSNFUG00015017426,-,-,-,-
105023,107376232,ENSNFUG00015017416,-,-,-,-
105023,107376234,ENSNFUG00015017403,-,-,XP_015800715.1,ENSNFUP00015035900.1
105023,107376236,ENSNFUG00015017370,-,-,-,-
105023,107376237,ENSNFUG00015017292,-,-,-,-
105023,107376238,ENSNFUG00015017313,-,-,-,-
105023,107376239,ENSNFUG00015017321,-,-,-,-
105023,107376241,ENSNFUG00015017282,-,-,-,-
105023,107376242,ENSNFUG00015017264,-,-,-,-
105023,107376243,ENSNFUG00015017252,-,-,-,-
105023,107376245,ENSNFUG00015000463,-,-,XP_015800739.1,ENSNFUP00015000985.1
105023,107376245,ENSNFUG00015000463,-,-,XP_015800746.1,ENSNFUP00015000939.1
105023,107376246,ENSNFUG00015017236,-,-,-,-
105023,107376247,ENSNFUG00015017221,-,-,-,-
105023,107376250,ENSNFUG00015016691,-,-,XP_015800742.1,ENSNFUP00015035226.1
105023,107376251,ENSNFUG00015017170,-,-,XP_015800744.1,ENSNFUP00015035331.1
105023,107376252,ENSNFUG00015016414,-,-,XP_015800745.1,ENSNFUP00015034055.1
105023,107376253,ENSNFUG00015016392,-,-,XP_015800747.1,ENSNFUP00015033490.1
105023,107376254,ENSNFUG00015016381,-,-,-,-
105023,107376255,ENSNFUG00015016368,-,-,-,-
105023,107376256,ENSNFUG00015012855,-,-,-,-
105023,107376257,ENSNFUG00015015976,-,-,-,-
105023,107376258,ENSNFUG00015000382,-,-,XP_015800758.1,ENSNFUP00015000563.1
105023,107376259,ENSNFUG00015012751,-,-,XP_015800755.1,ENSNFUP00015026267.1
105023,107376261,ENSNFUG00015012723,-,-,-,-
105023,107376262,ENSNFUG00015012734,-,-,XP_015800759.1,ENSNFUP00015026248.1
105023,107376263,ENSNFUG00015012707,-,-,-,-
105023,107376265,ENSNFUG00015012648,-,-,XP_015800761.1,ENSNFUP00015026129.1
105023,107376266,ENSNFUG00015012676,-,-,XP_015800763.1,ENSNFUP00015026149.1
105023,107376268,ENSNFUG00015012683,-,-,XP_015800766.1,ENSNFUP00015026170.1
105023,107376269,ENSNFUG00015012635,-,-,-,-
105023,107376272,ENSNFUG00015012594,-,-,XP_015800773.1,ENSNFUP00015025971.1
105023,107376274,ENSNFUG00015012605,-,-,XP_015800777.1,ENSNFUP00015026010.1
105023,107376276,ENSNFUG00015012586,-,-,XP_015800778.1,ENSNFUP00015025959.1
105023,107376277,ENSNFUG00015012526,-,-,-,-
105023,107376278,ENSNFUG00015012513,-,-,-,-
105023,107376279,ENSNFUG00015012508,-,-,XP_015800781.1,ENSNFUP00015025808.1
105023,107376280,ENSNFUG00015000637,-,-,XP_015800785.1,ENSNFUP00015001066.1
105023,107376280,ENSNFUG00015000637,-,-,XP_015800794.1,ENSNFUP00015001073.1
105023,107376281,ENSNFUG00015012505,-,-,XP_015800782.1,ENSNFUP00015025803.1
105023,107376282,ENSNFUG00015011596,-,-,-,-
105023,107376285,ENSNFUG00015011522,-,-,-,-
105023,107376287,ENSNFUG00015011438,-,-,XP_015800799.1,ENSNFUP00015023678.1
105023,107376288,ENSNFUG00015011407,-,-,-,-
105023,107376289,ENSNFUG00015011389,-,-,XP_015800802.1,ENSNFUP00015023562.1
105023,107376289,ENSNFUG00015011389,-,-,XP_015800803.1,ENSNFUP00015023555.1
105023,107376292,ENSNFUG00015011371,-,-,XP_015800805.1,ENSNFUP00015023505.1
105023,107376293,ENSNFUG00015011353,-,-,XP_015800806.1,ENSNFUP00015023483.1
105023,107376296,ENSNFUG00015011305,-,-,XP_015800812.1,ENSNFUP00015023417.1
105023,107376303,ENSNFUG00015011211,-,-,-,-
105023,107376304,ENSNFUG00015010945,-,-,-,-
105023,107376305,ENSNFUG00015010874,-,-,XP_015800823.1,ENSNFUP00015022510.1
105023,107376306,ENSNFUG00015010822,-,-,-,-
105023,107376307,ENSNFUG00015010815,-,-,-,-
105023,107376308,ENSNFUG00015010789,-,-,-,-
105023,107376309,ENSNFUG00015010808,-,-,XP_015800829.1,ENSNFUP00015022324.1
105023,107376311,ENSNFUG00015000677,-,-,-,-
105023,107376312,ENSNFUG00015010459,-,-,-,-
105023,107376314,ENSNFUG00015009738,-,-,-,-
105023,107376315,ENSNFUG00015009540,-,-,-,-
105023,107376316,ENSNFUG00015009528,-,-,XP_015800836.1,ENSNFUP00015019677.1
105023,107376318,ENSNFUG00015003730,-,-,-,-
105023,107376320,ENSNFUG00015003728,-,-,XP_015800841.1,ENSNFUP00015007584.1
105023,107376321,ENSNFUG00015003711,-,-,-,-
105023,107376322,ENSNFUG00015003621,-,-,-,-
105023,107376328,ENSNFUG00015003571,-,-,-,-
105023,107376329,ENSNFUG00015003586,-,-,XP_015800859.1,ENSNFUP00015007248.1
105023,107376330,ENSNFUG00015003594,-,-,XP_015800860.1,ENSNFUP00015007265.1
105023,107376331,ENSNFUG00015003503,-,-,-,-
105023,107376332,ENSNFUG00015003485,-,-,-,-
105023,107376335,ENSNFUG00015003364,-,-,-,-
105023,107376336,ENSNFUG00015003354,-,-,XP_015800869.1,ENSNFUP00015006745.1
105023,107376337,ENSNFUG00015003359,-,-,XP_015800870.1,ENSNFUP00015006754.1
105023,107376338,ENSNFUG00015003312,-,-,XP_015800872.1,ENSNFUP00015006737.1
105023,107376338,ENSNFUG00015003312,-,-,XP_015800873.1,ENSNFUP00015006733.1
105023,107376339,ENSNFUG00015003278,-,-,XP_015800874.1,ENSNFUP00015006583.1
105023,107376340,ENSNFUG00015003273,-,-,-,-
105023,107376343,ENSNFUG00015003248,-,-,-,-
105023,107376344,ENSNFUG00015003210,-,-,XP_015800880.1,ENSNFUP00015006465.1
105023,107376345,ENSNFUG00015003183,-,-,-,-
105023,107376347,ENSNFUG00015003090,-,-,XP_015800883.1,ENSNFUP00015006204.1
105023,107376347,ENSNFUG00015003090,-,-,XP_015800884.1,ENSNFUP00015006287.1
105023,107376348,ENSNFUG00015003056,-,-,XP_015800885.1,ENSNFUP00015006100.1
105023,107376348,ENSNFUG00015003056,-,-,XP_015800886.1,ENSNFUP00015006108.1
105023,107376349,ENSNFUG00015003032,-,-,-,-
105023,107376354,ENSNFUG00015002983,-,-,-,-
105023,107376355,ENSNFUG00015002982,-,-,XP_015800896.1,ENSNFUP00015005948.1
105023,107376356,ENSNFUG00015002975,-,-,-,-
105023,107376358,ENSNFUG00015002972,-,-,XP_015800901.1,ENSNFUP00015005925.1
105023,107376359,ENSNFUG00015002970,-,-,-,-
105023,107376360,ENSNFUG00015002965,-,-,-,-
105023,107376361,ENSNFUG00015002962,-,-,-,-
105023,107376363,ENSNFUG00015002927,-,-,XP_015800909.1,ENSNFUP00015005854.1
105023,107376364,ENSNFUG00015002924,-,-,XP_015800910.1,ENSNFUP00015005850.1
105023,107376365,ENSNFUG00015002937,-,-,-,-
105023,107376368,ENSNFUG00015002913,-,-,XP_015800912.1,ENSNFUP00015005839.1
105023,107376369,ENSNFUG00015002891,-,-,XP_015800913.1,ENSNFUP00015005822.1
105023,107376370,ENSNFUG00015002875,-,-,-,-
105023,107376372,ENSNFUG00015002859,-,-,-,-
105023,107376378,ENSNFUG00015002733,-,-,-,-
105023,107376379,ENSNFUG00015002707,-,-,XP_015800922.1,ENSNFUP00015005420.1
105023,107376385,ENSNFUG00015002657,-,-,XP_015800929.1,ENSNFUP00015005318.1
105023,107376386,ENSNFUG00015000762,-,-,-,-
105023,107376387,ENSNFUG00015002646,-,-,XP_015800932.1,ENSNFUP00015005295.1
105023,107376388,ENSNFUG00015002650,-,-,XP_015800933.1,ENSNFUP00015005299.1
105023,107376391,ENSNFUG00015002639,-,-,-,-
105023,107376392,ENSNFUG00015002630,-,-,-,-
105023,107376393,ENSNFUG00015002627,-,-,-,-
105023,107376394,ENSNFUG00015002589,-,-,XP_015800938.1,ENSNFUP00015005214.1
105023,107376395,ENSNFUG00015002466,-,-,XP_015800939.1,ENSNFUP00015005080.1
105023,107376395,ENSNFUG00015002466,-,-,XP_015800940.1,ENSNFUP00015005120.1
105023,107376396,ENSNFUG00015002425,-,-,-,-
105023,107376399,ENSNFUG00015001708,-,-,-,-
105023,107376400,ENSNFUG00015001698,-,-,XP_015800947.1,ENSNFUP00015003312.1
105023,107376401,ENSNFUG00015001693,-,-,XP_015800948.1,ENSNFUP00015003287.1
105023,107376410,ENSNFUG00015000769,-,-,-,-
105023,107376414,ENSNFUG00015000616,-,-,-,-
105023,107376416,ENSNFUG00015000595,-,-,XP_015800985.1,ENSNFUP00015001005.1
105023,107376423,ENSNFUG00015006537,-,-,-,-
105023,107376424,ENSNFUG00015006510,-,-,XP_015801007.1,ENSNFUP00015013282.1
105023,107376426,ENSNFUG00015006497,-,-,XP_015801009.1,ENSNFUP00015013224.1
105023,107376427,ENSNFUG00015006484,-,-,-,-
105023,107376428,ENSNFUG00015002400,-,-,-,-
105023,107376429,ENSNFUG00015006461,-,-,XP_015801013.1,ENSNFUP00015013165.1
105023,107376430,ENSNFUG00015006437,-,-,XP_015801014.1,ENSNFUP00015013111.1
105023,107376432,ENSNFUG00015006417,-,-,-,-
105023,107376433,ENSNFUG00015006410,-,-,-,-
105023,107376437,ENSNFUG00015005324,-,-,-,-
105023,107376440,ENSNFUG00015005201,-,-,-,-
105023,107376441,ENSNFUG00015005182,-,-,XP_015801029.1,ENSNFUP00015010498.1
105023,107376444,ENSNFUG00015004819,-,-,XP_015801034.1,ENSNFUP00015009840.1
105023,107376446,ENSNFUG00015004121,-,-,-,-
105023,107376447,ENSNFUG00015003953,-,-,XP_015801037.1,ENSNFUP00015008081.1
105023,107376449,ENSNFUG00015003949,-,-,XP_015801040.1,ENSNFUP00015008046.1
105023,107376451,ENSNFUG00015003922,-,-,XP_015801041.1,ENSNFUP00015008019.1
105023,107376460,ENSNFUG00015003825,-,-,-,-
105023,107376462,ENSNFUG00015003818,-,-,-,-
105023,107376464,ENSNFUG00015003775,-,-,-,-
105023,107376466,ENSNFUG00015003768,-,-,XP_015801052.1,ENSNFUP00015007651.1
105023,107376468,ENSNFUG00015003760,-,-,XP_015801053.1,ENSNFUP00015007644.1
105023,107376469,ENSNFUG00015003742,-,-,-,-
105023,107376472,ENSNFUG00015003647,-,-,-,-
105023,107376473,ENSNFUG00015002845,-,-,-,-
105023,107376474,ENSNFUG00015002586,-,-,-,-
105023,107376476,ENSNFUG00015002288,-,-,-,-
105023,107376479,ENSNFUG00015002273,-,-,XP_015801066.1,ENSNFUP00015004508.1
105023,107376480,ENSNFUG00015002562,-,-,-,-
105023,107376481,ENSNFUG00015002387,-,-,-,-
105023,107376482,ENSNFUG00015002555,-,-,-,-
105023,107376483,ENSNFUG00015002265,-,-,XP_015801075.1,ENSNFUP00015004495.1
105023,107376485,ENSNFUG00015002252,-,-,XP_015801077.1,ENSNFUP00015004472.1
105023,107376485,ENSNFUG00015002252,-,-,XP_015801078.1,ENSNFUP00015004478.1
105023,107376486,ENSNFUG00015001212,-,-,-,-
105023,107376487,ENSNFUG00015002220,-,-,XP_015801082.1,ENSNFUP00015004407.1
105023,107376488,ENSNFUG00015000587,-,-,-,-
105023,107376489,ENSNFUG00015000333,-,-,-,-
105023,107376491,ENSNFUG00015000277,-,-,XP_015801087.1,ENSNFUP00015000367.1
105023,107376491,ENSNFUG00015000277,-,-,XP_015801088.1,ENSNFUP00015000386.1
105023,107376494,ENSNFUG00015000185,-,-,-,-
105023,107376495,ENSNFUG00015000139,-,-,-,-
105023,107376496,ENSNFUG00015000087,-,-,-,-
105023,107376497,ENSNFUG00015000062,-,-,-,-
105023,107376499,ENSNFUG00015023529,-,-,XP_015801104.1,ENSNFUP00015050043.1
105023,107376501,ENSNFUG00015023522,-,-,XP_015801107.1,ENSNFUP00015050026.1
105023,107376503,ENSNFUG00015023521,-,-,XP_015801109.1,ENSNFUP00015050022.1
105023,107376504,ENSNFUG00015023519,-,-,-,-
105023,107376505,ENSNFUG00015023516,-,-,XP_015801113.1,ENSNFUP00015050009.1
105023,107376507,ENSNFUG00015023429,-,-,-,-
105023,107376508,ENSNFUG00015023425,-,-,-,-
105023,107376509,ENSNFUG00015023425,-,-,-,-
105023,107376510,ENSNFUG00015023421,-,-,XP_015801119.1,ENSNFUP00015049763.1
105023,107376511,ENSNFUG00015023416,-,-,-,-
105023,107376512,ENSNFUG00015023411,-,-,-,-
105023,107376513,ENSNFUG00015023407,-,-,XP_015801124.1,ENSNFUP00015049730.1
105023,107376515,ENSNFUG00015000840,-,-,-,-
105023,107376516,ENSNFUG00015022900,-,-,XP_015801127.1,ENSNFUP00015049644.1
105023,107376516,ENSNFUG00015022900,-,-,XP_015801128.1,ENSNFUP00015049647.1
105023,107376525,ENSNFUG00015021316,-,-,-,-
105023,107376527,ENSNFUG00015021436,-,-,-,-
105023,107376530,ENSNFUG00015019352,-,-,-,-
105023,107376531,ENSNFUG00015019287,-,-,-,-
105023,107376532,ENSNFUG00015019277,-,-,XP_015801154.1,ENSNFUP00015040045.1
105023,107376533,ENSNFUG00015019273,-,-,-,-
105023,107376534,ENSNFUG00015019167,-,-,XP_015801156.1,ENSNFUP00015039815.1
105023,107376536,ENSNFUG00015018616,-,-,-,-
105023,107376537,ENSNFUG00015018125,-,-,-,-
105023,107376538,ENSNFUG00015018586,-,-,-,-
105023,107376539,ENSNFUG00015018579,-,-,-,-
105023,107376540,ENSNFUG00015018177,-,-,XP_015801171.1,ENSNFUP00015038439.1
105023,107376540,ENSNFUG00015018177,-,-,XP_015801172.1,ENSNFUP00015038442.1
105023,107376542,ENSNFUG00015018568,-,-,-,-
105023,107376544,ENSNFUG00015018165,-,-,XP_015801177.1,ENSNFUP00015037590.1
105023,107376545,ENSNFUG00015018158,-,-,XP_015801178.1,ENSNFUP00015037574.1
105023,107376548,ENSNFUG00015018148,-,-,-,-
105023,107376551,ENSNFUG00015018125,-,-,XP_015801183.1,ENSNFUP00015037494.1
105023,107376553,ENSNFUG00015018142,-,-,XP_015801185.1,ENSNFUP00015037543.1
105023,107376554,ENSNFUG00015017366,-,-,-,-
105023,107376555,ENSNFUG00015017360,-,-,XP_015801188.1,ENSNFUP00015035802.1
105023,107376556,ENSNFUG00015013190,-,-,-,-
105023,107376557,ENSNFUG00015016895,-,-,-,-
105023,107376561,ENSNFUG00015012949,-,-,XP_015801201.1,ENSNFUP00015026834.1
105023,107376565,ENSNFUG00015012838,-,-,XP_015801208.1,ENSNFUP00015026484.1
105023,107376566,ENSNFUG00015012806,-,-,-,-
105023,107376568,ENSNFUG00015012739,-,-,XP_015801211.1,ENSNFUP00015026266.1
105023,107376569,ENSNFUG00015012739,-,-,XP_015801212.1,ENSNFUP00015026289.1
105023,107376570,ENSNFUG00015012739,-,-,XP_015801213.1,ENSNFUP00015026292.1
105023,107376571,ENSNFUG00015002761,-,-,XP_015801218.1,ENSNFUP00015005501.1
105023,107376573,ENSNFUG00015012711,-,-,-,-
105023,107376574,ENSNFUG00015012705,-,-,-,-
105023,107376576,ENSNFUG00015012702,-,-,XP_015801220.1,ENSNFUP00015026192.1
105023,107376577,ENSNFUG00015012695,-,-,-,-
105023,107376579,ENSNFUG00015012551,-,-,XP_015801224.1,ENSNFUP00015025886.1
105023,107376580,ENSNFUG00015002768,-,-,XP_015801230.1,ENSNFUP00015005516.1
105023,107376581,ENSNFUG00015012541,-,-,XP_015801226.1,ENSNFUP00015025870.1
105023,107376582,ENSNFUG00015012529,-,-,-,-
105023,107376583,ENSNFUG00015012533,-,-,XP_015801229.1,ENSNFUP00015025849.1
105023,107376584,ENSNFUG00015010654,-,-,-,-
105023,107376586,ENSNFUG00015010512,-,-,XP_015801235.1,ENSNFUP00015021650.1
105023,107376590,ENSNFUG00015009506,-,-,-,-
105023,107376591,ENSNFUG00015010339,-,-,-,-
105023,107376593,ENSNFUG00015008983,-,-,-,-
105023,107376595,ENSNFUG00015011882,-,-,-,-
105023,107376596,ENSNFUG00015011868,-,-,XP_015801254.1,ENSNFUP00015024523.1
105023,107376600,ENSNFUG00015010680,-,-,XP_015801262.1,ENSNFUP00015022746.1
105023,107376600,ENSNFUG00015010680,-,-,XP_015801263.1,ENSNFUP00015024137.1
105023,107376602,ENSNFUG00015010378,-,-,-,-
105023,107376604,ENSNFUG00015010363,-,-,XP_015801267.1,ENSNFUP00015021337.1
105023,107376605,ENSNFUG00015010352,-,-,-,-
105023,107376606,ENSNFUG00015010217,-,-,-,-
105023,107376607,ENSNFUG00015010246,-,-,-,-
105023,107376610,ENSNFUG00015010151,-,-,-,-
105023,107376611,ENSNFUG00015010134,-,-,-,-
105023,107376612,ENSNFUG00015009098,-,-,-,-
105023,107376614,ENSNFUG00015002346,-,-,-,-
105023,107376617,ENSNFUG00015008873,-,-,-,-
105023,107376618,ENSNFUG00015008868,-,-,XP_015801292.1,ENSNFUP00015018661.1
105023,107376620,ENSNFUG00015008514,-,-,XP_015801301.1,ENSNFUP00015017810.1
105023,107376621,ENSNFUG00015008508,-,-,-,-
105023,107376622,ENSNFUG00015008504,-,-,-,-
105023,107376623,ENSNFUG00015008466,-,-,-,-
105023,107376626,ENSNFUG00015002835,-,-,-,-
105023,107376627,ENSNFUG00015002860,-,-,XP_015801326.1,ENSNFUP00015005747.1
105023,107376627,ENSNFUG00015002860,-,-,XP_015801336.1,ENSNFUP00015005752.1
105023,107376629,ENSNFUG00015003597,-,-,-,-
105023,107376630,ENSNFUG00015004207,-,-,XP_015801330.1,ENSNFUP00015008651.1
105023,107376632,ENSNFUG00015003591,-,-,-,-
105023,107376633,ENSNFUG00015004200,-,-,-,-
105023,107376634,ENSNFUG00015003599,-,-,-,-
105023,107376642,ENSNFUG00015003574,-,-,XP_015801341.1,ENSNFUP00015007219.1
105023,107376643,ENSNFUG00015003310,-,-,-,-
105023,107376644,ENSNFUG00015003565,-,-,XP_015801345.1,ENSNFUP00015007207.1
105023,107376645,ENSNFUG00015003204,-,-,-,-
105023,107376650,ENSNFUG00015002829,-,-,-,-
105023,107376651,ENSNFUG00015002839,-,-,XP_015801357.1,ENSNFUP00015005690.1
105023,107376652,ENSNFUG00015002804,-,-,XP_015801360.1,ENSNFUP00015005622.1
105023,107376653,ENSNFUG00015002485,-,-,-,-
105023,107376654,ENSNFUG00015002126,-,-,-,-
105023,107376655,ENSNFUG00015002414,-,-,XP_015801367.1,ENSNFUP00015004852.1
105023,107376658,ENSNFUG00015001951,-,-,XP_015801369.1,ENSNFUP00015003920.1
105023,107376659,ENSNFUG00015001913,-,-,XP_015801373.1,ENSNFUP00015003774.1
105023,107376660,ENSNFUG00015001893,-,-,XP_015801374.1,ENSNFUP00015003746.1
105023,107376661,ENSNFUG00015001905,-,-,XP_015801375.1,ENSNFUP00015003759.1
105023,107376662,ENSNFUG00015001810,-,-,-,-
105023,107376663,ENSNFUG00015001795,-,-,-,-
105023,107376664,ENSNFUG00015001772,-,-,-,-
105023,107376666,ENSNFUG00015002890,-,-,-,-
105023,107376667,ENSNFUG00015001739,-,-,-,-
105023,107376668,ENSNFUG00015001741,-,-,-,-
105023,107376670,ENSNFUG00015001732,-,-,-,-
105023,107376671,ENSNFUG00015001690,-,-,XP_015801404.1,ENSNFUP00015003318.1
105023,107376671,ENSNFUG00015001690,-,-,XP_015801406.1,ENSNFUP00015003360.1
105023,107376672,ENSNFUG00015003160,-,-,-,-
105023,107376674,ENSNFUG00015001586,-,-,XP_015801418.1,ENSNFUP00015003172.1
105023,107376676,ENSNFUG00015001543,-,-,XP_015801420.1,ENSNFUP00015003017.1
105023,107376677,ENSNFUG00015001538,-,-,-,-
105023,107376678,ENSNFUG00015001526,-,-,XP_015801423.1,ENSNFUP00015002992.1
105023,107376679,ENSNFUG00015001516,-,-,XP_015801424.1,ENSNFUP00015002957.1
105023,107376680,ENSNFUG00015001469,-,-,-,-
105023,107376681,ENSNFUG00015001405,-,-,XP_015801426.1,ENSNFUP00015002844.1
105023,107376682,ENSNFUG00015002957,-,-,XP_015801430.1,ENSNFUP00015006139.1
105023,107376683,ENSNFUG00015001381,-,-,-,-
105023,107376684,ENSNFUG00015001351,-,-,-,-
105023,107376685,ENSNFUG00015000775,-,-,-,-
105023,107376688,ENSNFUG00015000490,-,-,-,-
105023,107376689,ENSNFUG00015000305,-,-,XP_015801433.1,ENSNFUP00015000723.1
105023,107376692,ENSNFUG00015003345,-,-,XP_015801456.1,ENSNFUP00015006772.1
105023,107376694,ENSNFUG00015019375,-,-,-,-
105023,107376695,ENSNFUG00015019366,-,-,XP_015801439.1,ENSNFUP00015040286.1
105023,107376696,ENSNFUG00015019364,-,-,XP_015801442.1,ENSNFUP00015040270.1
105023,107376697,ENSNFUG00015019358,-,-,XP_015801443.1,ENSNFUP00015040257.1
105023,107376698,ENSNFUG00015019354,-,-,XP_015801444.1,ENSNFUP00015040243.1
105023,107376699,ENSNFUG00015019351,-,-,XP_015801445.1,ENSNFUP00015040237.1
105023,107376701,ENSNFUG00015019256,-,-,XP_015801446.1,ENSNFUP00015040199.1
105023,107376702,ENSNFUG00015019030,-,-,-,-
105023,107376707,ENSNFUG00015019006,-,-,XP_015801454.1,ENSNFUP00015039470.1
105023,107376711,ENSNFUG00015018872,-,-,XP_015801460.1,ENSNFUP00015039145.1
105023,107376713,ENSNFUG00015017841,-,-,-,-
105023,107376715,ENSNFUG00015017758,-,-,-,-
105023,107376720,ENSNFUG00015017734,-,-,XP_015801470.1,ENSNFUP00015036599.1
105023,107376724,ENSNFUG00015003430,-,-,XP_015801481.1,ENSNFUP00015006962.1
105023,107376728,ENSNFUG00015017340,-,-,-,-
105023,107376735,ENSNFUG00015003377,-,-,XP_015801485.1,ENSNFUP00015006865.1
105023,107376735,ENSNFUG00015003377,-,-,XP_015801486.1,ENSNFUP00015006875.1
105023,107376748,ENSNFUG00015003163,-,-,-,-
105023,107376749,ENSNFUG00015003199,-,-,XP_015801491.1,ENSNFUP00015006389.1
105023,107376751,ENSNFUG00015003410,-,-,XP_015801497.1,ENSNFUP00015006897.1
105023,107376753,ENSNFUG00015003236,-,-,XP_015801496.1,ENSNFUP00015006509.1
105023,107376754,ENSNFUG00015003199,-,-,-,-
105023,107376756,ENSNFUG00015003274,-,-,-,-
105023,107376762,ENSNFUG00015003287,-,-,-,-
105023,107376763,ENSNFUG00015003283,-,-,-,-
105023,107376764,ENSNFUG00015003293,-,-,XP_015801510.1,ENSNFUP00015006623.1
105023,107376768,ENSNFUG00015003453,-,-,-,-
105023,107376770,ENSNFUG00015003514,-,-,XP_015801528.1,ENSNFUP00015007333.1
105023,107376777,ENSNFUG00015000097,-,-,XP_015801524.1,ENSNFUP00015000099.1
105023,107376779,ENSNFUG00015000081,-,-,XP_015801526.1,ENSNFUP00015000078.1
105023,107376780,ENSNFUG00015002202,-,-,-,-
105023,107376781,ENSNFUG00015002196,-,-,-,-
105023,107376788,ENSNFUG00015002154,-,-,-,-
105023,107376789,ENSNFUG00015001952,-,-,XP_015801544.1,ENSNFUP00015004143.1
105023,107376789,ENSNFUG00015001952,-,-,XP_015801545.1,ENSNFUP00015004167.1
105023,107376791,ENSNFUG00015001718,-,-,-,-
105023,107376793,ENSNFUG00015003641,-,-,-,-
105023,107376795,ENSNFUG00015001691,-,-,-,-
105023,107376797,ENSNFUG00015001683,-,-,-,-
105023,107376801,ENSNFUG00015001661,-,-,-,-
105023,107376802,ENSNFUG00015001642,-,-,-,-
105023,107376803,ENSNFUG00015003628,-,-,XP_015801577.1,ENSNFUP00015007377.1
105023,107376804,ENSNFUG00015001582,-,-,-,-
105023,107376805,ENSNFUG00015001542,-,-,-,-
105023,107376806,ENSNFUG00015001534,-,-,XP_015801570.1,ENSNFUP00015003008.1
105023,107376806,ENSNFUG00015001534,-,-,XP_015801571.1,ENSNFUP00015002995.1
105023,107376808,ENSNFUG00015001523,-,-,-,-
105023,107376814,ENSNFUG00015000417,-,-,-,-
105023,107376815,ENSNFUG00015003645,-,-,-,-
105023,107376816,ENSNFUG00015002127,-,-,XP_015801707.1,ENSNFUP00015004607.1
105023,107376819,ENSNFUG00015003636,-,-,-,-
105023,107376820,ENSNFUG00015001423,-,-,-,-
105023,107376822,ENSNFUG00015001387,-,-,-,-
105023,107376824,ENSNFUG00015000793,-,-,-,-
105023,107376825,ENSNFUG00015001333,-,-,XP_015801611.1,ENSNFUP00015002667.1
105023,107376827,ENSNFUG00015003631,-,-,XP_015801617.1,ENSNFUP00015007385.1
105023,107376830,ENSNFUG00015003456,-,-,-,-
105023,107376831,ENSNFUG00015000367,-,-,-,-
105023,107376835,ENSNFUG00015001253,-,-,-,-
105023,107376841,ENSNFUG00015000570,-,-,-,-
105023,107376847,ENSNFUG00015001400,-,-,XP_015801648.1,ENSNFUP00015002748.1
105023,107376848,ENSNFUG00015000591,-,-,XP_015801649.1,ENSNFUP00015000967.1
105023,107376849,ENSNFUG00015000301,-,-,-,-
105023,107376853,ENSNFUG00015000389,-,-,-,-
105023,107376860,ENSNFUG00015000340,-,-,-,-
105023,107376865,ENSNFUG00015003659,-,-,-,-
105023,107376866,ENSNFUG00015001454,-,-,XP_015801672.1,ENSNFUP00015002870.1
105023,107376881,ENSNFUG00015001367,-,-,-,-
105023,107376902,ENSNFUG00015000163,-,-,XP_015801710.1,ENSNFUP00015000177.1
105023,107376904,ENSNFUG00015003664,-,-,-,-
105023,107376905,ENSNFUG00015000215,-,-,-,-
105023,107376906,ENSNFUG00015000427,-,-,-,-
105023,107376907,ENSNFUG00015000954,-,-,-,-
105023,107376911,ENSNFUG00015001115,-,-,XP_015801726.1,ENSNFUP00015002054.1
105023,107376912,ENSNFUG00015001131,-,-,XP_015801727.1,ENSNFUP00015002075.1
105023,107376917,ENSNFUG00015003667,-,-,-,-
105023,107376921,ENSNFUG00015001180,-,-,-,-
105023,107376922,ENSNFUG00015001202,-,-,-,-
105023,107376923,ENSNFUG00015001241,-,-,-,-
105023,107376924,ENSNFUG00015001251,-,-,XP_015801737.1,ENSNFUP00015002369.1
105023,107376925,ENSNFUG00015001293,-,-,XP_015801740.1,ENSNFUP00015002569.1
105023,107376926,ENSNFUG00015003680,-,-,XP_015801744.1,ENSNFUP00015007492.1
105023,107376926,ENSNFUG00015003680,-,-,XP_015801775.1,ENSNFUP00015007485.1
105023,107376928,ENSNFUG00015001336,-,-,-,-
105023,107376930,ENSNFUG00015001343,-,-,XP_015801743.1,ENSNFUP00015002635.1
105023,107376931,ENSNFUG00015001359,-,-,XP_015801745.1,ENSNFUP00015002641.1
105023,107376932,ENSNFUG00015001378,-,-,-,-
105023,107376933,ENSNFUG00015001402,-,-,-,-
105023,107376934,ENSNFUG00015001409,-,-,XP_015801750.1,ENSNFUP00015002780.1
105023,107376937,ENSNFUG00015001456,-,-,-,-
105023,107376940,ENSNFUG00015001640,-,-,-,-
105023,107376943,ENSNFUG00015001991,-,-,-,-
105023,107376947,ENSNFUG00015002051,-,-,-,-
105023,107376948,ENSNFUG00015002060,-,-,-,-
105023,107376951,ENSNFUG00015002073,-,-,-,-
105023,107376952,ENSNFUG00015002078,-,-,-,-
105023,107376954,ENSNFUG00015002097,-,-,-,-
105023,107376955,ENSNFUG00015002127,-,-,XP_015801817.1,ENSNFUP00015004594.1
105023,107376962,ENSNFUG00015002117,-,-,-,-
105023,107376964,ENSNFUG00015002122,-,-,-,-
105023,107376965,ENSNFUG00015002123,-,-,-,-
105023,107376967,ENSNFUG00015002134,-,-,-,-
105023,107376969,ENSNFUG00015002130,-,-,-,-
105023,107376972,ENSNFUG00015002150,-,-,-,-
105023,107376973,ENSNFUG00015002156,-,-,XP_015801801.1,ENSNFUP00015004292.1
105023,107376974,ENSNFUG00015002209,-,-,-,-
105023,107376975,ENSNFUG00015002345,-,-,XP_015801804.1,ENSNFUP00015004675.1
105023,107376976,ENSNFUG00015002352,-,-,-,-
105023,107376977,ENSNFUG00015002362,-,-,-,-
105023,107376980,ENSNFUG00015005267,-,-,-,-
105023,107376981,ENSNFUG00015005467,-,-,-,-
105023,107376982,ENSNFUG00015005457,-,-,-,-
105023,107376984,ENSNFUG00015005612,-,-,XP_015801816.1,ENSNFUP00015011404.1
105023,107376986,ENSNFUG00015005619,-,-,-,-
105023,107376987,ENSNFUG00015005628,-,-,XP_015801821.1,ENSNFUP00015011441.1
105023,107376988,ENSNFUG00015005700,-,-,-,-
105023,107376989,ENSNFUG00015005635,-,-,-,-
105023,107376991,ENSNFUG00015005955,-,-,XP_015801825.1,ENSNFUP00015012079.1
105023,107376991,ENSNFUG00015005955,-,-,XP_015801829.1,ENSNFUP00015012096.1
105023,107376991,ENSNFUG00015005955,-,-,XP_015801830.1,ENSNFUP00015012416.1
105023,107376993,ENSNFUG00015006166,-,-,XP_015801835.1,ENSNFUP00015012545.1
105023,107376994,ENSNFUG00015003699,-,-,XP_015801840.1,ENSNFUP00015007527.1
105023,107376999,ENSNFUG00015006749,-,-,-,-
105023,107377000,ENSNFUG00015006756,-,-,-,-
105023,107377002,ENSNFUG00015006766,-,-,-,-
105023,107377003,ENSNFUG00015006810,-,-,-,-
105023,107377004,ENSNFUG00015007158,-,-,-,-
105023,107377005,ENSNFUG00015007166,-,-,-,-
105023,107377006,ENSNFUG00015003696,-,-,XP_015801860.1,ENSNFUP00015007520.1
105023,107377009,ENSNFUG00015008243,-,-,XP_015801857.1,ENSNFUP00015017357.1
105023,107377012,ENSNFUG00015008307,-,-,-,-
105023,107377013,ENSNFUG00015008331,-,-,XP_015801865.1,ENSNFUP00015017689.1
105023,107377014,ENSNFUG00015008485,-,-,XP_015801866.1,ENSNFUP00015017792.1
105023,107377017,ENSNFUG00015010538,-,-,-,-
105023,107377021,ENSNFUG00015010792,-,-,XP_015801876.1,ENSNFUP00015022286.1
105023,107377024,ENSNFUG00015010812,-,-,-,-
105023,107377027,ENSNFUG00015010830,-,-,-,-
105023,107377028,ENSNFUG00015020166,-,-,XP_015801882.1,ENSNFUP00015042917.1
105023,107377028,ENSNFUG00015020166,-,-,XP_015801884.1,ENSNFUP00015042926.1
105023,107377029,ENSNFUG00015019959,-,-,XP_015801885.1,ENSNFUP00015041988.1
105023,107377031,ENSNFUG00015020568,-,-,-,-
105023,107377032,ENSNFUG00015020890,-,-,XP_015801889.1,ENSNFUP00015043991.1
105023,107377038,ENSNFUG00015020993,-,-,XP_015801898.1,ENSNFUP00015044066.1
105023,107377040,ENSNFUG00015020996,-,-,-,-
105023,107377041,ENSNFUG00015021005,-,-,XP_015801902.1,ENSNFUP00015044105.1
105023,107377042,ENSNFUG00015021006,-,-,XP_015801903.1,ENSNFUP00015044110.1
105023,107377043,ENSNFUG00015021008,-,-,-,-
105023,107377045,ENSNFUG00015021010,-,-,-,-
105023,107377046,ENSNFUG00015022268,-,-,-,-
105023,107377047,ENSNFUG00015022249,-,-,XP_015801916.1,ENSNFUP00015047077.1
105023,107377048,ENSNFUG00015022330,-,-,XP_015801917.1,ENSNFUP00015047353.1
105023,107377049,ENSNFUG00015022319,-,-,XP_015801919.1,ENSNFUP00015047217.1
105023,107377051,ENSNFUG00015003718,-,-,-,-
105023,107377053,ENSNFUG00015022430,-,-,-,-
105023,107377059,ENSNFUG00015023040,-,-,-,-
105023,107377063,ENSNFUG00015023045,-,-,XP_015801945.1,ENSNFUP00015048895.1
105023,107377065,ENSNFUG00015023062,-,-,-,-
105023,107377067,ENSNFUG00015008997,-,-,-,-
105023,107377068,ENSNFUG00015003886,-,-,-,-
105023,107377069,ENSNFUG00015009049,-,-,-,-
105023,107377070,ENSNFUG00015009162,-,-,XP_015801958.1,ENSNFUP00015019050.1
105023,107377071,ENSNFUG00015009210,-,-,XP_015801959.1,ENSNFUP00015019092.1
105023,107377071,ENSNFUG00015009210,-,-,XP_015801960.1,ENSNFUP00015019110.1
105023,107377071,ENSNFUG00015009210,-,-,XP_015801961.1,ENSNFUP00015019128.1
105023,107377073,ENSNFUG00015009378,-,-,XP_015801963.1,ENSNFUP00015020661.1
105023,107377074,ENSNFUG00015010244,-,-,-,-
105023,107377074,ENSNFUG00015010244,-,-,XP_015801973.1,ENSNFUP00015021489.1
105023,107377075,ENSNFUG00015003862,-,-,XP_015801970.1,ENSNFUP00015007851.1
105023,107377076,ENSNFUG00015010626,-,-,XP_015801975.1,ENSNFUP00015021893.1
105023,107377078,ENSNFUG00015010637,-,-,-,-
105023,107377079,ENSNFUG00015010659,-,-,XP_015801978.1,ENSNFUP00015021974.1
105023,107377079,ENSNFUG00015010659,-,-,XP_015801979.1,ENSNFUP00015021984.1
105023,107377080,ENSNFUG00015003873,-,-,XP_015801983.1,ENSNFUP00015007873.1
105023,107377081,ENSNFUG00015010678,-,-,-,-
105023,107377082,ENSNFUG00015010687,-,-,XP_015801984.1,ENSNFUP00015022024.1
105023,107377083,ENSNFUG00015010717,-,-,-,-
105023,107377086,ENSNFUG00015010820,-,-,-,-
105023,107377087,ENSNFUG00015010990,-,-,-,-
105023,107377092,ENSNFUG00015003934,-,-,XP_015802006.1,ENSNFUP00015008086.1
105023,107377094,ENSNFUG00015011045,-,-,-,-
105023,107377095,ENSNFUG00015011156,-,-,-,-
105023,107377097,ENSNFUG00015011401,-,-,-,-
105023,107377098,ENSNFUG00015011447,-,-,XP_015802008.1,ENSNFUP00015023766.1
105023,107377098,ENSNFUG00015011447,-,-,XP_015802009.1,ENSNFUP00015023860.1
105023,107377098,ENSNFUG00015011447,-,-,XP_015802010.1,ENSNFUP00015023755.1
105023,107377098,ENSNFUG00015011447,-,-,XP_015802011.1,ENSNFUP00015023896.1
105023,107377101,ENSNFUG00015003918,-,-,-,-
105023,107377111,ENSNFUG00015003921,-,-,XP_015802022.1,ENSNFUP00015007991.1
105023,107377120,ENSNFUG00015011900,-,-,XP_015802028.1,ENSNFUP00015024578.1
105023,107377121,ENSNFUG00015011907,-,-,-,-
105023,107377122,ENSNFUG00015011920,-,-,XP_015802031.1,ENSNFUP00015024622.1
105023,107377123,ENSNFUG00015003984,-,-,-,-
105023,107377124,ENSNFUG00015011945,-,-,-,-
105023,107377125,ENSNFUG00015012074,-,-,XP_015802034.1,ENSNFUP00015025155.1
105023,107377126,ENSNFUG00015012161,-,-,-,-
105023,107377127,ENSNFUG00015012165,-,-,XP_015802039.1,ENSNFUP00015025182.1
105023,107377128,ENSNFUG00015012174,-,-,XP_015802040.1,ENSNFUP00015025192.1
105023,107377130,ENSNFUG00015012199,-,-,-,-
105023,107377132,ENSNFUG00015012281,-,-,XP_015802046.1,ENSNFUP00015025413.1
105023,107377136,ENSNFUG00015012308,-,-,XP_015802049.1,ENSNFUP00015025460.1
105023,107377137,ENSNFUG00015012341,-,-,-,-
105023,107377138,ENSNFUG00015012450,-,-,-,-
105023,107377139,ENSNFUG00015012774,-,-,-,-
105023,107377141,ENSNFUG00015003999,-,-,XP_015802065.1,ENSNFUP00015008144.1
105023,107377141,ENSNFUG00015003999,-,-,XP_015802071.1,ENSNFUP00015008156.1
105023,107377142,ENSNFUG00015012799,-,-,XP_015802061.1,ENSNFUP00015026841.1
105023,107377143,ENSNFUG00015013165,-,-,XP_015802062.1,ENSNFUP00015027150.1
105023,107377150,ENSNFUG00015013286,-,-,-,-
105023,107377151,ENSNFUG00015013583,-,-,-,-
105023,107377157,ENSNFUG00015018877,-,-,XP_015802078.1,ENSNFUP00015039152.1
105023,107377168,ENSNFUG00015004007,-,-,XP_015802097.1,ENSNFUP00015008179.1
105023,107377170,ENSNFUG00015019132,-,-,-,-
105023,107377175,ENSNFUG00015019140,-,-,XP_015802104.1,ENSNFUP00015039754.1
105023,107377181,ENSNFUG00015001110,-,-,-,-
105023,107377187,ENSNFUG00015000135,-,-,-,-
105023,107377190,ENSNFUG00015000290,-,-,-,-
105023,107377191,ENSNFUG00015000506,-,-,-,-
105023,107377194,ENSNFUG00015000681,-,-,-,-
105023,107377195,ENSNFUG00015000700,-,-,XP_015802146.1,ENSNFUP00015001154.1
105023,107377197,ENSNFUG00015000923,-,-,-,-
105023,107377199,ENSNFUG00015001737,-,-,-,-
105023,107377200,ENSNFUG00015004039,-,-,-,-
105023,107377201,ENSNFUG00015001740,-,-,-,-
105023,107377202,ENSNFUG00015001769,-,-,XP_015802156.1,ENSNFUP00015003481.1
105023,107377203,ENSNFUG00015001790,-,-,-,-
105023,107377204,ENSNFUG00015001901,-,-,XP_015802159.1,ENSNFUP00015004321.1
105023,107377208,ENSNFUG00015002312,-,-,XP_015802163.1,ENSNFUP00015004597.1
105023,107377209,ENSNFUG00015002319,-,-,-,-
105023,107377211,ENSNFUG00015002374,-,-,-,-
105023,107377212,ENSNFUG00015002378,-,-,XP_015802170.1,ENSNFUP00015004715.1
105023,107377213,ENSNFUG00015002382,-,-,-,-
105023,107377214,ENSNFUG00015002390,-,-,-,-
105023,107377215,ENSNFUG00015002393,-,-,-,-
105023,107377219,ENSNFUG00015003142,-,-,XP_015802177.1,ENSNFUP00015006284.1
105023,107377220,ENSNFUG00015003159,-,-,XP_015802178.1,ENSNFUP00015006332.1
105023,107377221,ENSNFUG00015003152,-,-,XP_015802179.1,ENSNFUP00015006303.1
105023,107377222,ENSNFUG00015003179,-,-,-,-
105023,107377224,ENSNFUG00015003186,-,-,-,-
105023,107377225,ENSNFUG00015004106,-,-,-,-
105023,107377227,ENSNFUG00015003811,-,-,-,-
105023,107377228,ENSNFUG00015003820,-,-,XP_015802187.1,ENSNFUP00015007766.1
105023,107377229,ENSNFUG00015003830,-,-,-,-
105023,107377231,ENSNFUG00015004141,-,-,-,-
105023,107377232,ENSNFUG00015003884,-,-,-,-
105023,107377233,ENSNFUG00015004156,-,-,-,-
105023,107377234,ENSNFUG00015003923,-,-,XP_015802217.1,ENSNFUP00015008082.1
105023,107377234,ENSNFUG00015003923,-,-,XP_015802218.1,ENSNFUP00015008054.1
105023,107377235,ENSNFUG00015003969,-,-,XP_015802220.1,ENSNFUP00015008094.1
105023,107377243,ENSNFUG00015004017,-,-,XP_015802230.1,ENSNFUP00015008207.1
105023,107377244,ENSNFUG00015004033,-,-,XP_015802231.1,ENSNFUP00015008295.1
105023,107377249,ENSNFUG00015004185,-,-,-,-
105023,107377250,ENSNFUG00015004546,-,-,XP_015802241.1,ENSNFUP00015009337.1
105023,107377251,ENSNFUG00015004165,-,-,-,-
105023,107377252,ENSNFUG00015004530,-,-,-,-
105023,107377254,ENSNFUG00015004555,-,-,XP_015802248.1,ENSNFUP00015009355.1
105023,107377255,ENSNFUG00015004572,-,-,XP_015802250.1,ENSNFUP00015009437.1
105023,107377256,ENSNFUG00015004612,-,-,-,-
105023,107377257,ENSNFUG00015004650,-,-,XP_015802252.1,ENSNFUP00015009586.1
105023,107377258,ENSNFUG00015004681,-,-,XP_015802253.1,ENSNFUP00015009680.1
105023,107377261,ENSNFUG00015004827,-,-,XP_015802256.1,ENSNFUP00015009862.1
105023,107377264,ENSNFUG00015004928,-,-,XP_015802260.1,ENSNFUP00015010022.1
105023,107377265,ENSNFUG00015004936,-,-,-,-
105023,107377266,ENSNFUG00015004980,-,-,-,-
105023,107377268,ENSNFUG00015005021,-,-,-,-
105023,107377269,ENSNFUG00015005269,-,-,-,-
105023,107377270,ENSNFUG00015004179,-,-,-,-
105023,107377272,ENSNFUG00015005045,-,-,XP_015802272.1,ENSNFUP00015010413.1
105023,107377273,ENSNFUG00015006016,-,-,-,-
105023,107377276,ENSNFUG00015000088,-,-,-,-
105023,107377277,ENSNFUG00015000137,-,-,-,-
105023,107377278,ENSNFUG00015004198,-,-,-,-
105023,107377279,ENSNFUG00015006329,-,-,XP_015802280.1,ENSNFUP00015012898.1
105023,107377279,ENSNFUG00015006329,-,-,XP_015802281.1,ENSNFUP00015012921.1
105023,107377280,ENSNFUG00015006320,-,-,-,-
105023,107377281,ENSNFUG00015000073,-,-,-,-
105023,107377283,ENSNFUG00015000153,-,-,-,-
105023,107377284,ENSNFUG00015000298,-,-,XP_015802289.1,ENSNFUP00015000613.1
105023,107377286,ENSNFUG00015004214,-,-,-,-
105023,107377287,ENSNFUG00015000444,-,-,-,-
105023,107377288,ENSNFUG00015000456,-,-,-,-
105023,107377290,ENSNFUG00015000451,-,-,-,-
105023,107377298,ENSNFUG00015000574,-,-,-,-
105023,107377299,ENSNFUG00015000520,-,-,-,-
105023,107377300,ENSNFUG00015000631,-,-,-,-
105023,107377302,ENSNFUG00015000639,-,-,XP_015802315.1,ENSNFUP00015001070.1
105023,107377303,ENSNFUG00015000679,-,-,XP_015802317.1,ENSNFUP00015001138.1
105023,107377305,ENSNFUG00015000707,-,-,-,-
105023,107377306,ENSNFUG00015000719,-,-,XP_015802319.1,ENSNFUP00015001194.1
105023,107377307,ENSNFUG00015000727,-,-,XP_015802320.1,ENSNFUP00015001201.1
105023,107377308,ENSNFUG00015002324,-,-,XP_015802354.1,ENSNFUP00015004632.1
105023,107377316,ENSNFUG00015000817,-,-,-,-
105023,107377317,ENSNFUG00015000856,-,-,XP_015802330.1,ENSNFUP00015001484.1
105023,107377319,ENSNFUG00015000941,-,-,-,-
105023,107377320,ENSNFUG00015000949,-,-,XP_015802333.1,ENSNFUP00015001713.1
105023,107377321,ENSNFUG00015004190,-,-,XP_015802336.1,ENSNFUP00015008596.1
105023,107377330,ENSNFUG00015000982,-,-,-,-
105023,107377333,ENSNFUG00015000999,-,-,-,-
105023,107377336,ENSNFUG00015001033,-,-,-,-
105023,107377338,ENSNFUG00015001098,-,-,-,-
105023,107377339,ENSNFUG00015004238,-,-,-,-
105023,107377340,ENSNFUG00015001074,-,-,XP_015802355.1,ENSNFUP00015001950.1
105023,107377341,ENSNFUG00015001081,-,-,XP_015802356.1,ENSNFUP00015001970.1
105023,107377342,ENSNFUG00015001067,-,-,XP_015802357.1,ENSNFUP00015001939.1
105023,107377344,ENSNFUG00015001102,-,-,-,-
105023,107377350,ENSNFUG00015004232,-,-,XP_015802369.1,ENSNFUP00015008688.1
105023,107377352,ENSNFUG00015001148,-,-,-,-
105023,107377353,ENSNFUG00015001209,-,-,-,-
105023,107377364,ENSNFUG00015000194,-,-,XP_015802375.1,ENSNFUP00015000212.1
105023,107377365,ENSNFUG00015000212,-,-,-,-
105023,107377366,ENSNFUG00015000130,-,-,-,-
105023,107377368,ENSNFUG00015004250,-,-,XP_015802386.1,ENSNFUP00015008742.1
105023,107377369,ENSNFUG00015002177,-,-,-,-
105023,107377371,ENSNFUG00015002166,-,-,XP_015802387.1,ENSNFUP00015004309.1
105023,107377374,ENSNFUG00015002132,-,-,-,-
105023,107377375,ENSNFUG00015004259,-,-,-,-
105023,107377377,ENSNFUG00015002093,-,-,XP_015802397.1,ENSNFUP00015004166.1
105023,107377380,ENSNFUG00015002075,-,-,-,-
105023,107377381,ENSNFUG00015002063,-,-,XP_015802403.1,ENSNFUP00015004105.1
105023,107377382,ENSNFUG00015002059,-,-,-,-
105023,107377383,ENSNFUG00015002049,-,-,-,-
105023,107377384,ENSNFUG00015002042,-,-,XP_015802407.1,ENSNFUP00015004071.1
105023,107377385,ENSNFUG00015002024,-,-,XP_015802408.1,ENSNFUP00015004028.1
105023,107377386,ENSNFUG00015002013,-,-,-,-
105023,107377387,ENSNFUG00015002035,-,-,XP_015802412.1,ENSNFUP00015004055.1
105023,107377388,ENSNFUG00015004269,-,-,-,-
105023,107377389,ENSNFUG00015002009,-,-,-,-
105023,107377394,ENSNFUG00015001862,-,-,-,-
105023,107377395,ENSNFUG00015001836,-,-,-,-
105023,107377397,ENSNFUG00015004439,-,-,-,-
105023,107377398,ENSNFUG00015001784,-,-,XP_015802426.1,ENSNFUP00015003594.1
105023,107377400,ENSNFUG00015001748,-,-,XP_015802431.1,ENSNFUP00015003448.1
105023,107377401,ENSNFUG00015001727,-,-,XP_015802432.1,ENSNFUP00015003426.1
105023,107377403,ENSNFUG00015002089,-,-,-,-
105023,107377405,ENSNFUG00015004339,-,-,-,-
105023,107377405,ENSNFUG00015004339,-,-,XP_015802449.1,ENSNFUP00015009015.1
105023,107377406,ENSNFUG00015005425,-,-,XP_015802436.1,ENSNFUP00015011006.1
105023,107377407,ENSNFUG00015005421,-,-,-,-
105023,107377411,ENSNFUG00015000803,-,-,-,-
105023,107377412,ENSNFUG00015000426,-,-,-,-
105023,107377413,ENSNFUG00015000395,-,-,XP_015802452.1,ENSNFUP00015000586.1
105023,107377414,ENSNFUG00015000360,-,-,-,-
105023,107377418,ENSNFUG00015000348,-,-,XP_015802464.1,ENSNFUP00015000485.1
105023,107377419,ENSNFUG00015004442,-,-,XP_015802477.1,ENSNFUP00015009113.1
105023,107377420,ENSNFUG00015000342,-,-,XP_015802465.1,ENSNFUP00015000471.1
105023,107377422,ENSNFUG00015000312,-,-,-,-
105023,107377426,ENSNFUG00015000266,-,-,XP_015802479.1,ENSNFUP00015000334.1
105023,107377429,ENSNFUG00015000245,-,-,XP_015802481.1,ENSNFUP00015000304.1
105023,107377431,ENSNFUG00015004513,-,-,XP_015802489.1,ENSNFUP00015009939.1
105023,107377433,ENSNFUG00015023654,-,-,-,-
105023,107377436,ENSNFUG00015023552,-,-,-,-
105023,107377439,ENSNFUG00015023530,-,-,XP_015802491.1,ENSNFUP00015050052.1
105023,107377441,ENSNFUG00015023515,-,-,-,-
105023,107377443,ENSNFUG00015023499,-,-,-,-
105023,107377444,ENSNFUG00015023311,-,-,-,-
105023,107377447,ENSNFUG00015023456,-,-,XP_015802506.1,ENSNFUP00015049860.1
105023,107377447,ENSNFUG00015023456,-,-,XP_015802507.1,ENSNFUP00015049856.1
105023,107377450,ENSNFUG00015005023,-,-,XP_015802513.1,ENSNFUP00015010208.1
105023,107377451,ENSNFUG00015023294,-,-,-,-
105023,107377453,ENSNFUG00015006628,-,-,-,-
105023,107377454,ENSNFUG00015005035,-,-,-,-
105023,107377471,ENSNFUG00015001892,-,-,-,-
105023,107377472,ENSNFUG00015005104,-,-,XP_015802576.1,ENSNFUP00015010651.1
105023,107377479,ENSNFUG00015023665,-,-,-,-
105023,107377480,ENSNFUG00015023707,-,-,XP_015802581.1,ENSNFUP00015050492.1
105023,107377480,ENSNFUG00015023707,-,-,XP_015802583.1,ENSNFUP00015050498.1
105023,107377481,ENSNFUG00015005312,-,-,-,-
105023,107377482,ENSNFUG00015023786,-,-,XP_015802586.1,ENSNFUP00015051921.1
105023,107377483,ENSNFUG00015024296,-,-,XP_015802588.1,ENSNFUP00015052034.1
105023,107377484,ENSNFUG00015024306,-,-,XP_015802590.1,ENSNFUP00015052164.1
105023,107377484,ENSNFUG00015024306,-,-,XP_015802591.1,ENSNFUP00015052181.1
105023,107377487,ENSNFUG00015024362,-,-,-,-
105023,107377488,ENSNFUG00015024368,-,-,XP_015802595.1,ENSNFUP00015052207.1
105023,107377490,ENSNFUG00015005303,-,-,XP_015802609.1,ENSNFUP00015010733.1
105023,107377491,ENSNFUG00015024525,-,-,XP_015802606.1,ENSNFUP00015052580.1
105023,107377492,ENSNFUG00015024531,-,-,XP_015802607.1,ENSNFUP00015052587.1
105023,107377494,ENSNFUG00015024555,-,-,-,-
105023,107377495,ENSNFUG00015024558,-,-,-,-
105023,107377496,ENSNFUG00015024562,-,-,XP_015802616.1,ENSNFUP00015052692.1
105023,107377497,ENSNFUG00015024569,-,-,XP_015802617.1,ENSNFUP00015052697.1
105023,107377498,ENSNFUG00015024576,-,-,-,-
105023,107377501,ENSNFUG00015024594,-,-,-,-
105023,107377502,ENSNFUG00015024590,-,-,XP_015802627.1,ENSNFUP00015052740.1
105023,107377503,ENSNFUG00015005320,-,-,XP_015802631.1,ENSNFUP00015010772.1
105023,107377504,ENSNFUG00015024612,-,-,-,-
105023,107377505,ENSNFUG00015024649,-,-,-,-
105023,107377506,ENSNFUG00015024650,-,-,-,-
105023,107377507,ENSNFUG00015000075,-,-,XP_015802632.1,ENSNFUP00015000066.1
105023,107377508,ENSNFUG00015000085,-,-,-,-
105023,107377509,ENSNFUG00015000332,-,-,-,-
105023,107377510,ENSNFUG00015000741,-,-,-,-
105023,107377512,ENSNFUG00015000723,-,-,-,-
105023,107377513,ENSNFUG00015000782,-,-,-,-
105023,107377514,ENSNFUG00015000815,-,-,XP_015802648.1,ENSNFUP00015001514.1
105023,107377516,ENSNFUG00015000791,-,-,XP_015802650.1,ENSNFUP00015001346.1
105023,107377518,ENSNFUG00015000879,-,-,-,-
105023,107377519,ENSNFUG00015000890,-,-,XP_015802652.1,ENSNFUP00015001565.1
105023,107377520,ENSNFUG00015000915,-,-,-,-
105023,107377521,ENSNFUG00015005441,-,-,-,-
105023,107377522,ENSNFUG00015000966,-,-,-,-
105023,107377523,ENSNFUG00015000980,-,-,XP_015802662.1,ENSNFUP00015001775.1
105023,107377524,ENSNFUG00015000973,-,-,XP_015802663.1,ENSNFUP00015001766.1
105023,107377525,ENSNFUG00015000991,-,-,XP_015802664.1,ENSNFUP00015001802.1
105023,107377526,ENSNFUG00015001014,-,-,XP_015802665.1,ENSNFUP00015001854.1
105023,107377527,ENSNFUG00015002046,-,-,XP_015802706.1,ENSNFUP00015004068.1
105023,107377529,ENSNFUG00015001031,-,-,-,-
105023,107377530,ENSNFUG00015001037,-,-,XP_015802670.1,ENSNFUP00015001884.1
105023,107377531,ENSNFUG00015001046,-,-,XP_015802671.1,ENSNFUP00015001898.1
105023,107377536,ENSNFUG00015006378,-,-,-,-
105023,107377540,ENSNFUG00015001165,-,-,-,-
105023,107377546,ENSNFUG00015001187,-,-,XP_015802697.1,ENSNFUP00015002241.1
105023,107377550,ENSNFUG00015001222,-,-,XP_015802703.1,ENSNFUP00015002286.1
105023,107377554,ENSNFUG00015002267,-,-,-,-
105023,107377555,ENSNFUG00015002264,-,-,-,-
105023,107377556,ENSNFUG00015007473,-,-,XP_015802715.1,ENSNFUP00015015507.1
105023,107377557,ENSNFUG00015002258,-,-,XP_015802712.1,ENSNFUP00015004482.1
105023,107377559,ENSNFUG00015002402,-,-,-,-
105023,107377560,ENSNFUG00015002963,-,-,XP_015802721.1,ENSNFUP00015005910.1
105023,107377561,ENSNFUG00015002971,-,-,-,-
105023,107377562,ENSNFUG00015002986,-,-,-,-
105023,107377566,ENSNFUG00015003194,-,-,XP_015802732.1,ENSNFUP00015006385.1
105023,107377568,ENSNFUG00015003214,-,-,-,-
105023,107377569,ENSNFUG00015003246,-,-,XP_015802736.1,ENSNFUP00015006497.1
105023,107377572,ENSNFUG00015007500,-,-,-,-
105023,107377575,ENSNFUG00015003592,-,-,-,-
105023,107377577,ENSNFUG00015003638,-,-,XP_015802753.1,ENSNFUP00015007507.1
105023,107377578,ENSNFUG00015003712,-,-,XP_015802754.1,ENSNFUP00015007555.1
105023,107377579,ENSNFUG00015003719,-,-,XP_015802755.1,ENSNFUP00015007565.1
105023,107377580,ENSNFUG00015003756,-,-,-,-
105023,107377581,ENSNFUG00015003724,-,-,XP_015802763.1,ENSNFUP00015007570.1
105023,107377584,ENSNFUG00015003901,-,-,-,-
105023,107377586,ENSNFUG00015003910,-,-,-,-
105023,107377587,ENSNFUG00015003917,-,-,XP_015802773.1,ENSNFUP00015007986.1
105023,107377588,ENSNFUG00015003927,-,-,XP_015802776.1,ENSNFUP00015008011.1
105023,107377589,ENSNFUG00015003932,-,-,-,-
105023,107377591,ENSNFUG00015004002,-,-,XP_015802779.1,ENSNFUP00015008362.1
105023,107377591,ENSNFUG00015004002,-,-,XP_015802782.1,ENSNFUP00015008435.1
105023,107377592,ENSNFUG00015007567,-,-,XP_015802786.1,ENSNFUP00015016173.1
105023,107377592,ENSNFUG00015007567,-,-,XP_015802804.1,ENSNFUP00015016179.1
105023,107377594,ENSNFUG00015004163,-,-,-,-
105023,107377596,ENSNFUG00015004242,-,-,-,-
105023,107377597,ENSNFUG00015004273,-,-,XP_015802790.1,ENSNFUP00015008804.1
105023,107377598,ENSNFUG00015002019,-,-,-,-
105023,107377602,ENSNFUG00015004295,-,-,-,-
105023,107377603,ENSNFUG00015004671,-,-,XP_015802806.1,ENSNFUP00015009886.1
105023,107377604,ENSNFUG00015004993,-,-,XP_015802808.1,ENSNFUP00015010234.1
105023,107377607,ENSNFUG00015005062,-,-,-,-
105023,107377609,ENSNFUG00015005101,-,-,-,-
105023,107377610,ENSNFUG00015005116,-,-,XP_015802819.1,ENSNFUP00015010387.1
105023,107377611,ENSNFUG00015008996,-,-,-,-
105023,107377614,ENSNFUG00015009603,-,-,XP_015802831.1,ENSNFUP00015019966.1
105023,107377614,ENSNFUG00015009603,-,-,XP_015802832.1,ENSNFUP00015019942.1
105023,107377616,ENSNFUG00015009710,-,-,XP_015802834.1,ENSNFUP00015020060.1
105023,107377616,ENSNFUG00015009710,-,-,XP_015802836.1,ENSNFUP00015020095.1
105023,107377618,ENSNFUG00015009756,-,-,XP_015802839.1,ENSNFUP00015020169.1
105023,107377619,ENSNFUG00015007805,-,-,XP_015802844.1,ENSNFUP00015016266.1
105023,107377621,ENSNFUG00015009885,-,-,-,-
105023,107377622,ENSNFUG00015010365,-,-,XP_015802843.1,ENSNFUP00015021342.1
105023,107377623,ENSNFUG00015010371,-,-,XP_015802845.1,ENSNFUP00015021352.1
105023,107377624,ENSNFUG00015010380,-,-,XP_015802847.1,ENSNFUP00015021374.1
105023,107377624,ENSNFUG00015010380,-,-,XP_015802848.1,ENSNFUP00015021387.1
105023,107377625,ENSNFUG00015010408,-,-,XP_015802849.1,ENSNFUP00015021570.1
105023,107377626,ENSNFUG00015010570,-,-,-,-
105023,107377629,ENSNFUG00015011663,-,-,-,-
105023,107377630,ENSNFUG00015011580,-,-,-,-
105023,107377631,ENSNFUG00015011598,-,-,-,-
105023,107377632,ENSNFUG00015011560,-,-,-,-
105023,107377633,ENSNFUG00015011706,-,-,-,-
105023,107377634,ENSNFUG00015007811,-,-,-,-
105023,107377636,ENSNFUG00015011795,-,-,XP_015802868.1,ENSNFUP00015024646.1
105023,107377637,ENSNFUG00015011759,-,-,XP_015802870.1,ENSNFUP00015024309.1
105023,107377639,ENSNFUG00015011964,-,-,-,-
105023,107377640,ENSNFUG00015011969,-,-,-,-
105023,107377641,ENSNFUG00015011976,-,-,-,-
105023,107377643,ENSNFUG00015012021,-,-,-,-
105023,107377644,ENSNFUG00015012027,-,-,-,-
105023,107377645,ENSNFUG00015012052,-,-,-,-
105023,107377646,ENSNFUG00015012428,-,-,-,-
105023,107377647,ENSNFUG00015012495,-,-,-,-
105023,107377649,ENSNFUG00015012934,-,-,-,-
105023,107377650,ENSNFUG00015012967,-,-,-,-
105023,107377652,ENSNFUG00015013017,-,-,XP_015802895.1,ENSNFUP00015026867.1
105023,107377653,ENSNFUG00015013041,-,-,-,-
105023,107377655,ENSNFUG00015016292,-,-,-,-
105023,107377656,ENSNFUG00015016298,-,-,-,-
105023,107377658,ENSNFUG00015016359,-,-,-,-
105023,107377659,ENSNFUG00015016407,-,-,-,-
105023,107377663,ENSNFUG00015016614,-,-,XP_015802913.1,ENSNFUP00015034016.1
105023,107377667,ENSNFUG00015016870,-,-,XP_015802919.1,ENSNFUP00015034642.1
105023,107377668,ENSNFUG00015016640,-,-,-,-
105023,107377669,ENSNFUG00015016873,-,-,-,-
105023,107377670,ENSNFUG00015007817,-,-,-,-
105023,107377672,ENSNFUG00015016903,-,-,-,-
105023,107377673,ENSNFUG00015016897,-,-,XP_015802926.1,ENSNFUP00015034701.1
105023,107377674,ENSNFUG00015016963,-,-,-,-
105023,107377676,ENSNFUG00015017263,-,-,-,-
105023,107377677,ENSNFUG00015017288,-,-,XP_015802933.1,ENSNFUP00015036203.1
105023,107377678,ENSNFUG00015017642,-,-,XP_015802934.1,ENSNFUP00015036410.1
105023,107377680,ENSNFUG00015007825,-,-,XP_015802939.1,ENSNFUP00015016354.1
105023,107377681,ENSNFUG00015017647,-,-,XP_015802936.1,ENSNFUP00015036415.1
105023,107377682,ENSNFUG00015017665,-,-,XP_015802937.1,ENSNFUP00015036533.1
105023,107377683,ENSNFUG00015017705,-,-,XP_015802938.1,ENSNFUP00015036557.1
105023,107377684,ENSNFUG00015017715,-,-,-,-
105023,107377686,ENSNFUG00015017882,-,-,-,-
105023,107377686,ENSNFUG00015017882,-,-,XP_015802944.1,ENSNFUP00015036944.1
105023,107377687,ENSNFUG00015017912,-,-,-,-
105023,107377692,ENSNFUG00015018563,-,-,-,-
105023,107377694,ENSNFUG00015018572,-,-,XP_015802952.1,ENSNFUP00015038455.1
105023,107377695,ENSNFUG00015000069,-,-,XP_015802953.1,ENSNFUP00015000059.1
105023,107377696,ENSNFUG00015000077,-,-,XP_015802955.1,ENSNFUP00015000070.1
105023,107377697,ENSNFUG00015000084,-,-,-,-
105023,107377698,ENSNFUG00015000172,-,-,-,-
105023,107377699,ENSNFUG00015008684,-,-,-,-
105023,107377700,ENSNFUG00015000321,-,-,-,-
105023,107377701,ENSNFUG00015000344,-,-,-,-
105023,107377702,ENSNFUG00015000356,-,-,-,-
105023,107377703,ENSNFUG00015000363,-,-,XP_015802970.1,ENSNFUP00015000518.1
105023,107377704,ENSNFUG00015000381,-,-,XP_015802971.1,ENSNFUP00015000568.1
105023,107377706,ENSNFUG00015000404,-,-,XP_015802972.1,ENSNFUP00015000590.1
105023,107377707,ENSNFUG00015000411,-,-,-,-
105023,107377708,ENSNFUG00015000474,-,-,-,-
105023,107377709,ENSNFUG00015000633,-,-,-,-
105023,107377710,ENSNFUG00015000726,-,-,-,-
105023,107377711,ENSNFUG00015000665,-,-,XP_015802978.1,ENSNFUP00015001107.1
105023,107377712,ENSNFUG00015000689,-,-,XP_015802979.1,ENSNFUP00015001165.1
105023,107377713,ENSNFUG00015000849,-,-,-,-
105023,107377714,ENSNFUG00015008707,-,-,XP_015802989.1,ENSNFUP00015018619.1
105023,107377719,ENSNFUG00015001254,-,-,-,-
105023,107377720,ENSNFUG00015001330,-,-,XP_015803001.1,ENSNFUP00015002593.1
105023,107377721,ENSNFUG00015001353,-,-,-,-
105023,107377723,ENSNFUG00015001366,-,-,-,-
105023,107377724,ENSNFUG00015001373,-,-,-,-
105023,107377725,ENSNFUG00015001379,-,-,XP_015803009.1,ENSNFUP00015002694.1
105023,107377727,ENSNFUG00015001417,-,-,XP_015803010.1,ENSNFUP00015002802.1
105023,107377728,ENSNFUG00015001428,-,-,-,-
105023,107377729,ENSNFUG00015001504,-,-,-,-
105023,107377731,ENSNFUG00015001621,-,-,-,-
105023,107377732,ENSNFUG00015001641,-,-,-,-
105023,107377733,ENSNFUG00015001685,-,-,-,-
105023,107377734,ENSNFUG00015001723,-,-,-,-
105023,107377735,ENSNFUG00015001869,-,-,-,-
105023,107377737,ENSNFUG00015001965,-,-,-,-
105023,107377738,ENSNFUG00015002057,-,-,XP_015803044.1,ENSNFUP00015004096.1
105023,107377739,ENSNFUG00015002081,-,-,-,-
105023,107377741,ENSNFUG00015002152,-,-,-,-
105023,107377742,ENSNFUG00015002315,-,-,XP_015803051.1,ENSNFUP00015004984.1
105023,107377744,ENSNFUG00015002532,-,-,-,-
105023,107377745,ENSNFUG00015002557,-,-,XP_015803054.1,ENSNFUP00015005109.1
105023,107377746,ENSNFUG00015002576,-,-,XP_015803055.1,ENSNFUP00015005173.1
105023,107377747,ENSNFUG00015002596,-,-,XP_015803056.1,ENSNFUP00015005186.1
105023,107377749,ENSNFUG00015002600,-,-,-,-
105023,107377752,ENSNFUG00015002781,-,-,XP_015803062.1,ENSNFUP00015006663.1
105023,107377753,ENSNFUG00015003318,-,-,XP_015803064.1,ENSNFUP00015006683.1
105023,107377754,ENSNFUG00015003322,-,-,XP_015803065.1,ENSNFUP00015006689.1
105023,107377755,ENSNFUG00015003329,-,-,XP_015803066.1,ENSNFUP00015006705.1
105023,107377757,ENSNFUG00015003336,-,-,XP_015803069.1,ENSNFUP00015006715.1
105023,107377758,ENSNFUG00015003361,-,-,-,-
105023,107377760,ENSNFUG00015003432,-,-,-,-
105023,107377761,ENSNFUG00015009289,-,-,-,-
105023,107377768,ENSNFUG00015003495,-,-,-,-
105023,107377770,ENSNFUG00015003511,-,-,-,-
105023,107377772,ENSNFUG00015003530,-,-,-,-
105023,107377774,ENSNFUG00015003605,-,-,XP_015803088.1,ENSNFUP00015007315.1
105023,107377775,ENSNFUG00015003617,-,-,XP_015803090.1,ENSNFUP00015007375.1
105023,107377776,ENSNFUG00015003738,-,-,XP_015803095.1,ENSNFUP00015008141.1
105023,107377777,ENSNFUG00015004216,-,-,XP_015803102.1,ENSNFUP00015010848.1
105023,107377778,ENSNFUG00015005529,-,-,XP_015803104.1,ENSNFUP00015011221.1
105023,107377779,ENSNFUG00015005555,-,-,-,-
105023,107377780,ENSNFUG00015005601,-,-,-,-
105023,107377781,ENSNFUG00015005646,-,-,XP_015803108.1,ENSNFUP00015011480.1
105023,107377782,ENSNFUG00015005664,-,-,-,-
105023,107377783,ENSNFUG00015005692,-,-,-,-
105023,107377784,ENSNFUG00015005708,-,-,XP_015803111.1,ENSNFUP00015011581.1
105023,107377784,ENSNFUG00015005708,-,-,XP_015803112.1,ENSNFUP00015011591.1
105023,107377786,ENSNFUG00015000396,-,-,-,-
105023,107377787,ENSNFUG00015000900,-,-,XP_015803117.1,ENSNFUP00015001585.1
105023,107377787,ENSNFUG00015000900,-,-,XP_015803118.1,ENSNFUP00015001594.1
105023,107377788,ENSNFUG00015000914,-,-,XP_015803119.1,ENSNFUP00015001606.1
105023,107377789,ENSNFUG00015009396,-,-,-,-
105023,107377791,ENSNFUG00015000932,-,-,XP_015803122.1,ENSNFUP00015001837.1
105023,107377795,ENSNFUG00015001390,-,-,-,-
105023,107377796,ENSNFUG00015001854,-,-,XP_015803131.1,ENSNFUP00015003689.1
105023,107377798,ENSNFUG00015009410,-,-,-,-
105023,107377801,ENSNFUG00015001994,-,-,XP_015803146.1,ENSNFUP00015004546.1
105023,107377801,ENSNFUG00015001994,-,-,XP_015803149.1,ENSNFUP00015004411.1
105023,107377803,ENSNFUG00015002311,-,-,-,-
105023,107377804,ENSNFUG00015001886,-,-,-,-
105023,107377805,ENSNFUG00015001908,-,-,-,-
105023,107377808,ENSNFUG00015002339,-,-,XP_015803159.1,ENSNFUP00015004659.1
105023,107377810,ENSNFUG00015002347,-,-,XP_015803161.1,ENSNFUP00015004678.1
105023,107377816,ENSNFUG00015002549,-,-,XP_015803170.1,ENSNFUP00015005097.1
105023,107377817,ENSNFUG00015002559,-,-,-,-
105023,107377819,ENSNFUG00015009465,-,-,XP_015803175.1,ENSNFUP00015019563.1
105023,107377820,ENSNFUG00015002680,-,-,-,-
105023,107377823,ENSNFUG00015003237,-,-,XP_015803177.1,ENSNFUP00015006519.1
105023,107377828,ENSNFUG00015009425,-,-,XP_015803189.1,ENSNFUP00015019469.1
105023,107377831,ENSNFUG00015004283,-,-,XP_015803210.1,ENSNFUP00015009185.1
105023,107377831,ENSNFUG00015004283,-,-,XP_015803213.1,ENSNFUP00015009419.1
105023,107377832,ENSNFUG00015009500,-,-,XP_015803220.1,ENSNFUP00015019634.1
105023,107377832,ENSNFUG00015009500,-,-,XP_015803228.1,ENSNFUP00015019645.1
105023,107377833,ENSNFUG00015004736,-,-,-,-
105023,107377835,ENSNFUG00015004765,-,-,XP_015803218.1,ENSNFUP00015009746.1
105023,107377836,ENSNFUG00015004759,-,-,-,-
105023,107377840,ENSNFUG00015004874,-,-,XP_015803225.1,ENSNFUP00015010025.1
105023,107377841,ENSNFUG00015004958,-,-,-,-
105023,107377842,ENSNFUG00015005088,-,-,-,-
105023,107377847,ENSNFUG00015005840,-,-,-,-
105023,107377848,ENSNFUG00015006020,-,-,-,-
105023,107377851,ENSNFUG00015006728,-,-,-,-
105023,107377852,ENSNFUG00015002014,-,-,-,-
105023,107377853,ENSNFUG00015006732,-,-,XP_015803241.1,ENSNFUP00015013780.1
105023,107377854,ENSNFUG00015006763,-,-,-,-
105023,107377855,ENSNFUG00015006899,-,-,XP_015803244.1,ENSNFUP00015014179.1
105023,107377856,ENSNFUG00015000197,-,-,-,-
105023,107377861,ENSNFUG00015006918,-,-,XP_015803256.1,ENSNFUP00015014222.1
105023,107377862,ENSNFUG00015006926,-,-,-,-
105023,107377864,ENSNFUG00015006933,-,-,XP_015803258.1,ENSNFUP00015014271.1
105023,107377868,ENSNFUG00015006965,-,-,-,-
105023,107377871,ENSNFUG00015006984,-,-,XP_015803268.1,ENSNFUP00015014370.1
105023,107377873,ENSNFUG00015007028,-,-,XP_015803269.1,ENSNFUP00015014848.1
105023,107377874,ENSNFUG00015007258,-,-,-,-
105023,107377876,ENSNFUG00015007271,-,-,XP_015803274.1,ENSNFUP00015014974.1
105023,107377877,ENSNFUG00015007293,-,-,-,-
105023,107377881,ENSNFUG00015000230,-,-,-,-
105023,107377905,ENSNFUG00015000247,-,-,XP_015803326.1,ENSNFUP00015000297.1
105023,107377920,ENSNFUG00015003538,-,-,-,-
105023,107377922,ENSNFUG00015003547,-,-,-,-
105023,107377923,ENSNFUG00015003583,-,-,-,-
105023,107377926,ENSNFUG00015003637,-,-,-,-
105023,107377927,ENSNFUG00015003613,-,-,XP_015803370.1,ENSNFUP00015007369.1
105023,107377928,ENSNFUG00015003677,-,-,-,-
105023,107377929,ENSNFUG00015003683,-,-,XP_015803373.1,ENSNFUP00015007472.1
105023,107377930,ENSNFUG00015003716,-,-,XP_015803375.1,ENSNFUP00015007577.1
105023,107377935,ENSNFUG00015003813,-,-,XP_015803381.1,ENSNFUP00015007750.1
105023,107377939,ENSNFUG00015003832,-,-,-,-
105023,107377941,ENSNFUG00015003854,-,-,-,-
105023,107377946,ENSNFUG00015000306,-,-,-,-
105023,107377962,ENSNFUG00015024370,-,-,XP_015803437.1,ENSNFUP00015052216.1
105023,107377963,ENSNFUG00015000467,-,-,XP_015803439.1,ENSNFUP00015000750.1
105023,107377978,ENSNFUG00015000659,-,-,-,-
105023,107377980,ENSNFUG00015002396,-,-,-,-
105023,107377981,ENSNFUG00015002384,-,-,XP_015803449.1,ENSNFUP00015004745.1
105023,107377984,ENSNFUG00015002294,-,-,XP_015803454.1,ENSNFUP00015004562.1
105023,107377985,ENSNFUG00015002262,-,-,-,-
105023,107377986,ENSNFUG00015002221,-,-,-,-
105023,107377987,ENSNFUG00015000988,-,-,-,-
105023,107377988,ENSNFUG00015002199,-,-,XP_015803459.1,ENSNFUP00015004373.1
105023,107377989,ENSNFUG00015002291,-,-,-,-
105023,107377990,ENSNFUG00015002182,-,-,-,-
105023,107377994,ENSNFUG00015002164,-,-,XP_015803465.1,ENSNFUP00015004307.1
105023,107377996,ENSNFUG00015001408,-,-,XP_015803468.1,ENSNFUP00015004199.1
105023,107377998,ENSNFUG00015001196,-,-,XP_015803473.1,ENSNFUP00015002247.1
105023,107377999,ENSNFUG00015001189,-,-,XP_015803475.1,ENSNFUP00015002211.1
105023,107378000,ENSNFUG00015001188,-,-,XP_015803476.1,ENSNFUP00015002202.1
105023,107378007,ENSNFUG00015000486,-,-,-,-
105023,107378014,ENSNFUG00015000379,-,-,XP_015803495.1,ENSNFUP00015000559.1
105023,107378015,ENSNFUG00015000494,-,-,XP_015803501.1,ENSNFUP00015000800.1
105023,107378017,ENSNFUG00015000319,-,-,-,-
105023,107378018,ENSNFUG00015000178,-,-,-,-
105023,107378021,ENSNFUG00015000998,-,-,XP_015803514.1,ENSNFUP00015001800.1
105023,107378022,ENSNFUG00015000115,-,-,-,-
105023,107378026,ENSNFUG00015000089,-,-,XP_015803516.1,ENSNFUP00015000089.1
105023,107378028,ENSNFUG00015000071,-,-,-,-
105023,107378031,ENSNFUG00015001009,-,-,XP_015803533.1,ENSNFUP00015001830.1
105023,107378034,ENSNFUG00015005004,-,-,-,-
105023,107378035,ENSNFUG00015004727,-,-,XP_015803529.1,ENSNFUP00015009691.1
105023,107378037,ENSNFUG00015004722,-,-,XP_015803532.1,ENSNFUP00015009679.1
105023,107378045,ENSNFUG00015004654,-,-,XP_015803544.1,ENSNFUP00015009596.1
105023,107378047,ENSNFUG00015004275,-,-,XP_015803546.1,ENSNFUP00015009346.1
105023,107378048,ENSNFUG00015004176,-,-,XP_015803548.1,ENSNFUP00015008540.1
105023,107378049,ENSNFUG00015004181,-,-,XP_015803551.1,ENSNFUP00015008578.1
105023,107378051,ENSNFUG00015001992,-,-,XP_015803668.1,ENSNFUP00015003960.1
105023,107378051,ENSNFUG00015001992,-,-,XP_015803742.1,ENSNFUP00015003966.1
105023,107378053,ENSNFUG00015004171,-,-,XP_015803553.1,ENSNFUP00015008529.1
105023,107378054,ENSNFUG00015004138,-,-,XP_015803555.1,ENSNFUP00015008493.1
105023,107378054,ENSNFUG00015004138,-,-,XP_015803557.1,ENSNFUP00015008504.1
105023,107378057,ENSNFUG00015004086,-,-,XP_015803560.1,ENSNFUP00015008398.1
105023,107378058,ENSNFUG00015004063,-,-,XP_015803561.1,ENSNFUP00015008290.1
105023,107378061,ENSNFUG00015001019,-,-,XP_015803565.1,ENSNFUP00015001836.1
105023,107378066,ENSNFUG00015003466,-,-,XP_015803569.1,ENSNFUP00015007002.1
105023,107378070,ENSNFUG00015012141,-,-,XP_015803572.1,ENSNFUP00015025138.1
105023,107378071,ENSNFUG00015012133,-,-,-,-
105023,107378075,ENSNFUG00015011529,-,-,XP_015803578.1,ENSNFUP00015024479.1
105023,107378076,ENSNFUG00015011193,-,-,-,-
105023,107378077,ENSNFUG00015011077,-,-,-,-
105023,107378079,ENSNFUG00015001025,-,-,XP_015803587.1,ENSNFUP00015001851.1
105023,107378081,ENSNFUG00015010896,-,-,XP_015803584.1,ENSNFUP00015022770.1
105023,107378081,ENSNFUG00015010896,-,-,XP_015803585.1,ENSNFUP00015022521.1
105023,107378082,ENSNFUG00015011018,-,-,XP_015803588.1,ENSNFUP00015022805.1
105023,107378084,ENSNFUG00015010869,-,-,XP_015803590.1,ENSNFUP00015022444.1
105023,107378085,ENSNFUG00015010861,-,-,XP_015803591.1,ENSNFUP00015022435.1
105023,107378087,ENSNFUG00015010838,-,-,XP_015803593.1,ENSNFUP00015022385.1
105023,107378089,ENSNFUG00015001032,-,-,-,-
105023,107378090,ENSNFUG00015010548,-,-,-,-
105023,107378091,ENSNFUG00015010552,-,-,XP_015803601.1,ENSNFUP00015021735.1
105023,107378092,ENSNFUG00015010515,-,-,XP_015803602.1,ENSNFUP00015021690.1
105023,107378094,ENSNFUG00015010496,-,-,XP_015803604.1,ENSNFUP00015021617.1
105023,107378095,ENSNFUG00015010489,-,-,-,-
105023,107378096,ENSNFUG00015010467,-,-,-,-
105023,107378098,ENSNFUG00015010454,-,-,-,-
105023,107378100,ENSNFUG00015010417,-,-,XP_015803614.1,ENSNFUP00015021430.1
105023,107378100,ENSNFUG00015010417,-,-,XP_015803616.1,ENSNFUP00015021423.1
105023,107378101,ENSNFUG00015010449,-,-,XP_015803617.1,ENSNFUP00015021506.1
105023,107378102,ENSNFUG00015010403,-,-,XP_015803619.1,ENSNFUP00015021396.1
105023,107378103,ENSNFUG00015010397,-,-,-,-
105023,107378107,ENSNFUG00015009675,-,-,XP_015803626.1,ENSNFUP00015020008.1
105023,107378108,ENSNFUG00015009640,-,-,-,-
105023,107378111,ENSNFUG00015006346,-,-,-,-
105023,107378112,ENSNFUG00015008694,-,-,-,-
105023,107378113,ENSNFUG00015008698,-,-,-,-
105023,107378114,ENSNFUG00015006126,-,-,XP_015803637.1,ENSNFUP00015012480.1
105023,107378115,ENSNFUG00015005679,-,-,XP_015803639.1,ENSNFUP00015012362.1
105023,107378116,ENSNFUG00015003853,-,-,-,-
105023,107378117,ENSNFUG00015003858,-,-,-,-
105023,107378118,ENSNFUG00015003787,-,-,-,-
105023,107378119,ENSNFUG00015003751,-,-,XP_015803644.1,ENSNFUP00015007660.1
105023,107378119,ENSNFUG00015003751,-,-,XP_015803646.1,ENSNFUP00015007664.1
105023,107378120,ENSNFUG00015003682,-,-,XP_015803647.1,ENSNFUP00015007597.1
105023,107378121,ENSNFUG00015003649,-,-,-,-
105023,107378122,ENSNFUG00015003639,-,-,XP_015803650.1,ENSNFUP00015007412.1
105023,107378126,ENSNFUG00015003619,-,-,-,-
105023,107378127,ENSNFUG00015003609,-,-,-,-
105023,107378129,ENSNFUG00015001064,-,-,XP_015803663.1,ENSNFUP00015002029.1
105023,107378130,ENSNFUG00015003469,-,-,-,-
105023,107378131,ENSNFUG00015003598,-,-,XP_015803661.1,ENSNFUP00015007289.1
105023,107378132,ENSNFUG00015003506,-,-,-,-
105023,107378134,ENSNFUG00015003435,-,-,XP_015803664.1,ENSNFUP00015006981.1
105023,107378134,ENSNFUG00015003435,-,-,XP_015803667.1,ENSNFUP00015006996.1
105023,107378135,ENSNFUG00015003406,-,-,XP_015803669.1,ENSNFUP00015006895.1
105023,107378135,ENSNFUG00015003406,-,-,XP_015803670.1,ENSNFUP00015006902.1
105023,107378136,ENSNFUG00015003389,-,-,-,-
105023,107378138,ENSNFUG00015003356,-,-,-,-
105023,107378139,ENSNFUG00015001129,-,-,XP_015803684.1,ENSNFUP00015002078.1
105023,107378139,ENSNFUG00015001129,-,-,XP_015803691.1,ENSNFUP00015002082.1
105023,107378140,ENSNFUG00015003333,-,-,XP_015803682.1,ENSNFUP00015006719.1
105023,107378141,ENSNFUG00015003343,-,-,-,-
105023,107378145,ENSNFUG00015003308,-,-,-,-
105023,107378146,ENSNFUG00015003300,-,-,-,-
105023,107378148,ENSNFUG00015003151,-,-,XP_015803693.1,ENSNFUP00015006301.1
105023,107378149,ENSNFUG00015003221,-,-,-,-
105023,107378150,ENSNFUG00015003221,-,-,-,-
105023,107378152,ENSNFUG00015001040,-,-,-,-
105023,107378156,ENSNFUG00015003086,-,-,-,-
105023,107378158,ENSNFUG00015002687,-,-,-,-
105023,107378159,ENSNFUG00015002536,-,-,-,-
105023,107378162,ENSNFUG00015002458,-,-,XP_015803719.1,ENSNFUP00015004946.1
105023,107378165,ENSNFUG00015002426,-,-,-,-
105023,107378166,ENSNFUG00015001151,-,-,XP_015803726.1,ENSNFUP00015002125.1
105023,107378168,ENSNFUG00015010461,-,-,-,-
105023,107378173,ENSNFUG00015009268,-,-,-,-
105023,107378174,ENSNFUG00015001181,-,-,-,-
105023,107378176,ENSNFUG00015009231,-,-,-,-
105023,107378178,ENSNFUG00015009113,-,-,XP_015803736.1,ENSNFUP00015018992.1
105023,107378179,ENSNFUG00015009028,-,-,XP_015803738.1,ENSNFUP00015018883.1
105023,107378181,ENSNFUG00015009180,-,-,XP_015803740.1,ENSNFUP00015019068.1
105023,107378184,ENSNFUG00015001160,-,-,-,-
105023,107378186,ENSNFUG00015014547,-,-,XP_015803744.1,ENSNFUP00015029878.1
105023,107378187,ENSNFUG00015014561,-,-,XP_015803745.1,ENSNFUP00015029910.1
105023,107378189,ENSNFUG00015014370,-,-,XP_015803748.1,ENSNFUP00015029530.1
105023,107378190,ENSNFUG00015014281,-,-,-,-
105023,107378191,ENSNFUG00015014255,-,-,XP_015803750.1,ENSNFUP00015029339.1
105023,107378195,ENSNFUG00015001193,-,-,-,-
105023,107378196,ENSNFUG00015013734,-,-,-,-
105023,107378199,ENSNFUG00015013714,-,-,-,-
105023,107378200,ENSNFUG00015013700,-,-,-,-
105023,107378204,ENSNFUG00015013676,-,-,XP_015803764.1,ENSNFUP00015028253.1
105023,107378206,ENSNFUG00015013625,-,-,-,-
105023,107378226,ENSNFUG00015001208,-,-,-,-
105023,107378234,ENSNFUG00015009480,-,-,XP_015803806.1,ENSNFUP00015019769.1
105023,107378234,ENSNFUG00015009480,-,-,XP_015803807.1,ENSNFUP00015019610.1
105023,107378236,ENSNFUG00015009731,-,-,XP_015803812.1,ENSNFUP00015020100.1
105023,107378237,ENSNFUG00015009781,-,-,-,-
105023,107378238,ENSNFUG00015009802,-,-,XP_015803815.1,ENSNFUP00015020211.1
105023,107378239,ENSNFUG00015009836,-,-,XP_015803817.1,ENSNFUP00015020500.1
105023,107378240,ENSNFUG00015009973,-,-,XP_015803818.1,ENSNFUP00015020569.1
105023,107378241,ENSNFUG00015011905,-,-,-,-
105023,107378242,ENSNFUG00015001969,-,-,-,-
105023,107378245,ENSNFUG00015010037,-,-,-,-
105023,107378248,ENSNFUG00015011836,-,-,XP_015803826.1,ENSNFUP00015025469.1
105023,107378249,ENSNFUG00015012319,-,-,-,-
105023,107378250,ENSNFUG00015012332,-,-,-,-
105023,107378251,ENSNFUG00015012328,-,-,-,-
105023,107378252,ENSNFUG00015012353,-,-,XP_015803839.1,ENSNFUP00015025538.1
105023,107378254,ENSNFUG00015012414,-,-,-,-
105023,107378255,ENSNFUG00015012457,-,-,-,-
105023,107378260,ENSNFUG00015012613,-,-,XP_015803852.1,ENSNFUP00015026079.1
105023,107378261,ENSNFUG00015012650,-,-,-,-
105023,107378265,ENSNFUG00015004745,-,-,-,-
105023,107378267,ENSNFUG00015000594,-,-,-,-
105023,107378271,ENSNFUG00015012708,-,-,XP_015803865.1,ENSNFUP00015026206.1
105023,107378272,ENSNFUG00015012715,-,-,XP_015803866.1,ENSNFUP00015026214.1
105023,107378273,ENSNFUG00015012727,-,-,XP_015803867.1,ENSNFUP00015026325.1
105023,107378275,ENSNFUG00015012800,-,-,XP_015803870.1,ENSNFUP00015026399.1
105023,107378275,ENSNFUG00015012800,-,-,XP_015803871.1,ENSNFUP00015026384.1
105023,107378278,ENSNFUG00015012856,-,-,XP_015803886.1,ENSNFUP00015026916.1
105023,107378282,ENSNFUG00015016787,-,-,XP_015803892.1,ENSNFUP00015034442.1
105023,107378283,ENSNFUG00015016891,-,-,XP_015803896.1,ENSNFUP00015038554.1
105023,107378286,ENSNFUG00015018645,-,-,XP_015803901.1,ENSNFUP00015038658.1
105023,107378288,ENSNFUG00015018661,-,-,XP_015803903.1,ENSNFUP00015038690.1
105023,107378290,ENSNFUG00015018673,-,-,XP_015803904.1,ENSNFUP00015038705.1
105023,107378291,ENSNFUG00015018714,-,-,XP_015803906.1,ENSNFUP00015040916.1
105023,107378291,ENSNFUG00015018714,-,-,XP_015803908.1,ENSNFUP00015040906.1
105023,107378292,ENSNFUG00015018679,-,-,XP_015803909.1,ENSNFUP00015038724.1
105023,107378295,ENSNFUG00015019719,-,-,XP_015803913.1,ENSNFUP00015041147.1
105023,107378297,ENSNFUG00015019767,-,-,XP_015803914.1,ENSNFUP00015041221.1
105023,107378298,ENSNFUG00015019805,-,-,XP_015803915.1,ENSNFUP00015041248.1
105023,107378299,ENSNFUG00015019811,-,-,XP_015803916.1,ENSNFUP00015041267.1
105023,107378300,ENSNFUG00015019833,-,-,XP_015803918.1,ENSNFUP00015041818.1
105023,107378301,ENSNFUG00015020316,-,-,XP_015803920.1,ENSNFUP00015049835.1
105023,107378301,ENSNFUG00015020316,-,-,XP_015803921.1,ENSNFUP00015049823.1
105023,107378302,ENSNFUG00015020098,-,-,XP_015803922.1,ENSNFUP00015041976.1
105023,107378303,ENSNFUG00015023597,-,-,XP_015803923.1,ENSNFUP00015050287.1
105023,107378305,ENSNFUG00015023632,-,-,XP_015803925.1,ENSNFUP00015050306.1
105023,107378309,ENSNFUG00015023735,-,-,XP_015803928.1,ENSNFUP00015052627.1
105023,107378310,ENSNFUG00015002851,-,-,XP_015803931.1,ENSNFUP00015005719.1
105023,107378316,ENSNFUG00015003087,-,-,XP_015803940.1,ENSNFUP00015006542.1
105023,107378320,ENSNFUG00015003087,-,-,XP_015803945.1,ENSNFUP00015006251.1
105023,107378321,ENSNFUG00015003365,-,-,XP_015803947.1,ENSNFUP00015007297.1
105023,107378324,ENSNFUG00015003296,-,-,XP_015803949.1,ENSNFUP00015006626.1
105023,107378325,ENSNFUG00015003304,-,-,XP_015803950.1,ENSNFUP00015006639.1
105023,107378326,ENSNFUG00015003608,-,-,-,-
105023,107378327,ENSNFUG00015003616,-,-,XP_015803953.1,ENSNFUP00015007343.1
105023,107378327,ENSNFUG00015003616,-,-,XP_015803954.1,ENSNFUP00015007354.1
105023,107378328,ENSNFUG00015003626,-,-,XP_015803955.1,ENSNFUP00015007368.1
105023,107378330,ENSNFUG00015003635,-,-,XP_015803959.1,ENSNFUP00015007395.1
105023,107378332,ENSNFUG00015003668,-,-,XP_015803960.1,ENSNFUP00015007487.1
105023,107378337,ENSNFUG00015004487,-,-,XP_015803968.1,ENSNFUP00015009597.1
105023,107378338,ENSNFUG00015004693,-,-,XP_015803969.1,ENSNFUP00015009640.1
105023,107378338,ENSNFUG00015004693,-,-,XP_015803970.1,ENSNFUP00015009647.1
105023,107378339,ENSNFUG00015004714,-,-,XP_015803973.1,ENSNFUP00015009658.1
105023,107378340,ENSNFUG00015004717,-,-,XP_015803975.1,ENSNFUP00015009708.1
105023,107378341,ENSNFUG00015004871,-,-,XP_015803976.1,ENSNFUP00015010175.1
105023,107378342,ENSNFUG00015005286,-,-,XP_015803977.1,ENSNFUP00015010709.1
105023,107378343,ENSNFUG00015005356,-,-,XP_015803978.1,ENSNFUP00015011087.1
105023,107378343,ENSNFUG00015005356,-,-,XP_015803979.1,ENSNFUP00015011149.1
105023,107378344,ENSNFUG00015005557,-,-,-,-
105023,107378347,ENSNFUG00015006055,-,-,-,-
105023,107378351,ENSNFUG00015006209,-,-,XP_015803992.1,ENSNFUP00015012668.1
105023,107378352,ENSNFUG00015006291,-,-,-,-
105023,107378353,ENSNFUG00015006843,-,-,XP_015803996.1,ENSNFUP00015014025.1
105023,107378358,ENSNFUG00015006902,-,-,-,-
105023,107378360,ENSNFUG00015006968,-,-,-,-
105023,107378361,ENSNFUG00015007114,-,-,XP_015804008.1,ENSNFUP00015014667.1
105023,107378362,ENSNFUG00015007167,-,-,XP_015804010.1,ENSNFUP00015014963.1
105023,107378362,ENSNFUG00015007167,-,-,XP_015804011.1,ENSNFUP00015014977.1
105023,107378362,ENSNFUG00015007167,-,-,XP_015804012.1,ENSNFUP00015015346.1
105023,107378363,ENSNFUG00015007421,-,-,XP_015804013.1,ENSNFUP00015015387.1
105023,107378364,ENSNFUG00015007443,-,-,XP_015804025.1,ENSNFUP00015015454.1
105023,107378364,ENSNFUG00015007443,-,-,XP_015804026.1,ENSNFUP00015015442.1
105023,107378364,ENSNFUG00015007443,-,-,XP_015804029.1,ENSNFUP00015015444.1
105023,107378365,ENSNFUG00015001520,-,-,-,-
105023,107378366,ENSNFUG00015007467,-,-,-,-
105023,107378368,ENSNFUG00015007571,-,-,-,-
105023,107378369,ENSNFUG00015007588,-,-,-,-
105023,107378370,ENSNFUG00015007590,-,-,XP_015804037.1,ENSNFUP00015015770.1
105023,107378371,ENSNFUG00015007620,-,-,XP_015804038.1,ENSNFUP00015015846.1
105023,107378372,ENSNFUG00015007606,-,-,XP_015804039.1,ENSNFUP00015015812.1
105023,107378374,ENSNFUG00015007598,-,-,XP_015804041.1,ENSNFUP00015015792.1
105023,107378375,ENSNFUG00015007626,-,-,XP_015804042.1,ENSNFUP00015015861.1
105023,107378378,ENSNFUG00015007666,-,-,XP_015804044.1,ENSNFUP00015015943.1
105023,107378379,ENSNFUG00015007698,-,-,-,-
105023,107378380,ENSNFUG00015007853,-,-,-,-
105023,107378381,ENSNFUG00015007606,-,-,XP_015804052.1,ENSNFUP00015015816.1
105023,107378383,ENSNFUG00015008190,-,-,XP_015804059.1,ENSNFUP00015017173.1
105023,107378384,ENSNFUG00015008293,-,-,-,-
105023,107378387,ENSNFUG00015001527,-,-,XP_015804069.1,ENSNFUP00015002979.1
105023,107378388,ENSNFUG00015010232,-,-,XP_015804065.1,ENSNFUP00015021054.1
105023,107378390,ENSNFUG00015010255,-,-,XP_015804068.1,ENSNFUP00015021099.1
105023,107378391,ENSNFUG00015010240,-,-,XP_015804070.1,ENSNFUP00015021087.1
105023,107378393,ENSNFUG00015010297,-,-,-,-
105023,107378394,ENSNFUG00015010314,-,-,XP_015804073.1,ENSNFUP00015021236.1
105023,107378395,ENSNFUG00015010390,-,-,-,-
105023,107378396,ENSNFUG00015001531,-,-,XP_015804081.1,ENSNFUP00015002986.1
105023,107378397,ENSNFUG00015011005,-,-,-,-
105023,107378398,ENSNFUG00015011009,-,-,-,-
105023,107378400,ENSNFUG00015011107,-,-,-,-
105023,107378401,ENSNFUG00015000067,-,-,XP_015804084.1,ENSNFUP00015000057.1
105023,107378402,ENSNFUG00015000076,-,-,XP_015804085.1,ENSNFUP00015000067.1
105023,107378405,ENSNFUG00015000094,-,-,-,-
105023,107378407,ENSNFUG00015000237,-,-,XP_015804089.1,ENSNFUP00015000397.1
105023,107378408,ENSNFUG00015000110,-,-,XP_015804090.1,ENSNFUP00015000109.1
105023,107378410,ENSNFUG00015000336,-,-,-,-
105023,107378412,ENSNFUG00015000376,-,-,XP_015804097.1,ENSNFUP00015000549.1
105023,107378413,ENSNFUG00015000383,-,-,XP_015804098.1,ENSNFUP00015000561.1
105023,107378414,ENSNFUG00015000394,-,-,-,-
105023,107378419,ENSNFUG00015000435,-,-,-,-
105023,107378420,ENSNFUG00015000510,-,-,XP_015804105.1,ENSNFUP00015000866.1
105023,107378421,ENSNFUG00015000497,-,-,-,-
105023,107378422,ENSNFUG00015000540,-,-,XP_015804108.1,ENSNFUP00015000896.1
105023,107378426,ENSNFUG00015000620,-,-,-,-
105023,107378427,ENSNFUG00015000590,-,-,-,-
105023,107378428,ENSNFUG00015000557,-,-,-,-
105023,107378429,ENSNFUG00015000566,-,-,-,-
105023,107378430,ENSNFUG00015000664,-,-,-,-
105023,107378432,ENSNFUG00015000852,-,-,XP_015804119.1,ENSNFUP00015002521.1
105023,107378433,ENSNFUG00015001393,-,-,-,-
105023,107378434,ENSNFUG00015001606,-,-,-,-
105023,107378435,ENSNFUG00015002223,-,-,XP_015804125.1,ENSNFUP00015004409.1
105023,107378437,ENSNFUG00015002249,-,-,XP_015804127.1,ENSNFUP00015004492.1
105023,107378438,ENSNFUG00015002295,-,-,XP_015804128.1,ENSNFUP00015004593.1
105023,107378440,ENSNFUG00015002327,-,-,XP_015804131.1,ENSNFUP00015004721.1
105023,107378441,ENSNFUG00015002403,-,-,XP_015804134.1,ENSNFUP00015004800.1
105023,107378442,ENSNFUG00015002417,-,-,XP_015804135.1,ENSNFUP00015004931.1
105023,107378442,ENSNFUG00015002417,-,-,XP_015804136.1,ENSNFUP00015004913.1
105023,107378443,ENSNFUG00015002477,-,-,XP_015804139.1,ENSNFUP00015004982.1
105023,107378444,ENSNFUG00015001536,-,-,-,-
105023,107378446,ENSNFUG00015002546,-,-,XP_015804143.1,ENSNFUP00015005157.1
105023,107378446,ENSNFUG00015002546,-,-,XP_015804145.1,ENSNFUP00015005167.1
105023,107378447,ENSNFUG00015002599,-,-,XP_015804146.1,ENSNFUP00015005194.1
105023,107378448,ENSNFUG00015002603,-,-,XP_015804147.1,ENSNFUP00015005207.1
105023,107378449,ENSNFUG00015002616,-,-,-,-
105023,107378453,ENSNFUG00015002631,-,-,-,-
105023,107378457,ENSNFUG00015001600,-,-,-,-
105023,107378458,ENSNFUG00015002656,-,-,-,-
105023,107378459,ENSNFUG00015002660,-,-,XP_015804160.1,ENSNFUP00015005317.1
105023,107378460,ENSNFUG00015002666,-,-,XP_015804162.1,ENSNFUP00015005324.1
105023,107378464,ENSNFUG00015003324,-,-,XP_015804166.1,ENSNFUP00015006693.1
105023,107378465,ENSNFUG00015003299,-,-,XP_015804168.1,ENSNFUP00015006674.1
105023,107378466,ENSNFUG00015001629,-,-,XP_015804172.1,ENSNFUP00015003154.1
105023,107378467,ENSNFUG00015003335,-,-,XP_015804169.1,ENSNFUP00015006712.1
105023,107378468,ENSNFUG00015003330,-,-,-,-
105023,107378471,ENSNFUG00015001617,-,-,XP_015804187.1,ENSNFUP00015003142.1
105023,107378472,ENSNFUG00015003665,-,-,-,-
105023,107378473,ENSNFUG00015003655,-,-,XP_015804190.1,ENSNFUP00015007435.1
105023,107378474,ENSNFUG00015003660,-,-,XP_015804191.1,ENSNFUP00015007443.1
105023,107378475,ENSNFUG00015003650,-,-,XP_015804192.1,ENSNFUP00015007431.1
105023,107378479,ENSNFUG00015003674,-,-,XP_015804199.1,ENSNFUP00015007464.1
105023,107378480,ENSNFUG00015003676,-,-,XP_015804201.1,ENSNFUP00015007466.1
105023,107378482,ENSNFUG00015003681,-,-,XP_015804203.1,ENSNFUP00015007473.1
105023,107378483,ENSNFUG00015003687,-,-,-,-
105023,107378485,ENSNFUG00015003690,-,-,-,-
105023,107378486,ENSNFUG00015001635,-,-,XP_015804212.1,ENSNFUP00015003176.1
105023,107378489,ENSNFUG00015005056,-,-,-,-
105023,107378491,ENSNFUG00015000091,-,-,-,-
105023,107378493,ENSNFUG00015001644,-,-,-,-
105023,107378497,ENSNFUG00015000147,-,-,-,-
105023,107378498,ENSNFUG00015000249,-,-,XP_015804229.1,ENSNFUP00015000481.1
105023,107378499,ENSNFUG00015000425,-,-,XP_015804231.1,ENSNFUP00015000643.1
105023,107378500,ENSNFUG00015001655,-,-,-,-
105023,107378501,ENSNFUG00015000371,-,-,-,-
105023,107378502,ENSNFUG00015000480,-,-,XP_015804233.1,ENSNFUP00015000774.1
105023,107378504,ENSNFUG00015000541,-,-,XP_015804236.1,ENSNFUP00015000898.1
105023,107378505,ENSNFUG00015000560,-,-,-,-
105023,107378506,ENSNFUG00015000599,-,-,-,-
105023,107378508,ENSNFUG00015000606,-,-,-,-
105023,107378510,ENSNFUG00015000617,-,-,XP_015804248.1,ENSNFUP00015001017.1
105023,107378511,ENSNFUG00015000638,-,-,-,-
105023,107378512,ENSNFUG00015000755,-,-,-,-
105023,107378513,ENSNFUG00015001673,-,-,XP_015804261.1,ENSNFUP00015003247.1
105023,107378514,ENSNFUG00015000710,-,-,-,-
105023,107378515,ENSNFUG00015000799,-,-,-,-
105023,107378516,ENSNFUG00015000796,-,-,XP_015804255.1,ENSNFUP00015001350.1
105023,107378518,ENSNFUG00015000829,-,-,XP_015804258.1,ENSNFUP00015001434.1
105023,107378520,ENSNFUG00015000844,-,-,XP_015804260.1,ENSNFUP00015001467.1
105023,107378524,ENSNFUG00015000864,-,-,XP_015804262.1,ENSNFUP00015001505.1
105023,107378525,ENSNFUG00015000882,-,-,XP_015804263.1,ENSNFUP00015001610.1
105023,107378526,ENSNFUG00015000930,-,-,-,-
105023,107378527,ENSNFUG00015000950,-,-,-,-
105023,107378530,ENSNFUG00015001689,-,-,-,-
105023,107378531,ENSNFUG00015001034,-,-,-,-
105023,107378531,ENSNFUG00015001034,-,-,XP_015804271.1,ENSNFUP00015001956.1
105023,107378531,ENSNFUG00015001034,-,-,XP_015804272.1,ENSNFUP00015001969.1
105023,107378532,ENSNFUG00015000993,-,-,XP_015804275.1,ENSNFUP00015001812.1
105023,107378533,ENSNFUG00015001158,-,-,XP_015804276.1,ENSNFUP00015002141.1
105023,107378534,ENSNFUG00015001184,-,-,-,-
105023,107378535,ENSNFUG00015001229,-,-,-,-
105023,107378536,ENSNFUG00015001250,-,-,XP_015804280.1,ENSNFUP00015002373.1
105023,107378537,ENSNFUG00015001263,-,-,-,-
105023,107378539,ENSNFUG00015002045,-,-,-,-
105023,107378541,ENSNFUG00015001756,-,-,XP_015804347.1,ENSNFUP00015003509.1
105023,107378542,ENSNFUG00015002363,-,-,-,-
105023,107378543,ENSNFUG00015002348,-,-,XP_015804294.1,ENSNFUP00015004672.1
105023,107378547,ENSNFUG00015001945,-,-,XP_015804342.1,ENSNFUP00015003848.1
105023,107378550,ENSNFUG00015002383,-,-,-,-
105023,107378552,ENSNFUG00015002394,-,-,XP_015804306.1,ENSNFUP00015004782.1
105023,107378553,ENSNFUG00015002399,-,-,-,-
105023,107378554,ENSNFUG00015002410,-,-,-,-
105023,107378555,ENSNFUG00015002405,-,-,-,-
105023,107378557,ENSNFUG00015002429,-,-,XP_015804317.1,ENSNFUP00015004891.1
105023,107378558,ENSNFUG00015002438,-,-,XP_015804319.1,ENSNFUP00015004907.1
105023,107378560,ENSNFUG00015002849,-,-,-,-
105023,107378562,ENSNFUG00015002895,-,-,XP_015804334.1,ENSNFUP00015005819.1
105023,107378564,ENSNFUG00015002926,-,-,XP_015804340.1,ENSNFUP00015005855.1
105023,107378566,ENSNFUG00015003000,-,-,XP_015804346.1,ENSNFUP00015006001.1
105023,107378567,ENSNFUG00015003010,-,-,XP_015804348.1,ENSNFUP00015006020.1
105023,107378571,ENSNFUG00015003059,-,-,-,-
105023,107378573,ENSNFUG00015003064,-,-,XP_015804361.1,ENSNFUP00015006113.1
105023,107378574,ENSNFUG00015003072,-,-,XP_015804362.1,ENSNFUP00015006126.1
105023,107378576,ENSNFUG00015003079,-,-,XP_015804365.1,ENSNFUP00015006136.1
105023,107378577,ENSNFUG00015003192,-,-,-,-
105023,107378578,ENSNFUG00015003526,-,-,-,-
105023,107378579,ENSNFUG00015001715,-,-,-,-
105023,107378580,ENSNFUG00015003640,-,-,-,-
105023,107378581,ENSNFUG00015003702,-,-,XP_015804371.1,ENSNFUP00015007719.1
105023,107378582,ENSNFUG00015003844,-,-,-,-
105023,107378583,ENSNFUG00015003847,-,-,XP_015804374.1,ENSNFUP00015007815.1
105023,107378584,ENSNFUG00015003851,-,-,-,-
105023,107378586,ENSNFUG00015000191,-,-,-,-
105023,107378589,ENSNFUG00015000276,-,-,-,-
105023,107378591,ENSNFUG00015012792,-,-,XP_015804387.1,ENSNFUP00015026367.1
105023,107378594,ENSNFUG00015000409,-,-,-,-
105023,107378595,ENSNFUG00015001873,-,-,-,-
105023,107378596,ENSNFUG00015001386,-,-,XP_015804390.1,ENSNFUP00015002707.1
105023,107378611,ENSNFUG00015000446,-,-,XP_015804404.1,ENSNFUP00015000670.1
105023,107378613,ENSNFUG00015000438,-,-,-,-
105023,107378614,ENSNFUG00015000410,-,-,XP_015804406.1,ENSNFUP00015000604.1
105023,107378615,ENSNFUG00015000421,-,-,XP_015804407.1,ENSNFUP00015000640.1
105023,107378615,ENSNFUG00015000421,-,-,XP_015804409.1,ENSNFUP00015000632.1
105023,107378616,ENSNFUG00015000391,-,-,XP_015804410.1,ENSNFUP00015000572.1
105023,107378629,ENSNFUG00015002033,-,-,-,-
105023,107378632,ENSNFUG00015003746,-,-,-,-
105023,107378633,ENSNFUG00015003736,-,-,XP_015804424.1,ENSNFUP00015007594.1
105023,107378634,ENSNFUG00015003733,-,-,XP_015804426.1,ENSNFUP00015007592.1
105023,107378637,ENSNFUG00015001924,-,-,XP_015804435.1,ENSNFUP00015003903.1
105023,107378637,ENSNFUG00015001924,-,-,XP_015804452.1,ENSNFUP00015003919.1
105023,107378639,ENSNFUG00015003291,-,-,XP_015804432.1,ENSNFUP00015006620.1
105023,107378644,ENSNFUG00015003282,-,-,XP_015804444.1,ENSNFUP00015006604.1
105023,107378645,ENSNFUG00015003256,-,-,-,-
105023,107378646,ENSNFUG00015003257,-,-,-,-
105023,107378648,ENSNFUG00015003250,-,-,-,-
105023,107378651,ENSNFUG00015003240,-,-,XP_015804454.1,ENSNFUP00015006483.1
105023,107378653,ENSNFUG00015003229,-,-,-,-
105023,107378655,ENSNFUG00015003216,-,-,-,-
105023,107378656,ENSNFUG00015003139,-,-,XP_015804462.1,ENSNFUP00015006383.1
105023,107378656,ENSNFUG00015003139,-,-,XP_015804463.1,ENSNFUP00015006409.1
105023,107378657,ENSNFUG00015002995,-,-,-,-
105023,107378659,ENSNFUG00015002947,-,-,-,-
105023,107378662,ENSNFUG00015002900,-,-,-,-
105023,107378665,ENSNFUG00015002881,-,-,-,-
105023,107378666,ENSNFUG00015002556,-,-,XP_015804477.1,ENSNFUP00015005667.1
105023,107378666,ENSNFUG00015002556,-,-,XP_015804478.1,ENSNFUP00015005722.1
105023,107378667,ENSNFUG00015002468,-,-,-,-
105023,107378668,ENSNFUG00015002456,-,-,-,-
105023,107378669,ENSNFUG00015002461,-,-,-,-
105023,107378672,ENSNFUG00015002253,-,-,XP_015804496.1,ENSNFUP00015004469.1
105023,107378672,ENSNFUG00015002253,-,-,XP_015804497.1,ENSNFUP00015004479.1
105023,107378674,ENSNFUG00015002243,-,-,-,-
105023,107378688,ENSNFUG00015001445,-,-,XP_015804519.1,ENSNFUP00015002860.1
105023,107378689,ENSNFUG00015001430,-,-,-,-
105023,107378691,ENSNFUG00015000945,-,-,-,-
105023,107378694,ENSNFUG00015000887,-,-,-,-
105023,107378695,ENSNFUG00015000869,-,-,XP_015804531.1,ENSNFUP00015001517.1
105023,107378705,ENSNFUG00015008545,-,-,XP_015804540.1,ENSNFUP00015017896.1
105023,107378707,ENSNFUG00015008531,-,-,-,-
105023,107378708,ENSNFUG00015008314,-,-,-,-
105023,107378710,ENSNFUG00015008281,-,-,-,-
105023,107378712,ENSNFUG00015008271,-,-,XP_015804550.1,ENSNFUP00015017354.1
105023,107378714,ENSNFUG00015008257,-,-,XP_015804552.1,ENSNFUP00015017326.1
105023,107378715,ENSNFUG00015008253,-,-,-,-
105023,107378716,ENSNFUG00015007609,-,-,XP_015804554.1,ENSNFUP00015016947.1
105023,107378717,ENSNFUG00015008217,-,-,-,-
105023,107378718,ENSNFUG00015008204,-,-,XP_015804557.1,ENSNFUP00015017212.1
105023,107378720,ENSNFUG00015007519,-,-,-,-
105023,107378721,ENSNFUG00015007506,-,-,XP_015804560.1,ENSNFUP00015015584.1
105023,107378722,ENSNFUG00015007502,-,-,-,-
105023,107378723,ENSNFUG00015007466,-,-,-,-
105023,107378724,ENSNFUG00015006211,-,-,-,-
105023,107378725,ENSNFUG00015006051,-,-,XP_015804571.1,ENSNFUP00015012338.1
105023,107378726,ENSNFUG00015006046,-,-,-,-
105023,107378729,ENSNFUG00015006035,-,-,-,-
105023,107378735,ENSNFUG00015001648,-,-,XP_015804627.1,ENSNFUP00015003580.1
105023,107378737,ENSNFUG00015007427,-,-,XP_015804591.1,ENSNFUP00015015384.1
105023,107378738,ENSNFUG00015006890,-,-,XP_015804593.1,ENSNFUP00015015153.1
105023,107378740,ENSNFUG00015006825,-,-,-,-
105023,107378742,ENSNFUG00015006820,-,-,-,-
105023,107378743,ENSNFUG00015006817,-,-,-,-
105023,107378744,ENSNFUG00015006613,-,-,XP_015804602.1,ENSNFUP00015013813.1
105023,107378745,ENSNFUG00015006507,-,-,-,-
105023,107378747,ENSNFUG00015006485,-,-,-,-
105023,107378750,ENSNFUG00015006457,-,-,-,-
105023,107378751,ENSNFUG00015006443,-,-,-,-
105023,107378752,ENSNFUG00015006275,-,-,-,-
105023,107378754,ENSNFUG00015006218,-,-,-,-
105023,107378755,ENSNFUG00015002474,-,-,XP_015804618.1,ENSNFUP00015004981.1
105023,107378755,ENSNFUG00015002474,-,-,XP_015804651.1,ENSNFUP00015004987.1
105023,107378756,ENSNFUG00015005842,-,-,-,-
105023,107378757,ENSNFUG00015005565,-,-,-,-
105023,107378759,ENSNFUG00015005539,-,-,-,-
105023,107378760,ENSNFUG00015005530,-,-,XP_015804629.1,ENSNFUP00015011222.1
105023,107378761,ENSNFUG00015005522,-,-,-,-
105023,107378762,ENSNFUG00015005488,-,-,-,-
105023,107378763,ENSNFUG00015005208,-,-,XP_015804639.1,ENSNFUP00015011029.1
105023,107378763,ENSNFUG00015005208,-,-,XP_015804640.1,ENSNFUP00015011059.1
105023,107378764,ENSNFUG00015005032,-,-,-,-
105023,107378765,ENSNFUG00015004988,-,-,-,-
105023,107378768,ENSNFUG00015004826,-,-,XP_015804647.1,ENSNFUP00015009838.1
105023,107378769,ENSNFUG00015004672,-,-,-,-
105023,107378771,ENSNFUG00015004618,-,-,XP_015804652.1,ENSNFUP00015009500.1
105023,107378774,ENSNFUG00015004544,-,-,-,-
105023,107378775,ENSNFUG00015004479,-,-,-,-
105023,107378778,ENSNFUG00015004400,-,-,-,-
105023,107378781,ENSNFUG00015004359,-,-,XP_015804663.1,ENSNFUP00015008966.1
105023,107378782,ENSNFUG00015004340,-,-,XP_015804665.1,ENSNFUP00015008902.1
105023,107378785,ENSNFUG00015002497,-,-,XP_015804675.1,ENSNFUP00015005020.1
105023,107378787,ENSNFUG00015004286,-,-,-,-
105023,107378791,ENSNFUG00015004143,-,-,-,-
105023,107378791,ENSNFUG00015004143,-,-,XP_015804683.1,ENSNFUP00015008746.1
105023,107378791,ENSNFUG00015004143,-,-,XP_015804684.1,ENSNFUP00015008710.1
105023,107378792,ENSNFUG00015002505,-,-,XP_015804686.1,ENSNFUP00015005029.1
105023,107378799,ENSNFUG00015004055,-,-,XP_015804693.1,ENSNFUP00015008314.1
105023,107378802,ENSNFUG00015003942,-,-,XP_015804695.1,ENSNFUP00015008051.1
105023,107378802,ENSNFUG00015003942,-,-,XP_015804697.1,ENSNFUP00015008097.1
105023,107378803,ENSNFUG00015003891,-,-,-,-
105023,107378804,ENSNFUG00015003924,-,-,XP_015804704.1,ENSNFUP00015007998.1
105023,107378805,ENSNFUG00015003881,-,-,XP_015804706.1,ENSNFUP00015007889.1
105023,107378806,ENSNFUG00015001579,-,-,XP_015804735.1,ENSNFUP00015003072.1
105023,107378807,ENSNFUG00015002593,-,-,XP_015804708.1,ENSNFUP00015005967.1
105023,107378807,ENSNFUG00015002593,-,-,XP_015804711.1,ENSNFUP00015005979.1
105023,107378808,ENSNFUG00015003877,-,-,XP_015804707.1,ENSNFUP00015007885.1
105023,107378818,ENSNFUG00015008582,-,-,-,-
105023,107378820,ENSNFUG00015008590,-,-,XP_015804713.1,ENSNFUP00015017989.1
105023,107378823,ENSNFUG00015003105,-,-,-,-
105023,107378826,ENSNFUG00015002679,-,-,XP_015804727.1,ENSNFUP00015005349.1
105023,107378827,ENSNFUG00015002684,-,-,XP_015804730.1,ENSNFUP00015005360.1
105023,107378828,ENSNFUG00015002673,-,-,XP_015804733.1,ENSNFUP00015005341.1
105023,107378832,ENSNFUG00015016712,-,-,XP_015804737.1,ENSNFUP00015034411.1
105023,107378834,ENSNFUG00015016674,-,-,XP_015804739.1,ENSNFUP00015034169.1
105023,107378835,ENSNFUG00015016670,-,-,XP_015804741.1,ENSNFUP00015034146.1
105023,107378836,ENSNFUG00015016663,-,-,XP_015804742.1,ENSNFUP00015034132.1
105023,107378838,ENSNFUG00015003076,-,-,-,-
105023,107378839,ENSNFUG00015016621,-,-,XP_015804745.1,ENSNFUP00015034048.1
105023,107378841,ENSNFUG00015016606,-,-,XP_015804750.1,ENSNFUP00015033985.1
105023,107378842,ENSNFUG00015016582,-,-,XP_015804751.1,ENSNFUP00015033945.1
105023,107378843,ENSNFUG00015016597,-,-,XP_015804752.1,ENSNFUP00015033971.1
105023,107378843,ENSNFUG00015016597,-,-,XP_015804753.1,ENSNFUP00015033975.1
105023,107378844,ENSNFUG00015016551,-,-,XP_015804754.1,ENSNFUP00015033892.1
105023,107378847,ENSNFUG00015014287,-,-,XP_015804783.1,ENSNFUP00015030508.1
105023,107378848,ENSNFUG00015014222,-,-,XP_015804784.1,ENSNFUP00015029273.1
105023,107378852,ENSNFUG00015013380,-,-,XP_015804787.1,ENSNFUP00015029055.1
105023,107378853,ENSNFUG00015013291,-,-,XP_015804788.1,ENSNFUP00015027572.1
105023,107378855,ENSNFUG00015013283,-,-,-,-
105023,107378856,ENSNFUG00015009582,-,-,XP_015804798.1,ENSNFUP00015027226.1
105023,107378856,ENSNFUG00015009582,-,-,XP_015804799.1,ENSNFUP00015027417.1
105023,107378856,ENSNFUG00015009582,-,-,XP_015804800.1,ENSNFUP00015027246.1
105023,107378858,ENSNFUG00015009387,-,-,XP_015804802.1,ENSNFUP00015019383.1
105023,107378859,ENSNFUG00015003212,-,-,-,-
105023,107378863,ENSNFUG00015009326,-,-,XP_015804808.1,ENSNFUP00015019268.1
105023,107378864,ENSNFUG00015009212,-,-,-,-
105023,107378865,ENSNFUG00015009125,-,-,-,-
105023,107378871,ENSNFUG00015008722,-,-,XP_015804821.1,ENSNFUP00015018648.1
105023,107378872,ENSNFUG00015008685,-,-,XP_015804823.1,ENSNFUP00015018254.1
105023,107378873,ENSNFUG00015001589,-,-,XP_015804858.1,ENSNFUP00015003082.1
105023,107378874,ENSNFUG00015008681,-,-,-,-
105023,107378875,ENSNFUG00015008676,-,-,XP_015804827.1,ENSNFUP00015018207.1
105023,107378877,ENSNFUG00015008674,-,-,-,-
105023,107378878,ENSNFUG00015008630,-,-,XP_015804830.1,ENSNFUP00015018186.1
105023,107378879,ENSNFUG00015008624,-,-,-,-
105023,107378881,ENSNFUG00015008618,-,-,XP_015804839.1,ENSNFUP00015018037.1
105023,107378881,ENSNFUG00015008618,-,-,XP_015804840.1,ENSNFUP00015018039.1
105023,107378883,ENSNFUG00015008601,-,-,XP_015804841.1,ENSNFUP00015018000.1
105023,107378884,ENSNFUG00015008597,-,-,XP_015804842.1,ENSNFUP00015017993.1
105023,107378889,ENSNFUG00015004557,-,-,-,-
105023,107378891,ENSNFUG00015003235,-,-,-,-
105023,107378902,ENSNFUG00015002738,-,-,XP_015804861.1,ENSNFUP00015005442.1
105023,107378905,ENSNFUG00015002865,-,-,XP_015804864.1,ENSNFUP00015005802.1
105023,107378906,ENSNFUG00015002770,-,-,XP_015804865.1,ENSNFUP00015005684.1
105023,107378907,ENSNFUG00015002901,-,-,XP_015804867.1,ENSNFUP00015005824.1
105023,107378908,ENSNFUG00015002909,-,-,XP_015804868.1,ENSNFUP00015005831.1
105023,107378909,ENSNFUG00015002915,-,-,XP_015804871.1,ENSNFUP00015005843.1
105023,107378911,ENSNFUG00015002934,-,-,XP_015804875.1,ENSNFUP00015005861.1
105023,107378913,ENSNFUG00015002936,-,-,XP_015804876.1,ENSNFUP00015005864.1
105023,107378914,ENSNFUG00015002952,-,-,XP_015804877.1,ENSNFUP00015005888.1
105023,107378915,ENSNFUG00015002976,-,-,XP_015804878.1,ENSNFUP00015005954.1
105023,107378916,ENSNFUG00015002993,-,-,XP_015804880.1,ENSNFUP00015006009.1
105023,107378920,ENSNFUG00015003280,-,-,-,-
105023,107378925,ENSNFUG00015003822,-,-,XP_015804905.1,ENSNFUP00015007770.1
105023,107378926,ENSNFUG00015003837,-,-,-,-
105023,107378930,ENSNFUG00015003849,-,-,XP_015804908.1,ENSNFUP00015007828.1
105023,107378941,ENSNFUG00015001325,-,-,-,-
105023,107378944,ENSNFUG00015003955,-,-,-,-
105023,107378946,ENSNFUG00015003961,-,-,XP_015804941.1,ENSNFUP00015008075.1
105023,107378952,ENSNFUG00015004078,-,-,-,-
105023,107378954,ENSNFUG00015004103,-,-,-,-
105023,107378955,ENSNFUG00015004157,-,-,XP_015804958.1,ENSNFUP00015008515.1
105023,107378957,ENSNFUG00015004170,-,-,-,-
105023,107378958,ENSNFUG00015004174,-,-,-,-
105023,107378959,ENSNFUG00015004392,-,-,-,-
105023,107378960,ENSNFUG00015004418,-,-,-,-
105023,107378965,ENSNFUG00015004447,-,-,-,-
105023,107378968,ENSNFUG00015004476,-,-,XP_015804976.1,ENSNFUP00015009193.1
105023,107378971,ENSNFUG00015004492,-,-,XP_015804977.1,ENSNFUP00015009276.1
105023,107378973,ENSNFUG00015004557,-,-,-,-
105023,107378974,ENSNFUG00015004580,-,-,-,-
105023,107378977,ENSNFUG00015000145,-,-,-,-
105023,107378981,ENSNFUG00015000286,-,-,-,-
105023,107378982,ENSNFUG00015000764,-,-,XP_015804991.1,ENSNFUP00015003067.1
105023,107378983,ENSNFUG00015002007,-,-,-,-
105023,107378984,ENSNFUG00015003656,-,-,XP_015805002.1,ENSNFUP00015007513.1
105023,107378985,ENSNFUG00015002985,-,-,-,-
105023,107378987,ENSNFUG00015002999,-,-,-,-
105023,107378988,ENSNFUG00015003353,-,-,XP_015805005.1,ENSNFUP00015008673.1
105023,107378989,ENSNFUG00015004322,-,-,-,-
105023,107378990,ENSNFUG00015004300,-,-,XP_015805008.1,ENSNFUP00015008830.1
105023,107378991,ENSNFUG00015004532,-,-,XP_015805009.1,ENSNFUP00015010429.1
105023,107378991,ENSNFUG00015004532,-,-,XP_015805010.1,ENSNFUP00015010536.1
105023,107378992,ENSNFUG00015003708,-,-,XP_015805015.1,ENSNFUP00015007548.1
105023,107378993,ENSNFUG00015004360,-,-,XP_015805011.1,ENSNFUP00015008956.1
105023,107378994,ENSNFUG00015005359,-,-,XP_015805013.1,ENSNFUP00015010840.1
105023,107378996,ENSNFUG00015005512,-,-,XP_015805017.1,ENSNFUP00015013576.1
105023,107378997,ENSNFUG00015005364,-,-,XP_015805019.1,ENSNFUP00015010865.1
105023,107378998,ENSNFUG00015006712,-,-,XP_015805020.1,ENSNFUP00015013752.1
105023,107378999,ENSNFUG00015006741,-,-,XP_015805021.1,ENSNFUP00015013799.1
105023,107379001,ENSNFUG00015003770,-,-,XP_015805036.1,ENSNFUP00015008410.1
105023,107379002,ENSNFUG00015006761,-,-,XP_015805030.1,ENSNFUP00015013834.1
105023,107379004,ENSNFUG00015006879,-,-,-,-
105023,107379006,ENSNFUG00015007047,-,-,XP_015805035.1,ENSNFUP00015014542.1
105023,107379007,ENSNFUG00015007095,-,-,XP_015805037.1,ENSNFUP00015015030.1
105023,107379007,ENSNFUG00015007095,-,-,XP_015805038.1,ENSNFUP00015014998.1
105023,107379008,ENSNFUG00015007320,-,-,-,-
105023,107379009,ENSNFUG00015007353,-,-,-,-
105023,107379010,ENSNFUG00015007532,-,-,-,-
105023,107379011,ENSNFUG00015007540,-,-,-,-
105023,107379012,ENSNFUG00015007546,-,-,XP_015805048.1,ENSNFUP00015015673.1
105023,107379013,ENSNFUG00015007550,-,-,-,-
105023,107379016,ENSNFUG00015007605,-,-,-,-
105023,107379017,ENSNFUG00015001252,-,-,XP_015805095.1,ENSNFUP00015002413.1
105023,107379021,ENSNFUG00015007719,-,-,-,-
105023,107379022,ENSNFUG00015007940,-,-,XP_015805062.1,ENSNFUP00015016650.1
105023,107379022,ENSNFUG00015007940,-,-,XP_015805064.1,ENSNFUP00015016674.1
105023,107379024,ENSNFUG00015008049,-,-,XP_015805066.1,ENSNFUP00015016968.1
105023,107379024,ENSNFUG00015008049,-,-,XP_015805067.1,ENSNFUP00015016939.1
105023,107379025,ENSNFUG00015000218,-,-,XP_015805071.1,ENSNFUP00015000302.1
105023,107379027,ENSNFUG00015008181,-,-,-,-
105023,107379028,ENSNFUG00015008160,-,-,-,-
105023,107379029,ENSNFUG00015000268,-,-,XP_015805084.1,ENSNFUP00015000328.1
105023,107379030,ENSNFUG00015008216,-,-,XP_015805081.1,ENSNFUP00015017228.1
105023,107379031,ENSNFUG00015008228,-,-,-,-
105023,107379032,ENSNFUG00015008256,-,-,-,-
105023,107379033,ENSNFUG00015008260,-,-,-,-
105023,107379035,ENSNFUG00015008353,-,-,XP_015805090.1,ENSNFUP00015020807.1
105023,107379036,ENSNFUG00015010132,-,-,-,-
105023,107379037,ENSNFUG00015000330,-,-,XP_015805114.1,ENSNFUP00015000588.1
105023,107379038,ENSNFUG00015010156,-,-,-,-
105023,107379039,ENSNFUG00015010146,-,-,XP_015805094.1,ENSNFUP00015020900.1
105023,107379045,ENSNFUG00015010646,-,-,-,-
105023,107379046,ENSNFUG00015004075,-,-,XP_015805112.1,ENSNFUP00015008326.1
105023,107379047,ENSNFUG00015010732,-,-,XP_015805113.1,ENSNFUP00015022128.1
105023,107379052,ENSNFUG00015000278,-,-,XP_015805127.1,ENSNFUP00015000340.1
105023,107379055,ENSNFUG00015010689,-,-,XP_015805128.1,ENSNFUP00015022018.1
105023,107379058,ENSNFUG00015004117,-,-,-,-
105023,107379059,ENSNFUG00015004123,-,-,-,-
105023,107379060,ENSNFUG00015000615,-,-,XP_015805135.1,ENSNFUP00015001474.1
105023,107379061,ENSNFUG00015004120,-,-,XP_015805132.1,ENSNFUP00015008426.1
105023,107379062,ENSNFUG00015004134,-,-,XP_015805133.1,ENSNFUP00015008467.1
105023,107379063,ENSNFUG00015004136,-,-,XP_015805134.1,ENSNFUP00015008474.1
105023,107379065,ENSNFUG00015004150,-,-,-,-
105023,107379066,ENSNFUG00015004172,-,-,XP_015805138.1,ENSNFUP00015008552.1
105023,107379068,ENSNFUG00015004203,-,-,XP_015805140.1,ENSNFUP00015008626.1
105023,107379068,ENSNFUG00015004203,-,-,XP_015805141.1,ENSNFUP00015008634.1
105023,107379070,ENSNFUG00015000922,-,-,XP_015805147.1,ENSNFUP00015001632.1
105023,107379070,ENSNFUG00015000922,-,-,XP_015805156.1,ENSNFUP00015001663.1
105023,107379071,ENSNFUG00015004265,-,-,-,-
105023,107379072,ENSNFUG00015004302,-,-,-,-
105023,107379073,ENSNFUG00015004297,-,-,-,-
105023,107379074,ENSNFUG00015004320,-,-,XP_015805153.1,ENSNFUP00015008875.1
105023,107379078,ENSNFUG00015004347,-,-,XP_015805161.1,ENSNFUP00015008913.1
105023,107379079,ENSNFUG00015004356,-,-,XP_015805163.1,ENSNFUP00015008924.1
105023,107379080,ENSNFUG00015004391,-,-,-,-
105023,107379081,ENSNFUG00015004507,-,-,-,-
105023,107379084,ENSNFUG00015004516,-,-,-,-
105023,107379090,ENSNFUG00015001277,-,-,XP_015805359.1,ENSNFUP00015002426.1
105023,107379099,ENSNFUG00015004342,-,-,XP_015805179.1,ENSNFUP00015008904.1
105023,107379113,ENSNFUG00015004534,-,-,-,-
105023,107379116,ENSNFUG00015004559,-,-,-,-
105023,107379122,ENSNFUG00015004588,-,-,-,-
105023,107379123,ENSNFUG00015004595,-,-,XP_015805206.1,ENSNFUP00015009451.1
105023,107379124,ENSNFUG00015001218,-,-,-,-
105023,107379124,ENSNFUG00015001218,-,-,XP_015805210.1,ENSNFUP00015002309.1
105023,107379126,ENSNFUG00015004609,-,-,XP_015805208.1,ENSNFUP00015009488.1
105023,107379128,ENSNFUG00015004619,-,-,-,-
105023,107379129,ENSNFUG00015004625,-,-,-,-
105023,107379130,ENSNFUG00015004629,-,-,XP_015805215.1,ENSNFUP00015009522.1
105023,107379131,ENSNFUG00015004631,-,-,XP_015805216.1,ENSNFUP00015009527.1
105023,107379138,ENSNFUG00015004646,-,-,-,-
105023,107379139,ENSNFUG00015004653,-,-,XP_015805224.1,ENSNFUP00015009584.1
105023,107379142,ENSNFUG00015004821,-,-,-,-
105023,107379143,ENSNFUG00015004893,-,-,-,-
105023,107379145,ENSNFUG00015004925,-,-,XP_015805233.1,ENSNFUP00015010070.1
105023,107379147,ENSNFUG00015005066,-,-,-,-
105023,107379148,ENSNFUG00015005005,-,-,-,-
105023,107379152,ENSNFUG00015005264,-,-,-,-
105023,107379153,ENSNFUG00015001284,-,-,XP_015805248.1,ENSNFUP00015002439.1
105023,107379154,ENSNFUG00015005306,-,-,-,-
105023,107379155,ENSNFUG00015005329,-,-,XP_015805249.1,ENSNFUP00015010809.1
105023,107379157,ENSNFUG00015005346,-,-,-,-
105023,107379159,ENSNFUG00015005395,-,-,-,-
105023,107379161,ENSNFUG00015001314,-,-,XP_015805280.1,ENSNFUP00015002646.1
105023,107379161,ENSNFUG00015001314,-,-,XP_015805306.1,ENSNFUP00015002822.1
105023,107379162,ENSNFUG00015005415,-,-,XP_015805260.1,ENSNFUP00015010997.1
105023,107379167,ENSNFUG00015005490,-,-,-,-
105023,107379170,ENSNFUG00015009106,-,-,-,-
105023,107379171,ENSNFUG00015009144,-,-,XP_015805273.1,ENSNFUP00015019013.1
105023,107379172,ENSNFUG00015009166,-,-,-,-
105023,107379173,ENSNFUG00015009191,-,-,XP_015805278.1,ENSNFUP00015019090.1
105023,107379176,ENSNFUG00015009256,-,-,XP_015805281.1,ENSNFUP00015019158.1
105023,107379177,ENSNFUG00015009302,-,-,-,-
105023,107379182,ENSNFUG00015010963,-,-,-,-
105023,107379183,ENSNFUG00015011015,-,-,XP_015805290.1,ENSNFUP00015022825.1
105023,107379185,ENSNFUG00015011096,-,-,XP_015805294.1,ENSNFUP00015022944.1
105023,107379187,ENSNFUG00015011512,-,-,XP_015805299.1,ENSNFUP00015023786.1
105023,107379189,ENSNFUG00015011526,-,-,XP_015805301.1,ENSNFUP00015023801.1
105023,107379192,ENSNFUG00015011919,-,-,-,-
105023,107379193,ENSNFUG00015016739,-,-,-,-
105023,107379194,ENSNFUG00015016748,-,-,XP_015805311.1,ENSNFUP00015034342.1
105023,107379196,ENSNFUG00015016751,-,-,-,-
105023,107379197,ENSNFUG00015001548,-,-,XP_015805318.1,ENSNFUP00015003406.1
105023,107379200,ENSNFUG00015016774,-,-,-,-
105023,107379201,ENSNFUG00015016833,-,-,XP_015805321.1,ENSNFUP00015034576.1
105023,107379204,ENSNFUG00015001548,-,-,XP_015805330.1,ENSNFUP00015003630.1
105023,107379205,ENSNFUG00015016872,-,-,-,-
105023,107379207,ENSNFUG00015017086,-,-,-,-
105023,107379208,ENSNFUG00015017256,-,-,XP_015805337.1,ENSNFUP00015035523.1
105023,107379209,ENSNFUG00015017260,-,-,XP_015805350.1,ENSNFUP00015035541.1
105023,107379210,ENSNFUG00015017459,-,-,-,-
105023,107379211,ENSNFUG00015017287,-,-,-,-
105023,107379212,ENSNFUG00015018522,-,-,-,-
105023,107379214,ENSNFUG00015019435,-,-,XP_015805360.1,ENSNFUP00015040483.1
105023,107379215,ENSNFUG00015001476,-,-,XP_015805364.1,ENSNFUP00015002903.1
105023,107379216,ENSNFUG00015019426,-,-,XP_015805362.1,ENSNFUP00015040444.1
105023,107379217,ENSNFUG00015019422,-,-,-,-
105023,107379218,ENSNFUG00015019396,-,-,XP_015805365.1,ENSNFUP00015040359.1
105023,107379220,ENSNFUG00015019428,-,-,-,-
105023,107379222,ENSNFUG00015019449,-,-,-,-
105023,107379223,ENSNFUG00015019454,-,-,XP_015805371.1,ENSNFUP00015040526.1
105023,107379224,ENSNFUG00015001851,-,-,XP_015805376.1,ENSNFUP00015003675.1
105023,107379225,ENSNFUG00015019460,-,-,-,-
105023,107379227,ENSNFUG00015019469,-,-,XP_015805375.1,ENSNFUP00015040567.1
105023,107379236,ENSNFUG00015019848,-,-,XP_015805386.1,ENSNFUP00015041329.1
105023,107379237,ENSNFUG00015019875,-,-,XP_015805388.1,ENSNFUP00015041526.1
105023,107379239,ENSNFUG00015019938,-,-,XP_015805390.1,ENSNFUP00015041575.1
105023,107379240,ENSNFUG00015019934,-,-,-,-
105023,107379245,ENSNFUG00015020219,-,-,XP_015805403.1,ENSNFUP00015042167.1
105023,107379246,ENSNFUG00015020234,-,-,XP_015805404.1,ENSNFUP00015042193.1
105023,107379247,ENSNFUG00015020240,-,-,-,-
105023,107379251,ENSNFUG00015009985,-,-,XP_015805416.1,ENSNFUP00015020584.1
105023,107379253,ENSNFUG00015010054,-,-,-,-
105023,107379254,ENSNFUG00015009998,-,-,-,-
105023,107379255,ENSNFUG00015010647,-,-,-,-
105023,107379257,ENSNFUG00015001881,-,-,XP_015805425.1,ENSNFUP00015003724.1
105023,107379264,ENSNFUG00015010790,-,-,XP_015805436.1,ENSNFUP00015022921.1
105023,107379265,ENSNFUG00015001123,-,-,-,-
105023,107379266,ENSNFUG00015011236,-,-,XP_015805437.1,ENSNFUP00015023244.1
105023,107379267,ENSNFUG00015011263,-,-,-,-
105023,107379269,ENSNFUG00015011303,-,-,-,-
105023,107379272,ENSNFUG00015011396,-,-,-,-
105023,107379273,ENSNFUG00015011943,-,-,-,-
105023,107379274,ENSNFUG00015011952,-,-,-,-
105023,107379276,ENSNFUG00015011967,-,-,-,-
105023,107379279,ENSNFUG00015011987,-,-,XP_015805454.1,ENSNFUP00015024756.1
105023,107379281,ENSNFUG00015012001,-,-,-,-
105023,107379282,ENSNFUG00015012017,-,-,-,-
105023,107379283,ENSNFUG00015012024,-,-,-,-
105023,107379284,ENSNFUG00015012029,-,-,-,-
105023,107379288,ENSNFUG00015012094,-,-,-,-
105023,107379289,ENSNFUG00015012226,-,-,-,-
105023,107379290,ENSNFUG00015012442,-,-,-,-
105023,107379292,ENSNFUG00015001934,-,-,XP_015805477.1,ENSNFUP00015003819.1
105023,107379293,ENSNFUG00015012459,-,-,-,-
105023,107379294,ENSNFUG00015012477,-,-,-,-
105023,107379304,ENSNFUG00015012569,-,-,-,-
105023,107379305,ENSNFUG00015012646,-,-,-,-
105023,107379306,ENSNFUG00015012661,-,-,-,-
105023,107379307,ENSNFUG00015012664,-,-,-,-
105023,107379310,ENSNFUG00015012694,-,-,XP_015805501.1,ENSNFUP00015026186.1
105023,107379314,ENSNFUG00015012726,-,-,XP_015805504.1,ENSNFUP00015026241.1
105023,107379315,ENSNFUG00015012746,-,-,XP_015805505.1,ENSNFUP00015026318.1
105023,107379315,ENSNFUG00015012746,-,-,XP_015805506.1,ENSNFUP00015026298.1
105023,107379315,ENSNFUG00015012746,-,-,XP_015805509.1,ENSNFUP00015026329.1
105023,107379316,ENSNFUG00015012778,-,-,XP_015805511.1,ENSNFUP00015026340.1
105023,107379317,ENSNFUG00015012794,-,-,XP_015805512.1,ENSNFUP00015026381.1
105023,107379320,ENSNFUG00015001956,-,-,XP_015805520.1,ENSNFUP00015003875.1
105023,107379321,ENSNFUG00015012817,-,-,-,-
105023,107379323,ENSNFUG00015013000,-,-,XP_015805521.1,ENSNFUP00015027462.1
105023,107379323,ENSNFUG00015013000,-,-,XP_015805522.1,ENSNFUP00015027482.1
105023,107379324,ENSNFUG00015013000,-,-,XP_015805523.1,ENSNFUP00015034487.1
105023,107379325,ENSNFUG00015016836,-,-,XP_015805524.1,ENSNFUP00015034589.1
105023,107379329,ENSNFUG00015016856,-,-,XP_015805527.1,ENSNFUP00015034610.1
105023,107379330,ENSNFUG00015002003,-,-,XP_015805531.1,ENSNFUP00015003988.1
105023,107379331,ENSNFUG00015016910,-,-,-,-
105023,107379332,ENSNFUG00015018064,-,-,-,-
105023,107379333,ENSNFUG00015020123,-,-,XP_015805532.1,ENSNFUP00015041931.1
105023,107379334,ENSNFUG00015020128,-,-,XP_015805534.1,ENSNFUP00015041941.1
105023,107379335,ENSNFUG00015020131,-,-,XP_015805536.1,ENSNFUP00015041957.1
105023,107379336,ENSNFUG00015020135,-,-,-,-
105023,107379339,ENSNFUG00015020180,-,-,-,-
105023,107379340,ENSNFUG00015020177,-,-,-,-
105023,107379342,ENSNFUG00015020184,-,-,XP_015805544.1,ENSNFUP00015042082.1
105023,107379343,ENSNFUG00015020193,-,-,XP_015805545.1,ENSNFUP00015042098.1
105023,107379345,ENSNFUG00015020196,-,-,-,-
105023,107379346,ENSNFUG00015020200,-,-,XP_015805547.1,ENSNFUP00015042108.1
105023,107379347,ENSNFUG00015020203,-,-,XP_015805548.1,ENSNFUP00015042114.1
105023,107379348,ENSNFUG00015001073,-,-,XP_015805589.1,ENSNFUP00015001953.1
105023,107379350,ENSNFUG00015020230,-,-,-,-
105023,107379351,ENSNFUG00015020894,-,-,-,-
105023,107379352,ENSNFUG00015020891,-,-,-,-
105023,107379353,ENSNFUG00015000154,-,-,XP_015805554.1,ENSNFUP00015000350.1
105023,107379355,ENSNFUG00015000327,-,-,-,-
105023,107379356,ENSNFUG00015000347,-,-,-,-
105023,107379357,ENSNFUG00015002038,-,-,XP_015805566.1,ENSNFUP00015004108.1
105023,107379358,ENSNFUG00015000370,-,-,-,-
105023,107379361,ENSNFUG00015000432,-,-,XP_015805567.1,ENSNFUP00015000769.1
105023,107379362,ENSNFUG00015000488,-,-,XP_015805568.1,ENSNFUP00015000787.1
105023,107379364,ENSNFUG00015000661,-,-,-,-
105023,107379365,ENSNFUG00015000897,-,-,XP_015805571.1,ENSNFUP00015001571.1
105023,107379367,ENSNFUG00015000938,-,-,-,-
105023,107379367,ENSNFUG00015000938,-,-,XP_015805576.1,ENSNFUP00015001906.1
105023,107379368,ENSNFUG00015001054,-,-,XP_015805577.1,ENSNFUP00015001923.1
105023,107379370,ENSNFUG00015001069,-,-,-,-
105023,107379371,ENSNFUG00015001077,-,-,XP_015805580.1,ENSNFUP00015001961.1
105023,107379372,ENSNFUG00015001090,-,-,XP_015805581.1,ENSNFUP00015001991.1
105023,107379372,ENSNFUG00015001090,-,-,XP_015805582.1,ENSNFUP00015001986.1
105023,107379373,ENSNFUG00015002103,-,-,XP_015805585.1,ENSNFUP00015004204.1
105023,107379374,ENSNFUG00015001097,-,-,XP_015805583.1,ENSNFUP00015001999.1
105023,107379375,ENSNFUG00015001103,-,-,XP_015805584.1,ENSNFUP00015002016.1
105023,107379377,ENSNFUG00015001119,-,-,XP_015805587.1,ENSNFUP00015002039.1
105023,107379378,ENSNFUG00015001177,-,-,XP_015805588.1,ENSNFUP00015002553.1
105023,107379379,ENSNFUG00015001344,-,-,XP_015805591.1,ENSNFUP00015002612.1
105023,107379380,ENSNFUG00015001347,-,-,XP_015805592.1,ENSNFUP00015002619.1
105023,107379381,ENSNFUG00015002143,-,-,XP_015805597.1,ENSNFUP00015004302.1
105023,107379383,ENSNFUG00015001356,-,-,XP_015805593.1,ENSNFUP00015002651.1
105023,107379383,ENSNFUG00015001356,-,-,XP_015805594.1,ENSNFUP00015002678.1
105023,107379383,ENSNFUG00015001356,-,-,XP_015805596.1,ENSNFUP00015002663.1
105023,107379384,ENSNFUG00015001376,-,-,XP_015805598.1,ENSNFUP00015002687.1
105023,107379385,ENSNFUG00015001382,-,-,XP_015805599.1,ENSNFUP00015002697.1
105023,107379386,ENSNFUG00015001391,-,-,XP_015805600.1,ENSNFUP00015002714.1
105023,107379387,ENSNFUG00015001385,-,-,XP_015805602.1,ENSNFUP00015002704.1
105023,107379388,ENSNFUG00015001403,-,-,XP_015805603.1,ENSNFUP00015002777.1
105023,107379388,ENSNFUG00015001403,-,-,XP_015805604.1,ENSNFUP00015002792.1
105023,107379388,ENSNFUG00015001403,-,-,XP_015805606.1,ENSNFUP00015002768.1
105023,107379388,ENSNFUG00015001403,-,-,XP_015805607.1,ENSNFUP00015002785.1
105023,107379391,ENSNFUG00015001434,-,-,XP_015805608.1,ENSNFUP00015002829.1
105023,107379392,ENSNFUG00015001446,-,-,-,-
105023,107379393,ENSNFUG00015001473,-,-,XP_015805613.1,ENSNFUP00015002901.1
105023,107379394,ENSNFUG00015001480,-,-,XP_015805614.1,ENSNFUP00015002907.1
105023,107379395,ENSNFUG00015001509,-,-,-,-
105023,107379396,ENSNFUG00015001487,-,-,-,-
105023,107379397,ENSNFUG00015001503,-,-,XP_015805619.1,ENSNFUP00015002936.1
105023,107379398,ENSNFUG00015001521,-,-,XP_015805620.1,ENSNFUP00015002962.1
105023,107379399,ENSNFUG00015001518,-,-,XP_015805621.1,ENSNFUP00015002953.1
105023,107379408,ENSNFUG00015001533,-,-,XP_015805625.1,ENSNFUP00015003005.1
105023,107379409,ENSNFUG00015001540,-,-,-,-
105023,107379410,ENSNFUG00015001554,-,-,XP_015805627.1,ENSNFUP00015003037.1
105023,107379411,ENSNFUG00015002237,-,-,XP_015805631.1,ENSNFUP00015004438.1
105023,107379412,ENSNFUG00015001566,-,-,XP_015805628.1,ENSNFUP00015003058.1
105023,107379414,ENSNFUG00015001585,-,-,XP_015805630.1,ENSNFUP00015003076.1
105023,107379415,ENSNFUG00015001591,-,-,-,-
105023,107379416,ENSNFUG00015001596,-,-,-,-
105023,107379418,ENSNFUG00015001637,-,-,XP_015805635.1,ENSNFUP00015003179.1
105023,107379419,ENSNFUG00015001658,-,-,XP_015805637.1,ENSNFUP00015003271.1
105023,107379420,ENSNFUG00015001699,-,-,-,-
105023,107379422,ENSNFUG00015001710,-,-,-,-
105023,107379424,ENSNFUG00015001780,-,-,XP_015805644.1,ENSNFUP00015003493.1
105023,107379426,ENSNFUG00015001800,-,-,XP_015805651.1,ENSNFUP00015003528.1
105023,107379428,ENSNFUG00015001802,-,-,-,-
105023,107379430,ENSNFUG00015001819,-,-,XP_015805658.1,ENSNFUP00015003599.1
105023,107379432,ENSNFUG00015001827,-,-,-,-
105023,107379435,ENSNFUG00015002545,-,-,XP_015805671.1,ENSNFUP00015007936.1
105023,107379436,ENSNFUG00015002096,-,-,XP_015805668.1,ENSNFUP00015004174.1
105023,107379436,ENSNFUG00015002096,-,-,XP_015805670.1,ENSNFUP00015004180.1
105023,107379440,ENSNFUG00015002131,-,-,-,-
105023,107379441,ENSNFUG00015002147,-,-,XP_015805680.1,ENSNFUP00015004274.1
105023,107379442,ENSNFUG00015002121,-,-,XP_015805682.1,ENSNFUP00015004220.1
105023,107379443,ENSNFUG00015002195,-,-,-,-
105023,107379444,ENSNFUG00015002287,-,-,-,-
105023,107379445,ENSNFUG00015002376,-,-,XP_015805687.1,ENSNFUP00015005247.1
105023,107379446,ENSNFUG00015002677,-,-,-,-
105023,107379454,ENSNFUG00015002713,-,-,XP_015805699.1,ENSNFUP00015005404.1
105023,107379456,ENSNFUG00015000190,-,-,-,-
105023,107379458,ENSNFUG00015000267,-,-,XP_015805704.1,ENSNFUP00015000329.1
105023,107379461,ENSNFUG00015000413,-,-,-,-
105023,107379462,ENSNFUG00015000563,-,-,XP_015805712.1,ENSNFUP00015000935.1
105023,107379463,ENSNFUG00015000579,-,-,XP_015805713.1,ENSNFUP00015000950.1
105023,107379465,ENSNFUG00015003941,-,-,XP_015805717.1,ENSNFUP00015008034.1
105023,107379466,ENSNFUG00015000748,-,-,XP_015805714.1,ENSNFUP00015001850.1
105023,107379466,ENSNFUG00015000748,-,-,XP_015805715.1,ENSNFUP00015001770.1
105023,107379468,ENSNFUG00015001061,-,-,-,-
105023,107379469,ENSNFUG00015001066,-,-,-,-
105023,107379470,ENSNFUG00015001071,-,-,XP_015805722.1,ENSNFUP00015001951.1
105023,107379471,ENSNFUG00015001139,-,-,-,-
105023,107379472,ENSNFUG00015001313,-,-,XP_015805725.1,ENSNFUP00015002542.1
105023,107379472,ENSNFUG00015001313,-,-,XP_015805726.1,ENSNFUP00015002529.1
105023,107379474,ENSNFUG00015001088,-,-,-,-
105023,107379475,ENSNFUG00015001327,-,-,-,-
105023,107379478,ENSNFUG00015001432,-,-,XP_015805732.1,ENSNFUP00015003331.1
105023,107379478,ENSNFUG00015001432,-,-,XP_015805733.1,ENSNFUP00015003357.1
105023,107379483,ENSNFUG00015001787,-,-,XP_015805739.1,ENSNFUP00015003514.1
105023,107379485,ENSNFUG00015011568,-,-,-,-
105023,107379487,ENSNFUG00015001803,-,-,-,-
105023,107379490,ENSNFUG00015002276,-,-,-,-
105023,107379491,ENSNFUG00015001967,-,-,XP_015805752.1,ENSNFUP00015004163.1
105023,107379491,ENSNFUG00015001967,-,-,XP_015805753.1,ENSNFUP00015004172.1
105023,107379492,ENSNFUG00015002211,-,-,XP_015805754.1,ENSNFUP00015004466.1
105023,107379493,ENSNFUG00015002153,-,-,XP_015805756.1,ENSNFUP00015004332.1
105023,107379498,ENSNFUG00015002314,-,-,-,-
105023,107379499,ENSNFUG00015002349,-,-,-,-
105023,107379500,ENSNFUG00015002582,-,-,-,-
105023,107379501,ENSNFUG00015002595,-,-,-,-
105023,107379503,ENSNFUG00015003957,-,-,XP_015805774.1,ENSNFUP00015008096.1
105023,107379504,ENSNFUG00015002686,-,-,-,-
105023,107379505,ENSNFUG00015002697,-,-,XP_015805772.1,ENSNFUP00015005373.1
105023,107379511,ENSNFUG00015002749,-,-,-,-
105023,107379512,ENSNFUG00015002760,-,-,XP_015805779.1,ENSNFUP00015005574.1
105023,107379513,ENSNFUG00015002814,-,-,-,-
105023,107379515,ENSNFUG00015002902,-,-,XP_015805781.1,ENSNFUP00015006149.1
105023,107379515,ENSNFUG00015002902,-,-,XP_015805782.1,ENSNFUP00015006183.1
105023,107379524,ENSNFUG00015003168,-,-,XP_015805800.1,ENSNFUP00015006333.1
105023,107379525,ENSNFUG00015003164,-,-,-,-
105023,107379527,ENSNFUG00015003157,-,-,XP_015805802.1,ENSNFUP00015006319.1
105023,107379528,ENSNFUG00015003173,-,-,XP_015805803.1,ENSNFUP00015006342.1
105023,107379529,ENSNFUG00015003180,-,-,XP_015805804.1,ENSNFUP00015006353.1
105023,107379530,ENSNFUG00015003185,-,-,XP_015805807.1,ENSNFUP00015006367.1
105023,107379536,ENSNFUG00015004023,-,-,XP_015805816.1,ENSNFUP00015008533.1
105023,107379544,ENSNFUG00015003187,-,-,-,-
105023,107379545,ENSNFUG00015003193,-,-,-,-
105023,107379548,ENSNFUG00015014371,-,-,-,-
105023,107379550,ENSNFUG00015014209,-,-,XP_015805828.1,ENSNFUP00015029256.1
105023,107379551,ENSNFUG00015014391,-,-,XP_015805829.1,ENSNFUP00015029630.1
105023,107379553,ENSNFUG00015014789,-,-,-,-
105023,107379555,ENSNFUG00015014836,-,-,-,-
105023,107379556,ENSNFUG00015014872,-,-,XP_015805833.1,ENSNFUP00015031393.1
105023,107379561,ENSNFUG00015015437,-,-,XP_015805842.1,ENSNFUP00015031611.1
105023,107379564,ENSNFUG00015015487,-,-,XP_015805845.1,ENSNFUP00015031741.1
105023,107379566,ENSNFUG00015015577,-,-,XP_015805847.1,ENSNFUP00015031868.1
105023,107379569,ENSNFUG00015015775,-,-,XP_015805851.1,ENSNFUP00015032203.1
105023,107379570,ENSNFUG00015015789,-,-,XP_015805853.1,ENSNFUP00015032319.1
105023,107379572,ENSNFUG00015020517,-,-,XP_015805856.1,ENSNFUP00015042838.1
105023,107379576,ENSNFUG00015020525,-,-,XP_015805860.1,ENSNFUP00015042858.1
105023,107379579,ENSNFUG00015020531,-,-,-,-
105023,107379580,ENSNFUG00015020543,-,-,XP_015805872.1,ENSNFUP00015042907.1
105023,107379581,ENSNFUG00015020567,-,-,-,-
105023,107379583,ENSNFUG00015004210,-,-,XP_015805896.1,ENSNFUP00015008661.1
105023,107379585,ENSNFUG00015020860,-,-,-,-
105023,107379587,ENSNFUG00015021802,-,-,-,-
105023,107379588,ENSNFUG00015022032,-,-,XP_015805882.1,ENSNFUP00015046465.1
105023,107379589,ENSNFUG00015022075,-,-,-,-
105023,107379590,ENSNFUG00015022122,-,-,-,-
105023,107379591,ENSNFUG00015022042,-,-,XP_015805889.1,ENSNFUP00015046477.1
105023,107379594,ENSNFUG00015022132,-,-,XP_015805899.1,ENSNFUP00015046699.1
105023,107379595,ENSNFUG00015022142,-,-,-,-
105023,107379596,ENSNFUG00015022144,-,-,-,-
105023,107379598,ENSNFUG00015022149,-,-,XP_015805904.1,ENSNFUP00015046799.1
105023,107379599,ENSNFUG00015022170,-,-,-,-
105023,107379600,ENSNFUG00015022194,-,-,-,-
105023,107379603,ENSNFUG00015022568,-,-,-,-
105023,107379604,ENSNFUG00015004254,-,-,-,-
105023,107379606,ENSNFUG00015022571,-,-,XP_015805914.1,ENSNFUP00015047817.1
105023,107379607,ENSNFUG00015022578,-,-,-,-
105023,107379608,ENSNFUG00015008989,-,-,-,-
105023,107379609,ENSNFUG00015009008,-,-,XP_015805918.1,ENSNFUP00015018820.1
105023,107379610,ENSNFUG00015009039,-,-,XP_015805920.1,ENSNFUP00015018849.1
105023,107379613,ENSNFUG00015012239,-,-,-,-
105023,107379614,ENSNFUG00015012300,-,-,XP_015805928.1,ENSNFUP00015025434.1
105023,107379615,ENSNFUG00015012274,-,-,XP_015805929.1,ENSNFUP00015025420.1
105023,107379616,ENSNFUG00015012302,-,-,XP_015805932.1,ENSNFUP00015025441.1
105023,107379617,ENSNFUG00015012311,-,-,XP_015805933.1,ENSNFUP00015025467.1
105023,107379618,ENSNFUG00015012317,-,-,-,-
105023,107379619,ENSNFUG00015012333,-,-,-,-
105023,107379620,ENSNFUG00015012348,-,-,-,-
105023,107379621,ENSNFUG00015012342,-,-,-,-
105023,107379622,ENSNFUG00015012366,-,-,XP_015805944.1,ENSNFUP00015025723.1
105023,107379624,ENSNFUG00015012538,-,-,-,-
105023,107379626,ENSNFUG00015013080,-,-,-,-
105023,107379628,ENSNFUG00015013113,-,-,XP_015805951.1,ENSNFUP00015027302.1
105023,107379631,ENSNFUG00015013255,-,-,-,-
105023,107379633,ENSNFUG00015013273,-,-,-,-
105023,107379634,ENSNFUG00015013634,-,-,-,-
105023,107379636,ENSNFUG00015014645,-,-,XP_015805963.1,ENSNFUP00015030212.1
105023,107379637,ENSNFUG00015004350,-,-,XP_015805967.1,ENSNFUP00015008935.1
105023,107379638,ENSNFUG00015014756,-,-,-,-
105023,107379640,ENSNFUG00015014901,-,-,-,-
105023,107379642,ENSNFUG00015015008,-,-,XP_015805972.1,ENSNFUP00015030749.1
105023,107379643,ENSNFUG00015015061,-,-,-,-
105023,107379647,ENSNFUG00015015689,-,-,-,-
105023,107379648,ENSNFUG00015015721,-,-,XP_015805978.1,ENSNFUP00015032163.1
105023,107379649,ENSNFUG00015001011,-,-,XP_015806019.1,ENSNFUP00015001908.1
105023,107379651,ENSNFUG00015016326,-,-,-,-
105023,107379652,ENSNFUG00015015767,-,-,-,-
105023,107379657,ENSNFUG00015017157,-,-,XP_015805991.1,ENSNFUP00015035297.1
105023,107379658,ENSNFUG00015017177,-,-,-,-
105023,107379659,ENSNFUG00015017418,-,-,XP_015805995.1,ENSNFUP00015035939.1
105023,107379661,ENSNFUG00015017440,-,-,-,-
105023,107379664,ENSNFUG00015017515,-,-,XP_015806003.1,ENSNFUP00015036132.1
105023,107379673,ENSNFUG00015003265,-,-,-,-
105023,107379674,ENSNFUG00015003253,-,-,XP_015806018.1,ENSNFUP00015006529.1
105023,107379675,ENSNFUG00015003314,-,-,-,-
105023,107379679,ENSNFUG00015003379,-,-,-,-
105023,107379681,ENSNFUG00015003384,-,-,XP_015806029.1,ENSNFUP00015006839.1
105023,107379682,ENSNFUG00015003414,-,-,XP_015806030.1,ENSNFUP00015006918.1
105023,107379685,ENSNFUG00015003490,-,-,XP_015806033.1,ENSNFUP00015007050.1
105023,107379685,ENSNFUG00015003490,-,-,XP_015806035.1,ENSNFUP00015007052.1
105023,107379685,ENSNFUG00015003490,-,-,XP_015806036.1,ENSNFUP00015007054.1
105023,107379687,ENSNFUG00015003507,-,-,-,-
105023,107379688,ENSNFUG00015003512,-,-,XP_015806042.1,ENSNFUP00015007080.1
105023,107379691,ENSNFUG00015004628,-,-,XP_015806049.1,ENSNFUP00015009524.1
105023,107379693,ENSNFUG00015009124,-,-,XP_015806048.1,ENSNFUP00015018982.1
105023,107379694,ENSNFUG00015009089,-,-,-,-
105023,107379695,ENSNFUG00015009076,-,-,XP_015806055.1,ENSNFUP00015018898.1
105023,107379696,ENSNFUG00015009197,-,-,XP_015806056.1,ENSNFUP00015019267.1
105023,107379700,ENSNFUG00015009520,-,-,-,-
105023,107379701,ENSNFUG00015010707,-,-,-,-
105023,107379703,ENSNFUG00015010744,-,-,-,-
105023,107379707,ENSNFUG00015011008,-,-,-,-
105023,107379708,ENSNFUG00015011254,-,-,XP_015806083.1,ENSNFUP00015028657.1
105023,107379711,ENSNFUG00015013986,-,-,-,-
105023,107379713,ENSNFUG00015014001,-,-,XP_015806087.1,ENSNFUP00015028940.1
105023,107379715,ENSNFUG00015014194,-,-,-,-
105023,107379716,ENSNFUG00015014020,-,-,-,-
105023,107379719,ENSNFUG00015011182,-,-,-,-
105023,107379720,ENSNFUG00015012130,-,-,-,-
105023,107379722,ENSNFUG00015011215,-,-,-,-
105023,107379723,ENSNFUG00015000986,-,-,-,-
105023,107379724,ENSNFUG00015009625,-,-,-,-
105023,107379725,ENSNFUG00015011434,-,-,-,-
105023,107379727,ENSNFUG00015011830,-,-,-,-
105023,107379728,ENSNFUG00015004858,-,-,XP_015806113.1,ENSNFUP00015009898.1
105023,107379729,ENSNFUG00015010554,-,-,-,-
105023,107379730,ENSNFUG00015011781,-,-,XP_015806110.1,ENSNFUP00015024362.1
105023,107379730,ENSNFUG00015011781,-,-,XP_015806112.1,ENSNFUP00015024375.1
105023,107379732,ENSNFUG00015012176,-,-,XP_015806117.1,ENSNFUP00015025248.1
105023,107379732,ENSNFUG00015012176,-,-,XP_015806118.1,ENSNFUP00015025253.1
105023,107379733,ENSNFUG00015010674,-,-,XP_015806121.1,ENSNFUP00015022331.1
105023,107379734,ENSNFUG00015004961,-,-,XP_015806126.1,ENSNFUP00015010086.1
105023,107379735,ENSNFUG00015011912,-,-,XP_015806122.1,ENSNFUP00015024992.1
105023,107379736,ENSNFUG00015010546,-,-,-,-
105023,107379738,ENSNFUG00015010644,-,-,-,-
105023,107379739,ENSNFUG00015010629,-,-,-,-
105023,107379740,ENSNFUG00015011707,-,-,XP_015806129.1,ENSNFUP00015024301.1
105023,107379741,ENSNFUG00015011807,-,-,XP_015806130.1,ENSNFUP00015024410.1
105023,107379742,ENSNFUG00015010860,-,-,XP_015806131.1,ENSNFUP00015022927.1
105023,107379743,ENSNFUG00015010534,-,-,-,-
105023,107379744,ENSNFUG00015011403,-,-,-,-
105023,107379747,ENSNFUG00015011773,-,-,XP_015806140.1,ENSNFUP00015024344.1
105023,107379748,ENSNFUG00015011821,-,-,XP_015806141.1,ENSNFUP00015024423.1
105023,107379749,ENSNFUG00015012126,-,-,XP_015806144.1,ENSNFUP00015025107.1
105023,107379750,ENSNFUG00015010606,-,-,XP_015806145.1,ENSNFUP00015021858.1
105023,107379751,ENSNFUG00015012142,-,-,XP_015806146.1,ENSNFUP00015025141.1
105023,107379752,ENSNFUG00015010594,-,-,-,-
105023,107379754,ENSNFUG00015012120,-,-,-,-
105023,107379757,ENSNFUG00015011800,-,-,XP_015806152.1,ENSNFUP00015024397.1
105023,107379760,ENSNFUG00015012228,-,-,XP_015806153.1,ENSNFUP00015025290.1
105023,107379762,ENSNFUG00015008411,-,-,XP_015806154.1,ENSNFUP00015017616.1
105023,107379763,ENSNFUG00015008418,-,-,XP_015806156.1,ENSNFUP00015017629.1
105023,107379765,ENSNFUG00015008427,-,-,XP_015806159.1,ENSNFUP00015017644.1
105023,107379766,ENSNFUG00015008441,-,-,XP_015806160.1,ENSNFUP00015017664.1
105023,107379769,ENSNFUG00015008458,-,-,XP_015806164.1,ENSNFUP00015017698.1
105023,107379773,ENSNFUG00015008507,-,-,XP_015806172.1,ENSNFUP00015017861.1
105023,107379774,ENSNFUG00015008538,-,-,XP_015806173.1,ENSNFUP00015017868.1
105023,107379779,ENSNFUG00015004977,-,-,XP_015806181.1,ENSNFUP00015010172.1
105023,107379781,ENSNFUG00015008585,-,-,XP_015806179.1,ENSNFUP00015017992.1
105023,107379782,ENSNFUG00015008637,-,-,XP_015806183.1,ENSNFUP00015019564.1
105023,107379783,ENSNFUG00015009734,-,-,XP_015806184.1,ENSNFUP00015020133.1
105023,107379789,ENSNFUG00015005099,-,-,XP_015806193.1,ENSNFUP00015010998.1
105023,107379789,ENSNFUG00015005099,-,-,XP_015806200.1,ENSNFUP00015011013.1
105023,107379789,ENSNFUG00015005099,-,-,XP_015806208.1,ENSNFUP00015011034.1
105023,107379789,ENSNFUG00015005099,-,-,XP_015806216.1,ENSNFUP00015011051.1
105023,107379789,ENSNFUG00015005099,-,-,XP_015806224.1,ENSNFUP00015011065.1
105023,107379796,ENSNFUG00015010227,-,-,XP_015806199.1,ENSNFUP00015021050.1
105023,107379800,ENSNFUG00015010277,-,-,-,-
105023,107379801,ENSNFUG00015010293,-,-,XP_015806206.1,ENSNFUP00015021202.1
105023,107379806,ENSNFUG00015010423,-,-,XP_015806212.1,ENSNFUP00015021455.1
105023,107379807,ENSNFUG00015010462,-,-,XP_015806214.1,ENSNFUP00015022157.1
105023,107379808,ENSNFUG00015010901,-,-,XP_015806217.1,ENSNFUP00015022537.1
105023,107379811,ENSNFUG00015010931,-,-,XP_015806220.1,ENSNFUP00015022596.1
105023,107379821,ENSNFUG00015011121,-,-,XP_015806233.1,ENSNFUP00015023385.1
105023,107379822,ENSNFUG00015011346,-,-,XP_015806239.1,ENSNFUP00015023642.1
105023,107379824,ENSNFUG00015005518,-,-,XP_015806245.1,ENSNFUP00015011224.1
105023,107379824,ENSNFUG00015005518,-,-,XP_015806256.1,ENSNFUP00015011239.1
105023,107379826,ENSNFUG00015011928,-,-,XP_015806242.1,ENSNFUP00015024694.1
105023,107379829,ENSNFUG00015013709,-,-,XP_015806258.1,ENSNFUP00015029792.1
105023,107379830,ENSNFUG00015013477,-,-,XP_015806261.1,ENSNFUP00015028152.1
105023,107379831,ENSNFUG00015014603,-,-,XP_015806262.1,ENSNFUP00015030009.1
105023,107379832,ENSNFUG00015014641,-,-,XP_015806264.1,ENSNFUP00015030231.1
105023,107379833,ENSNFUG00015005500,-,-,-,-
105023,107379836,ENSNFUG00015014923,-,-,XP_015806271.1,ENSNFUP00015030828.1
105023,107379839,ENSNFUG00015015062,-,-,XP_015806275.1,ENSNFUP00015030869.1
105023,107379842,ENSNFUG00015015649,-,-,XP_015806279.1,ENSNFUP00015032038.1
105023,107379844,ENSNFUG00015015735,-,-,XP_015806281.1,ENSNFUP00015032125.1
105023,107379850,ENSNFUG00015015845,-,-,-,-
105023,107379853,ENSNFUG00015015881,-,-,XP_015806290.1,ENSNFUP00015032413.1
105023,107379856,ENSNFUG00015000168,-,-,XP_015806306.1,ENSNFUP00015000193.1
105023,107379859,ENSNFUG00015015962,-,-,XP_015806297.1,ENSNFUP00015032740.1
105023,107379865,ENSNFUG00015000256,-,-,XP_015806305.1,ENSNFUP00015000705.1
105023,107379866,ENSNFUG00015000469,-,-,XP_015806307.1,ENSNFUP00015000741.1
105023,107379871,ENSNFUG00015000610,-,-,XP_015806312.1,ENSNFUP00015001347.1
105023,107379872,ENSNFUG00015000811,-,-,XP_015806314.1,ENSNFUP00015001391.1
105023,107379877,ENSNFUG00015000835,-,-,XP_015806319.1,ENSNFUP00015001454.1
105023,107379878,ENSNFUG00015000866,-,-,XP_015806320.1,ENSNFUP00015001509.1
105023,107379879,ENSNFUG00015000201,-,-,XP_015806325.1,ENSNFUP00015000231.1
105023,107379880,ENSNFUG00015000847,-,-,XP_015806321.1,ENSNFUP00015001491.1
105023,107379881,ENSNFUG00015000875,-,-,XP_015806323.1,ENSNFUP00015001532.1
105023,107379887,ENSNFUG00015000901,-,-,XP_015806332.1,ENSNFUP00015001586.1
105023,107379888,ENSNFUG00015000514,-,-,XP_015806336.1,ENSNFUP00015002048.1
105023,107379888,ENSNFUG00015000514,-,-,XP_015806348.1,ENSNFUP00015002002.1
105023,107379888,ENSNFUG00015000514,-,-,XP_015806355.1,ENSNFUP00015001818.1
105023,107379890,ENSNFUG00015000918,-,-,-,-
105023,107379899,ENSNFUG00015001793,-,-,XP_015806342.1,ENSNFUP00015003526.1
105023,107379899,ENSNFUG00015001793,-,-,XP_015806343.1,ENSNFUP00015003519.1
105023,107379902,ENSNFUG00015001793,-,-,XP_015806346.1,ENSNFUP00015003533.1
105023,107379902,ENSNFUG00015001793,-,-,XP_015806347.1,ENSNFUP00015003542.1
105023,107379904,ENSNFUG00015002135,-,-,XP_015806350.1,ENSNFUP00015006085.1
105023,107379906,ENSNFUG00015003165,-,-,XP_015806352.1,ENSNFUP00015006326.1
105023,107379914,ENSNFUG00015003297,-,-,XP_015806360.1,ENSNFUP00015006627.1
105023,107379916,ENSNFUG00015000983,-,-,-,-
105023,107379917,ENSNFUG00015003311,-,-,XP_015806364.1,ENSNFUP00015006684.1
105023,107379918,ENSNFUG00015003331,-,-,XP_015806367.1,ENSNFUP00015006759.1
105023,107379920,ENSNFUG00015003369,-,-,XP_015806371.1,ENSNFUP00015006782.1
105023,107379921,ENSNFUG00015003371,-,-,XP_015806372.1,ENSNFUP00015006790.1
105023,107379922,ENSNFUG00015003375,-,-,XP_015806373.1,ENSNFUP00015006857.1
105023,107379923,ENSNFUG00015003404,-,-,XP_015806374.1,ENSNFUP00015006886.1
105023,107379925,ENSNFUG00015003418,-,-,XP_015806377.1,ENSNFUP00015006906.1
105023,107379926,ENSNFUG00015003425,-,-,XP_015806378.1,ENSNFUP00015006924.1
105023,107379931,ENSNFUG00015001143,-,-,XP_015806384.1,ENSNFUP00015002100.1
105023,107379933,ENSNFUG00015003467,-,-,XP_015806382.1,ENSNFUP00015007012.1
105023,107379934,ENSNFUG00015003474,-,-,XP_015806383.1,ENSNFUP00015007020.1
105023,107379940,ENSNFUG00015003489,-,-,XP_015806393.1,ENSNFUP00015007043.1
105023,107379961,ENSNFUG00015003368,-,-,XP_015806413.1,ENSNFUP00015006770.1
105023,107379964,ENSNFUG00015001185,-,-,XP_015806417.1,ENSNFUP00015002204.1
105023,107379974,ENSNFUG00015001228,-,-,XP_015806424.1,ENSNFUP00015002445.1
105023,107379975,ENSNFUG00015003546,-,-,XP_015806421.1,ENSNFUP00015007164.1
105023,107379976,ENSNFUG00015003550,-,-,-,-
105023,107379977,ENSNFUG00015003553,-,-,XP_015806423.1,ENSNFUP00015007179.1
105023,107379978,ENSNFUG00015003555,-,-,XP_015806425.1,ENSNFUP00015007189.1
105023,107379981,ENSNFUG00015003634,-,-,XP_015806431.1,ENSNFUP00015007918.1
105023,107379981,ENSNFUG00015003634,-,-,XP_015806439.1,ENSNFUP00015007958.1
105023,107379982,ENSNFUG00015001305,-,-,XP_015806437.1,ENSNFUP00015002504.1
105023,107379983,ENSNFUG00015000117,-,-,XP_015806440.1,ENSNFUP00015000115.1
105023,107379985,ENSNFUG00015000315,-,-,XP_015806442.1,ENSNFUP00015000601.1
105023,107379985,ENSNFUG00015000315,-,-,XP_015806443.1,ENSNFUP00015000575.1
105023,107379985,ENSNFUG00015000315,-,-,XP_015806444.1,ENSNFUP00015000581.1
105023,107379986,ENSNFUG00015000222,-,-,XP_015806446.1,ENSNFUP00015000261.1
105023,107379988,ENSNFUG00015000437,-,-,XP_015806447.1,ENSNFUP00015000706.1
105023,107379989,ENSNFUG00015000416,-,-,XP_015806448.1,ENSNFUP00015000612.1
105023,107379992,ENSNFUG00015000465,-,-,XP_015806452.1,ENSNFUP00015000733.1
105023,107379993,ENSNFUG00015000477,-,-,XP_015806453.1,ENSNFUP00015000778.1
105023,107379994,ENSNFUG00015000477,-,-,XP_015806454.1,ENSNFUP00015000783.1
105023,107380007,ENSNFUG00015000621,-,-,XP_015806471.1,ENSNFUP00015001027.1
105023,107380009,ENSNFUG00015000646,-,-,XP_015806476.1,ENSNFUP00015001084.1
105023,107380010,ENSNFUG00015000624,-,-,XP_015806477.1,ENSNFUP00015001034.1
105023,107380011,ENSNFUG00015000630,-,-,XP_015806478.1,ENSNFUP00015001060.1
105023,107380012,ENSNFUG00015000725,-,-,XP_015806481.1,ENSNFUP00015001249.1
105023,107380013,ENSNFUG00015001043,-,-,XP_015806494.1,ENSNFUP00015004602.1
105023,107380019,ENSNFUG00015002371,-,-,XP_015806499.1,ENSNFUP00015004705.1
105023,107380021,ENSNFUG00015002437,-,-,XP_015806502.1,ENSNFUP00015005408.1
105023,107380021,ENSNFUG00015002437,-,-,XP_015806503.1,ENSNFUP00015005427.1
105023,107380022,ENSNFUG00015002759,-,-,-,-
105023,107380026,ENSNFUG00015002796,-,-,XP_015806509.1,ENSNFUP00015005593.1
105023,107380028,ENSNFUG00015003254,-,-,XP_015806517.1,ENSNFUP00015009143.1
105023,107380028,ENSNFUG00015003254,-,-,XP_015806522.1,ENSNFUP00015009163.1
105023,107380033,ENSNFUG00015004570,-,-,XP_015806530.1,ENSNFUP00015009535.1
105023,107380034,ENSNFUG00015004813,-,-,XP_015806531.1,ENSNFUP00015011380.1
105023,107380035,ENSNFUG00015005711,-,-,XP_015806532.1,ENSNFUP00015011568.1
105023,107380036,ENSNFUG00015004645,-,-,XP_015806533.1,ENSNFUP00015009563.1
105023,107380038,ENSNFUG00015005739,-,-,-,-
105023,107380042,ENSNFUG00015006239,-,-,XP_015806543.1,ENSNFUP00015012701.1
105023,107380042,ENSNFUG00015006239,-,-,XP_015806544.1,ENSNFUP00015012709.1
105023,107380042,ENSNFUG00015006239,-,-,XP_015806547.1,ENSNFUP00015012714.1
105023,107380044,ENSNFUG00015006269,-,-,XP_015806549.1,ENSNFUP00015012773.1
105023,107380045,ENSNFUG00015006300,-,-,XP_015806550.1,ENSNFUP00015012819.1
105023,107380046,ENSNFUG00015006311,-,-,XP_015806553.1,ENSNFUP00015012857.1
105023,107380046,ENSNFUG00015006311,-,-,XP_015806555.1,ENSNFUP00015012850.1
105023,107380052,ENSNFUG00015006381,-,-,XP_015806563.1,ENSNFUP00015013011.1
105023,107380053,ENSNFUG00015000429,-,-,XP_015806564.1,ENSNFUP00015000793.1
105023,107380054,ENSNFUG00015000261,-,-,XP_015806566.1,ENSNFUP00015000482.1
105023,107380054,ENSNFUG00015000261,-,-,XP_015806567.1,ENSNFUP00015000514.1
105023,107380055,ENSNFUG00015000515,-,-,XP_015806568.1,ENSNFUP00015000835.1
105023,107380056,ENSNFUG00015000649,-,-,XP_015806570.1,ENSNFUP00015001376.1
105023,107380056,ENSNFUG00015000649,-,-,XP_015806571.1,ENSNFUP00015001372.1
105023,107380056,ENSNFUG00015000649,-,-,XP_015806572.1,ENSNFUP00015001429.1
105023,107380057,ENSNFUG00015000841,-,-,-,-
105023,107380058,ENSNFUG00015001522,-,-,XP_015806583.1,ENSNFUP00015003391.1
105023,107380059,ENSNFUG00015001114,-,-,-,-
105023,107380061,ENSNFUG00015001568,-,-,-,-
105023,107380075,ENSNFUG00015002435,-,-,XP_015806590.1,ENSNFUP00015005066.1
105023,107380076,ENSNFUG00015001764,-,-,XP_015806596.1,ENSNFUP00015003476.1
105023,107380079,ENSNFUG00015002696,-,-,XP_015806600.1,ENSNFUP00015005374.1
105023,107380080,ENSNFUG00015002704,-,-,XP_015806601.1,ENSNFUP00015005387.1
105023,107380081,ENSNFUG00015002714,-,-,XP_015806603.1,ENSNFUP00015005405.1
105023,107380082,ENSNFUG00015002735,-,-,XP_015806604.1,ENSNFUP00015005485.1
105023,107380082,ENSNFUG00015002735,-,-,XP_015806606.1,ENSNFUP00015005497.1
105023,107380083,ENSNFUG00015001789,-,-,XP_015806627.1,ENSNFUP00015003558.1
105023,107380083,ENSNFUG00015001789,-,-,XP_015806636.1,ENSNFUP00015003604.1
105023,107380084,ENSNFUG00015002765,-,-,XP_015806608.1,ENSNFUP00015005519.1
105023,107380085,ENSNFUG00015002777,-,-,-,-
105023,107380086,ENSNFUG00015002848,-,-,XP_015806621.1,ENSNFUP00015005944.1
105023,107380087,ENSNFUG00015002987,-,-,XP_015806622.1,ENSNFUP00015005970.1
105023,107380087,ENSNFUG00015002987,-,-,XP_015806624.1,ENSNFUP00015005980.1
105023,107380091,ENSNFUG00015003113,-,-,XP_015806630.1,ENSNFUP00015006661.1
105023,107380093,ENSNFUG00015003362,-,-,XP_015806632.1,ENSNFUP00015006762.1
105023,107380093,ENSNFUG00015003362,-,-,XP_015806633.1,ENSNFUP00015006766.1
105023,107380094,ENSNFUG00015000078,-,-,XP_015806634.1,ENSNFUP00015000082.1
105023,107380095,ENSNFUG00015000095,-,-,XP_015806635.1,ENSNFUP00015000093.1
105023,107380096,ENSNFUG00015000102,-,-,XP_015806637.1,ENSNFUP00015000101.1
105023,107380099,ENSNFUG00015000279,-,-,XP_015806642.1,ENSNFUP00015000352.1
105023,107380101,ENSNFUG00015001874,-,-,XP_015806648.1,ENSNFUP00015003922.1
105023,107380103,ENSNFUG00015000860,-,-,XP_015806652.1,ENSNFUP00015003309.1
105023,107380103,ENSNFUG00015000860,-,-,XP_015806654.1,ENSNFUP00015003274.1
105023,107380104,ENSNFUG00015002070,-,-,XP_015806662.1,ENSNFUP00015004431.1
105023,107380104,ENSNFUG00015002070,-,-,XP_015806685.1,ENSNFUP00015004452.1
105023,107380106,ENSNFUG00015001887,-,-,XP_015806659.1,ENSNFUP00015003757.1
105023,107380107,ENSNFUG00015001870,-,-,XP_015806663.1,ENSNFUP00015003710.1
105023,107380108,ENSNFUG00015001921,-,-,XP_015806664.1,ENSNFUP00015003781.1
105023,107380109,ENSNFUG00015001925,-,-,XP_015806665.1,ENSNFUP00015003788.1
105023,107380110,ENSNFUG00015001946,-,-,XP_015806666.1,ENSNFUP00015003854.1
105023,107380111,ENSNFUG00015001929,-,-,XP_015806667.1,ENSNFUP00015003796.1
105023,107380112,ENSNFUG00015002011,-,-,XP_015806668.1,ENSNFUP00015004012.1
105023,107380112,ENSNFUG00015002011,-,-,XP_015806669.1,ENSNFUP00015004027.1
105023,107380117,ENSNFUG00015002088,-,-,XP_015806673.1,ENSNFUP00015004212.1
105023,107380118,ENSNFUG00015002204,-,-,XP_015806674.1,ENSNFUP00015004450.1
105023,107380119,ENSNFUG00015002255,-,-,XP_015806675.1,ENSNFUP00015004464.1
105023,107380120,ENSNFUG00015002279,-,-,XP_015806678.1,ENSNFUP00015004557.1
105023,107380122,ENSNFUG00015002411,-,-,XP_015806681.1,ENSNFUP00015004834.1
105023,107380123,ENSNFUG00015002329,-,-,XP_015806683.1,ENSNFUP00015004695.1
105023,107380124,ENSNFUG00015002386,-,-,XP_015806684.1,ENSNFUP00015004805.1
105023,107380124,ENSNFUG00015002386,-,-,XP_015806686.1,ENSNFUP00015004821.1
105023,107380125,ENSNFUG00015002418,-,-,-,-
105023,107380127,ENSNFUG00015002433,-,-,XP_015806691.1,ENSNFUP00015004894.1
105023,107380128,ENSNFUG00015002489,-,-,XP_015806692.1,ENSNFUP00015005032.1
105023,107380129,ENSNFUG00015002544,-,-,XP_015806694.1,ENSNFUP00015005171.1
105023,107380131,ENSNFUG00015002633,-,-,XP_015806700.1,ENSNFUP00015005273.1
105023,107380132,ENSNFUG00015002659,-,-,XP_015806701.1,ENSNFUP00015005313.1
105023,107380133,ENSNFUG00015002645,-,-,XP_015806703.1,ENSNFUP00015005304.1
105023,107380134,ENSNFUG00015002720,-,-,XP_015806708.1,ENSNFUP00015005425.1
105023,107380135,ENSNFUG00015002675,-,-,XP_015806711.1,ENSNFUP00015005384.1
105023,107380136,ENSNFUG00015002758,-,-,XP_015806714.1,ENSNFUP00015005504.1
105023,107380137,ENSNFUG00015002787,-,-,XP_015806716.1,ENSNFUP00015005570.1
105023,107380138,ENSNFUG00015000808,-,-,XP_015806832.1,ENSNFUP00015001552.1
105023,107380139,ENSNFUG00015002746,-,-,XP_015806717.1,ENSNFUP00015005470.1
105023,107380141,ENSNFUG00015002816,-,-,XP_015806719.1,ENSNFUP00015005656.1
105023,107380141,ENSNFUG00015002816,-,-,XP_015806720.1,ENSNFUP00015005645.1
105023,107380143,ENSNFUG00015003222,-,-,XP_015806724.1,ENSNFUP00015007896.1
105023,107380143,ENSNFUG00015003222,-,-,XP_015806725.1,ENSNFUP00015007722.1
105023,107380143,ENSNFUG00015003222,-,-,XP_015806726.1,ENSNFUP00015007910.1
105023,107380143,ENSNFUG00015003222,-,-,XP_015806727.1,ENSNFUP00015008001.1
105023,107380147,ENSNFUG00015003967,-,-,XP_015806730.1,ENSNFUP00015008159.1
105023,107380148,ENSNFUG00015004037,-,-,XP_015806732.1,ENSNFUP00015008245.1
105023,107380149,ENSNFUG00015004027,-,-,XP_015806735.1,ENSNFUP00015008223.1
105023,107380149,ENSNFUG00015004027,-,-,XP_015806736.1,ENSNFUP00015008221.1
105023,107380153,ENSNFUG00015004065,-,-,XP_015806738.1,ENSNFUP00015008303.1
105023,107380155,ENSNFUG00015004073,-,-,XP_015806739.1,ENSNFUP00015008317.1
105023,107380156,ENSNFUG00015004093,-,-,XP_015806740.1,ENSNFUP00015008400.1
105023,107380157,ENSNFUG00015004118,-,-,XP_015806741.1,ENSNFUP00015008424.1
105023,107380159,ENSNFUG00015002322,-,-,XP_015806750.1,ENSNFUP00015004756.1
105023,107380161,ENSNFUG00015004140,-,-,XP_015806748.1,ENSNFUP00015008500.1
105023,107380162,ENSNFUG00015004177,-,-,XP_015806749.1,ENSNFUP00015008622.1
105023,107380167,ENSNFUG00015002409,-,-,XP_015806762.1,ENSNFUP00015004896.1
105023,107380167,ENSNFUG00015002409,-,-,XP_015806768.1,ENSNFUP00015004885.1
105023,107380168,ENSNFUG00015004686,-,-,XP_015806760.1,ENSNFUP00015009632.1
105023,107380169,ENSNFUG00015004694,-,-,XP_015806761.1,ENSNFUP00015009637.1
105023,107380177,ENSNFUG00015005919,-,-,-,-
105023,107380178,ENSNFUG00015006578,-,-,XP_015806775.1,ENSNFUP00015013508.1
105023,107380179,ENSNFUG00015002286,-,-,XP_015806779.1,ENSNFUP00015004550.1
105023,107380179,ENSNFUG00015002286,-,-,XP_015806789.1,ENSNFUP00015004559.1
105023,107380181,ENSNFUG00015006643,-,-,-,-
105023,107380182,ENSNFUG00015006667,-,-,-,-
105023,107380183,ENSNFUG00015006651,-,-,XP_015806780.1,ENSNFUP00015013593.1
105023,107380184,ENSNFUG00015006678,-,-,XP_015806781.1,ENSNFUP00015013654.1
105023,107380185,ENSNFUG00015006694,-,-,-,-
105023,107380186,ENSNFUG00015006866,-,-,-,-
105023,107380187,ENSNFUG00015007979,-,-,-,-
105023,107380188,ENSNFUG00015007997,-,-,XP_015806793.1,ENSNFUP00015016822.1
105023,107380189,ENSNFUG00015008048,-,-,XP_015806794.1,ENSNFUP00015016850.1
105023,107380191,ENSNFUG00015002439,-,-,XP_015806800.1,ENSNFUP00015004910.1
105023,107380192,ENSNFUG00015008057,-,-,XP_015806796.1,ENSNFUP00015016863.1
105023,107380193,ENSNFUG00015008077,-,-,-,-
105023,107380194,ENSNFUG00015008069,-,-,XP_015806799.1,ENSNFUP00015016886.1
105023,107380195,ENSNFUG00015008079,-,-,-,-
105023,107380196,ENSNFUG00015008087,-,-,XP_015806804.1,ENSNFUP00015016922.1
105023,107380198,ENSNFUG00015002444,-,-,XP_015806812.1,ENSNFUP00015004914.1
105023,107380200,ENSNFUG00015009261,-,-,XP_015806809.1,ENSNFUP00015019317.1
105023,107380203,ENSNFUG00015009415,-,-,XP_015806814.1,ENSNFUP00015019447.1
105023,107380204,ENSNFUG00015009474,-,-,-,-
105023,107380206,ENSNFUG00015010212,-,-,XP_015806817.1,ENSNFUP00015021025.1
105023,107380211,ENSNFUG00015010225,-,-,-,-
105023,107380212,ENSNFUG00015010524,-,-,XP_015806824.1,ENSNFUP00015025795.1
105023,107380213,ENSNFUG00015012853,-,-,XP_015806825.1,ENSNFUP00015027207.1
105023,107380213,ENSNFUG00015012853,-,-,XP_015806826.1,ENSNFUP00015027210.1
105023,107380216,ENSNFUG00015013206,-,-,XP_015806831.1,ENSNFUP00015027241.1
105023,107380217,ENSNFUG00015013232,-,-,XP_015806835.1,ENSNFUP00015027318.1
105023,107380218,ENSNFUG00015013268,-,-,XP_015806836.1,ENSNFUP00015027394.1
105023,107380221,ENSNFUG00015013281,-,-,XP_015806841.1,ENSNFUP00015027508.1
105023,107380222,ENSNFUG00015013345,-,-,XP_015806844.1,ENSNFUP00015027588.1
105023,107380223,ENSNFUG00015013377,-,-,XP_015806845.1,ENSNFUP00015027815.1
105023,107380224,ENSNFUG00015013484,-,-,XP_015806846.1,ENSNFUP00015027905.1
105023,107380225,ENSNFUG00015013506,-,-,XP_015806847.1,ENSNFUP00015027991.1
105023,107380225,ENSNFUG00015013506,-,-,XP_015806848.1,ENSNFUP00015027997.1
105023,107380225,ENSNFUG00015013506,-,-,XP_015806850.1,ENSNFUP00015028019.1
105023,107380227,ENSNFUG00015013552,-,-,XP_015806852.1,ENSNFUP00015028036.1
105023,107380228,ENSNFUG00015013604,-,-,XP_015806853.1,ENSNFUP00015029884.1
105023,107380228,ENSNFUG00015013604,-,-,XP_015806854.1,ENSNFUP00015029928.1
105023,107380229,ENSNFUG00015014651,-,-,XP_015806855.1,ENSNFUP00015031006.1
105023,107380230,ENSNFUG00015015192,-,-,XP_015806856.1,ENSNFUP00015031165.1
105023,107380231,ENSNFUG00015015438,-,-,XP_015806859.1,ENSNFUP00015037688.1
105023,107380231,ENSNFUG00015015438,-,-,XP_015806860.1,ENSNFUP00015037677.1
105023,107380232,ENSNFUG00015002473,-,-,XP_015806863.1,ENSNFUP00015004963.1
105023,107380233,ENSNFUG00015018416,-,-,XP_015806861.1,ENSNFUP00015038140.1
105023,107380233,ENSNFUG00015018416,-,-,XP_015806864.1,ENSNFUP00015038136.1
105023,107380234,ENSNFUG00015018746,-,-,-,-
105023,107380236,ENSNFUG00015018436,-,-,XP_015806869.1,ENSNFUP00015038525.1
105023,107380236,ENSNFUG00015018436,-,-,XP_015806871.1,ENSNFUP00015038537.1
105023,107380237,ENSNFUG00015002476,-,-,XP_015806876.1,ENSNFUP00015004969.1
105023,107380238,ENSNFUG00015018685,-,-,XP_015806872.1,ENSNFUP00015038728.1
105023,107380240,ENSNFUG00015019634,-,-,XP_015806877.1,ENSNFUP00015041375.1
105023,107380240,ENSNFUG00015019634,-,-,XP_015806878.1,ENSNFUP00015041432.1
105023,107380240,ENSNFUG00015019634,-,-,XP_015806879.1,ENSNFUP00015041439.1
105023,107380240,ENSNFUG00015019634,-,-,XP_015806880.1,ENSNFUP00015041611.1
105023,107380241,ENSNFUG00015019966,-,-,XP_015806881.1,ENSNFUP00015041630.1
105023,107380245,ENSNFUG00015002480,-,-,XP_015806888.1,ENSNFUP00015004994.1
105023,107380247,ENSNFUG00015020019,-,-,XP_015806886.1,ENSNFUP00015042058.1
105023,107380247,ENSNFUG00015020019,-,-,XP_015806887.1,ENSNFUP00015042077.1
105023,107380248,ENSNFUG00015020192,-,-,XP_015806890.1,ENSNFUP00015042133.1
105023,107380250,ENSNFUG00015020216,-,-,XP_015806891.1,ENSNFUP00015042154.1
105023,107380253,ENSNFUG00015020225,-,-,XP_015806894.1,ENSNFUP00015042180.1
105023,107380255,ENSNFUG00015020252,-,-,XP_015806897.1,ENSNFUP00015042235.1
105023,107380256,ENSNFUG00015020248,-,-,XP_015806898.1,ENSNFUP00015042219.1
105023,107380257,ENSNFUG00015020242,-,-,XP_015806900.1,ENSNFUP00015042216.1
105023,107380259,ENSNFUG00015020297,-,-,XP_015806902.1,ENSNFUP00015044563.1
105023,107380260,ENSNFUG00015020255,-,-,XP_015806903.1,ENSNFUP00015042239.1
105023,107380261,ENSNFUG00015021216,-,-,XP_015806907.1,ENSNFUP00015044564.1
105023,107380262,ENSNFUG00015021217,-,-,XP_015806908.1,ENSNFUP00015044574.1
105023,107380263,ENSNFUG00015021220,-,-,XP_015806909.1,ENSNFUP00015044618.1
105023,107380267,ENSNFUG00015021243,-,-,XP_015806912.1,ENSNFUP00015044638.1
105023,107380269,ENSNFUG00015009455,-,-,XP_015806917.1,ENSNFUP00015019530.1
105023,107380270,ENSNFUG00015009460,-,-,XP_015806920.1,ENSNFUP00015019542.1
105023,107380273,ENSNFUG00015009516,-,-,XP_015806925.1,ENSNFUP00015019718.1
105023,107380274,ENSNFUG00015009581,-,-,XP_015806927.1,ENSNFUP00015019825.1
105023,107380276,ENSNFUG00015009609,-,-,XP_015806928.1,ENSNFUP00015019952.1
105023,107380278,ENSNFUG00015009713,-,-,XP_015806930.1,ENSNFUP00015020041.1
105023,107380279,ENSNFUG00015009726,-,-,XP_015806931.1,ENSNFUP00015020130.1
105023,107380280,ENSNFUG00015009826,-,-,XP_015806932.1,ENSNFUP00015020331.1
105023,107380282,ENSNFUG00015010032,-,-,XP_015806936.1,ENSNFUP00015020708.1
105023,107380285,ENSNFUG00015010055,-,-,XP_015806938.1,ENSNFUP00015020778.1
105023,107380289,ENSNFUG00015002498,-,-,-,-
105023,107380291,ENSNFUG00015010141,-,-,XP_015806945.1,ENSNFUP00015020883.1
105023,107380292,ENSNFUG00015010167,-,-,XP_015806947.1,ENSNFUP00015021199.1
105023,107380295,ENSNFUG00015010383,-,-,XP_015806952.1,ENSNFUP00015021763.1
105023,107380297,ENSNFUG00015010667,-,-,XP_015806956.1,ENSNFUP00015021987.1
105023,107380298,ENSNFUG00015010688,-,-,XP_015806957.1,ENSNFUP00015022031.1
105023,107380299,ENSNFUG00015010718,-,-,XP_015806959.1,ENSNFUP00015022170.1
105023,107380300,ENSNFUG00015010752,-,-,XP_015806960.1,ENSNFUP00015022187.1
105023,107380302,ENSNFUG00015010791,-,-,XP_015806962.1,ENSNFUP00015022277.1
105023,107380303,ENSNFUG00015002501,-,-,XP_015806966.1,ENSNFUP00015005021.1
105023,107380304,ENSNFUG00015010796,-,-,XP_015806963.1,ENSNFUP00015022297.1
105023,107380305,ENSNFUG00015010810,-,-,XP_015806964.1,ENSNFUP00015022351.1
105023,107380306,ENSNFUG00015010839,-,-,XP_015806965.1,ENSNFUP00015022390.1
105023,107380307,ENSNFUG00015010940,-,-,XP_015806967.1,ENSNFUP00015025770.1
105023,107380308,ENSNFUG00015012719,-,-,XP_015806968.1,ENSNFUP00015028553.1
105023,107380309,ENSNFUG00015013881,-,-,XP_015806969.1,ENSNFUP00015028660.1
105023,107380310,ENSNFUG00015013883,-,-,XP_015806970.1,ENSNFUP00015028682.1
105023,107380311,ENSNFUG00015013942,-,-,XP_015806971.1,ENSNFUP00015028912.1
105023,107380314,ENSNFUG00015014297,-,-,XP_015806974.1,ENSNFUP00015029412.1
105023,107380316,ENSNFUG00015014315,-,-,-,-
105023,107380318,ENSNFUG00015014338,-,-,XP_015806980.1,ENSNFUP00015029473.1
105023,107380318,ENSNFUG00015014338,-,-,XP_015806982.1,ENSNFUP00015029514.1
105023,107380319,ENSNFUG00015014463,-,-,XP_015806983.1,ENSNFUP00015032431.1
105023,107380321,ENSNFUG00015000733,-,-,XP_015807027.1,ENSNFUP00015001211.1
105023,107380323,ENSNFUG00015002512,-,-,XP_015806995.1,ENSNFUP00015005038.1
105023,107380323,ENSNFUG00015002512,-,-,XP_015807004.1,ENSNFUP00015005042.1
105023,107380325,ENSNFUG00015019577,-,-,XP_015806998.1,ENSNFUP00015040802.1
105023,107380327,ENSNFUG00015019589,-,-,XP_015807003.1,ENSNFUP00015040844.1
105023,107380328,ENSNFUG00015019608,-,-,XP_015807005.1,ENSNFUP00015040872.1
105023,107380329,ENSNFUG00015019629,-,-,XP_015807007.1,ENSNFUP00015041387.1
105023,107380331,ENSNFUG00015019896,-,-,XP_015807008.1,ENSNFUP00015042492.1
105023,107380332,ENSNFUG00015020418,-,-,XP_015807009.1,ENSNFUP00015042658.1
105023,107380333,ENSNFUG00015020426,-,-,-,-
105023,107380334,ENSNFUG00015002506,-,-,XP_015807015.1,ENSNFUP00015005033.1
105023,107380335,ENSNFUG00015020430,-,-,XP_015807012.1,ENSNFUP00015042682.1
105023,107380342,ENSNFUG00015020443,-,-,XP_015807029.1,ENSNFUP00015042707.1
105023,107380344,ENSNFUG00015020459,-,-,XP_015807034.1,ENSNFUP00015042737.1
105023,107380345,ENSNFUG00015020450,-,-,XP_015807037.1,ENSNFUP00015042718.1
105023,107380346,ENSNFUG00015002542,-,-,-,-
105023,107380347,ENSNFUG00015020532,-,-,XP_015807039.1,ENSNFUP00015042872.1
105023,107380348,ENSNFUG00015020533,-,-,XP_015807040.1,ENSNFUP00015042876.1
105023,107380349,ENSNFUG00015020542,-,-,XP_015807046.1,ENSNFUP00015044065.1
105023,107380349,ENSNFUG00015020542,-,-,XP_015807048.1,ENSNFUP00015044025.1
105023,107380349,ENSNFUG00015020542,-,-,XP_015807049.1,ENSNFUP00015044063.1
105023,107380353,ENSNFUG00015021075,-,-,XP_015807050.1,ENSNFUP00015044764.1
105023,107380354,ENSNFUG00015021331,-,-,XP_015807051.1,ENSNFUP00015044889.1
105023,107380354,ENSNFUG00015021331,-,-,XP_015807055.1,ENSNFUP00015044910.1
105023,107380358,ENSNFUG00015021409,-,-,XP_015807062.1,ENSNFUP00015045611.1
105023,107380358,ENSNFUG00015021409,-,-,XP_015807063.1,ENSNFUP00015045579.1
105023,107380360,ENSNFUG00015021701,-,-,XP_015807064.1,ENSNFUP00015045850.1
105023,107380362,ENSNFUG00015021797,-,-,XP_015807068.1,ENSNFUP00015045878.1
105023,107380364,ENSNFUG00015021801,-,-,XP_015807072.1,ENSNFUP00015045899.1
105023,107380368,ENSNFUG00015021849,-,-,XP_015807074.1,ENSNFUP00015049013.1
105023,107380369,ENSNFUG00015021806,-,-,XP_015807075.1,ENSNFUP00015045912.1
105023,107380372,ENSNFUG00015023140,-,-,XP_015807083.1,ENSNFUP00015049519.1
105023,107380372,ENSNFUG00015023140,-,-,XP_015807084.1,ENSNFUP00015049583.1
105023,107380373,ENSNFUG00015000156,-,-,-,-
105023,107380374,ENSNFUG00015000434,-,-,XP_015807091.1,ENSNFUP00015000646.1
105023,107380377,ENSNFUG00015000452,-,-,XP_015807094.1,ENSNFUP00015000719.1
105023,107380378,ENSNFUG00015000485,-,-,XP_015807095.1,ENSNFUP00015000805.1
105023,107380380,ENSNFUG00015000651,-,-,XP_015807096.1,ENSNFUP00015001735.1
105023,107380382,ENSNFUG00015001006,-,-,XP_015807102.1,ENSNFUP00015001811.1
105023,107380383,ENSNFUG00015001047,-,-,XP_015807103.1,ENSNFUP00015002103.1
105023,107380384,ENSNFUG00015001183,-,-,XP_015807106.1,ENSNFUP00015002199.1
105023,107380385,ENSNFUG00015001197,-,-,XP_015807108.1,ENSNFUP00015002281.1
105023,107380386,ENSNFUG00015001239,-,-,-,-
105023,107380387,ENSNFUG00015001258,-,-,XP_015807111.1,ENSNFUP00015002388.1
105023,107380389,ENSNFUG00015001249,-,-,XP_015807112.1,ENSNFUP00015002362.1
105023,107380392,ENSNFUG00015001304,-,-,XP_015807115.1,ENSNFUP00015002499.1
105023,107380393,ENSNFUG00015001306,-,-,XP_015807116.1,ENSNFUP00015002507.1
105023,107380394,ENSNFUG00015001309,-,-,XP_015807118.1,ENSNFUP00015002511.1
105023,107380395,ENSNFUG00015002583,-,-,XP_015807123.1,ENSNFUP00015005140.1
105023,107380396,ENSNFUG00015001310,-,-,XP_015807121.1,ENSNFUP00015002515.1
105023,107380397,ENSNFUG00015001332,-,-,XP_015807122.1,ENSNFUP00015002740.1
105023,107380398,ENSNFUG00015001459,-,-,XP_015807124.1,ENSNFUP00015002969.1
105023,107380399,ENSNFUG00015001535,-,-,XP_015807125.1,ENSNFUP00015003002.1
105023,107380400,ENSNFUG00015001565,-,-,XP_015807126.1,ENSNFUP00015003183.1
105023,107380400,ENSNFUG00015001565,-,-,XP_015807128.1,ENSNFUP00015003146.1
105023,107380403,ENSNFUG00015001646,-,-,XP_015807129.1,ENSNFUP00015003189.1
105023,107380404,ENSNFUG00015002615,-,-,-,-
105023,107380405,ENSNFUG00015001823,-,-,XP_015807131.1,ENSNFUP00015003626.1
105023,107380406,ENSNFUG00015001694,-,-,XP_015807133.1,ENSNFUP00015003507.1
105023,107380410,ENSNFUG00015001907,-,-,XP_015807138.1,ENSNFUP00015003831.1
105023,107380411,ENSNFUG00015001852,-,-,XP_015807139.1,ENSNFUP00015003677.1
105023,107380412,ENSNFUG00015001954,-,-,XP_015807140.1,ENSNFUP00015003864.1
105023,107380413,ENSNFUG00015002806,-,-,-,-
105023,107380415,ENSNFUG00015001971,-,-,XP_015807141.1,ENSNFUP00015003902.1
105023,107380416,ENSNFUG00015001981,-,-,XP_015807142.1,ENSNFUP00015003911.1
105023,107380417,ENSNFUG00015001990,-,-,XP_015807143.1,ENSNFUP00015003939.1
105023,107380418,ENSNFUG00015001984,-,-,XP_015807147.1,ENSNFUP00015003924.1
105023,107380420,ENSNFUG00015002022,-,-,XP_015807148.1,ENSNFUP00015004117.1
105023,107380424,ENSNFUG00015002809,-,-,XP_015807155.1,ENSNFUP00015005614.1
105023,107380426,ENSNFUG00015002090,-,-,XP_015807156.1,ENSNFUP00015004162.1
105023,107380430,ENSNFUG00015002236,-,-,XP_015807162.1,ENSNFUP00015004491.1
105023,107380433,ENSNFUG00015002275,-,-,XP_015807168.1,ENSNFUP00015004507.1
105023,107380434,ENSNFUG00015002278,-,-,XP_015807169.1,ENSNFUP00015004515.1
105023,107380436,ENSNFUG00015002818,-,-,-,-
105023,107380437,ENSNFUG00015002292,-,-,XP_015807172.1,ENSNFUP00015004592.1
105023,107380437,ENSNFUG00015002292,-,-,XP_015807173.1,ENSNFUP00015004571.1
105023,107380438,ENSNFUG00015002355,-,-,XP_015807174.1,ENSNFUP00015004993.1
105023,107380440,ENSNFUG00015002524,-,-,XP_015807177.1,ENSNFUP00015005059.1
105023,107380443,ENSNFUG00015002682,-,-,XP_015807181.1,ENSNFUP00015006771.1
105023,107380443,ENSNFUG00015002682,-,-,XP_015807182.1,ENSNFUP00015006793.1
105023,107380443,ENSNFUG00015002682,-,-,XP_015807183.1,ENSNFUP00015006807.1
105023,107380443,ENSNFUG00015002682,-,-,XP_015807184.1,ENSNFUP00015006810.1
105023,107380445,ENSNFUG00015003426,-,-,XP_015807186.1,ENSNFUP00015006923.1
105023,107380449,ENSNFUG00015003450,-,-,XP_015807189.1,ENSNFUP00015006967.1
105023,107380450,ENSNFUG00015003454,-,-,XP_015807190.1,ENSNFUP00015006977.1
105023,107380452,ENSNFUG00015003458,-,-,XP_015807191.1,ENSNFUP00015006992.1
105023,107380454,ENSNFUG00015003612,-,-,XP_015807193.1,ENSNFUP00015007399.1
105023,107380455,ENSNFUG00015003600,-,-,XP_015807195.1,ENSNFUP00015007300.1
105023,107380456,ENSNFUG00015003697,-,-,XP_015807196.1,ENSNFUP00015007956.1
105023,107380458,ENSNFUG00015002946,-,-,-,-
105023,107380461,ENSNFUG00015003947,-,-,XP_015807203.1,ENSNFUP00015008044.1
105023,107380462,ENSNFUG00015003589,-,-,-,-
105023,107380463,ENSNFUG00015003962,-,-,XP_015807206.1,ENSNFUP00015008076.1
105023,107380464,ENSNFUG00015003971,-,-,XP_015807207.1,ENSNFUP00015008106.1
105023,107380465,ENSNFUG00015003952,-,-,XP_015807209.1,ENSNFUP00015008059.1
105023,107380467,ENSNFUG00015003983,-,-,XP_015807213.1,ENSNFUP00015008113.1
105023,107380468,ENSNFUG00015003995,-,-,XP_015807214.1,ENSNFUP00015008135.1
105023,107380469,ENSNFUG00015004024,-,-,XP_015807216.1,ENSNFUP00015008304.1
105023,107380470,ENSNFUG00015004077,-,-,XP_015807217.1,ENSNFUP00015008328.1
105023,107380471,ENSNFUG00015004105,-,-,XP_015807218.1,ENSNFUP00015008390.1
105023,107380472,ENSNFUG00015003348,-,-,XP_015807223.1,ENSNFUP00015006799.1
105023,107380473,ENSNFUG00015004164,-,-,XP_015807219.1,ENSNFUP00015008590.1
105023,107380473,ENSNFUG00015004164,-,-,XP_015807220.1,ENSNFUP00015008556.1
105023,107380473,ENSNFUG00015004164,-,-,XP_015807221.1,ENSNFUP00015008571.1
105023,107380473,ENSNFUG00015004164,-,-,XP_015807222.1,ENSNFUP00015008606.1
105023,107380474,ENSNFUG00015004293,-,-,XP_015807224.1,ENSNFUP00015009110.1
105023,107380475,ENSNFUG00015008044,-,-,-,-
105023,107380476,ENSNFUG00015008054,-,-,XP_015807226.1,ENSNFUP00015016853.1
105023,107380477,ENSNFUG00015008075,-,-,XP_015807228.1,ENSNFUP00015016895.1
105023,107380478,ENSNFUG00015008134,-,-,XP_015807230.1,ENSNFUP00015017175.1
105023,107380478,ENSNFUG00015008134,-,-,XP_015807231.1,ENSNFUP00015017252.1
105023,107380480,ENSNFUG00015008247,-,-,XP_015807232.1,ENSNFUP00015017522.1
105023,107380480,ENSNFUG00015008247,-,-,XP_015807233.1,ENSNFUP00015017537.1
105023,107380481,ENSNFUG00015008383,-,-,XP_015807234.1,ENSNFUP00015017571.1
105023,107380482,ENSNFUG00015008392,-,-,XP_015807235.1,ENSNFUP00015017589.1
105023,107380483,ENSNFUG00015008481,-,-,XP_015807238.1,ENSNFUP00015018305.1
105023,107380484,ENSNFUG00015008756,-,-,XP_015807240.1,ENSNFUP00015018435.1
105023,107380485,ENSNFUG00015008776,-,-,XP_015807241.1,ENSNFUP00015018500.1
105023,107380486,ENSNFUG00015008810,-,-,XP_015807244.1,ENSNFUP00015018525.1
105023,107380488,ENSNFUG00015008842,-,-,XP_015807246.1,ENSNFUP00015018600.1
105023,107380489,ENSNFUG00015008979,-,-,XP_015807247.1,ENSNFUP00015019838.1
105023,107380491,ENSNFUG00015010115,-,-,XP_015807253.1,ENSNFUP00015022650.1
105023,107380493,ENSNFUG00015011016,-,-,XP_015807254.1,ENSNFUP00015022975.1
105023,107380497,ENSNFUG00015011140,-,-,XP_015807256.1,ENSNFUP00015023025.1
105023,107380499,ENSNFUG00015011196,-,-,XP_015807259.1,ENSNFUP00015023324.1
105023,107380501,ENSNFUG00015011414,-,-,XP_015807261.1,ENSNFUP00015023706.1
105023,107380503,ENSNFUG00015011374,-,-,XP_015807267.1,ENSNFUP00015023546.1
105023,107380505,ENSNFUG00015011510,-,-,-,-
105023,107380507,ENSNFUG00015011545,-,-,XP_015807270.1,ENSNFUP00015023873.1
105023,107380508,ENSNFUG00015011559,-,-,XP_015807273.1,ENSNFUP00015023900.1
105023,107380510,ENSNFUG00015012612,-,-,XP_015807279.1,ENSNFUP00015026019.1
105023,107380512,ENSNFUG00015012629,-,-,XP_015807284.1,ENSNFUP00015026058.1
105023,107380516,ENSNFUG00015013297,-,-,-,-
105023,107380517,ENSNFUG00015013318,-,-,-,-
105023,107380518,ENSNFUG00015003412,-,-,XP_015807293.1,ENSNFUP00015006896.1
105023,107380520,ENSNFUG00015013324,-,-,-,-
105023,107380525,ENSNFUG00015013353,-,-,-,-
105023,107380527,ENSNFUG00015003549,-,-,-,-
105023,107380528,ENSNFUG00015013382,-,-,XP_015807301.1,ENSNFUP00015027654.1
105023,107380529,ENSNFUG00015013400,-,-,-,-
105023,107380530,ENSNFUG00015013412,-,-,-,-
105023,107380531,ENSNFUG00015013461,-,-,-,-
105023,107380534,ENSNFUG00015013903,-,-,XP_015807313.1,ENSNFUP00015028755.1
105023,107380535,ENSNFUG00015003444,-,-,-,-
105023,107380536,ENSNFUG00015013943,-,-,-,-
105023,107380537,ENSNFUG00015014003,-,-,XP_015807319.1,ENSNFUP00015030592.1
105023,107380538,ENSNFUG00015015119,-,-,-,-
105023,107380539,ENSNFUG00015015209,-,-,XP_015807323.1,ENSNFUP00015031453.1
105023,107380540,ENSNFUG00015015401,-,-,-,-
105023,107380541,ENSNFUG00015015419,-,-,-,-
105023,107380542,ENSNFUG00015003601,-,-,-,-
105023,107380543,ENSNFUG00015015535,-,-,XP_015807327.1,ENSNFUP00015031770.1
105023,107380544,ENSNFUG00015015815,-,-,-,-
105023,107380550,ENSNFUG00015003658,-,-,-,-
105023,107380567,ENSNFUG00015003850,-,-,-,-
105023,107380571,ENSNFUG00015000903,-,-,-,-
105023,107380573,ENSNFUG00015000963,-,-,-,-
105023,107380586,ENSNFUG00015003857,-,-,-,-
105023,107380602,ENSNFUG00015001813,-,-,-,-
105023,107380606,ENSNFUG00015001927,-,-,-,-
105023,107380623,ENSNFUG00015000208,-,-,XP_015807411.1,ENSNFUP00015000234.1
105023,107380627,ENSNFUG00015002282,-,-,XP_015807412.1,ENSNFUP00015004526.1
105023,107380639,ENSNFUG00015002766,-,-,-,-
105023,107380646,ENSNFUG00015000889,-,-,XP_015807429.1,ENSNFUP00015001559.1
105023,107380647,ENSNFUG00015000925,-,-,-,-
105023,107380654,ENSNFUG00015000309,-,-,-,-
105023,107380655,ENSNFUG00015003341,-,-,XP_015807437.1,ENSNFUP00015006718.1
105023,107380670,ENSNFUG00015016727,-,-,XP_015807443.1,ENSNFUP00015034330.1
105023,107380670,ENSNFUG00015016727,-,-,XP_015807444.1,ENSNFUP00015034312.1
105023,107380670,ENSNFUG00015016727,-,-,XP_015807445.1,ENSNFUP00015034295.1
105023,107380670,ENSNFUG00015016727,-,-,XP_015807447.1,ENSNFUP00015034303.1
105023,107380670,ENSNFUG00015016727,-,-,XP_015807448.1,ENSNFUP00015034345.1
105023,107380670,ENSNFUG00015016727,-,-,XP_015807450.1,ENSNFUP00015034321.1
105023,107380671,ENSNFUG00015000398,-,-,-,-
105023,107380672,ENSNFUG00015016763,-,-,-,-
105023,107380674,ENSNFUG00015016913,-,-,-,-
105023,107380675,ENSNFUG00015019198,-,-,XP_015807461.1,ENSNFUP00015040089.1
105023,107380695,ENSNFUG00015004199,-,-,XP_015807485.1,ENSNFUP00015008614.1
105023,107380697,ENSNFUG00015000475,-,-,XP_015807492.1,ENSNFUP00015000777.1
105023,107380698,ENSNFUG00015004617,-,-,-,-
105023,107380699,ENSNFUG00015004630,-,-,-,-
105023,107380703,ENSNFUG00015000524,-,-,-,-
105023,107380704,ENSNFUG00015004656,-,-,XP_015807506.1,ENSNFUP00015009583.1
105023,107380705,ENSNFUG00015004658,-,-,-,-
105023,107380706,ENSNFUG00015000711,-,-,-,-
105023,107380709,ENSNFUG00015004668,-,-,-,-
105023,107380711,ENSNFUG00015005027,-,-,-,-
105023,107380712,ENSNFUG00015004808,-,-,-,-
105023,107380713,ENSNFUG00015004729,-,-,XP_015807517.1,ENSNFUP00015009696.1
105023,107380714,ENSNFUG00015005048,-,-,XP_015807518.1,ENSNFUP00015010274.1
105023,107380714,ENSNFUG00015005048,-,-,XP_015807519.1,ENSNFUP00015010283.1
105023,107380715,ENSNFUG00015005080,-,-,XP_015807520.1,ENSNFUP00015010353.1
105023,107380715,ENSNFUG00015005080,-,-,XP_015807521.1,ENSNFUP00015010385.1
105023,107380715,ENSNFUG00015005080,-,-,XP_015807522.1,ENSNFUP00015010368.1
105023,107380717,ENSNFUG00015005558,-,-,-,-
105023,107380718,ENSNFUG00015005672,-,-,-,-
105023,107380719,ENSNFUG00015000586,-,-,XP_015807532.1,ENSNFUP00015000966.1
105023,107380720,ENSNFUG00015005755,-,-,XP_015807529.1,ENSNFUP00015012872.1
105023,107380721,ENSNFUG00015006348,-,-,-,-
105023,107380723,ENSNFUG00015006425,-,-,XP_015807536.1,ENSNFUP00015013090.1
105023,107380724,ENSNFUG00015006479,-,-,-,-
105023,107380725,ENSNFUG00015000605,-,-,-,-
105023,107380727,ENSNFUG00015006595,-,-,-,-
105023,107380728,ENSNFUG00015006607,-,-,-,-
105023,107380729,ENSNFUG00015006617,-,-,XP_015807543.1,ENSNFUP00015013488.1
105023,107380732,ENSNFUG00015006627,-,-,XP_015807546.1,ENSNFUP00015013523.1
105023,107380734,ENSNFUG00015006829,-,-,XP_015807548.1,ENSNFUP00015013986.1
105023,107380735,ENSNFUG00015006839,-,-,XP_015807550.1,ENSNFUP00015014042.1
105023,107380742,ENSNFUG00015006893,-,-,-,-
105023,107380746,ENSNFUG00015000629,-,-,XP_015807565.1,ENSNFUP00015001052.1
105023,107380750,ENSNFUG00015007023,-,-,-,-
105023,107380752,ENSNFUG00015007104,-,-,-,-
105023,107380753,ENSNFUG00015007107,-,-,XP_015807570.1,ENSNFUP00015014622.1
105023,107380754,ENSNFUG00015007108,-,-,XP_015807571.1,ENSNFUP00015014628.1
105023,107380755,ENSNFUG00015007112,-,-,-,-
105023,107380757,ENSNFUG00015007124,-,-,XP_015807575.1,ENSNFUP00015014738.1
105023,107380758,ENSNFUG00015007162,-,-,-,-
105023,107380759,ENSNFUG00015007182,-,-,XP_015807578.1,ENSNFUP00015014813.1
105023,107380762,ENSNFUG00015000634,-,-,-,-
105023,107380764,ENSNFUG00015007207,-,-,-,-
105023,107380765,ENSNFUG00015007216,-,-,-,-
105023,107380766,ENSNFUG00015007232,-,-,-,-
105023,107380767,ENSNFUG00015007288,-,-,-,-
105023,107380770,ENSNFUG00015008176,-,-,XP_015807602.1,ENSNFUP00015017342.1
105023,107380772,ENSNFUG00015008277,-,-,-,-
105023,107380775,ENSNFUG00015008114,-,-,-,-
105023,107380776,ENSNFUG00015009458,-,-,-,-
105023,107380777,ENSNFUG00015000699,-,-,XP_015807648.1,ENSNFUP00015001152.1
105023,107380779,ENSNFUG00015010191,-,-,-,-
105023,107380781,ENSNFUG00015013564,-,-,-,-
105023,107380782,ENSNFUG00015016600,-,-,XP_015807623.1,ENSNFUP00015034001.1
105023,107380783,ENSNFUG00015016636,-,-,XP_015807624.1,ENSNFUP00015034095.1
105023,107380784,ENSNFUG00015016617,-,-,-,-
105023,107380787,ENSNFUG00015016636,-,-,XP_015807627.1,ENSNFUP00015034152.1
105023,107380788,ENSNFUG00015016698,-,-,-,-
105023,107380791,ENSNFUG00015017217,-,-,-,-
105023,107380792,ENSNFUG00015017981,-,-,-,-
105023,107380795,ENSNFUG00015000692,-,-,XP_015807639.1,ENSNFUP00015001139.1
105023,107380798,ENSNFUG00015007109,-,-,-,-
105023,107380805,ENSNFUG00015000701,-,-,XP_015807649.1,ENSNFUP00015001167.1
105023,107380808,ENSNFUG00015011357,-,-,-,-
105023,107380808,ENSNFUG00015011357,-,-,XP_015811875.1,ENSNFUP00015023664.1
105023,107380808,ENSNFUG00015011357,-,-,XP_015813433.1,ENSNFUP00015023651.1
105023,107380809,ENSNFUG00015021866,-,-,XP_015807650.1,ENSNFUP00015046425.1
105023,107380810,ENSNFUG00015017235,-,-,XP_015807653.1,ENSNFUP00015035466.1
105023,107380813,ENSNFUG00015000722,-,-,XP_015807660.1,ENSNFUP00015001192.1
105023,107380814,ENSNFUG00015017214,-,-,XP_015807657.1,ENSNFUP00015035423.1
105023,107380816,ENSNFUG00015016532,-,-,XP_015807661.1,ENSNFUP00015034904.1
105023,107380817,ENSNFUG00015017059,-,-,XP_015807662.1,ENSNFUP00015035370.1
105023,107380819,ENSNFUG00015016295,-,-,XP_015807663.1,ENSNFUP00015033265.1
105023,107380820,ENSNFUG00015016301,-,-,XP_015807665.1,ENSNFUP00015033323.1
105023,107380821,ENSNFUG00015000734,-,-,XP_015807671.1,ENSNFUP00015001214.1
105023,107380824,ENSNFUG00015015202,-,-,XP_015807670.1,ENSNFUP00015031171.1
105023,107380826,ENSNFUG00015013841,-,-,XP_015807673.1,ENSNFUP00015030123.1
105023,107380827,ENSNFUG00015013207,-,-,XP_015807674.1,ENSNFUP00015028428.1
105023,107380828,ENSNFUG00015013162,-,-,XP_015807675.1,ENSNFUP00015027147.1
105023,107380829,ENSNFUG00015008025,-,-,XP_015807678.1,ENSNFUP00015026983.1
105023,107380829,ENSNFUG00015008025,-,-,XP_015807682.1,ENSNFUP00015026704.1
105023,107380829,ENSNFUG00015008025,-,-,XP_015807684.1,ENSNFUP00015026779.1
105023,107380830,ENSNFUG00015000737,-,-,-,-
105023,107380831,ENSNFUG00015007723,-,-,XP_015807685.1,ENSNFUP00015016104.1
105023,107380834,ENSNFUG00015007687,-,-,XP_015807688.1,ENSNFUP00015015994.1
105023,107380835,ENSNFUG00015007653,-,-,XP_015807689.1,ENSNFUP00015015964.1
105023,107380837,ENSNFUG00015000740,-,-,XP_015807694.1,ENSNFUP00015001228.1
105023,107380839,ENSNFUG00015007374,-,-,XP_015807692.1,ENSNFUP00015015750.1
105023,107380839,ENSNFUG00015007374,-,-,XP_015807693.1,ENSNFUP00015015662.1
105023,107380840,ENSNFUG00015007230,-,-,XP_015807695.1,ENSNFUP00015015086.1
105023,107380841,ENSNFUG00015006506,-,-,XP_015807696.1,ENSNFUP00015014799.1
105023,107380841,ENSNFUG00015006506,-,-,XP_015807697.1,ENSNFUP00015014809.1
105023,107380846,ENSNFUG00015000745,-,-,XP_015807706.1,ENSNFUP00015001241.1
105023,107380847,ENSNFUG00015006165,-,-,XP_015807703.1,ENSNFUP00015012543.1
105023,107380849,ENSNFUG00015005821,-,-,XP_015807708.1,ENSNFUP00015011786.1
105023,107380853,ENSNFUG00015024733,-,-,XP_015807717.1,ENSNFUP00015053121.1
105023,107380859,ENSNFUG00015024685,-,-,XP_015807725.1,ENSNFUP00015053061.1
105023,107380862,ENSNFUG00015024683,-,-,XP_015807728.1,ENSNFUP00015052981.1
105023,107380864,ENSNFUG00015000772,-,-,XP_015807734.1,ENSNFUP00015001435.1
105023,107380867,ENSNFUG00015024675,-,-,XP_015807733.1,ENSNFUP00015052961.1
105023,107380868,ENSNFUG00015024671,-,-,XP_015807735.1,ENSNFUP00015052956.1
105023,107380868,ENSNFUG00015024671,-,-,XP_015807736.1,ENSNFUP00015052954.1
105023,107380873,ENSNFUG00015024660,-,-,XP_015807744.1,ENSNFUP00015052931.1
105023,107380875,ENSNFUG00015024501,-,-,XP_015807751.1,ENSNFUP00015052511.1
105023,107380877,ENSNFUG00015024495,-,-,XP_015807753.1,ENSNFUP00015052493.1
105023,107380878,ENSNFUG00015024498,-,-,XP_015807754.1,ENSNFUP00015052499.1
105023,107380879,ENSNFUG00015024476,-,-,XP_015807755.1,ENSNFUP00015052471.1
105023,107380881,ENSNFUG00015024466,-,-,XP_015807756.1,ENSNFUP00015052441.1
105023,107380882,ENSNFUG00015024464,-,-,XP_015807757.1,ENSNFUP00015052435.1
105023,107380883,ENSNFUG00015024461,-,-,XP_015807760.1,ENSNFUP00015052428.1
105023,107380885,ENSNFUG00015024408,-,-,XP_015807764.1,ENSNFUP00015052390.1
105023,107380899,ENSNFUG00015024128,-,-,XP_015807775.1,ENSNFUP00015051538.1
105023,107380899,ENSNFUG00015024128,-,-,XP_015807776.1,ENSNFUP00015051562.1
105023,107380900,ENSNFUG00015000976,-,-,-,-
105023,107380901,ENSNFUG00015024103,-,-,-,-
105023,107380904,ENSNFUG00015024399,-,-,-,-
105023,107380905,ENSNFUG00015022093,-,-,XP_015807787.1,ENSNFUP00015047656.1
105023,107380905,ENSNFUG00015022093,-,-,XP_015807788.1,ENSNFUP00015047713.1
105023,107380906,ENSNFUG00015024094,-,-,XP_015807790.1,ENSNFUP00015051460.1
105023,107380907,ENSNFUG00015024181,-,-,XP_015807795.1,ENSNFUP00015052192.1
105023,107380907,ENSNFUG00015024181,XM_015952313.1,ENSNFUT00015054407.1,XP_015807799.1,ENSNFUP00015052182.1
105023,107380908,ENSNFUG00015001455,-,-,XP_015807803.1,ENSNFUP00015002873.1
105023,107380909,ENSNFUG00015023135,-,-,XP_015807800.1,ENSNFUP00015049243.1
105023,107380912,ENSNFUG00015023214,-,-,XP_015807805.1,ENSNFUP00015049328.1
105023,107380915,ENSNFUG00015023195,-,-,XP_015807811.1,ENSNFUP00015049287.1
105023,107380915,ENSNFUG00015023195,-,-,XP_015807812.1,ENSNFUP00015049278.1
105023,107380917,ENSNFUG00015024029,-,-,XP_015807814.1,ENSNFUP00015051265.1
105023,107380922,ENSNFUG00015001519,-,-,XP_015807838.1,ENSNFUP00015003087.1
105023,107380922,ENSNFUG00015001519,-,-,XP_015807852.1,ENSNFUP00015003151.1
105023,107380923,ENSNFUG00015024392,-,-,XP_015807826.1,ENSNFUP00015052260.1
105023,107380924,ENSNFUG00015024382,-,-,-,-
105023,107380925,ENSNFUG00015022043,-,-,-,-
105023,107380926,ENSNFUG00015023208,-,-,-,-
105023,107380929,ENSNFUG00015024090,-,-,XP_015807837.1,ENSNFUP00015051436.1
105023,107380930,ENSNFUG00015023127,-,-,XP_015807840.1,ENSNFUP00015049092.1
105023,107380931,ENSNFUG00015024068,-,-,-,-
105023,107380932,ENSNFUG00015024065,-,-,XP_015807842.1,ENSNFUP00015051353.1
105023,107380933,ENSNFUG00015024040,-,-,XP_015807843.1,ENSNFUP00015051340.1
105023,107380935,ENSNFUG00015024070,-,-,XP_015807845.1,ENSNFUP00015051387.1
105023,107380936,ENSNFUG00015024396,-,-,XP_015807847.1,ENSNFUP00015052273.1
105023,107380947,ENSNFUG00015007860,-,-,-,-
105023,107380949,ENSNFUG00015007616,-,-,-,-
105023,107380950,ENSNFUG00015001638,-,-,-,-
105023,107380951,ENSNFUG00015007855,-,-,-,-
105023,107380955,ENSNFUG00015007549,-,-,XP_015807866.1,ENSNFUP00015015681.1
105023,107380957,ENSNFUG00015007537,-,-,-,-
105023,107380961,ENSNFUG00015007218,-,-,-,-
105023,107380962,ENSNFUG00015007156,-,-,XP_015807876.1,ENSNFUP00015014772.1
105023,107380963,ENSNFUG00015007094,-,-,-,-
105023,107380964,ENSNFUG00015007083,-,-,-,-
105023,107380966,ENSNFUG00015005391,-,-,XP_015807882.1,ENSNFUP00015011094.1
105023,107380966,ENSNFUG00015005391,-,-,XP_015807883.1,ENSNFUP00015011113.1
105023,107380967,ENSNFUG00015004676,-,-,XP_015807884.1,ENSNFUP00015010632.1
105023,107380970,ENSNFUG00015001659,-,-,-,-
105023,107380972,ENSNFUG00015004494,-,-,-,-
105023,107380986,ENSNFUG00015004455,-,-,-,-
105023,107380987,ENSNFUG00015001572,-,-,-,-
105023,107380988,ENSNFUG00015000820,-,-,XP_015807911.1,ENSNFUP00015001412.1
105023,107380989,ENSNFUG00015000801,-,-,-,-
105023,107380991,ENSNFUG00015001682,-,-,XP_015807918.1,ENSNFUP00015003267.1
105023,107380992,ENSNFUG00015000757,-,-,-,-
105023,107380993,ENSNFUG00015000752,-,-,-,-
105023,107380994,ENSNFUG00015000738,-,-,-,-
105023,107380995,ENSNFUG00015000602,-,-,-,-
105023,107380997,ENSNFUG00015000543,-,-,XP_015807922.1,ENSNFUP00015000907.1
105023,107380998,ENSNFUG00015000513,-,-,-,-
105023,107381002,ENSNFUG00015001697,-,-,-,-
105023,107381003,ENSNFUG00015002641,-,-,-,-
105023,107381004,ENSNFUG00015002634,-,-,XP_015807936.1,ENSNFUP00015005275.1
105023,107381005,ENSNFUG00015002629,-,-,XP_015807937.1,ENSNFUP00015005267.1
105023,107381006,ENSNFUG00015002625,-,-,-,-
105023,107381007,ENSNFUG00015002617,-,-,-,-
105023,107381008,ENSNFUG00015002622,-,-,-,-
105023,107381009,ENSNFUG00015002614,-,-,XP_015807945.1,ENSNFUP00015005226.1
105023,107381011,ENSNFUG00015002610,-,-,-,-
105023,107381012,ENSNFUG00015002380,-,-,XP_015807951.1,ENSNFUP00015004823.1
105023,107381013,ENSNFUG00015002261,-,-,-,-
105023,107381016,ENSNFUG00015002219,-,-,XP_015807963.1,ENSNFUP00015004402.1
105023,107381020,ENSNFUG00015002207,-,-,XP_015807969.1,ENSNFUP00015004390.1
105023,107381021,ENSNFUG00015002203,-,-,-,-
105023,107381022,ENSNFUG00015002178,-,-,XP_015807972.1,ENSNFUP00015004331.1
105023,107381023,ENSNFUG00015002176,-,-,-,-
105023,107381024,ENSNFUG00015002170,-,-,-,-
105023,107381025,ENSNFUG00015002107,-,-,XP_015807977.1,ENSNFUP00015004277.1
105023,107381027,ENSNFUG00015002079,-,-,-,-
105023,107381028,ENSNFUG00015001707,-,-,-,-
105023,107381029,ENSNFUG00015002076,-,-,-,-
105023,107381031,ENSNFUG00015001919,-,-,XP_015807995.1,ENSNFUP00015003803.1
105023,107381032,ENSNFUG00015001902,-,-,XP_015807997.1,ENSNFUP00015003755.1
105023,107381033,ENSNFUG00015001837,-,-,-,-
105023,107381034,ENSNFUG00015001761,-,-,-,-
105023,107381035,ENSNFUG00015001736,-,-,XP_015808000.1,ENSNFUP00015003411.1
105023,107381036,ENSNFUG00015001726,-,-,-,-
105023,107381038,ENSNFUG00015001679,-,-,-,-
105023,107381039,ENSNFUG00015001713,-,-,-,-
105023,107381040,ENSNFUG00015001651,-,-,XP_015808009.1,ENSNFUP00015003206.1
105023,107381041,ENSNFUG00015001636,-,-,-,-
105023,107381042,ENSNFUG00015001645,-,-,-,-
105023,107381043,ENSNFUG00015001627,-,-,XP_015808012.1,ENSNFUP00015003150.1
105023,107381044,ENSNFUG00015001618,-,-,-,-
105023,107381045,ENSNFUG00015001613,-,-,-,-
105023,107381046,ENSNFUG00015001602,-,-,-,-
105023,107381048,ENSNFUG00015001581,-,-,-,-
105023,107381049,ENSNFUG00015001573,-,-,XP_015808021.1,ENSNFUP00015003066.1
105023,107381050,ENSNFUG00015001569,-,-,XP_015808022.1,ENSNFUP00015003061.1
105023,107381051,ENSNFUG00015001564,-,-,XP_015808023.1,ENSNFUP00015003053.1
105023,107381052,ENSNFUG00015001752,-,-,XP_015808027.1,ENSNFUP00015003454.1
105023,107381055,ENSNFUG00015001546,-,-,XP_015808028.1,ENSNFUP00015003026.1
105023,107381056,ENSNFUG00015001515,-,-,-,-
105023,107381058,ENSNFUG00015001491,-,-,-,-
105023,107381061,ENSNFUG00015001792,-,-,-,-
105023,107381062,ENSNFUG00015001474,-,-,-,-
105023,107381063,ENSNFUG00015001468,-,-,XP_015808038.1,ENSNFUP00015002890.1
105023,107381065,ENSNFUG00015001322,-,-,-,-
105023,107381068,ENSNFUG00015001302,-,-,-,-
105023,107381069,ENSNFUG00015001230,-,-,-,-
105023,107381071,ENSNFUG00015001125,-,-,XP_015808046.1,ENSNFUP00015002189.1
105023,107381071,ENSNFUG00015001125,-,-,XP_015808047.1,ENSNFUP00015002208.1
105023,107381072,ENSNFUG00015000959,-,-,XP_015808055.1,ENSNFUP00015001955.1
105023,107381072,ENSNFUG00015000959,-,-,XP_015808060.1,ENSNFUP00015001977.1
105023,107381072,ENSNFUG00015000959,-,-,XP_015808063.1,ENSNFUP00015001992.1
105023,107381072,ENSNFUG00015000959,-,-,XP_015808064.1,ENSNFUP00015001995.1
105023,107381073,ENSNFUG00015001762,-,-,-,-
105023,107381074,ENSNFUG00015001105,-,-,-,-
105023,107381075,ENSNFUG00015000919,-,-,XP_015808068.1,ENSNFUP00015001618.1
105023,107381076,ENSNFUG00015000461,-,-,XP_015808070.1,ENSNFUP00015001389.1
105023,107381077,ENSNFUG00015000904,-,-,XP_015808073.1,ENSNFUP00015001587.1
105023,107381079,ENSNFUG00015001876,-,-,XP_015808079.1,ENSNFUP00015003713.1
105023,107381081,ENSNFUG00015023939,-,-,XP_015808078.1,ENSNFUP00015051046.1
105023,107381082,ENSNFUG00015023932,-,-,XP_015808080.1,ENSNFUP00015051018.1
105023,107381083,ENSNFUG00015022910,-,-,XP_015808081.1,ENSNFUP00015050848.1
105023,107381083,ENSNFUG00015022910,-,-,XP_015808082.1,ENSNFUP00015050930.1
105023,107381085,ENSNFUG00015022776,-,-,XP_015808084.1,ENSNFUP00015048355.1
105023,107381086,ENSNFUG00015022750,-,-,XP_015808088.1,ENSNFUP00015048288.1
105023,107381086,ENSNFUG00015022750,-,-,XP_015808089.1,ENSNFUP00015048302.1
105023,107381086,ENSNFUG00015022750,-,-,XP_015808090.1,ENSNFUP00015048296.1
105023,107381088,ENSNFUG00015022769,-,-,XP_015808097.1,ENSNFUP00015048325.1
105023,107381089,ENSNFUG00015001906,-,-,XP_015808101.1,ENSNFUP00015003815.1
105023,107381090,ENSNFUG00015022774,-,-,XP_015808098.1,ENSNFUP00015048339.1
105023,107381090,ENSNFUG00015022774,-,-,XP_015808099.1,ENSNFUP00015048346.1
105023,107381091,ENSNFUG00015022765,-,-,XP_015808100.1,ENSNFUP00015048318.1
105023,107381092,ENSNFUG00015022735,-,-,XP_015808102.1,ENSNFUP00015048239.1
105023,107381095,ENSNFUG00015021916,-,-,-,-
105023,107381096,ENSNFUG00015021868,-,-,XP_015808107.1,ENSNFUP00015046086.1
105023,107381098,ENSNFUG00015021833,-,-,XP_015808108.1,ENSNFUP00015045987.1
105023,107381099,ENSNFUG00015001947,-,-,XP_015808112.1,ENSNFUP00015003868.1
105023,107381100,ENSNFUG00015021837,-,-,XP_015808110.1,ENSNFUP00015046000.1
105023,107381102,ENSNFUG00015021844,-,-,XP_015808116.1,ENSNFUP00015046032.1
105023,107381104,ENSNFUG00015021263,-,-,XP_015808124.1,ENSNFUP00015045829.1
105023,107381104,ENSNFUG00015021263,-,-,XP_015808125.1,ENSNFUP00015045820.1
105023,107381106,ENSNFUG00015001973,-,-,-,-
105023,107381107,ENSNFUG00015021241,-,-,XP_015808127.1,ENSNFUP00015044628.1
105023,107381108,ENSNFUG00015021229,-,-,XP_015808128.1,ENSNFUP00015044620.1
105023,107381109,ENSNFUG00015021222,-,-,XP_015808130.1,ENSNFUP00015044591.1
105023,107381110,ENSNFUG00015021219,-,-,XP_015808131.1,ENSNFUP00015044580.1
105023,107381112,ENSNFUG00015020909,-,-,XP_015808137.1,ENSNFUP00015044336.1
105023,107381112,ENSNFUG00015020909,-,-,XP_015808142.1,ENSNFUP00015044347.1
105023,107381113,ENSNFUG00015001987,-,-,-,-
105023,107381114,ENSNFUG00015020892,-,-,XP_015808143.1,ENSNFUP00015043797.1
105023,107381116,ENSNFUG00015020529,-,-,XP_015808148.1,ENSNFUP00015042871.1
105023,107381117,ENSNFUG00015001993,-,-,-,-
105023,107381118,ENSNFUG00015020504,-,-,XP_015808153.1,ENSNFUP00015042839.1
105023,107381119,ENSNFUG00015020521,-,-,XP_015808155.1,ENSNFUP00015042849.1
105023,107381120,ENSNFUG00015020524,-,-,XP_015808157.1,ENSNFUP00015042857.1
105023,107381121,ENSNFUG00015020483,-,-,XP_015808158.1,ENSNFUP00015042786.1
105023,107381121,ENSNFUG00015020483,-,-,XP_015808159.1,ENSNFUP00015042788.1
105023,107381123,ENSNFUG00015002000,-,-,XP_015808163.1,ENSNFUP00015003982.1
105023,107381130,ENSNFUG00015002133,-,-,-,-
105023,107381138,ENSNFUG00015007964,-,-,XP_015808177.1,ENSNFUP00015018470.1
105023,107381138,ENSNFUG00015007964,-,-,XP_015808178.1,ENSNFUP00015018510.1
105023,107381139,ENSNFUG00015008830,-,-,-,-
105023,107381141,ENSNFUG00015008869,-,-,-,-
105023,107381142,ENSNFUG00015008865,-,-,-,-
105023,107381143,ENSNFUG00015002500,-,-,-,-
105023,107381144,ENSNFUG00015008876,-,-,XP_015808183.1,ENSNFUP00015018675.1
105023,107381145,ENSNFUG00015008850,-,-,XP_015808184.1,ENSNFUP00015018632.1
105023,107381146,ENSNFUG00015008871,-,-,-,-
105023,107381154,ENSNFUG00015009350,-,-,XP_015808197.1,ENSNFUP00015019322.1
105023,107381156,ENSNFUG00015009374,-,-,XP_015808199.1,ENSNFUP00015019358.1
105023,107381157,ENSNFUG00015009509,-,-,-,-
105023,107381159,ENSNFUG00015009524,-,-,XP_015808201.1,ENSNFUP00015019830.1
105023,107381160,ENSNFUG00015009607,-,-,XP_015808204.1,ENSNFUP00015019851.1
105023,107381163,ENSNFUG00015009643,-,-,XP_015808208.1,ENSNFUP00015019906.1
105023,107381166,ENSNFUG00015010127,-,-,-,-
105023,107381167,ENSNFUG00015011495,-,-,XP_015808215.1,ENSNFUP00015023750.1
105023,107381171,ENSNFUG00015005864,-,-,XP_015808220.1,ENSNFUP00015011875.1
105023,107381172,ENSNFUG00015005855,-,-,XP_015808221.1,ENSNFUP00015011867.1
105023,107381173,ENSNFUG00015002511,-,-,XP_015808225.1,ENSNFUP00015005044.1
105023,107381175,ENSNFUG00015005911,-,-,XP_015808223.1,ENSNFUP00015011965.1
105023,107381178,ENSNFUG00015005914,-,-,-,-
105023,107381179,ENSNFUG00015005932,-,-,XP_015808228.1,ENSNFUP00015012011.1
105023,107381180,ENSNFUG00015005936,-,-,-,-
105023,107381182,ENSNFUG00015005939,-,-,-,-
105023,107381183,ENSNFUG00015005948,-,-,-,-
105023,107381184,ENSNFUG00015000622,-,-,-,-
105023,107381185,ENSNFUG00015005957,-,-,-,-
105023,107381186,ENSNFUG00015005985,-,-,XP_015808234.1,ENSNFUP00015012268.1
105023,107381188,ENSNFUG00015006908,-,-,-,-
105023,107381189,ENSNFUG00015006936,-,-,-,-
105023,107381192,ENSNFUG00015007051,-,-,XP_015808239.1,ENSNFUP00015014532.1
105023,107381195,ENSNFUG00015007036,-,-,-,-
105023,107381197,ENSNFUG00015007077,-,-,XP_015808249.1,ENSNFUP00015014574.1
105023,107381198,ENSNFUG00015007088,-,-,-,-
105023,107381202,ENSNFUG00015007115,-,-,-,-
105023,107381204,ENSNFUG00015007154,-,-,-,-
105023,107381205,ENSNFUG00015007125,-,-,-,-
105023,107381206,ENSNFUG00015007165,-,-,-,-
105023,107381208,ENSNFUG00015002525,-,-,-,-
105023,107381209,ENSNFUG00015007191,-,-,-,-
105023,107381210,ENSNFUG00015007222,-,-,-,-
105023,107381211,ENSNFUG00015007307,-,-,-,-
105023,107381213,ENSNFUG00015007403,-,-,XP_015808270.1,ENSNFUP00015015743.1
105023,107381214,ENSNFUG00015007355,-,-,XP_015808272.1,ENSNFUP00015015184.1
105023,107381217,ENSNFUG00015002519,-,-,-,-
105023,107381218,ENSNFUG00015007646,-,-,-,-
105023,107381220,ENSNFUG00015007933,-,-,XP_015808280.1,ENSNFUP00015016567.1
105023,107381224,ENSNFUG00015008140,-,-,-,-
105023,107381225,ENSNFUG00015002574,-,-,-,-
105023,107381226,ENSNFUG00015008166,-,-,XP_015808287.1,ENSNFUP00015017415.1
105023,107381227,ENSNFUG00015008320,-,-,-,-
105023,107381237,ENSNFUG00015000628,-,-,XP_015808299.1,ENSNFUP00015001600.1
105023,107381238,ENSNFUG00015000326,-,-,XP_015808304.1,ENSNFUP00015000534.1
105023,107381238,ENSNFUG00015000326,-,-,XP_015808305.1,ENSNFUP00015000519.1
105023,107381242,ENSNFUG00015002719,-,-,-,-
105023,107381243,ENSNFUG00015000155,-,-,XP_015808311.1,ENSNFUP00015000156.1
105023,107381245,ENSNFUG00015000111,-,-,XP_015808312.1,ENSNFUP00015000118.1
105023,107381246,ENSNFUG00015022190,-,-,XP_015808315.1,ENSNFUP00015048304.1
105023,107381246,ENSNFUG00015022190,-,-,XP_015808318.1,ENSNFUP00015048529.1
105023,107381246,ENSNFUG00015022190,-,-,XP_015808319.1,ENSNFUP00015048616.1
105023,107381248,ENSNFUG00015021914,-,-,XP_015808320.1,ENSNFUP00015046739.1
105023,107381248,ENSNFUG00015021914,-,-,XP_015808321.1,ENSNFUP00015046751.1
105023,107381249,ENSNFUG00015021892,-,-,-,-
105023,107381250,ENSNFUG00015002621,-,-,XP_015808324.1,ENSNFUP00015005359.1
105023,107381254,ENSNFUG00015021882,-,-,XP_015808325.1,ENSNFUP00015046113.1
105023,107381255,ENSNFUG00015021876,-,-,XP_015808327.1,ENSNFUP00015046103.1
105023,107381257,ENSNFUG00015021071,-,-,-,-
105023,107381258,ENSNFUG00015020884,-,-,XP_015808330.1,ENSNFUP00015043835.1
105023,107381259,ENSNFUG00015010568,-,-,XP_015808331.1,ENSNFUP00015043416.1
105023,107381260,ENSNFUG00015009954,-,-,XP_015808332.1,ENSNFUP00015020494.1
105023,107381261,ENSNFUG00015002732,-,-,XP_015808344.1,ENSNFUP00015005437.1
105023,107381271,ENSNFUG00015008435,-,-,XP_015808348.1,ENSNFUP00015017658.1
105023,107381272,ENSNFUG00015000508,-,-,-,-
105023,107381273,ENSNFUG00015008425,-,-,-,-
105023,107381276,ENSNFUG00015008421,-,-,-,-
105023,107381278,ENSNFUG00015008414,-,-,XP_015808354.1,ENSNFUP00015017617.1
105023,107381279,ENSNFUG00015008404,-,-,XP_015808355.1,ENSNFUP00015017608.1
105023,107381280,ENSNFUG00015008393,-,-,XP_015808356.1,ENSNFUP00015017590.1
105023,107381281,ENSNFUG00015008364,-,-,XP_015808357.1,ENSNFUP00015017563.1
105023,107381281,ENSNFUG00015008364,-,-,XP_015808358.1,ENSNFUP00015017576.1
105023,107381282,ENSNFUG00015008338,-,-,XP_015808359.1,ENSNFUP00015017486.1
105023,107381282,ENSNFUG00015008338,-,-,XP_015808361.1,ENSNFUP00015017491.1
105023,107381287,ENSNFUG00015002826,-,-,-,-
105023,107381289,ENSNFUG00015002752,-,-,XP_015808370.1,ENSNFUP00015005474.1
105023,107381290,ENSNFUG00015002788,-,-,-,-
105023,107381292,ENSNFUG00015002736,-,-,XP_015808372.1,ENSNFUP00015005456.1
105023,107381294,ENSNFUG00015002725,-,-,XP_015808375.1,ENSNFUP00015005421.1
105023,107381295,ENSNFUG00015002716,-,-,XP_015808376.1,ENSNFUP00015005411.1
105023,107381297,ENSNFUG00015002397,-,-,XP_015808377.1,ENSNFUP00015005354.1
105023,107381297,ENSNFUG00015002397,-,-,XP_015808378.1,ENSNFUP00015005368.1
105023,107381299,ENSNFUG00015002792,-,-,-,-
105023,107381300,ENSNFUG00015002303,-,-,XP_015808389.1,ENSNFUP00015004575.1
105023,107381304,ENSNFUG00015002245,-,-,XP_015808394.1,ENSNFUP00015004446.1
105023,107381305,ENSNFUG00015002205,-,-,-,-
105023,107381307,ENSNFUG00015002184,-,-,XP_015808397.1,ENSNFUP00015004340.1
105023,107381308,ENSNFUG00015002169,-,-,XP_015808398.1,ENSNFUP00015004324.1
105023,107381309,ENSNFUG00015002159,-,-,XP_015808399.1,ENSNFUP00015004295.1
105023,107381310,ENSNFUG00015002141,-,-,XP_015808401.1,ENSNFUP00015004275.1
105023,107381311,ENSNFUG00015002124,-,-,-,-
105023,107381312,ENSNFUG00015002091,-,-,-,-
105023,107381313,ENSNFUG00015002113,-,-,XP_015808404.1,ENSNFUP00015004201.1
105023,107381316,ENSNFUG00015001920,-,-,-,-
105023,107381318,ENSNFUG00015001767,-,-,XP_015808407.1,ENSNFUP00015003500.1
105023,107381319,ENSNFUG00015001475,-,-,-,-
105023,107381321,ENSNFUG00015001364,-,-,XP_015808411.1,ENSNFUP00015002659.1
105023,107381322,ENSNFUG00015001371,-,-,XP_015808412.1,ENSNFUP00015002682.1
105023,107381325,ENSNFUG00015001358,-,-,XP_015808417.1,ENSNFUP00015002642.1
105023,107381329,ENSNFUG00015001042,-,-,XP_015808420.1,ENSNFUP00015002188.1
105023,107381331,ENSNFUG00015000750,-,-,XP_015808424.1,ENSNFUP00015001293.1
105023,107381335,ENSNFUG00015002821,-,-,-,-
105023,107381337,ENSNFUG00015021625,-,-,-,-
105023,107381338,ENSNFUG00015021299,-,-,XP_015808432.1,ENSNFUP00015045412.1
105023,107381340,ENSNFUG00015021153,-,-,XP_015808436.1,ENSNFUP00015044729.1
105023,107381342,ENSNFUG00015019860,-,-,XP_015808438.1,ENSNFUP00015044134.1
105023,107381346,ENSNFUG00015019792,-,-,XP_015808443.1,ENSNFUP00015041228.1
105023,107381347,ENSNFUG00015019775,-,-,XP_015808444.1,ENSNFUP00015041212.1
105023,107381349,ENSNFUG00015019662,-,-,-,-
105023,107381351,ENSNFUG00015019590,-,-,XP_015808452.1,ENSNFUP00015040838.1
105023,107381355,ENSNFUG00015003031,-,-,XP_015808459.1,ENSNFUP00015007133.1
105023,107381355,ENSNFUG00015003031,-,-,XP_015808466.1,ENSNFUP00015007167.1
105023,107381358,ENSNFUG00015000612,-,-,-,-
105023,107381369,ENSNFUG00015002842,-,-,XP_015808479.1,ENSNFUP00015005696.1
105023,107381370,ENSNFUG00015014600,-,-,XP_015808475.1,ENSNFUP00015036685.1
105023,107381371,ENSNFUG00015014454,-,-,-,-
105023,107381374,ENSNFUG00015011956,-,-,-,-
105023,107381375,ENSNFUG00015011805,-,-,-,-
105023,107381376,ENSNFUG00015011783,-,-,-,-
105023,107381377,ENSNFUG00015003603,-,-,-,-
105023,107381378,ENSNFUG00015010539,-,-,XP_015808487.1,ENSNFUP00015023932.1
105023,107381381,ENSNFUG00015010022,-,-,-,-
105023,107381385,ENSNFUG00015003610,-,-,-,-
105023,107381386,ENSNFUG00015009828,-,-,XP_015808500.1,ENSNFUP00015020287.1
105023,107381387,ENSNFUG00015009815,-,-,-,-
105023,107381388,ENSNFUG00015009490,-,-,XP_015808505.1,ENSNFUP00015019823.1
105023,107381389,ENSNFUG00015009405,-,-,XP_015808506.1,ENSNFUP00015019480.1
105023,107381392,ENSNFUG00015009287,-,-,-,-
105023,107381393,ENSNFUG00015009151,-,-,-,-
105023,107381394,ENSNFUG00015009264,-,-,XP_015808515.1,ENSNFUP00015019194.1
105023,107381396,ENSNFUG00015009020,-,-,-,-
105023,107381398,ENSNFUG00015008954,-,-,XP_015808521.1,ENSNFUP00015018794.1
105023,107381399,ENSNFUG00015008840,-,-,-,-
105023,107381400,ENSNFUG00015008833,-,-,-,-
105023,107381401,ENSNFUG00015008775,-,-,-,-
105023,107381402,ENSNFUG00015008808,-,-,XP_015808525.1,ENSNFUP00015018562.1
105023,107381405,ENSNFUG00015008761,-,-,XP_015808528.1,ENSNFUP00015018440.1
105023,107381406,ENSNFUG00015008743,-,-,XP_015808537.1,ENSNFUP00015018412.1
105023,107381407,ENSNFUG00015009217,-,-,-,-
105023,107381409,ENSNFUG00015008699,-,-,-,-
105023,107381412,ENSNFUG00015008579,-,-,-,-
105023,107381416,ENSNFUG00015008551,-,-,XP_015808558.1,ENSNFUP00015017910.1
105023,107381418,ENSNFUG00015004558,-,-,XP_015808562.1,ENSNFUP00015009427.1
105023,107381419,ENSNFUG00015004384,-,-,XP_015808563.1,ENSNFUP00015009278.1
105023,107381420,ENSNFUG00015004345,-,-,XP_015808564.1,ENSNFUP00015008917.1
105023,107381422,ENSNFUG00015003882,-,-,XP_015808566.1,ENSNFUP00015007893.1
105023,107381423,ENSNFUG00015010745,-,-,XP_015808572.1,ENSNFUP00015022173.1
105023,107381423,ENSNFUG00015010745,-,-,XP_015808581.1,ENSNFUP00015022179.1
105023,107381424,ENSNFUG00015003620,-,-,-,-
105023,107381425,ENSNFUG00015003344,-,-,-,-
105023,107381426,ENSNFUG00015003535,-,-,XP_015808574.1,ENSNFUP00015007132.1
105023,107381429,ENSNFUG00015020757,-,-,XP_015808582.1,ENSNFUP00015043431.1
105023,107381431,ENSNFUG00015020748,-,-,XP_015808585.1,ENSNFUP00015043384.1
105023,107381431,ENSNFUG00015020748,-,-,XP_015808586.1,ENSNFUP00015043390.1
105023,107381432,ENSNFUG00015000584,-,-,XP_015808628.1,ENSNFUP00015000992.1
105023,107381433,ENSNFUG00015020746,-,-,XP_015808587.1,ENSNFUP00015043365.1
105023,107381434,ENSNFUG00015020743,-,-,-,-
105023,107381435,ENSNFUG00015020717,-,-,-,-
105023,107381436,ENSNFUG00015010803,-,-,XP_015808594.1,ENSNFUP00015023723.1
105023,107381437,ENSNFUG00015020712,-,-,XP_015808591.1,ENSNFUP00015043293.1
105023,107381439,ENSNFUG00015020432,-,-,-,-
105023,107381441,ENSNFUG00015020327,-,-,-,-
105023,107381442,ENSNFUG00015019090,-,-,XP_015808605.1,ENSNFUP00015042117.1
105023,107381442,ENSNFUG00015019090,-,-,XP_015808606.1,ENSNFUP00015042052.1
105023,107381443,ENSNFUG00015018984,-,-,-,-
105023,107381444,ENSNFUG00015019004,-,-,XP_015808612.1,ENSNFUP00015039467.1
105023,107381445,ENSNFUG00015018967,-,-,-,-
105023,107381446,ENSNFUG00015018948,-,-,XP_015808617.1,ENSNFUP00015039301.1
105023,107381449,ENSNFUG00015018950,-,-,XP_015808620.1,ENSNFUP00015039313.1
105023,107381451,ENSNFUG00015018817,-,-,-,-
105023,107381454,ENSNFUG00015018621,-,-,XP_015808630.1,ENSNFUP00015038928.1
105023,107381454,ENSNFUG00015018621,-,-,XP_015808631.1,ENSNFUP00015038934.1
105023,107381458,ENSNFUG00015018377,-,-,-,-
105023,107381459,ENSNFUG00015018367,-,-,XP_015808637.1,ENSNFUP00015038035.1
105023,107381459,ENSNFUG00015018367,-,-,XP_015808638.1,ENSNFUP00015038031.1
105023,107381460,ENSNFUG00015018306,-,-,-,-
105023,107381461,ENSNFUG00015018150,-,-,-,-
105023,107381466,ENSNFUG00015017836,-,-,XP_015808645.1,ENSNFUP00015036855.1
105023,107381467,ENSNFUG00015017834,-,-,-,-
105023,107381469,ENSNFUG00015017826,-,-,XP_015808647.1,ENSNFUP00015036834.1
105023,107381469,ENSNFUG00015017826,-,-,XP_015808648.1,ENSNFUP00015036843.1
105023,107381471,ENSNFUG00015017631,-,-,-,-
105023,107381473,ENSNFUG00015010302,-,-,-,-
105023,107381478,ENSNFUG00015010223,-,-,-,-
105023,107381479,ENSNFUG00015010190,-,-,-,-
105023,107381480,ENSNFUG00015009080,-,-,XP_015808660.1,ENSNFUP00015018902.1
105023,107381481,ENSNFUG00015009058,-,-,-,-
105023,107381506,ENSNFUG00015000424,-,-,-,-
105023,107381509,ENSNFUG00015004127,-,-,XP_015808710.1,ENSNFUP00015008752.1
105023,107381509,ENSNFUG00015004127,-,-,XP_015808711.1,ENSNFUP00015008762.1
105023,107381509,ENSNFUG00015004127,-,-,XP_015808712.1,ENSNFUP00015008714.1
105023,107381510,ENSNFUG00015004064,-,-,XP_015808714.1,ENSNFUP00015008312.1
105023,107381511,ENSNFUG00015003878,-,-,XP_015808715.1,ENSNFUP00015008230.1
105023,107381512,ENSNFUG00015004079,-,-,XP_015808716.1,ENSNFUP00015008340.1
105023,107381516,ENSNFUG00015003798,-,-,XP_015808720.1,ENSNFUP00015007731.1
105023,107381517,ENSNFUG00015003778,-,-,XP_015808721.1,ENSNFUP00015007688.1
105023,107381521,ENSNFUG00015003607,-,-,XP_015808724.1,ENSNFUP00015007322.1
105023,107381525,ENSNFUG00015003197,-,-,XP_015808731.1,ENSNFUP00015006421.1
105023,107381529,ENSNFUG00015003124,-,-,XP_015808735.1,ENSNFUP00015006265.1
105023,107381530,ENSNFUG00015003116,-,-,XP_015808736.1,ENSNFUP00015006246.1
105023,107381531,ENSNFUG00015003099,-,-,XP_015808740.1,ENSNFUP00015006228.1
105023,107381533,ENSNFUG00015003058,-,-,-,-
105023,107381534,ENSNFUG00015003074,-,-,-,-
105023,107381536,ENSNFUG00015003091,-,-,XP_015808745.1,ENSNFUP00015006168.1
105023,107381538,ENSNFUG00015002802,-,-,XP_015808749.1,ENSNFUP00015005606.1
105023,107381543,ENSNFUG00015002663,-,-,-,-
105023,107381544,ENSNFUG00015002611,-,-,XP_015808759.1,ENSNFUP00015005228.1
105023,107381546,ENSNFUG00015002597,-,-,XP_015808761.1,ENSNFUP00015005192.1
105023,107381547,ENSNFUG00015002579,-,-,XP_015808762.1,ENSNFUP00015005142.1
105023,107381551,ENSNFUG00015002528,-,-,XP_015808767.1,ENSNFUP00015005070.1
105023,107381552,ENSNFUG00015002515,-,-,XP_015808768.1,ENSNFUP00015005058.1
105023,107381555,ENSNFUG00015001670,-,-,-,-
105023,107381557,ENSNFUG00015001166,-,-,-,-
105023,107381558,ENSNFUG00015001096,-,-,-,-
105023,107381561,ENSNFUG00015001017,-,-,XP_015808792.1,ENSNFUP00015001925.1
105023,107381568,ENSNFUG00015020724,-,-,XP_015808801.1,ENSNFUP00015043348.1
105023,107381578,ENSNFUG00015003606,-,-,-,-
105023,107381585,ENSNFUG00015019582,-,-,XP_015808816.1,ENSNFUP00015040812.1
105023,107381594,ENSNFUG00015017283,-,-,-,-
105023,107381596,ENSNFUG00015017568,-,-,-,-
105023,107381598,ENSNFUG00015014730,-,-,XP_015808827.1,ENSNFUP00015035321.1
105023,107381599,ENSNFUG00015014522,-,-,-,-
105023,107381600,ENSNFUG00015017484,-,-,-,-
105023,107381602,ENSNFUG00015014016,-,-,-,-
105023,107381605,ENSNFUG00015017457,-,-,XP_015808838.1,ENSNFUP00015036012.1
105023,107381609,ENSNFUG00015017453,-,-,-,-
105023,107381610,ENSNFUG00015017472,-,-,-,-
105023,107381612,ENSNFUG00015017539,-,-,XP_015808854.1,ENSNFUP00015036183.1
105023,107381613,ENSNFUG00015017520,-,-,XP_015808855.1,ENSNFUP00015036153.1
105023,107381614,ENSNFUG00015014504,-,-,-,-
105023,107381615,ENSNFUG00015017516,-,-,XP_015808858.1,ENSNFUP00015036136.1
105023,107381616,ENSNFUG00015017532,-,-,XP_015808860.1,ENSNFUP00015036167.1
105023,107381619,ENSNFUG00015010516,-,-,-,-
105023,107381622,ENSNFUG00015020429,-,-,-,-
105023,107381624,ENSNFUG00015020408,-,-,XP_015808877.1,ENSNFUP00015042645.1
105023,107381625,ENSNFUG00015020395,-,-,-,-
105023,107381626,ENSNFUG00015020369,-,-,XP_015808882.1,ENSNFUP00015042576.1
105023,107381629,ENSNFUG00015013886,-,-,-,-
105023,107381631,ENSNFUG00015020346,-,-,-,-
105023,107381632,ENSNFUG00015020353,-,-,-,-
105023,107381633,ENSNFUG00015013876,-,-,XP_015808890.1,ENSNFUP00015028662.1
105023,107381634,ENSNFUG00015013593,-,-,-,-
105023,107381635,ENSNFUG00015013557,-,-,-,-
105023,107381638,ENSNFUG00015013526,-,-,-,-
105023,107381641,ENSNFUG00015011085,-,-,-,-
105023,107381645,ENSNFUG00015010992,-,-,XP_015808902.1,ENSNFUP00015022752.1
105023,107381645,ENSNFUG00015010992,-,-,XP_015808903.1,ENSNFUP00015022766.1
105023,107381646,ENSNFUG00015010978,-,-,XP_015808905.1,ENSNFUP00015022704.1
105023,107381647,ENSNFUG00015010965,-,-,XP_015808906.1,ENSNFUP00015022682.1
105023,107381649,ENSNFUG00015010216,-,-,-,-
105023,107381650,ENSNFUG00015009968,-,-,XP_015808908.1,ENSNFUP00015020793.1
105023,107381651,ENSNFUG00015010107,-,-,-,-
105023,107381652,ENSNFUG00015009938,-,-,-,-
105023,107381653,ENSNFUG00015009901,-,-,XP_015808912.1,ENSNFUP00015020440.1
105023,107381653,ENSNFUG00015009901,-,-,XP_015808913.1,ENSNFUP00015020451.1
105023,107381655,ENSNFUG00015009886,-,-,-,-
105023,107381656,ENSNFUG00015004560,-,-,-,-
105023,107381658,ENSNFUG00015004147,-,-,-,-
105023,107381660,ENSNFUG00015004031,-,-,-,-
105023,107381663,ENSNFUG00015003888,-,-,XP_015808940.1,ENSNFUP00015007903.1
105023,107381664,ENSNFUG00015003880,-,-,XP_015808941.1,ENSNFUP00015007894.1
105023,107381665,ENSNFUG00015003666,-,-,-,-
105023,107381666,ENSNFUG00015003580,-,-,-,-
105023,107381667,ENSNFUG00015003508,-,-,-,-
105023,107381668,ENSNFUG00015003475,-,-,-,-
105023,107381670,ENSNFUG00015003486,-,-,-,-
105023,107381671,ENSNFUG00015003480,-,-,-,-
105023,107381674,ENSNFUG00015003459,-,-,XP_015808957.1,ENSNFUP00015006988.1
105023,107381675,ENSNFUG00015003461,-,-,-,-
105023,107381676,ENSNFUG00015003455,-,-,XP_015808959.1,ENSNFUP00015006982.1
105023,107381678,ENSNFUG00015003446,-,-,-,-
105023,107381679,ENSNFUG00015000397,-,-,XP_015809089.1,ENSNFUP00015000579.1
105023,107381681,ENSNFUG00015003437,-,-,-,-
105023,107381683,ENSNFUG00015003427,-,-,-,-
105023,107381684,ENSNFUG00015003421,-,-,XP_015808970.1,ENSNFUP00015006919.1
105023,107381686,ENSNFUG00015003416,-,-,-,-
105023,107381687,ENSNFUG00015003411,-,-,-,-
105023,107381688,ENSNFUG00015003286,-,-,XP_015808977.1,ENSNFUP00015006826.1
105023,107381689,ENSNFUG00015003402,-,-,-,-
105023,107381690,ENSNFUG00015003241,-,-,-,-
105023,107381691,ENSNFUG00015003231,-,-,XP_015808982.1,ENSNFUP00015006463.1
105023,107381692,ENSNFUG00015003217,-,-,-,-
105023,107381694,ENSNFUG00015003201,-,-,XP_015808992.1,ENSNFUP00015006401.1
105023,107381696,ENSNFUG00015023279,-,-,-,-
105023,107381699,ENSNFUG00015023178,-,-,-,-
105023,107381701,ENSNFUG00015023206,-,-,XP_015809009.1,ENSNFUP00015049325.1
105023,107381706,ENSNFUG00015023257,-,-,XP_015809016.1,ENSNFUP00015049402.1
105023,107381708,ENSNFUG00015022081,-,-,XP_015809017.1,ENSNFUP00015049082.1
105023,107381708,ENSNFUG00015022081,-,-,XP_015809018.1,ENSNFUP00015049196.1
105023,107381709,ENSNFUG00015021982,-,-,XP_015809019.1,ENSNFUP00015046367.1
105023,107381710,ENSNFUG00015021824,-,-,XP_015809020.1,ENSNFUP00015046235.1
105023,107381711,ENSNFUG00015021794,-,-,-,-
105023,107381712,ENSNFUG00015021753,-,-,XP_015809023.1,ENSNFUP00015045795.1
105023,107381714,ENSNFUG00015017061,-,-,-,-
105023,107381716,ENSNFUG00015015127,-,-,XP_015809031.1,ENSNFUP00015034410.1
105023,107381716,ENSNFUG00015015127,-,-,XP_015809033.1,ENSNFUP00015034505.1
105023,107381716,ENSNFUG00015015127,-,-,XP_015809035.1,ENSNFUP00015034530.1
105023,107381717,ENSNFUG00015014748,-,-,-,-
105023,107381719,ENSNFUG00015014983,-,-,-,-
105023,107381721,ENSNFUG00015012441,-,-,-,-
105023,107381723,ENSNFUG00015012340,-,-,-,-
105023,107381728,ENSNFUG00015017704,-,-,-,-
105023,107381734,ENSNFUG00015011632,-,-,-,-
105023,107381735,ENSNFUG00015011622,-,-,XP_015809061.1,ENSNFUP00015024051.1
105023,107381737,ENSNFUG00015010533,-,-,-,-
105023,107381739,ENSNFUG00015010448,-,-,-,-
105023,107381741,ENSNFUG00015010285,-,-,-,-
105023,107381742,ENSNFUG00015010276,-,-,-,-
105023,107381744,ENSNFUG00015009472,-,-,XP_015809072.1,ENSNFUP00015020981.1
105023,107381745,ENSNFUG00015008874,-,-,XP_015809076.1,ENSNFUP00015019274.1
105023,107381745,ENSNFUG00015008874,-,-,XP_015809077.1,ENSNFUP00015019309.1
105023,107381746,ENSNFUG00015007554,-,-,-,-
105023,107381748,ENSNFUG00015007420,-,-,-,-
105023,107381751,ENSNFUG00015007414,-,-,XP_015809086.1,ENSNFUP00015015352.1
105023,107381752,ENSNFUG00015007223,-,-,-,-
105023,107381753,ENSNFUG00015007171,-,-,-,-
105023,107381754,ENSNFUG00015007163,-,-,-,-
105023,107381755,ENSNFUG00015006330,-,-,-,-
105023,107381759,ENSNFUG00015006249,-,-,-,-
105023,107381760,ENSNFUG00015006243,-,-,-,-
105023,107381761,ENSNFUG00015006009,-,-,XP_015809099.1,ENSNFUP00015012671.1
105023,107381763,ENSNFUG00015005942,-,-,-,-
105023,107381764,ENSNFUG00015005923,-,-,XP_015809102.1,ENSNFUP00015012003.1
105023,107381768,ENSNFUG00015005915,-,-,XP_015809117.1,ENSNFUP00015011981.1
105023,107381770,ENSNFUG00015018135,-,-,XP_015809122.1,ENSNFUP00015037551.1
105023,107381771,ENSNFUG00015005253,-,-,-,-
105023,107381772,ENSNFUG00015005081,-,-,-,-
105023,107381773,ENSNFUG00015004425,-,-,-,-
105023,107381774,ENSNFUG00015004220,-,-,-,-
105023,107381775,ENSNFUG00015018205,-,-,XP_015809136.1,ENSNFUP00015038037.1
105023,107381777,ENSNFUG00015012200,-,-,XP_015809135.1,ENSNFUP00015025356.1
105023,107381777,ENSNFUG00015012200,-,-,XP_015809137.1,ENSNFUP00015025350.1
105023,107381777,ENSNFUG00015012200,-,-,XP_015809138.1,ENSNFUP00015025367.1
105023,107381779,ENSNFUG00015011924,-,-,XP_015809140.1,ENSNFUP00015025024.1
105023,107381779,ENSNFUG00015011924,-,-,XP_015809141.1,ENSNFUP00015024910.1
105023,107381779,ENSNFUG00015011924,-,-,XP_015809143.1,ENSNFUP00015025049.1
105023,107381780,ENSNFUG00015011669,-,-,XP_015809144.1,ENSNFUP00015024546.1
105023,107381782,ENSNFUG00015011595,-,-,XP_015809148.1,ENSNFUP00015024040.1
105023,107381783,ENSNFUG00015011563,-,-,XP_015809150.1,ENSNFUP00015023937.1
105023,107381785,ENSNFUG00015010561,-,-,-,-
105023,107381786,ENSNFUG00015010469,-,-,XP_015809156.1,ENSNFUP00015021559.1
105023,107381787,ENSNFUG00015010445,-,-,XP_015809157.1,ENSNFUP00015021484.1
105023,107381788,ENSNFUG00015018452,-,-,XP_015809162.1,ENSNFUP00015038207.1
105023,107381789,ENSNFUG00015010422,-,-,XP_015809158.1,ENSNFUP00015021464.1
105023,107381790,ENSNFUG00015010258,-,-,XP_015809160.1,ENSNFUP00015021382.1
105023,107381792,ENSNFUG00015010161,-,-,XP_015809163.1,ENSNFUP00015020977.1
105023,107381793,ENSNFUG00015010147,-,-,-,-
105023,107381795,ENSNFUG00015010066,-,-,-,-
105023,107381797,ENSNFUG00015010025,-,-,XP_015809168.1,ENSNFUP00015020685.1
105023,107381801,ENSNFUG00015008803,-,-,XP_015809173.1,ENSNFUP00015019354.1
105023,107381803,ENSNFUG00015008744,-,-,-,-
105023,107381805,ENSNFUG00015018487,-,-,-,-
105023,107381806,ENSNFUG00015008741,-,-,XP_015809176.1,ENSNFUP00015018382.1
105023,107381807,ENSNFUG00015008728,-,-,-,-
105023,107381808,ENSNFUG00015008727,-,-,-,-
105023,107381809,ENSNFUG00015008720,-,-,XP_015809180.1,ENSNFUP00015018338.1
105023,107381809,ENSNFUG00015008720,-,-,XP_015809181.1,ENSNFUP00015018342.1
105023,107381810,ENSNFUG00015008714,-,-,XP_015809182.1,ENSNFUP00015018321.1
105023,107381811,ENSNFUG00015008711,-,-,XP_015809183.1,ENSNFUP00015018296.1
105023,107381812,ENSNFUG00015008703,-,-,-,-
105023,107381814,ENSNFUG00015018985,-,-,-,-
105023,107381815,ENSNFUG00015007483,-,-,-,-
105023,107381817,ENSNFUG00015006562,-,-,-,-
105023,107381818,ENSNFUG00015006314,-,-,XP_015809190.1,ENSNFUP00015013156.1
105023,107381822,ENSNFUG00015005223,-,-,-,-
105023,107381823,ENSNFUG00015006227,-,-,-,-
105023,107381824,ENSNFUG00015004673,-,-,-,-
105023,107381826,ENSNFUG00015019012,-,-,XP_015809210.1,ENSNFUP00015039475.1
105023,107381826,ENSNFUG00015019012,-,-,XP_015809227.1,ENSNFUP00015039480.1
105023,107381827,ENSNFUG00015004563,-,-,XP_015809207.1,ENSNFUP00015009387.1
105023,107381828,ENSNFUG00015004592,-,-,XP_015809209.1,ENSNFUP00015009497.1
105023,107381829,ENSNFUG00015004515,-,-,-,-
105023,107381830,ENSNFUG00015004539,-,-,XP_015809212.1,ENSNFUP00015009332.1
105023,107381831,ENSNFUG00015004506,-,-,XP_015809213.1,ENSNFUP00015009264.1
105023,107381832,ENSNFUG00015004412,-,-,-,-
105023,107381833,ENSNFUG00015004331,-,-,-,-
105023,107381834,ENSNFUG00015004215,-,-,-,-
105023,107381835,ENSNFUG00015004247,-,-,-,-
105023,107381836,ENSNFUG00015004197,-,-,-,-
105023,107381837,ENSNFUG00015004168,-,-,-,-
105023,107381838,ENSNFUG00015004153,-,-,-,-
105023,107381839,ENSNFUG00015004145,-,-,XP_015809233.1,ENSNFUP00015008490.1
105023,107381841,ENSNFUG00015004067,-,-,XP_015809235.1,ENSNFUP00015008296.1
105023,107381842,ENSNFUG00015018997,-,-,XP_015809239.1,ENSNFUP00015039447.1
105023,107381843,ENSNFUG00015004061,-,-,-,-
105023,107381847,ENSNFUG00015003991,-,-,XP_015809240.1,ENSNFUP00015008130.1
105023,107381854,ENSNFUG00015003928,-,-,XP_015809255.1,ENSNFUP00015008005.1
105023,107381856,ENSNFUG00015004499,-,-,-,-
105023,107381860,ENSNFUG00015004182,-,-,-,-
105023,107381865,ENSNFUG00015004095,-,-,-,-
105023,107381867,ENSNFUG00015004068,-,-,-,-
105023,107381868,ENSNFUG00015004032,-,-,-,-
105023,107381869,ENSNFUG00015003366,-,-,-,-
105023,107381870,ENSNFUG00015019689,-,-,XP_015809279.1,ENSNFUP00015041026.1
105023,107381871,ENSNFUG00015003358,-,-,XP_015809278.1,ENSNFUP00015006749.1
105023,107381873,ENSNFUG00015003242,-,-,XP_015809284.1,ENSNFUP00015006530.1
105023,107381873,ENSNFUG00015003242,-,-,XP_015809285.1,ENSNFUP00015006524.1
105023,107381874,ENSNFUG00015003295,-,-,XP_015809290.1,ENSNFUP00015006625.1
105023,107381877,ENSNFUG00015003309,-,-,-,-
105023,107381878,ENSNFUG00015003306,-,-,-,-
105023,107381880,ENSNFUG00015003195,-,-,-,-
105023,107381881,ENSNFUG00015003178,-,-,-,-
105023,107381882,ENSNFUG00015003162,-,-,-,-
105023,107381883,ENSNFUG00015003121,-,-,XP_015809305.1,ENSNFUP00015006288.1
105023,107381884,ENSNFUG00015003107,-,-,XP_015809306.1,ENSNFUP00015006222.1
105023,107381885,ENSNFUG00015003095,-,-,-,-
105023,107381889,ENSNFUG00015002940,-,-,XP_015809312.1,ENSNFUP00015005869.1
105023,107381892,ENSNFUG00015002873,-,-,XP_015809318.1,ENSNFUP00015005773.1
105023,107381893,ENSNFUG00015002892,-,-,XP_015809319.1,ENSNFUP00015005817.1
105023,107381919,ENSNFUG00015007287,-,-,-,-
105023,107381920,ENSNFUG00015007275,-,-,XP_015809335.1,ENSNFUP00015014996.1
105023,107381929,ENSNFUG00015006901,-,-,XP_015809348.1,ENSNFUP00015014432.1
105023,107381929,ENSNFUG00015006901,-,-,XP_015809350.1,ENSNFUP00015014359.1
105023,107381930,ENSNFUG00015006868,-,-,XP_015809352.1,ENSNFUP00015014084.1
105023,107381932,ENSNFUG00015006841,-,-,XP_015809354.1,ENSNFUP00015014034.1
105023,107381933,ENSNFUG00015005901,-,-,-,-
105023,107381937,ENSNFUG00015019958,-,-,XP_015809361.1,ENSNFUP00015041615.1
105023,107381938,ENSNFUG00015004549,-,-,XP_015809358.1,ENSNFUP00015011098.1
105023,107381941,ENSNFUG00015004324,-,-,XP_015809362.1,ENSNFUP00015008879.1
105023,107381945,ENSNFUG00015004280,-,-,XP_015809366.1,ENSNFUP00015008813.1
105023,107381948,ENSNFUG00015019962,-,-,XP_015809370.1,ENSNFUP00015041624.1
105023,107381953,ENSNFUG00015007325,-,-,-,-
105023,107381954,ENSNFUG00015000299,-,-,-,-
105023,107381955,ENSNFUG00015019971,-,-,-,-
105023,107381956,ENSNFUG00015007298,-,-,-,-
105023,107381957,ENSNFUG00015007447,-,-,XP_015809389.1,ENSNFUP00015015765.1
105023,107381958,ENSNFUG00015007596,-,-,XP_015809390.1,ENSNFUP00015015797.1
105023,107381959,ENSNFUG00015007607,-,-,XP_015809391.1,ENSNFUP00015015808.1
105023,107381961,ENSNFUG00015007618,-,-,XP_015809393.1,ENSNFUP00015015841.1
105023,107381965,ENSNFUG00015007618,-,-,XP_015809394.1,ENSNFUP00015015847.1
105023,107381966,ENSNFUG00015007627,-,-,-,-
105023,107381967,ENSNFUG00015007636,-,-,XP_015809397.1,ENSNFUP00015015898.1
105023,107381968,ENSNFUG00015007664,-,-,-,-
105023,107381972,ENSNFUG00015017005,-,-,-,-
105023,107381973,ENSNFUG00015016157,-,-,-,-
105023,107381978,ENSNFUG00015014386,-,-,-,-
105023,107381980,ENSNFUG00015014070,-,-,XP_015809412.1,ENSNFUP00015029120.1
105023,107381982,ENSNFUG00015013663,-,-,-,-
105023,107381984,ENSNFUG00015013561,-,-,-,-
105023,107381985,ENSNFUG00015013585,-,-,-,-
105023,107381986,ENSNFUG00015013442,-,-,XP_015809421.1,ENSNFUP00015027853.1
105023,107381988,ENSNFUG00015013413,-,-,XP_015809423.1,ENSNFUP00015027749.1
105023,107381989,ENSNFUG00015013403,-,-,-,-
105023,107381992,ENSNFUG00015013361,-,-,XP_015809428.1,ENSNFUP00015027650.1
105023,107381993,ENSNFUG00015013244,-,-,-,-
105023,107381994,ENSNFUG00015013347,-,-,-,-
105023,107381997,ENSNFUG00015009906,-,-,-,-
105023,107381998,ENSNFUG00015009776,-,-,XP_015809435.1,ENSNFUP00015020180.1
105023,107381999,ENSNFUG00015009794,-,-,XP_015809437.1,ENSNFUP00015020199.1
105023,107382000,ENSNFUG00015009752,-,-,-,-
105023,107382001,ENSNFUG00015009539,-,-,-,-
105023,107382002,ENSNFUG00015009517,-,-,-,-
105023,107382004,ENSNFUG00015009499,-,-,-,-
105023,107382005,ENSNFUG00015008221,-,-,-,-
105023,107382007,ENSNFUG00015008136,-,-,XP_015809444.1,ENSNFUP00015017029.1
105023,107382008,ENSNFUG00015007718,-,-,XP_015809445.1,ENSNFUP00015016190.1
105023,107382009,ENSNFUG00015007828,-,-,XP_015809446.1,ENSNFUP00015016971.1
105023,107382011,ENSNFUG00015007640,-,-,XP_015809449.1,ENSNFUP00015015920.1
105023,107382012,ENSNFUG00015007665,-,-,XP_015809450.1,ENSNFUP00015015983.1
105023,107382013,ENSNFUG00015007633,-,-,XP_015809451.1,ENSNFUP00015015875.1
105023,107382014,ENSNFUG00015007624,-,-,XP_015809452.1,ENSNFUP00015015852.1
105023,107382015,ENSNFUG00015007613,-,-,-,-
105023,107382018,ENSNFUG00015005751,-,-,XP_015809458.1,ENSNFUP00015015717.1
105023,107382020,ENSNFUG00015005497,-,-,XP_015809460.1,ENSNFUP00015011163.1
105023,107382021,ENSNFUG00015005232,-,-,-,-
105023,107382023,ENSNFUG00015005313,-,-,-,-
105023,107382024,ENSNFUG00015005487,-,-,XP_015809468.1,ENSNFUP00015011137.1
105023,107382025,ENSNFUG00015005199,-,-,-,-
105023,107382026,ENSNFUG00015005177,-,-,-,-
105023,107382027,ENSNFUG00015012361,-,-,XP_015809473.1,ENSNFUP00015039370.1
105023,107382027,ENSNFUG00015012361,-,-,XP_015809479.1,ENSNFUP00015039508.1
105023,107382027,ENSNFUG00015012361,-,-,XP_015809481.1,ENSNFUP00015039527.1
105023,107382027,ENSNFUG00015012361,-,-,XP_015809482.1,ENSNFUP00015039552.1
105023,107382031,ENSNFUG00015011356,-,-,XP_015809484.1,ENSNFUP00015024547.1
105023,107382032,ENSNFUG00015011232,-,-,-,-
105023,107382034,ENSNFUG00015011213,-,-,XP_015809488.1,ENSNFUP00015023179.1
105023,107382038,ENSNFUG00015011173,-,-,-,-
105023,107382039,ENSNFUG00015011094,-,-,XP_015809494.1,ENSNFUP00015022969.1
105023,107382041,ENSNFUG00015010984,-,-,XP_015809500.1,ENSNFUP00015022757.1
105023,107382042,ENSNFUG00015011013,-,-,XP_015809502.1,ENSNFUP00015022847.1
105023,107382043,ENSNFUG00015011071,-,-,XP_015809503.1,ENSNFUP00015022894.1
105023,107382045,ENSNFUG00015010532,-,-,XP_015809505.1,ENSNFUP00015022508.1
105023,107382047,ENSNFUG00015010490,-,-,-,-
105023,107382048,ENSNFUG00015010480,-,-,-,-
105023,107382049,ENSNFUG00015010357,-,-,XP_015809509.1,ENSNFUP00015021562.1
105023,107382049,ENSNFUG00015010357,-,-,XP_015809511.1,ENSNFUP00015021488.1
105023,107382050,ENSNFUG00015010318,-,-,XP_015809513.1,ENSNFUP00015021241.1
105023,107382052,ENSNFUG00015010309,-,-,-,-
105023,107382054,ENSNFUG00015010218,-,-,XP_015809518.1,ENSNFUP00015021165.1
105023,107382055,ENSNFUG00015010188,-,-,-,-
105023,107382056,ENSNFUG00015010122,-,-,-,-
105023,107382058,ENSNFUG00015009863,-,-,XP_015809527.1,ENSNFUP00015020436.1
105023,107382059,ENSNFUG00015008798,-,-,-,-
105023,107382063,ENSNFUG00015007841,-,-,XP_015809533.1,ENSNFUP00015018184.1
105023,107382065,ENSNFUG00015007713,-,-,XP_015809537.1,ENSNFUP00015016067.1
105023,107382067,ENSNFUG00015007690,-,-,XP_015809540.1,ENSNFUP00015016004.1
105023,107382075,ENSNFUG00015011923,-,-,XP_015809547.1,ENSNFUP00015024620.1
105023,107382080,ENSNFUG00015004394,-,-,XP_015809552.1,ENSNFUP00015009035.1
105023,107382083,ENSNFUG00015004367,-,-,XP_015809556.1,ENSNFUP00015008965.1
105023,107382084,ENSNFUG00015004380,-,-,XP_015809557.1,ENSNFUP00015008980.1
105023,107382085,ENSNFUG00015004311,-,-,XP_015809558.1,ENSNFUP00015008922.1
105023,107382086,ENSNFUG00015004264,-,-,XP_015809559.1,ENSNFUP00015008783.1
105023,107382091,ENSNFUG00015004246,-,-,XP_015809565.1,ENSNFUP00015008717.1
105023,107382092,ENSNFUG00015023278,-,-,XP_015809566.1,ENSNFUP00015049451.1
105023,107382096,ENSNFUG00015023263,-,-,XP_015809570.1,ENSNFUP00015049426.1
105023,107382102,ENSNFUG00015001677,-,-,-,-
105023,107382108,ENSNFUG00015023016,-,-,XP_015809587.1,ENSNFUP00015048827.1
105023,107382109,ENSNFUG00015022989,-,-,XP_015809588.1,ENSNFUP00015048779.1
105023,107382110,ENSNFUG00015022976,-,-,XP_015809589.1,ENSNFUP00015048741.1
105023,107382111,ENSNFUG00015022971,-,-,-,-
105023,107382116,ENSNFUG00015004456,-,-,XP_015809594.1,ENSNFUP00015009157.1
105023,107382119,ENSNFUG00015004469,-,-,XP_015809600.1,ENSNFUP00015009183.1
105023,107382120,ENSNFUG00015004478,-,-,XP_015809601.1,ENSNFUP00015009197.1
105023,107382121,ENSNFUG00015004482,-,-,XP_015809602.1,ENSNFUP00015009208.1
105023,107382129,ENSNFUG00015012205,-,-,XP_015809610.1,ENSNFUP00015025260.1
105023,107382131,ENSNFUG00015012195,-,-,XP_015809613.1,ENSNFUP00015025231.1
105023,107382132,ENSNFUG00015011402,-,-,-,-
105023,107382133,ENSNFUG00015011574,-,-,-,-
105023,107382135,ENSNFUG00015010929,-,-,XP_015809619.1,ENSNFUP00015022598.1
105023,107382137,ENSNFUG00015010909,-,-,-,-
105023,107382139,ENSNFUG00015008725,-,-,XP_015809622.1,ENSNFUP00015018368.1
105023,107382140,ENSNFUG00015008712,-,-,-,-
105023,107382143,ENSNFUG00015007989,-,-,-,-
105023,107382144,ENSNFUG00015007881,-,-,-,-
105023,107382146,ENSNFUG00015007908,-,-,XP_015809632.1,ENSNFUP00015016572.1
105023,107382148,ENSNFUG00015007955,-,-,XP_015809634.1,ENSNFUP00015016611.1
105023,107382149,ENSNFUG00015007873,-,-,XP_015809635.1,ENSNFUP00015016419.1
105023,107382150,ENSNFUG00015007854,-,-,-,-
105023,107382151,ENSNFUG00015007800,-,-,-,-
105023,107382157,ENSNFUG00015007460,-,-,XP_015809643.1,ENSNFUP00015015499.1
105023,107382159,ENSNFUG00015007322,-,-,-,-
105023,107382160,ENSNFUG00015007277,-,-,-,-
105023,107382161,ENSNFUG00015007268,-,-,-,-
105023,107382162,ENSNFUG00015007253,-,-,-,-
105023,107382164,ENSNFUG00015007242,-,-,XP_015809653.1,ENSNFUP00015014938.1
105023,107382166,ENSNFUG00015007172,-,-,-,-
105023,107382171,ENSNFUG00015006762,-,-,XP_015809670.1,ENSNFUP00015013837.1
105023,107382173,ENSNFUG00015006757,-,-,-,-
105023,107382174,ENSNFUG00015023700,-,-,-,-
105023,107382176,ENSNFUG00015001156,-,-,XP_015809680.1,ENSNFUP00015002155.1
105023,107382177,ENSNFUG00015023415,-,-,XP_015809679.1,ENSNFUP00015049973.1
105023,107382177,ENSNFUG00015023415,-,-,XP_015809682.1,ENSNFUP00015050264.1
105023,107382177,ENSNFUG00015023415,-,-,XP_015809684.1,ENSNFUP00015050273.1
105023,107382179,ENSNFUG00015023384,-,-,-,-
105023,107382182,ENSNFUG00015020558,-,-,-,-
105023,107382185,ENSNFUG00015020416,-,-,-,-
105023,107382186,ENSNFUG00015020117,-,-,-,-
105023,107382187,ENSNFUG00015002469,-,-,XP_015809722.1,ENSNFUP00015004959.1
105023,107382188,ENSNFUG00015018138,-,-,-,-
105023,107382191,ENSNFUG00015017809,-,-,XP_015809716.1,ENSNFUP00015036909.1
105023,107382191,ENSNFUG00015017809,-,-,XP_015809717.1,ENSNFUP00015037091.1
105023,107382195,ENSNFUG00015017775,-,-,XP_015809721.1,ENSNFUP00015036713.1
105023,107382196,ENSNFUG00015017770,-,-,-,-
105023,107382197,ENSNFUG00015017764,-,-,-,-
105023,107382201,ENSNFUG00015016917,-,-,XP_015809732.1,ENSNFUP00015036552.1
105023,107382204,ENSNFUG00015016773,-,-,XP_015809738.1,ENSNFUP00015034517.1
105023,107382206,ENSNFUG00015016857,-,-,-,-
105023,107382213,ENSNFUG00015013112,-,-,-,-
105023,107382214,ENSNFUG00015012375,-,-,-,-
105023,107382225,ENSNFUG00015012269,-,-,XP_015809766.1,ENSNFUP00015025387.1
105023,107382226,ENSNFUG00015012261,-,-,XP_015809767.1,ENSNFUP00015025365.1
105023,107382227,ENSNFUG00015012252,-,-,XP_015809768.1,ENSNFUP00015025351.1
105023,107382230,ENSNFUG00015012116,-,-,-,-
105023,107382232,ENSNFUG00015012110,-,-,-,-
105023,107382233,ENSNFUG00015012103,-,-,XP_015809779.1,ENSNFUP00015025054.1
105023,107382240,ENSNFUG00015012082,-,-,-,-
105023,107382243,ENSNFUG00015011894,-,-,-,-
105023,107382245,ENSNFUG00015011853,-,-,-,-
105023,107382246,ENSNFUG00015011841,-,-,-,-
105023,107382247,ENSNFUG00015011754,-,-,XP_015809795.1,ENSNFUP00015024424.1
105023,107382250,ENSNFUG00015010882,-,-,-,-
105023,107382251,ENSNFUG00015010985,-,-,XP_015809809.1,ENSNFUP00015024150.1
105023,107382251,ENSNFUG00015010985,-,-,XP_015809810.1,ENSNFUP00015024166.1
105023,107382252,ENSNFUG00015010921,-,-,-,-
105023,107382253,ENSNFUG00015010652,-,-,-,-
105023,107382265,ENSNFUG00015023878,-,-,XP_015809832.1,ENSNFUP00015050998.1
105023,107382265,ENSNFUG00015023878,-,-,XP_015809833.1,ENSNFUP00015050984.1
105023,107382266,ENSNFUG00015023858,-,-,-,-
105023,107382268,ENSNFUG00015023829,-,-,XP_015809835.1,ENSNFUP00015050785.1
105023,107382271,ENSNFUG00015023698,-,-,-,-
105023,107382273,ENSNFUG00015023694,-,-,XP_015809849.1,ENSNFUP00015050436.1
105023,107382275,ENSNFUG00015023643,-,-,XP_015809852.1,ENSNFUP00015050351.1
105023,107382278,ENSNFUG00015023606,-,-,XP_015809857.1,ENSNFUP00015050243.1
105023,107382279,ENSNFUG00015023593,-,-,XP_015809858.1,ENSNFUP00015050186.1
105023,107382281,ENSNFUG00015023583,-,-,-,-
105023,107382282,ENSNFUG00015023572,-,-,-,-
105023,107382284,ENSNFUG00015023325,-,-,XP_015809863.1,ENSNFUP00015049991.1
105023,107382284,ENSNFUG00015023325,-,-,XP_015809864.1,ENSNFUP00015049996.1
105023,107382285,ENSNFUG00015023534,-,-,XP_015809865.1,ENSNFUP00015050098.1
105023,107382285,ENSNFUG00015023534,-,-,XP_015809866.1,ENSNFUP00015050101.1
105023,107382286,ENSNFUG00015023219,-,-,XP_015809867.1,ENSNFUP00015049316.1
105023,107382287,ENSNFUG00015023212,-,-,-,-
105023,107382289,ENSNFUG00015023205,-,-,-,-
105023,107382290,ENSNFUG00015023162,-,-,-,-
105023,107382302,ENSNFUG00015020530,-,-,-,-
105023,107382304,ENSNFUG00015019007,-,-,-,-
105023,107382305,ENSNFUG00015018947,-,-,XP_015809899.1,ENSNFUP00015039298.1
105023,107382313,ENSNFUG00015018926,-,-,XP_015809911.1,ENSNFUP00015039251.1
105023,107382314,ENSNFUG00015018917,-,-,XP_015809912.1,ENSNFUP00015039244.1
105023,107382315,ENSNFUG00015018910,-,-,XP_015809913.1,ENSNFUP00015039221.1
105023,107382316,ENSNFUG00015018903,-,-,-,-
105023,107382318,ENSNFUG00015018880,-,-,-,-
105023,107382319,ENSNFUG00015016726,-,-,XP_015809918.1,ENSNFUP00015038295.1
105023,107382319,ENSNFUG00015016726,-,-,XP_015809919.1,ENSNFUP00015038606.1
105023,107382320,ENSNFUG00015018721,-,-,-,-
105023,107382321,ENSNFUG00015016656,-,-,-,-
105023,107382325,ENSNFUG00015016638,-,-,XP_015809922.1,ENSNFUP00015034082.1
105023,107382331,ENSNFUG00015016552,-,-,XP_015809928.1,ENSNFUP00015033854.1
105023,107382332,ENSNFUG00015016539,-,-,XP_015809929.1,ENSNFUP00015033839.1
105023,107382335,ENSNFUG00015014950,-,-,XP_015809930.1,ENSNFUP00015033663.1
105023,107382338,ENSNFUG00015013875,-,-,XP_015809934.1,ENSNFUP00015030008.1
105023,107382339,ENSNFUG00015013791,-,-,XP_015809935.1,ENSNFUP00015028510.1
105023,107382340,ENSNFUG00015013523,-,-,-,-
105023,107382341,ENSNFUG00015013686,-,-,XP_015809941.1,ENSNFUP00015028463.1
105023,107382353,ENSNFUG00015007241,-,-,-,-
105023,107382355,ENSNFUG00015017143,-,-,-,-
105023,107382357,ENSNFUG00015017123,-,-,-,-
105023,107382359,ENSNFUG00015017097,-,-,-,-
105023,107382362,ENSNFUG00015017095,-,-,-,-
105023,107382365,ENSNFUG00015016696,-,-,-,-
105023,107382367,ENSNFUG00015016671,-,-,-,-
105023,107382369,ENSNFUG00015015552,-,-,-,-
105023,107382373,ENSNFUG00015000126,-,-,-,-
105023,107382374,ENSNFUG00015015436,-,-,-,-
105023,107382376,ENSNFUG00015015342,-,-,-,-
105023,107382378,ENSNFUG00015014470,-,-,-,-
105023,107382379,ENSNFUG00015013662,-,-,-,-
105023,107382381,ENSNFUG00015013594,-,-,-,-
105023,107382382,ENSNFUG00015012964,-,-,-,-
105023,107382383,ENSNFUG00015012947,-,-,-,-
105023,107382384,ENSNFUG00015012928,-,-,XP_015809991.1,ENSNFUP00015026699.1
105023,107382385,ENSNFUG00015012924,-,-,XP_015809992.1,ENSNFUP00015026664.1
105023,107382386,ENSNFUG00015012904,-,-,-,-
105023,107382387,ENSNFUG00015012030,-,-,-,-
105023,107382388,ENSNFUG00015012866,-,-,XP_015809996.1,ENSNFUP00015026568.1
105023,107382390,ENSNFUG00015011970,-,-,XP_015809999.1,ENSNFUP00015024718.1
105023,107382402,ENSNFUG00015011190,-,-,-,-
105023,107382403,ENSNFUG00015011166,-,-,-,-
105023,107382409,ENSNFUG00015009984,-,-,-,-
105023,107382411,ENSNFUG00015009959,-,-,-,-
105023,107382412,ENSNFUG00015005439,-,-,XP_015810028.1,ENSNFUP00015020183.1
105023,107382415,ENSNFUG00015004602,-,-,-,-
105023,107382416,ENSNFUG00015004590,-,-,-,-
105023,107382417,ENSNFUG00015004583,-,-,XP_015810035.1,ENSNFUP00015009418.1
105023,107382423,ENSNFUG00015004564,-,-,XP_015810041.1,ENSNFUP00015009383.1
105023,107382429,ENSNFUG00015011062,-,-,-,-
105023,107382437,ENSNFUG00015014826,-,-,XP_015810054.1,ENSNFUP00015030412.1
105023,107382452,ENSNFUG00015009658,-,-,-,-
105023,107382460,ENSNFUG00015003700,-,-,-,-
105023,107382467,ENSNFUG00015014351,-,-,XP_015810095.1,ENSNFUP00015029856.1
105023,107382470,ENSNFUG00015015113,-,-,-,-
105023,107382476,ENSNFUG00015015237,-,-,-,-
105023,107382477,ENSNFUG00015015267,-,-,-,-
105023,107382480,ENSNFUG00015015295,-,-,-,-
105023,107382481,ENSNFUG00015015310,-,-,XP_015810113.1,ENSNFUP00015031357.1
105023,107382482,ENSNFUG00015015366,-,-,XP_015810114.1,ENSNFUP00015031512.1
105023,107382483,ENSNFUG00015015421,-,-,-,-
105023,107382484,ENSNFUG00015015477,-,-,XP_015810117.1,ENSNFUP00015031671.1
105023,107382485,ENSNFUG00015015516,-,-,XP_015810118.1,ENSNFUP00015031879.1
105023,107382486,ENSNFUG00015015633,-,-,XP_015810120.1,ENSNFUP00015031972.1
105023,107382488,ENSNFUG00015015680,-,-,-,-
105023,107382489,ENSNFUG00015015761,-,-,-,-
105023,107382491,ENSNFUG00015015875,-,-,-,-
105023,107382492,ENSNFUG00015017514,-,-,-,-
105023,107382493,ENSNFUG00015017561,-,-,-,-
105023,107382494,ENSNFUG00015017987,-,-,-,-
105023,107382495,ENSNFUG00015018888,-,-,XP_015810134.1,ENSNFUP00015039176.1
105023,107382496,ENSNFUG00015018895,-,-,XP_015810135.1,ENSNFUP00015039182.1
105023,107382497,ENSNFUG00015018963,-,-,-,-
105023,107382498,ENSNFUG00015018911,-,-,-,-
105023,107382499,ENSNFUG00015018898,-,-,-,-
105023,107382501,ENSNFUG00015018902,-,-,XP_015810144.1,ENSNFUP00015039196.1
105023,107382502,ENSNFUG00015018907,-,-,XP_015810145.1,ENSNFUP00015039211.1
105023,107382508,ENSNFUG00015005741,-,-,XP_015810151.1,ENSNFUP00015011611.1
105023,107382509,ENSNFUG00015005735,-,-,XP_015810152.1,ENSNFUP00015011602.1
105023,107382510,ENSNFUG00015005744,-,-,-,-
105023,107382512,ENSNFUG00015005781,-,-,XP_015810154.1,ENSNFUP00015011740.1
105023,107382513,ENSNFUG00015005750,-,-,-,-
105023,107382514,ENSNFUG00015005898,-,-,XP_015810159.1,ENSNFUP00015011928.1
105023,107382516,ENSNFUG00015005902,-,-,-,-
105023,107382522,ENSNFUG00015006435,-,-,XP_015810175.1,ENSNFUP00015013115.1
105023,107382523,ENSNFUG00015006405,-,-,XP_015810176.1,ENSNFUP00015013063.1
105023,107382524,ENSNFUG00015006448,-,-,-,-
105023,107382525,ENSNFUG00015006452,-,-,XP_015810178.1,ENSNFUP00015013140.1
105023,107382526,ENSNFUG00015006459,-,-,XP_015810179.1,ENSNFUP00015013150.1
105023,107382528,ENSNFUG00015006382,-,-,XP_015810180.1,ENSNFUP00015013027.1
105023,107382529,ENSNFUG00015006469,-,-,-,-
105023,107382530,ENSNFUG00015006481,-,-,-,-
105023,107382533,ENSNFUG00015006492,-,-,-,-
105023,107382534,ENSNFUG00015006526,-,-,XP_015810188.1,ENSNFUP00015013273.1
105023,107382536,ENSNFUG00015006543,-,-,XP_015810190.1,ENSNFUP00015013412.1
105023,107382538,ENSNFUG00015006533,-,-,-,-
105023,107382539,ENSNFUG00015006602,-,-,-,-
105023,107382541,ENSNFUG00015000176,-,-,-,-
105023,107382542,ENSNFUG00015006616,-,-,XP_015810194.1,ENSNFUP00015013518.1
105023,107382542,ENSNFUG00015006616,-,-,XP_015810195.1,ENSNFUP00015013536.1
105023,107382544,ENSNFUG00015006608,-,-,-,-
105023,107382545,ENSNFUG00015007270,-,-,-,-
105023,107382546,ENSNFUG00015007700,-,-,-,-
105023,107382547,ENSNFUG00015007631,-,-,-,-
105023,107382549,ENSNFUG00015007762,-,-,-,-
105023,107382550,ENSNFUG00015007711,-,-,XP_015810207.1,ENSNFUP00015016167.1
105023,107382551,ENSNFUG00015007822,-,-,-,-
105023,107382553,ENSNFUG00015008429,-,-,-,-
105023,107382555,ENSNFUG00015008426,-,-,-,-
105023,107382556,ENSNFUG00015008436,-,-,XP_015810215.1,ENSNFUP00015017653.1
105023,107382557,ENSNFUG00015008440,-,-,-,-
105023,107382559,ENSNFUG00015012962,-,-,-,-
105023,107382560,ENSNFUG00015008631,-,-,-,-
105023,107382561,ENSNFUG00015020060,-,-,XP_015810232.1,ENSNFUP00015042488.1
105023,107382562,ENSNFUG00015013076,-,-,-,-
105023,107382563,ENSNFUG00015020060,-,-,XP_015810247.1,ENSNFUP00015043955.1
105023,107382564,ENSNFUG00015012861,-,-,-,-
105023,107382565,ENSNFUG00015013147,-,-,XP_015810249.1,ENSNFUP00015028962.1
105023,107382565,ENSNFUG00015013147,-,-,XP_015810252.1,ENSNFUP00015028972.1
105023,107382566,ENSNFUG00015012852,-,-,-,-
105023,107382567,ENSNFUG00015012791,-,-,XP_015810256.1,ENSNFUP00015026456.1
105023,107382568,ENSNFUG00015020997,-,-,XP_015810261.1,ENSNFUP00015044078.1
105023,107382569,ENSNFUG00015013060,-,-,-,-
105023,107382570,ENSNFUG00015013024,-,-,XP_015810259.1,ENSNFUP00015026923.1
105023,107382571,ENSNFUG00015012846,-,-,XP_015810262.1,ENSNFUP00015026502.1
105023,107382572,ENSNFUG00015012842,-,-,XP_015810263.1,ENSNFUP00015026496.1
105023,107382573,ENSNFUG00015014231,-,-,-,-
105023,107382574,ENSNFUG00015014754,-,-,XP_015810265.1,ENSNFUP00015030276.1
105023,107382575,ENSNFUG00015014801,-,-,XP_015810266.1,ENSNFUP00015031068.1
105023,107382578,ENSNFUG00015006467,-,-,-,-
105023,107382588,ENSNFUG00015015415,-,-,-,-
105023,107382590,ENSNFUG00015015345,-,-,-,-
105023,107382591,ENSNFUG00015021011,-,-,XP_015810286.1,ENSNFUP00015044133.1
105023,107382592,ENSNFUG00015015384,-,-,XP_015810283.1,ENSNFUP00015031520.1
105023,107382594,ENSNFUG00015015308,-,-,-,-
105023,107382595,ENSNFUG00015015301,-,-,XP_015810287.1,ENSNFUP00015031312.1
105023,107382596,ENSNFUG00015015286,-,-,-,-
105023,107382601,ENSNFUG00015021017,-,-,-,-
105023,107382604,ENSNFUG00015015816,-,-,XP_015810296.1,ENSNFUP00015035118.1
105023,107382604,ENSNFUG00015015816,-,-,XP_015810297.1,ENSNFUP00015034692.1
105023,107382609,ENSNFUG00015009025,-,-,-,-
105023,107382612,ENSNFUG00015009158,-,-,-,-
105023,107382613,ENSNFUG00015000047,-,-,XP_015810346.1,ENSNFUP00015000036.1
105023,107382614,ENSNFUG00015009351,-,-,-,-
105023,107382615,ENSNFUG00015010013,-,-,-,-
105023,107382618,ENSNFUG00015010003,-,-,XP_015810314.1,ENSNFUP00015020608.1
105023,107382619,ENSNFUG00015010024,-,-,XP_015810316.1,ENSNFUP00015020681.1
105023,107382620,ENSNFUG00015010049,-,-,XP_015810317.1,ENSNFUP00015020741.1
105023,107382622,ENSNFUG00015010040,-,-,-,-
105023,107382623,ENSNFUG00015010181,-,-,-,-
105023,107382624,ENSNFUG00015010072,-,-,-,-
105023,107382625,ENSNFUG00015010656,-,-,XP_015810322.1,ENSNFUP00015022073.1
105023,107382627,ENSNFUG00015012713,-,-,-,-
105023,107382629,ENSNFUG00015012201,-,-,-,-
105023,107382630,ENSNFUG00015012550,-,-,-,-
105023,107382632,ENSNFUG00015016789,-,-,-,-
105023,107382637,ENSNFUG00015016909,-,-,-,-
105023,107382638,ENSNFUG00015016924,-,-,XP_015810345.1,ENSNFUP00015034834.1
105023,107382640,ENSNFUG00015016973,-,-,XP_015810347.1,ENSNFUP00015034848.1
105023,107382642,ENSNFUG00015017628,-,-,XP_015810349.1,ENSNFUP00015036378.1
105023,107382642,ENSNFUG00015017628,-,-,XP_015810350.1,ENSNFUP00015036401.1
105023,107382643,ENSNFUG00015019215,-,-,-,-
105023,107382644,ENSNFUG00015019229,-,-,-,-
105023,107382645,ENSNFUG00015019245,-,-,XP_015810355.1,ENSNFUP00015039959.1
105023,107382645,ENSNFUG00015019245,-,-,XP_015810356.1,ENSNFUP00015039955.1
105023,107382647,ENSNFUG00015019254,-,-,-,-
105023,107382648,ENSNFUG00015019260,-,-,XP_015810360.1,ENSNFUP00015040012.1
105023,107382649,ENSNFUG00015019282,-,-,XP_015810361.1,ENSNFUP00015040489.1
105023,107382649,ENSNFUG00015019282,-,-,XP_015810363.1,ENSNFUP00015040404.1
105023,107382657,ENSNFUG00015020768,-,-,XP_015810373.1,ENSNFUP00015043465.1
105023,107382658,ENSNFUG00015020858,-,-,XP_015810377.1,ENSNFUP00015046669.1
105023,107382658,ENSNFUG00015020858,-,-,XP_015810379.1,ENSNFUP00015047013.1
105023,107382658,ENSNFUG00015020858,-,-,XP_015810380.1,ENSNFUP00015044289.1
105023,107382659,ENSNFUG00015021060,-,-,-,-
105023,107382660,ENSNFUG00015022463,-,-,-,-
105023,107382662,ENSNFUG00015022492,-,-,XP_015810387.1,ENSNFUP00015047657.1
105023,107382662,ENSNFUG00015022492,-,-,XP_015810388.1,ENSNFUP00015047665.1
105023,107382664,ENSNFUG00015023342,-,-,-,-
105023,107382666,ENSNFUG00015023392,-,-,XP_015810393.1,ENSNFUP00015049678.1
105023,107382666,ENSNFUG00015023392,-,-,XP_015810395.1,ENSNFUP00015049685.1
105023,107382667,ENSNFUG00015023358,-,-,-,-
105023,107382670,ENSNFUG00015023403,-,-,-,-
105023,107382671,ENSNFUG00015023404,-,-,-,-
105023,107382674,ENSNFUG00015023441,-,-,-,-
105023,107382675,ENSNFUG00015023448,-,-,XP_015810407.1,ENSNFUP00015049852.1
105023,107382676,ENSNFUG00015023459,-,-,-,-
105023,107382678,ENSNFUG00015023462,-,-,-,-
105023,107382679,ENSNFUG00015023478,-,-,-,-
105023,107382681,ENSNFUG00015023482,-,-,XP_015810415.1,ENSNFUP00015049912.1
105023,107382682,ENSNFUG00015023484,-,-,XP_015810417.1,ENSNFUP00015049917.1
105023,107382684,ENSNFUG00015004353,-,-,XP_015810419.1,ENSNFUP00015008949.1
105023,107382684,ENSNFUG00015004353,-,-,XP_015810420.1,ENSNFUP00015008940.1
105023,107382687,ENSNFUG00015004376,-,-,-,-
105023,107382688,ENSNFUG00015004388,-,-,-,-
105023,107382691,ENSNFUG00015004398,-,-,XP_015810426.1,ENSNFUP00015009024.1
105023,107382693,ENSNFUG00015004410,-,-,XP_015810430.1,ENSNFUP00015009052.1
105023,107382696,ENSNFUG00015004423,-,-,-,-
105023,107382698,ENSNFUG00015004467,-,-,-,-
105023,107382700,ENSNFUG00015004490,-,-,XP_015810440.1,ENSNFUP00015009254.1
105023,107382702,ENSNFUG00015021223,-,-,-,-
105023,107382703,ENSNFUG00015004528,-,-,XP_015810442.1,ENSNFUP00015009312.1
105023,107382705,ENSNFUG00015004566,-,-,-,-
105023,107382706,ENSNFUG00015004710,-,-,-,-
105023,107382707,ENSNFUG00015004574,-,-,XP_015810448.1,ENSNFUP00015009393.1
105023,107382708,ENSNFUG00015004542,-,-,-,-
105023,107382709,ENSNFUG00015004700,-,-,-,-
105023,107382710,ENSNFUG00015004733,XM_015954965.1,ENSNFUT00015010201.1,XP_015810451.1,ENSNFUP00015009705.1
105023,107382711,ENSNFUG00015004719,-,-,XP_015810452.1,ENSNFUP00015009682.1
105023,107382712,ENSNFUG00015004744,-,-,-,-
105023,107382713,ENSNFUG00015004822,-,-,-,-
105023,107382719,ENSNFUG00015020758,-,-,-,-
105023,107382729,ENSNFUG00015021624,-,-,-,-
105023,107382734,ENSNFUG00015005096,-,-,-,-
105023,107382737,ENSNFUG00015005910,-,-,XP_015810474.1,ENSNFUP00015011990.1
105023,107382738,ENSNFUG00015005925,-,-,XP_015810475.1,ENSNFUP00015012005.1
105023,107382740,ENSNFUG00015005941,-,-,-,-
105023,107382741,ENSNFUG00015021659,-,-,XP_015810489.1,ENSNFUP00015045553.1
105023,107382743,ENSNFUG00015005996,-,-,-,-
105023,107382746,ENSNFUG00015021707,-,-,-,-
105023,107382748,ENSNFUG00015006411,-,-,XP_015810517.1,ENSNFUP00015013060.1
105023,107382749,ENSNFUG00015006426,-,-,-,-
105023,107382751,ENSNFUG00015006527,-,-,-,-
105023,107382752,ENSNFUG00015007503,-,-,XP_015810521.1,ENSNFUP00015015578.1
105023,107382753,ENSNFUG00015007510,-,-,-,-
105023,107382754,ENSNFUG00015007525,-,-,XP_015810528.1,ENSNFUP00015015630.1
105023,107382755,ENSNFUG00015007533,-,-,XP_015810530.1,ENSNFUP00015015651.1
105023,107382764,ENSNFUG00015022456,-,-,-,-
105023,107382765,ENSNFUG00015009046,-,-,XP_015810541.1,ENSNFUP00015018860.1
105023,107382774,ENSNFUG00015022449,-,-,XP_015810550.1,ENSNFUP00015047496.1
105023,107382776,ENSNFUG00015009725,-,-,XP_015810549.1,ENSNFUP00015020066.1
105023,107382779,ENSNFUG00015009820,-,-,-,-
105023,107382783,ENSNFUG00015022467,-,-,-,-
105023,107382789,ENSNFUG00015010506,-,-,XP_015810577.1,ENSNFUP00015022250.1
105023,107382790,ENSNFUG00015010853,-,-,XP_015810580.1,ENSNFUP00015022548.1
105023,107382792,ENSNFUG00015010794,-,-,-,-
105023,107382795,ENSNFUG00015010966,-,-,XP_015810586.1,ENSNFUP00015022672.1
105023,107382799,ENSNFUG00015011496,-,-,-,-
105023,107382801,ENSNFUG00015020096,-,-,XP_015810591.1,ENSNFUP00015041869.1
105023,107382802,ENSNFUG00015020101,-,-,-,-
105023,107382803,ENSNFUG00015020105,-,-,-,-
105023,107382805,ENSNFUG00015020115,-,-,XP_015810595.1,ENSNFUP00015041903.1
105023,107382806,ENSNFUG00015020134,-,-,XP_015810600.1,ENSNFUP00015041965.1
105023,107382807,ENSNFUG00015020121,-,-,-,-
105023,107382808,ENSNFUG00015020112,-,-,XP_015810604.1,ENSNFUP00015041897.1
105023,107382809,ENSNFUG00015020121,-,-,-,-
105023,107382810,ENSNFUG00015020136,-,-,XP_015810607.1,ENSNFUP00015041977.1
105023,107382811,ENSNFUG00015020157,-,-,XP_015810608.1,ENSNFUP00015042018.1
105023,107382812,ENSNFUG00015020140,-,-,-,-
105023,107382814,ENSNFUG00015020147,-,-,XP_015810611.1,ENSNFUP00015041994.1
105023,107382817,ENSNFUG00015020181,-,-,-,-
105023,107382818,ENSNFUG00015020223,-,-,-,-
105023,107382819,ENSNFUG00015021092,-,-,-,-
105023,107382820,ENSNFUG00015021097,-,-,-,-
105023,107382822,ENSNFUG00015021106,-,-,XP_015810622.1,ENSNFUP00015044358.1
105023,107382823,ENSNFUG00015021119,-,-,-,-
105023,107382825,ENSNFUG00015021129,-,-,XP_015810632.1,ENSNFUP00015044451.1
105023,107382829,ENSNFUG00015021244,-,-,-,-
105023,107382830,ENSNFUG00015021239,-,-,-,-
105023,107382833,ENSNFUG00015021255,-,-,XP_015810647.1,ENSNFUP00015044664.1
105023,107382834,ENSNFUG00015021259,-,-,-,-
105023,107382835,ENSNFUG00015021315,-,-,-,-
105023,107382839,ENSNFUG00015021321,-,-,XP_015810657.1,ENSNFUP00015046044.1
105023,107382840,ENSNFUG00015022481,-,-,XP_015810660.1,ENSNFUP00015047610.1
105023,107382841,ENSNFUG00015021853,-,-,XP_015810658.1,ENSNFUP00015046048.1
105023,107382844,ENSNFUG00015021862,-,-,XP_015810661.1,ENSNFUP00015046070.1
105023,107382845,ENSNFUG00015021863,-,-,XP_015810662.1,ENSNFUP00015046072.1
105023,107382846,ENSNFUG00015021870,-,-,-,-
105023,107382848,ENSNFUG00015021885,-,-,-,-
105023,107382849,ENSNFUG00015021889,-,-,-,-
105023,107382851,ENSNFUG00015021880,-,-,-,-
105023,107382852,ENSNFUG00015021891,-,-,-,-
105023,107382853,ENSNFUG00015021906,-,-,-,-
105023,107382854,ENSNFUG00015021968,-,-,-,-
105023,107382855,ENSNFUG00015021945,-,-,XP_015810679.1,ENSNFUP00015046316.1
105023,107382857,ENSNFUG00015021978,-,-,-,-
105023,107382859,ENSNFUG00015021991,-,-,XP_015810684.1,ENSNFUP00015046365.1
105023,107382860,ENSNFUG00015023929,-,-,XP_015810686.1,ENSNFUP00015051014.1
105023,107382861,ENSNFUG00015024083,-,-,XP_015810687.1,ENSNFUP00015051401.1
105023,107382862,ENSNFUG00015023965,-,-,XP_015810688.1,ENSNFUP00015051373.1
105023,107382864,ENSNFUG00015024086,-,-,XP_015810690.1,ENSNFUP00015051425.1
105023,107382865,ENSNFUG00015024091,-,-,XP_015810691.1,ENSNFUP00015051455.1
105023,107382867,ENSNFUG00015024113,-,-,XP_015810692.1,ENSNFUP00015051518.1
105023,107382868,ENSNFUG00015024101,-,-,-,-
105023,107382869,ENSNFUG00015024122,-,-,XP_015810695.1,ENSNFUP00015051528.1
105023,107382870,ENSNFUG00015024126,-,-,XP_015810696.1,ENSNFUP00015051535.1
105023,107382873,ENSNFUG00015006219,-,-,XP_015810699.1,ENSNFUP00015013447.1
105023,107382877,ENSNFUG00015006819,-,-,-,-
105023,107382878,ENSNFUG00015006880,-,-,XP_015810705.1,ENSNFUP00015014118.1
105023,107382879,ENSNFUG00015006889,-,-,XP_015810706.1,ENSNFUP00015014142.1
105023,107382880,ENSNFUG00015006897,-,-,XP_015810708.1,ENSNFUP00015014163.1
105023,107382881,ENSNFUG00015006896,-,-,-,-
105023,107382882,ENSNFUG00015006906,-,-,XP_015810710.1,ENSNFUP00015014186.1
105023,107382883,ENSNFUG00015006911,-,-,XP_015810712.1,ENSNFUP00015014202.1
105023,107382884,ENSNFUG00015006916,-,-,XP_015810713.1,ENSNFUP00015014212.1
105023,107382886,ENSNFUG00015006930,-,-,-,-
105023,107382887,ENSNFUG00015006934,-,-,XP_015810717.1,ENSNFUP00015014261.1
105023,107382888,ENSNFUG00015006938,-,-,-,-
105023,107382891,ENSNFUG00015007057,-,-,-,-
105023,107382892,ENSNFUG00015006990,-,-,XP_015810722.1,ENSNFUP00015014501.1
105023,107382896,ENSNFUG00015000050,-,-,-,-
105023,107382897,ENSNFUG00015007100,-,-,-,-
105023,107382899,ENSNFUG00015007084,-,-,XP_015810730.1,ENSNFUP00015014576.1
105023,107382902,ENSNFUG00015007484,-,-,-,-
105023,107382903,ENSNFUG00015009485,-,-,-,-
105023,107382904,ENSNFUG00015009637,-,-,-,-
105023,107382905,ENSNFUG00015000054,-,-,-,-
105023,107382909,ENSNFUG00015010404,-,-,XP_015810746.1,ENSNFUP00015021882.1
105023,107382910,ENSNFUG00015010651,-,-,-,-
105023,107382911,ENSNFUG00015010722,-,-,XP_015810752.1,ENSNFUP00015022475.1
105023,107382916,ENSNFUG00015011546,-,-,XP_015810757.1,ENSNFUP00015023844.1
105023,107382917,ENSNFUG00015011643,-,-,-,-
105023,107382918,ENSNFUG00015012882,-,-,XP_015810759.1,ENSNFUP00015026597.1
105023,107382919,ENSNFUG00015012886,-,-,XP_015810760.1,ENSNFUP00015026613.1
105023,107382920,ENSNFUG00015012897,-,-,-,-
105023,107382921,ENSNFUG00015012955,-,-,XP_015810763.1,ENSNFUP00015026745.1
105023,107382923,ENSNFUG00015012915,-,-,XP_015810767.1,ENSNFUP00015026671.1
105023,107382924,ENSNFUG00015012985,-,-,XP_015810768.1,ENSNFUP00015026806.1
105023,107382925,ENSNFUG00015013051,-,-,XP_015810769.1,ENSNFUP00015026980.1
105023,107382927,ENSNFUG00015013087,-,-,XP_015810770.1,ENSNFUP00015027014.1
105023,107382928,ENSNFUG00015013103,-,-,XP_015810771.1,ENSNFUP00015027023.1
105023,107382929,ENSNFUG00015013107,-,-,XP_015810772.1,ENSNFUP00015027032.1
105023,107382930,ENSNFUG00015013115,-,-,-,-
105023,107382931,ENSNFUG00015013144,-,-,-,-
105023,107382932,ENSNFUG00015013193,-,-,XP_015810776.1,ENSNFUP00015027219.1
105023,107382933,ENSNFUG00015013250,-,-,-,-
105023,107382934,ENSNFUG00015013201,-,-,XP_015810779.1,ENSNFUP00015027245.1
105023,107382936,ENSNFUG00015014224,-,-,-,-
105023,107382937,ENSNFUG00015014234,-,-,XP_015810784.1,ENSNFUP00015029331.1
105023,107382938,ENSNFUG00015014264,-,-,-,-
105023,107382939,ENSNFUG00015016161,-,-,-,-
105023,107382940,ENSNFUG00015014520,-,-,-,-
105023,107382941,ENSNFUG00015015904,-,-,-,-
105023,107382942,ENSNFUG00015017685,-,-,-,-
105023,107382943,ENSNFUG00015000352,-,-,XP_015810797.1,ENSNFUP00015000809.1
105023,107382944,ENSNFUG00015014292,-,-,XP_015810794.1,ENSNFUP00015029659.1
105023,107382944,ENSNFUG00015014292,-,-,XP_015810795.1,ENSNFUP00015029609.1
105023,107382945,ENSNFUG00015015933,-,-,XP_015810796.1,ENSNFUP00015032707.1
105023,107382946,ENSNFUG00015015897,-,-,XP_015810798.1,ENSNFUP00015032456.1
105023,107382947,ENSNFUG00015014458,-,-,-,-
105023,107382948,ENSNFUG00015017683,-,-,-,-
105023,107382951,ENSNFUG00015017702,-,-,XP_015810804.1,ENSNFUP00015036551.1
105023,107382954,ENSNFUG00015017777,-,-,XP_015810807.1,ENSNFUP00015038603.1
105023,107382956,ENSNFUG00015017723,-,-,XP_015810809.1,ENSNFUP00015036582.1
105023,107382959,ENSNFUG00015018835,-,-,XP_015810812.1,ENSNFUP00015039072.1
105023,107382960,ENSNFUG00015018820,-,-,XP_015810815.1,ENSNFUP00015039009.1
105023,107382961,ENSNFUG00015019164,-,-,XP_015810816.1,ENSNFUP00015039804.1
105023,107382962,ENSNFUG00015019181,-,-,-,-
105023,107382965,ENSNFUG00015009019,-,-,-,-
105023,107382968,ENSNFUG00015010335,-,-,-,-
105023,107382969,ENSNFUG00015009269,-,-,-,-
105023,107382971,ENSNFUG00015010518,-,-,-,-
105023,107382972,ENSNFUG00015010523,-,-,-,-
105023,107382975,ENSNFUG00015011112,-,-,-,-
105023,107382976,ENSNFUG00015010641,-,-,XP_015810848.1,ENSNFUP00015022595.1
105023,107382976,ENSNFUG00015010641,-,-,XP_015810850.1,ENSNFUP00015022498.1
105023,107382977,ENSNFUG00015000758,-,-,-,-
105023,107382979,ENSNFUG00015011169,-,-,XP_015810853.1,ENSNFUP00015023087.1
105023,107382980,ENSNFUG00015011177,-,-,-,-
105023,107382981,ENSNFUG00015011184,-,-,XP_015810855.1,ENSNFUP00015023115.1
105023,107382983,ENSNFUG00015015948,-,-,-,-
105023,107382987,ENSNFUG00015016154,-,-,-,-
105023,107382988,ENSNFUG00015016860,-,-,-,-
105023,107382990,ENSNFUG00015017067,-,-,-,-
105023,107382991,ENSNFUG00015000786,-,-,-,-
105023,107382993,ENSNFUG00015017761,-,-,-,-
105023,107382995,ENSNFUG00015017767,-,-,XP_015810876.1,ENSNFUP00015036691.1
105023,107382996,ENSNFUG00015017774,-,-,-,-
105023,107382999,ENSNFUG00015017779,-,-,XP_015810880.1,ENSNFUP00015036720.1
105023,107383001,ENSNFUG00015000843,-,-,-,-
105023,107383003,ENSNFUG00015017803,-,-,-,-
105023,107383004,ENSNFUG00015018145,-,-,XP_015810885.1,ENSNFUP00015037557.1
105023,107383004,ENSNFUG00015018145,-,-,XP_015810887.1,ENSNFUP00015037566.1
105023,107383004,ENSNFUG00015018145,-,-,XP_015810888.1,ENSNFUP00015037577.1
105023,107383005,ENSNFUG00015018166,-,-,XP_015810889.1,ENSNFUP00015037595.1
105023,107383006,ENSNFUG00015018170,-,-,-,-
105023,107383012,ENSNFUG00015018813,-,-,XP_015810896.1,ENSNFUP00015038999.1
105023,107383012,ENSNFUG00015018813,-,-,XP_015810897.1,ENSNFUP00015039002.1
105023,107383014,ENSNFUG00015018827,-,-,XP_015810898.1,ENSNFUP00015039089.1
105023,107383015,ENSNFUG00015001233,-,-,XP_015810903.1,ENSNFUP00015002339.1
105023,107383016,ENSNFUG00015018851,-,-,XP_015810899.1,ENSNFUP00015039095.1
105023,107383018,ENSNFUG00015018954,-,-,XP_015810905.1,ENSNFUP00015039334.1
105023,107383019,ENSNFUG00015018966,-,-,-,-
105023,107383021,ENSNFUG00015018974,-,-,-,-
105023,107383022,ENSNFUG00015018982,-,-,XP_015810911.1,ENSNFUP00015039407.1
105023,107383023,ENSNFUG00015001346,-,-,-,-
105023,107383024,ENSNFUG00015018989,-,-,XP_015810913.1,ENSNFUP00015039420.1
105023,107383026,ENSNFUG00015019048,-,-,XP_015810917.1,ENSNFUP00015040360.1
105023,107383027,ENSNFUG00015019406,-,-,-,-
105023,107383028,ENSNFUG00015019408,-,-,-,-
105023,107383031,ENSNFUG00015019410,-,-,XP_015810921.1,ENSNFUP00015040396.1
105023,107383032,ENSNFUG00015019412,-,-,-,-
105023,107383033,ENSNFUG00015001194,-,-,XP_015810926.1,ENSNFUP00015002262.1
105023,107383034,ENSNFUG00015019418,-,-,-,-
105023,107383035,ENSNFUG00015019424,-,-,-,-
105023,107383036,ENSNFUG00015019550,-,-,-,-
105023,107383038,ENSNFUG00015020312,-,-,-,-
105023,107383039,ENSNFUG00015019616,-,-,XP_015810930.1,ENSNFUP00015042203.1
105023,107383039,ENSNFUG00015019616,-,-,XP_015810932.1,ENSNFUP00015042206.1
105023,107383039,ENSNFUG00015019616,-,-,XP_015810933.1,ENSNFUP00015041126.1
105023,107383039,ENSNFUG00015019616,-,-,XP_015810937.1,ENSNFUP00015042311.1
105023,107383039,ENSNFUG00015019616,-,-,XP_015810939.1,ENSNFUP00015042302.1
105023,107383041,ENSNFUG00015020284,-,-,-,-
105023,107383043,ENSNFUG00015020333,-,-,-,-
105023,107383046,ENSNFUG00015020673,-,-,XP_015810946.1,ENSNFUP00015043224.1
105023,107383047,ENSNFUG00015020721,-,-,-,-
105023,107383049,ENSNFUG00015020793,-,-,-,-
105023,107383053,ENSNFUG00015009006,-,-,XP_015810954.1,ENSNFUP00015018822.1
105023,107383054,ENSNFUG00015009226,-,-,-,-
105023,107383055,ENSNFUG00015010843,-,-,XP_015810959.1,ENSNFUP00015022394.1
105023,107383056,ENSNFUG00015001702,-,-,XP_015810964.1,ENSNFUP00015003504.1
105023,107383056,ENSNFUG00015001702,-,-,XP_015810979.1,ENSNFUP00015003496.1
105023,107383057,ENSNFUG00015010851,-,-,XP_015810961.1,ENSNFUP00015022411.1
105023,107383058,ENSNFUG00015010862,-,-,-,-
105023,107383062,ENSNFUG00015011082,-,-,-,-
105023,107383065,ENSNFUG00015011979,-,-,XP_015810971.1,ENSNFUP00015024738.1
105023,107383068,ENSNFUG00015012041,-,-,-,-
105023,107383070,ENSNFUG00015013292,-,-,-,-
105023,107383072,ENSNFUG00015013301,-,-,XP_015810978.1,ENSNFUP00015027492.1
105023,107383073,ENSNFUG00015013329,-,-,-,-
105023,107383074,ENSNFUG00015013410,-,-,-,-
105023,107383076,ENSNFUG00015013443,-,-,-,-
105023,107383077,ENSNFUG00015013750,-,-,XP_015810987.1,ENSNFUP00015028423.1
105023,107383078,ENSNFUG00015001817,-,-,-,-
105023,107383079,ENSNFUG00015013758,-,-,-,-
105023,107383080,ENSNFUG00015013809,-,-,-,-
105023,107383082,ENSNFUG00015014471,-,-,-,-
105023,107383084,ENSNFUG00015017707,-,-,-,-
105023,107383085,ENSNFUG00015015241,-,-,-,-
105023,107383086,ENSNFUG00015019369,-,-,XP_015810999.1,ENSNFUP00015040285.1
105023,107383088,ENSNFUG00015001840,-,-,-,-
105023,107383089,ENSNFUG00015019382,-,-,-,-
105023,107383092,ENSNFUG00015019762,-,-,XP_015811004.1,ENSNFUP00015041158.1
105023,107383093,ENSNFUG00015019763,-,-,-,-
105023,107383095,ENSNFUG00015019770,-,-,-,-
105023,107383096,ENSNFUG00015019795,-,-,-,-
105023,107383100,ENSNFUG00015019967,-,-,-,-
105023,107383101,ENSNFUG00015019978,-,-,XP_015811021.1,ENSNFUP00015041646.1
105023,107383105,ENSNFUG00015020008,-,-,-,-
105023,107383106,ENSNFUG00015019995,-,-,XP_015811026.1,ENSNFUP00015041680.1
105023,107383107,ENSNFUG00015019995,-,-,XP_015811027.1,ENSNFUP00015041685.1
105023,107383108,ENSNFUG00015020016,-,-,-,-
105023,107383109,ENSNFUG00015020031,-,-,-,-
105023,107383111,ENSNFUG00015021671,-,-,-,-
105023,107383112,ENSNFUG00015022301,-,-,-,-
105023,107383113,ENSNFUG00015022286,-,-,-,-
105023,107383114,ENSNFUG00015022255,-,-,XP_015811042.1,ENSNFUP00015047108.1
105023,107383114,ENSNFUG00015022255,-,-,XP_015811043.1,ENSNFUP00015047116.1
105023,107383115,ENSNFUG00015022210,-,-,XP_015811046.1,ENSNFUP00015047051.1
105023,107383119,ENSNFUG00015022339,-,-,XP_015811055.1,ENSNFUP00015047259.1
105023,107383120,ENSNFUG00015022327,-,-,XP_015811056.1,ENSNFUP00015047237.1
105023,107383123,ENSNFUG00015022361,-,-,XP_015811058.1,ENSNFUP00015047287.1
105023,107383124,ENSNFUG00015022366,-,-,XP_015811060.1,ENSNFUP00015047319.1
105023,107383125,ENSNFUG00015022383,-,-,-,-
105023,107383128,ENSNFUG00015022401,-,-,XP_015811068.1,ENSNFUP00015048973.1
105023,107383130,ENSNFUG00015023363,-,-,-,-
105023,107383135,ENSNFUG00015023365,-,-,-,-
105023,107383137,ENSNFUG00015009059,-,-,XP_015811084.1,ENSNFUP00015018956.1
105023,107383138,ENSNFUG00015009161,-,-,XP_015811085.1,ENSNFUP00015019279.1
105023,107383140,ENSNFUG00015002029,-,-,XP_015811091.1,ENSNFUP00015004053.1
105023,107383142,ENSNFUG00015002044,-,-,-,-
105023,107383144,ENSNFUG00015011856,-,-,XP_015811102.1,ENSNFUP00015024506.1
105023,107383145,ENSNFUG00015011880,-,-,XP_015811104.1,ENSNFUP00015024539.1
105023,107383146,ENSNFUG00015011892,-,-,-,-
105023,107383147,ENSNFUG00015011901,-,-,XP_015811108.1,ENSNFUP00015024582.1
105023,107383157,ENSNFUG00015002048,-,-,-,-
105023,107383169,ENSNFUG00015011999,-,-,XP_015811130.1,ENSNFUP00015024789.1
105023,107383174,ENSNFUG00015002161,-,-,-,-
105023,107383179,ENSNFUG00015012031,-,-,XP_015811135.1,ENSNFUP00015024891.1
105023,107383180,ENSNFUG00015012035,-,-,XP_015811137.1,ENSNFUP00015024898.1
105023,107383184,ENSNFUG00015014924,-,-,-,-
105023,107383187,ENSNFUG00015016678,-,-,-,-
105023,107383188,ENSNFUG00015019456,-,-,XP_015811153.1,ENSNFUP00015043039.1
105023,107383188,ENSNFUG00015019456,-,-,XP_015811155.1,ENSNFUP00015043095.1
105023,107383193,ENSNFUG00015020648,-,-,-,-
105023,107383195,ENSNFUG00015020642,-,-,XP_015811164.1,ENSNFUP00015043120.1
105023,107383196,ENSNFUG00015020657,-,-,XP_015811165.1,ENSNFUP00015043147.1
105023,107383197,ENSNFUG00015020659,-,-,-,-
105023,107383202,ENSNFUG00015020675,-,-,-,-
105023,107383203,ENSNFUG00015020679,-,-,-,-
105023,107383204,ENSNFUG00015020685,-,-,XP_015811176.1,ENSNFUP00015043227.1
105023,107383205,ENSNFUG00015020689,-,-,XP_015811178.1,ENSNFUP00015043237.1
105023,107383206,ENSNFUG00015020691,-,-,-,-
105023,107383207,ENSNFUG00015020693,-,-,XP_015811180.1,ENSNFUP00015043257.1
105023,107383208,ENSNFUG00015020702,-,-,XP_015811182.1,ENSNFUP00015043297.1
105023,107383210,ENSNFUG00015020738,-,-,XP_015811185.1,ENSNFUP00015043346.1
105023,107383213,ENSNFUG00015020812,-,-,XP_015811191.1,ENSNFUP00015043573.1
105023,107383214,ENSNFUG00015020800,-,-,-,-
105023,107383215,ENSNFUG00015020821,-,-,XP_015811195.1,ENSNFUP00015043593.1
105023,107383217,ENSNFUG00015020851,-,-,-,-
105023,107383218,ENSNFUG00015021287,-,-,-,-
105023,107383219,ENSNFUG00015021312,-,-,-,-
105023,107383221,ENSNFUG00015021325,-,-,-,-
105023,107383223,ENSNFUG00015022434,-,-,XP_015811214.1,ENSNFUP00015047454.1
105023,107383224,ENSNFUG00015022444,-,-,XP_015811215.1,ENSNFUP00015047579.1
105023,107383226,ENSNFUG00015022437,-,-,XP_015811221.1,ENSNFUP00015047460.1
105023,107383227,ENSNFUG00015022439,-,-,XP_015811222.1,ENSNFUP00015047466.1
105023,107383229,ENSNFUG00015022488,-,-,-,-
105023,107383232,ENSNFUG00015022491,-,-,XP_015811225.1,ENSNFUP00015047614.1
105023,107383233,ENSNFUG00015022495,-,-,XP_015811226.1,ENSNFUP00015047641.1
105023,107383234,ENSNFUG00015022545,-,-,-,-
105023,107383235,ENSNFUG00015023096,-,-,XP_015811231.1,ENSNFUP00015049023.1
105023,107383236,ENSNFUG00015023109,-,-,XP_015811233.1,ENSNFUP00015049053.1
105023,107383237,ENSNFUG00015009047,-,-,XP_015811235.1,ENSNFUP00015018857.1
105023,107383242,ENSNFUG00015011318,-,-,XP_015811242.1,ENSNFUP00015023394.1
105023,107383243,ENSNFUG00015011333,-,-,XP_015811243.1,ENSNFUP00015023538.1
105023,107383245,ENSNFUG00015014451,-,-,XP_015811246.1,ENSNFUP00015029669.1
105023,107383246,ENSNFUG00015014216,-,-,XP_015811250.1,ENSNFUP00015029417.1
105023,107383249,ENSNFUG00015014462,-,-,XP_015811253.1,ENSNFUP00015029702.1
105023,107383250,ENSNFUG00015014506,-,-,XP_015811254.1,ENSNFUP00015029823.1
105023,107383251,ENSNFUG00015014487,-,-,XP_015811255.1,ENSNFUP00015029760.1
105023,107383252,ENSNFUG00015014538,-,-,XP_015811257.1,ENSNFUP00015030036.1
105023,107383254,ENSNFUG00015014647,-,-,XP_015811258.1,ENSNFUP00015030092.1
105023,107383256,ENSNFUG00015015094,-,-,XP_015811261.1,ENSNFUP00015030921.1
105023,107383257,ENSNFUG00015015115,-,-,XP_015811263.1,ENSNFUP00015031066.1
105023,107383258,ENSNFUG00015015172,-,-,XP_015811264.1,ENSNFUP00015031084.1
105023,107383259,ENSNFUG00015015181,-,-,XP_015811265.1,ENSNFUP00015031136.1
105023,107383263,ENSNFUG00015015306,-,-,XP_015811269.1,ENSNFUP00015031323.1
105023,107383264,ENSNFUG00015015317,-,-,XP_015811275.1,ENSNFUP00015031383.1
105023,107383266,ENSNFUG00015015354,-,-,XP_015811278.1,ENSNFUP00015031425.1
105023,107383267,ENSNFUG00015015361,-,-,XP_015811279.1,ENSNFUP00015031441.1
105023,107383273,ENSNFUG00015016006,-,-,XP_015811287.1,ENSNFUP00015032652.1
105023,107383275,ENSNFUG00015016026,-,-,XP_015811288.1,ENSNFUP00015032698.1
105023,107383276,ENSNFUG00015016058,-,-,XP_015811289.1,ENSNFUP00015032767.1
105023,107383277,ENSNFUG00015016090,-,-,XP_015811290.1,ENSNFUP00015032826.1
105023,107383278,ENSNFUG00015016103,-,-,XP_015811292.1,ENSNFUP00015032938.1
105023,107383279,ENSNFUG00015016231,-,-,XP_015811293.1,ENSNFUP00015037308.1
105023,107383279,ENSNFUG00015016231,-,-,XP_015811294.1,ENSNFUP00015037432.1
105023,107383280,ENSNFUG00015018258,-,-,XP_015811295.1,ENSNFUP00015037781.1
105023,107383282,ENSNFUG00015018551,-,-,-,-
105023,107383283,ENSNFUG00015018516,-,-,XP_015811302.1,ENSNFUP00015038355.1
105023,107383284,ENSNFUG00015019734,-,-,XP_015811304.1,ENSNFUP00015041109.1
105023,107383286,ENSNFUG00015019759,-,-,XP_015811307.1,ENSNFUP00015041170.1
105023,107383287,ENSNFUG00015019777,-,-,XP_015811308.1,ENSNFUP00015041249.1
105023,107383288,ENSNFUG00015002905,-,-,-,-
105023,107383290,ENSNFUG00015022181,-,-,XP_015811310.1,ENSNFUP00015046865.1
105023,107383291,ENSNFUG00015022183,-,-,XP_015811312.1,ENSNFUP00015046874.1
105023,107383296,ENSNFUG00015024188,-,-,XP_015811319.1,ENSNFUP00015051742.1
105023,107383296,ENSNFUG00015024188,-,-,XP_015811320.1,ENSNFUP00015051753.1
105023,107383297,ENSNFUG00015002883,-,-,-,-
105023,107383298,ENSNFUG00015023847,-,-,-,-
105023,107383299,ENSNFUG00015023805,-,-,-,-
105023,107383300,ENSNFUG00015023792,-,-,XP_015811329.1,ENSNFUP00015050718.1
105023,107383304,ENSNFUG00015024258,-,-,XP_015811333.1,ENSNFUP00015051950.1
105023,107383305,ENSNFUG00015024255,-,-,XP_015811335.1,ENSNFUP00015051931.1
105023,107383306,ENSNFUG00015024269,-,-,XP_015811336.1,ENSNFUP00015051975.1
105023,107383307,ENSNFUG00015024313,-,-,XP_015811338.1,ENSNFUP00015053057.1
105023,107383309,ENSNFUG00015024755,-,-,XP_015811341.1,ENSNFUP00015053174.1
105023,107383314,ENSNFUG00015024760,-,-,XP_015811346.1,ENSNFUP00015053184.1
105023,107383316,ENSNFUG00015024851,-,-,-,-
105023,107383317,ENSNFUG00015025204,-,-,-,-
105023,107383318,ENSNFUG00015025205,-,-,XP_015811354.1,ENSNFUP00015054297.1
105023,107383320,ENSNFUG00015025209,-,-,-,-
105023,107383321,ENSNFUG00015002930,-,-,-,-
105023,107383323,ENSNFUG00015025231,-,-,-,-
105023,107383324,ENSNFUG00015025232,-,-,-,-
105023,107383325,ENSNFUG00015025234,-,-,XP_015811360.1,ENSNFUP00015054361.1
105023,107383328,ENSNFUG00015025236,-,-,-,-
105023,107383330,ENSNFUG00015025240,-,-,-,-
105023,107383331,ENSNFUG00015025243,-,-,-,-
105023,107383332,ENSNFUG00015025244,-,-,XP_015811368.1,ENSNFUP00015054373.1
105023,107383337,ENSNFUG00015005166,-,-,XP_015811376.1,ENSNFUP00015010460.1
105023,107383343,ENSNFUG00015005266,-,-,XP_015811389.1,ENSNFUP00015010770.1
105023,107383344,ENSNFUG00015005337,-,-,-,-
105023,107383345,ENSNFUG00015005404,-,-,-,-
105023,107383348,ENSNFUG00015005772,-,-,XP_015811398.1,ENSNFUP00015011688.1
105023,107383349,ENSNFUG00015005767,-,-,XP_015811400.1,ENSNFUP00015011675.1
105023,107383352,ENSNFUG00015005797,-,-,-,-
105023,107383353,ENSNFUG00015003070,-,-,-,-
105023,107383354,ENSNFUG00015005790,-,-,XP_015811405.1,ENSNFUP00015011739.1
105023,107383357,ENSNFUG00015005822,-,-,XP_015811409.1,ENSNFUP00015011809.1
105023,107383361,ENSNFUG00015005867,-,-,XP_015811412.1,ENSNFUP00015011878.1
105023,107383362,ENSNFUG00015005862,-,-,-,-
105023,107383364,ENSNFUG00015005870,-,-,XP_015811416.1,ENSNFUP00015011890.1
105023,107383365,ENSNFUG00015005877,-,-,XP_015811417.1,ENSNFUP00015011896.1
105023,107383367,ENSNFUG00015005861,-,-,XP_015811419.1,ENSNFUP00015011868.1
105023,107383370,ENSNFUG00015005892,-,-,XP_015811420.1,ENSNFUP00015011912.1
105023,107383371,ENSNFUG00015005897,-,-,XP_015811421.1,ENSNFUP00015011927.1
105023,107383373,ENSNFUG00015005895,-,-,XP_015811422.1,ENSNFUP00015011923.1
105023,107383374,ENSNFUG00015005887,-,-,-,-
105023,107383376,ENSNFUG00015005899,-,-,-,-
105023,107383377,ENSNFUG00015005906,-,-,-,-
105023,107383380,ENSNFUG00015005963,-,-,-,-
105023,107383382,ENSNFUG00015005984,-,-,XP_015811434.1,ENSNFUP00015012316.1
105023,107383383,ENSNFUG00015006076,-,-,-,-
105023,107383384,ENSNFUG00015006085,-,-,-,-
105023,107383385,ENSNFUG00015006090,-,-,XP_015811438.1,ENSNFUP00015012401.1
105023,107383386,ENSNFUG00015006095,-,-,-,-
105023,107383387,ENSNFUG00015006104,-,-,XP_015811443.1,ENSNFUP00015012443.1
105023,107383388,ENSNFUG00015006115,-,-,XP_015811444.1,ENSNFUP00015012455.1
105023,107383389,ENSNFUG00015006124,-,-,XP_015811445.1,ENSNFUP00015012493.1
105023,107383397,ENSNFUG00015006337,-,-,-,-
105023,107383400,ENSNFUG00015006590,-,-,XP_015811476.1,ENSNFUP00015013418.1
105023,107383402,ENSNFUG00015008558,-,-,-,-
105023,107383404,ENSNFUG00015021411,-,-,-,-
105023,107383405,ENSNFUG00015021486,-,-,XP_015811483.1,ENSNFUP00015046358.1
105023,107383406,ENSNFUG00015022034,-,-,-,-
105023,107383407,ENSNFUG00015022031,-,-,-,-
105023,107383408,ENSNFUG00015021416,-,-,-,-
105023,107383409,ENSNFUG00015021459,-,-,XP_015811488.1,ENSNFUP00015045138.1
105023,107383412,ENSNFUG00015022116,-,-,XP_015811491.1,ENSNFUP00015046654.1
105023,107383413,ENSNFUG00015022059,-,-,-,-
105023,107383414,ENSNFUG00015022417,-,-,-,-
105023,107383415,ENSNFUG00015009444,-,-,-,-
105023,107383416,ENSNFUG00015003956,-,-,XP_015811502.1,ENSNFUP00015008060.1
105023,107383417,ENSNFUG00015022135,-,-,-,-
105023,107383420,ENSNFUG00015009071,-,-,XP_015811505.1,ENSNFUP00015019172.1
105023,107383420,ENSNFUG00015009071,-,-,XP_015811509.1,ENSNFUP00015019201.1
105023,107383421,ENSNFUG00015009345,-,-,XP_015811510.1,ENSNFUP00015019299.1
105023,107383422,ENSNFUG00015010622,-,-,-,-
105023,107383425,ENSNFUG00015010633,-,-,-,-
105023,107383426,ENSNFUG00015012182,-,-,-,-
105023,107383427,ENSNFUG00015010739,-,-,XP_015811517.1,ENSNFUP00015023334.1
105023,107383427,ENSNFUG00015010739,-,-,XP_015811518.1,ENSNFUP00015024225.1
105023,107383427,ENSNFUG00015010739,-,-,XP_015811519.1,ENSNFUP00015024709.1
105023,107383432,ENSNFUG00015012362,-,-,XP_015811522.1,ENSNFUP00015025555.1
105023,107383433,ENSNFUG00015012367,-,-,XP_015811523.1,ENSNFUP00015025564.1
105023,107383435,ENSNFUG00015012415,-,-,-,-
105023,107383436,ENSNFUG00015012417,-,-,-,-
105023,107383436,ENSNFUG00015012417,-,-,XP_015811528.1,ENSNFUP00015025672.1
105023,107383437,ENSNFUG00015012507,-,-,-,-
105023,107383440,ENSNFUG00015018312,-,-,XP_015811536.1,ENSNFUP00015039209.1
105023,107383441,ENSNFUG00015013647,-,-,-,-
105023,107383442,ENSNFUG00015013225,-,-,XP_015811537.1,ENSNFUP00015037705.1
105023,107383445,ENSNFUG00015018978,-,-,XP_015811543.1,ENSNFUP00015040725.1
105023,107383445,ENSNFUG00015018978,-,-,XP_015811544.1,ENSNFUP00015040734.1
105023,107383445,ENSNFUG00015018978,-,-,XP_015811545.1,ENSNFUP00015040775.1
105023,107383445,ENSNFUG00015018978,-,-,XP_015811546.1,ENSNFUP00015040804.1
105023,107383446,ENSNFUG00015019705,-,-,XP_015811548.1,ENSNFUP00015041163.1
105023,107383448,ENSNFUG00015020243,-,-,XP_015811553.1,ENSNFUP00015042208.1
105023,107383450,ENSNFUG00015020326,-,-,XP_015811555.1,ENSNFUP00015042444.1
105023,107383450,ENSNFUG00015020326,-,-,XP_015811556.1,ENSNFUP00015042449.1
105023,107383452,ENSNFUG00015020335,-,-,XP_015811558.1,ENSNFUP00015042480.1
105023,107383456,ENSNFUG00015020343,-,-,XP_015811561.1,ENSNFUP00015042500.1
105023,107383457,ENSNFUG00015020384,-,-,XP_015811562.1,ENSNFUP00015044401.1
105023,107383461,ENSNFUG00015021204,-,-,XP_015811570.1,ENSNFUP00015044648.1
105023,107383462,ENSNFUG00015021288,-,-,XP_015811573.1,ENSNFUP00015044741.1
105023,107383462,ENSNFUG00015021288,-,-,XP_015811575.1,ENSNFUP00015044744.1
105023,107383463,ENSNFUG00015021258,-,-,XP_015811576.1,ENSNFUP00015044727.1
105023,107383470,ENSNFUG00015021327,-,-,XP_015811584.1,ENSNFUP00015044869.1
105023,107383472,ENSNFUG00015021330,-,-,XP_015811587.1,ENSNFUP00015044872.1
105023,107383474,ENSNFUG00015021343,-,-,XP_015811589.1,ENSNFUP00015044903.1
105023,107383475,ENSNFUG00015021373,-,-,XP_015811591.1,ENSNFUP00015044988.1
105023,107383476,ENSNFUG00015003992,-,-,XP_015811599.1,ENSNFUP00015008146.1
105023,107383477,ENSNFUG00015021337,-,-,XP_015811595.1,ENSNFUP00015044882.1
105023,107383478,ENSNFUG00015021370,-,-,XP_015811596.1,ENSNFUP00015044973.1
105023,107383480,ENSNFUG00015022082,-,-,XP_015811602.1,ENSNFUP00015047964.1
105023,107383481,ENSNFUG00015021428,-,-,XP_015811603.1,ENSNFUP00015046279.1
105023,107383485,ENSNFUG00015003979,-,-,-,-
105023,107383486,ENSNFUG00015022770,-,-,XP_015811607.1,ENSNFUP00015048428.1
105023,107383487,ENSNFUG00015022754,-,-,-,-
105023,107383488,ENSNFUG00015022751,-,-,XP_015811609.1,ENSNFUP00015048272.1
105023,107383489,ENSNFUG00015022818,-,-,XP_015811612.1,ENSNFUP00015048442.1
105023,107383492,ENSNFUG00015022820,-,-,XP_015811614.1,ENSNFUP00015048446.1
105023,107383493,ENSNFUG00015022832,-,-,XP_015811616.1,ENSNFUP00015048510.1
105023,107383496,ENSNFUG00015004096,-,-,-,-
105023,107383498,ENSNFUG00015022901,-,-,XP_015811641.1,ENSNFUP00015048628.1
105023,107383499,ENSNFUG00015022920,-,-,XP_015811645.1,ENSNFUP00015048651.1
105023,107383500,ENSNFUG00015022926,-,-,XP_015811648.1,ENSNFUP00015048659.1
105023,107383502,ENSNFUG00015022946,-,-,XP_015811651.1,ENSNFUP00015048745.1
105023,107383503,ENSNFUG00015004028,-,-,-,-
105023,107383504,ENSNFUG00015009063,-,-,XP_015811652.1,ENSNFUP00015018923.1
105023,107383506,ENSNFUG00015009337,-,-,XP_015811654.1,ENSNFUP00015019379.1
105023,107383507,ENSNFUG00015009413,-,-,XP_015811656.1,ENSNFUP00015019427.1
105023,107383510,ENSNFUG00015009451,-,-,XP_015811659.1,ENSNFUP00015021016.1
105023,107383512,ENSNFUG00015010249,-,-,XP_015811660.1,ENSNFUP00015021117.1
105023,107383514,ENSNFUG00015010289,-,-,XP_015811663.1,ENSNFUP00015021291.1
105023,107383514,ENSNFUG00015010289,-,-,XP_015811664.1,ENSNFUP00015021258.1
105023,107383515,ENSNFUG00015013642,-,-,-,-
105023,107383516,ENSNFUG00015010407,-,-,XP_015811666.1,ENSNFUP00015022108.1
105023,107383518,ENSNFUG00015004044,-,-,-,-
105023,107383519,ENSNFUG00015010766,-,-,XP_015811680.1,ENSNFUP00015022238.1
105023,107383521,ENSNFUG00015011201,-,-,XP_015811682.1,ENSNFUP00015023154.1
105023,107383522,ENSNFUG00015011209,-,-,XP_015811683.1,ENSNFUP00015023177.1
105023,107383523,ENSNFUG00015011221,-,-,XP_015811684.1,ENSNFUP00015023202.1
105023,107383524,ENSNFUG00015011231,-,-,XP_015811685.1,ENSNFUP00015023219.1
105023,107383525,ENSNFUG00015004069,-,-,XP_015811689.1,ENSNFUP00015008308.1
105023,107383526,ENSNFUG00015011292,-,-,XP_015811688.1,ENSNFUP00015023719.1
105023,107383528,ENSNFUG00015011862,-,-,XP_015811691.1,ENSNFUP00015024508.1
105023,107383529,ENSNFUG00015011874,-,-,XP_015811692.1,ENSNFUP00015024525.1
105023,107383530,ENSNFUG00015011885,-,-,XP_015811693.1,ENSNFUP00015024594.1
105023,107383531,ENSNFUG00015011971,-,-,XP_015811694.1,ENSNFUP00015026631.1
105023,107383531,ENSNFUG00015011971,-,-,XP_015811695.1,ENSNFUP00015026713.1
105023,107383532,ENSNFUG00015013014,-,-,XP_015811697.1,ENSNFUP00015026866.1
105023,107383534,ENSNFUG00015013032,-,-,XP_015811698.1,ENSNFUP00015026882.1
105023,107383536,ENSNFUG00015013262,-,-,XP_015811704.1,ENSNFUP00015027399.1
105023,107383538,ENSNFUG00015013278,-,-,XP_015811712.1,ENSNFUP00015027445.1
105023,107383540,ENSNFUG00015015731,-,-,XP_015811713.1,ENSNFUP00015032765.1
105023,107383540,ENSNFUG00015015731,-,-,XP_015811714.1,ENSNFUP00015032778.1
105023,107383540,ENSNFUG00015015731,-,-,XP_015811715.1,ENSNFUP00015032818.1
105023,107383541,ENSNFUG00015013369,-,-,XP_015811717.1,ENSNFUP00015031118.1
105023,107383542,ENSNFUG00015015658,-,-,XP_015811720.1,ENSNFUP00015032049.1
105023,107383543,ENSNFUG00015016093,-,-,XP_015811721.1,ENSNFUP00015032845.1
105023,107383544,ENSNFUG00015016107,-,-,XP_015811722.1,ENSNFUP00015032901.1
105023,107383545,ENSNFUG00015016143,-,-,XP_015811723.1,ENSNFUP00015032962.1
105023,107383547,ENSNFUG00015016168,-,-,XP_015811726.1,ENSNFUP00015033001.1
105023,107383548,ENSNFUG00015016258,-,-,XP_015811733.1,ENSNFUP00015035777.1
105023,107383548,ENSNFUG00015016258,-,-,XP_015811749.1,ENSNFUP00015035797.1
105023,107383555,ENSNFUG00015018812,-,-,XP_015811758.1,ENSNFUP00015039019.1
105023,107383556,ENSNFUG00015018812,-,-,XP_015811760.1,ENSNFUP00015039025.1
105023,107383557,ENSNFUG00015018841,-,-,XP_015811761.1,ENSNFUP00015040253.1
105023,107383558,ENSNFUG00015019409,-,-,XP_015811763.1,ENSNFUP00015040498.1
105023,107383558,ENSNFUG00015019409,-,-,XP_015811765.1,ENSNFUP00015040539.1
105023,107383560,ENSNFUG00015019902,-,-,XP_015811769.1,ENSNFUP00015041485.1
105023,107383561,ENSNFUG00015019909,-,-,XP_015811770.1,ENSNFUP00015041530.1
105023,107383562,ENSNFUG00015019943,-,-,XP_015811771.1,ENSNFUP00015041639.1
105023,107383564,ENSNFUG00015019982,-,-,XP_015811777.1,ENSNFUP00015041647.1
105023,107383565,ENSNFUG00015020007,-,-,XP_015811782.1,ENSNFUP00015042139.1
105023,107383566,ENSNFUG00015020526,-,-,XP_015811783.1,ENSNFUP00015042881.1
105023,107383567,ENSNFUG00015020237,-,-,XP_015811786.1,ENSNFUP00015042818.1
105023,107383568,ENSNFUG00015020535,-,-,XP_015811788.1,ENSNFUP00015042889.1
105023,107383569,ENSNFUG00015020607,-,-,XP_015811789.1,ENSNFUP00015043046.1
105023,107383570,ENSNFUG00015020609,-,-,XP_015811791.1,ENSNFUP00015043065.1
105023,107383572,ENSNFUG00015020622,-,-,XP_015811794.1,ENSNFUP00015043078.1
105023,107383574,ENSNFUG00015013536,-,-,XP_015811836.1,ENSNFUP00015028043.1
105023,107383576,ENSNFUG00015024653,-,-,XP_015811812.1,ENSNFUP00015052889.1
105023,107383579,ENSNFUG00015024656,-,-,XP_015811815.1,ENSNFUP00015052902.1
105023,107383582,ENSNFUG00015024691,-,-,XP_015811820.1,ENSNFUP00015053019.1
105023,107383583,ENSNFUG00015024692,-,-,XP_015811821.1,ENSNFUP00015053022.1
105023,107383584,ENSNFUG00015024696,-,-,XP_015811822.1,ENSNFUP00015053044.1
105023,107383585,ENSNFUG00015024732,-,-,XP_015811823.1,ENSNFUP00015053109.1
105023,107383586,ENSNFUG00015024709,-,-,XP_015811824.1,ENSNFUP00015053092.1
105023,107383587,ENSNFUG00015024774,-,-,XP_015811825.1,ENSNFUP00015053556.1
105023,107383589,ENSNFUG00015024945,-,-,XP_015811828.1,ENSNFUP00015053718.1
105023,107383590,ENSNFUG00015024988,-,-,XP_015811831.1,ENSNFUP00015053800.1
105023,107383593,ENSNFUG00015004712,-,-,XP_015811833.1,ENSNFUP00015009673.1
105023,107383595,ENSNFUG00015004751,-,-,XP_015811835.1,ENSNFUP00015009731.1
105023,107383596,ENSNFUG00015004742,-,-,XP_015811838.1,ENSNFUP00015009715.1
105023,107383597,ENSNFUG00015004343,-,-,-,-
105023,107383600,ENSNFUG00015004995,-,-,XP_015811839.1,ENSNFUP00015010151.1
105023,107383601,ENSNFUG00015005127,-,-,XP_015811843.1,ENSNFUP00015010924.1
105023,107383602,ENSNFUG00015005017,-,-,XP_015811844.1,ENSNFUP00015010243.1
105023,107383603,ENSNFUG00015005428,-,-,XP_015811845.1,ENSNFUP00015011003.1
105023,107383604,ENSNFUG00015005455,-,-,XP_015811846.1,ENSNFUP00015011159.1
105023,107383605,ENSNFUG00015005676,-,-,XP_015811847.1,ENSNFUP00015012215.1
105023,107383605,ENSNFUG00015005676,-,-,XP_015811848.1,ENSNFUP00015012306.1
105023,107383605,ENSNFUG00015005676,-,-,XP_015811849.1,ENSNFUP00015012418.1
105023,107383605,ENSNFUG00015005676,-,-,XP_015811850.1,ENSNFUP00015012399.1
105023,107383606,ENSNFUG00015004355,-,-,XP_015811852.1,ENSNFUP00015008971.1
105023,107383607,ENSNFUG00015006288,-,-,XP_015811851.1,ENSNFUP00015014918.1
105023,107383608,ENSNFUG00015006112,-,-,XP_015811853.1,ENSNFUP00015012453.1
105023,107383610,ENSNFUG00015007388,-,-,XP_015811856.1,ENSNFUP00015015984.1
105023,107383610,ENSNFUG00015007388,-,-,XP_015811857.1,ENSNFUP00015016111.1
105023,107383611,ENSNFUG00015007731,-,-,-,-
105023,107383612,ENSNFUG00015007744,-,-,XP_015811859.1,ENSNFUP00015016143.1
105023,107383613,ENSNFUG00015007755,-,-,XP_015811860.1,ENSNFUP00015016250.1
105023,107383614,ENSNFUG00015004383,-,-,XP_015811864.1,ENSNFUP00015008985.1
105023,107383615,ENSNFUG00015007826,-,-,XP_015811861.1,ENSNFUP00015016319.1
105023,107383616,ENSNFUG00015007833,-,-,XP_015811862.1,ENSNFUP00015016331.1
105023,107383617,ENSNFUG00015007843,-,-,XP_015811865.1,ENSNFUP00015016359.1
105023,107383631,ENSNFUG00015004408,-,-,XP_015811884.1,ENSNFUP00015009042.1
105023,107383635,ENSNFUG00015009594,-,-,-,-
105023,107383658,ENSNFUG00015024262,-,-,XP_015811902.1,ENSNFUP00015051966.1
105023,107383666,ENSNFUG00015004485,-,-,XP_015811905.1,ENSNFUP00015009297.1
105023,107383674,ENSNFUG00015018829,-,-,XP_015811907.1,ENSNFUP00015039038.1
105023,107383676,ENSNFUG00015020291,-,-,-,-
105023,107383677,ENSNFUG00015010937,-,-,-,-
105023,107383678,ENSNFUG00015004638,-,-,-,-
105023,107383679,ENSNFUG00015011745,-,-,-,-
105023,107383680,ENSNFUG00015019644,-,-,-,-
105023,107383681,ENSNFUG00015020342,-,-,XP_015811917.1,ENSNFUP00015043925.1
105023,107383681,ENSNFUG00015020342,-,-,XP_015811918.1,ENSNFUP00015043918.1
105023,107383682,ENSNFUG00015011812,-,-,-,-
105023,107383683,ENSNFUG00015012232,-,-,-,-
105023,107383684,ENSNFUG00015008645,-,-,XP_015811935.1,ENSNFUP00015018135.1
105023,107383685,ENSNFUG00015020960,-,-,XP_015811941.1,ENSNFUP00015044863.1
105023,107383687,ENSNFUG00015008665,-,-,-,-
105023,107383688,ENSNFUG00015020274,-,-,-,-
105023,107383689,ENSNFUG00015020258,-,-,XP_015811948.1,ENSNFUP00015042252.1
105023,107383691,ENSNFUG00015009666,-,-,-,-
105023,107383692,ENSNFUG00015008607,-,-,XP_015811950.1,ENSNFUP00015018025.1
105023,107383692,ENSNFUG00015008607,-,-,XP_015811951.1,ENSNFUP00015018115.1
105023,107383693,ENSNFUG00015010601,-,-,-,-
105023,107383696,ENSNFUG00015009342,-,-,-,-
105023,107383698,ENSNFUG00015009386,-,-,-,-
105023,107383699,ENSNFUG00015008859,-,-,-,-
105023,107383702,ENSNFUG00015019596,-,-,-,-
105023,107383706,ENSNFUG00015019661,-,-,XP_015811969.1,ENSNFUP00015040952.1
105023,107383706,ENSNFUG00015019661,-,-,XP_015811973.1,ENSNFUP00015040973.1
105023,107383707,ENSNFUG00015013580,-,-,-,-
105023,107383708,ENSNFUG00015009054,-,-,-,-
105023,107383711,ENSNFUG00015019602,-,-,XP_015811980.1,ENSNFUP00015040858.1
105023,107383713,ENSNFUG00015019730,-,-,-,-
105023,107383715,ENSNFUG00015009084,-,-,-,-
105023,107383718,ENSNFUG00015020265,-,-,-,-
105023,107383719,ENSNFUG00015006231,-,-,-,-
105023,107383721,ENSNFUG00015009368,-,-,XP_015811993.1,ENSNFUP00015019340.1
105023,107383722,ENSNFUG00015020280,-,-,XP_015811996.1,ENSNFUP00015042326.1
105023,107383723,ENSNFUG00015019501,-,-,XP_015811997.1,ENSNFUP00015040799.1
105023,107383724,ENSNFUG00015020267,-,-,XP_015811998.1,ENSNFUP00015042277.1
105023,107383726,ENSNFUG00015021368,-,-,-,-
105023,107383727,ENSNFUG00015011833,-,-,XP_015812002.1,ENSNFUP00015024618.1
105023,107383728,ENSNFUG00015006234,-,-,-,-
105023,107383731,ENSNFUG00015019484,-,-,XP_015812005.1,ENSNFUP00015040602.1
105023,107383732,ENSNFUG00015020257,-,-,XP_015812007.1,ENSNFUP00015042241.1
105023,107383734,ENSNFUG00015010730,-,-,-,-
105023,107383739,ENSNFUG00015020323,-,-,-,-
105023,107383759,ENSNFUG00015021381,-,-,XP_015812031.1,ENSNFUP00015045020.1
105023,107383760,ENSNFUG00015007894,-,-,XP_015812033.1,ENSNFUP00015016469.1
105023,107383764,ENSNFUG00015007910,-,-,XP_015812037.1,ENSNFUP00015016501.1
105023,107383768,ENSNFUG00015008000,-,-,XP_015812042.1,ENSNFUP00015017258.1
105023,107383768,ENSNFUG00015008000,-,-,XP_015812043.1,ENSNFUP00015017303.1
105023,107383770,ENSNFUG00015008259,-,-,XP_015812044.1,ENSNFUP00015017323.1
105023,107383770,ENSNFUG00015008259,-,-,XP_015812045.1,ENSNFUP00015017330.1
105023,107383770,ENSNFUG00015008259,-,-,XP_015812046.1,ENSNFUP00015017336.1
105023,107383773,ENSNFUG00015008290,-,-,XP_015812049.1,ENSNFUP00015017392.1
105023,107383775,ENSNFUG00015008328,-,-,-,-
105023,107383776,ENSNFUG00015008478,-,-,XP_015812053.1,ENSNFUP00015022360.1
105023,107383779,ENSNFUG00015010946,-,-,XP_015812058.1,ENSNFUP00015022669.1
105023,107383779,ENSNFUG00015010946,-,-,XP_015812059.1,ENSNFUP00015022643.1
105023,107383781,ENSNFUG00015010983,-,-,XP_015812060.1,ENSNFUP00015022727.1
105023,107383781,ENSNFUG00015010983,-,-,XP_015812061.1,ENSNFUP00015022738.1
105023,107383784,ENSNFUG00015011527,-,-,XP_015812070.1,ENSNFUP00015024780.1
105023,107383785,ENSNFUG00015012091,-,-,-,-
105023,107383786,ENSNFUG00015012099,-,-,XP_015812072.1,ENSNFUP00015025041.1
105023,107383787,ENSNFUG00015012102,-,-,XP_015812073.1,ENSNFUP00015025062.1
105023,107383788,ENSNFUG00015013511,-,-,-,-
105023,107383789,ENSNFUG00015012114,-,-,XP_015812075.1,ENSNFUP00015025074.1
105023,107383790,ENSNFUG00015012131,-,-,XP_015812076.1,ENSNFUP00015025154.1
105023,107383790,ENSNFUG00015012131,-,-,XP_015812077.1,ENSNFUP00015025168.1
105023,107383791,ENSNFUG00015000221,-,-,-,-
105023,107383793,ENSNFUG00015012187,-,-,XP_015812078.1,ENSNFUP00015025294.1
105023,107383796,ENSNFUG00015012268,-,-,XP_015812083.1,ENSNFUP00015025452.1
105023,107383797,ENSNFUG00015012434,-,-,-,-
105023,107383797,ENSNFUG00015012434,-,-,XP_015812087.1,ENSNFUP00015030623.1
105023,107383798,ENSNFUG00015014961,-,-,XP_015812089.1,ENSNFUP00015030648.1
105023,107383800,ENSNFUG00015014964,-,-,XP_015812090.1,ENSNFUP00015030669.1
105023,107383801,ENSNFUG00015014999,-,-,XP_015812091.1,ENSNFUP00015030735.1
105023,107383801,ENSNFUG00015014999,-,-,XP_015812092.1,ENSNFUP00015030748.1
105023,107383802,ENSNFUG00015015356,-,-,XP_015812093.1,ENSNFUP00015038589.1
105023,107383802,ENSNFUG00015015356,-,-,XP_015812094.1,ENSNFUP00015038684.1
105023,107383802,ENSNFUG00015015356,-,-,XP_015812095.1,ENSNFUP00015038600.1
105023,107383803,ENSNFUG00015018788,-,-,XP_015812096.1,ENSNFUP00015038973.1
105023,107383804,ENSNFUG00015018853,-,-,XP_015812097.1,ENSNFUP00015039097.1
105023,107383805,ENSNFUG00015018822,-,-,XP_015812098.1,ENSNFUP00015039087.1
105023,107383805,ENSNFUG00015018822,-,-,XP_015812099.1,ENSNFUP00015039054.1
105023,107383806,ENSNFUG00015018859,-,-,XP_015812102.1,ENSNFUP00015039112.1
105023,107383807,ENSNFUG00015000527,-,-,-,-
105023,107383808,ENSNFUG00015018861,-,-,XP_015812104.1,ENSNFUP00015039115.1
105023,107383810,ENSNFUG00015018862,-,-,XP_015812106.1,ENSNFUP00015039120.1
105023,107383811,ENSNFUG00015018864,-,-,XP_015812107.1,ENSNFUP00015039123.1
105023,107383812,ENSNFUG00015018867,-,-,XP_015812108.1,ENSNFUP00015039138.1
105023,107383813,ENSNFUG00015018866,-,-,XP_015812109.1,ENSNFUP00015039129.1
105023,107383817,ENSNFUG00015018873,-,-,XP_015812112.1,ENSNFUP00015039148.1
105023,107383818,ENSNFUG00015018892,-,-,XP_015812113.1,ENSNFUP00015039448.1
105023,107383821,ENSNFUG00015019135,-,-,XP_015812115.1,ENSNFUP00015039724.1
105023,107383824,ENSNFUG00015019147,-,-,XP_015812120.1,ENSNFUP00015039786.1
105023,107383825,ENSNFUG00015019174,-,-,XP_015812124.1,ENSNFUP00015039830.1
105023,107383826,ENSNFUG00015019233,-,-,XP_015812125.1,ENSNFUP00015040699.1
105023,107383826,ENSNFUG00015019233,-,-,XP_015812126.1,ENSNFUP00015040573.1
105023,107383828,ENSNFUG00015019186,-,-,XP_015812131.1,ENSNFUP00015039843.1
105023,107383829,ENSNFUG00015019546,-,-,XP_015812133.1,ENSNFUP00015040738.1
105023,107383830,ENSNFUG00015019544,-,-,XP_015812134.1,ENSNFUP00015040732.1
105023,107383831,ENSNFUG00015019562,-,-,XP_015812135.1,ENSNFUP00015040786.1
105023,107383831,ENSNFUG00015019562,-,-,XP_015812136.1,ENSNFUP00015040801.1
105023,107383833,ENSNFUG00015019746,-,-,XP_015812137.1,ENSNFUP00015041139.1
105023,107383834,ENSNFUG00015020612,-,-,XP_015812142.1,ENSNFUP00015045943.1
105023,107383835,ENSNFUG00015022015,-,-,XP_015812143.1,ENSNFUP00015046421.1
105023,107383836,ENSNFUG00015009079,-,-,XP_015812144.1,ENSNFUP00015018934.1
105023,107383837,ENSNFUG00015009198,-,-,XP_015812146.1,ENSNFUP00015020048.1
105023,107383837,ENSNFUG00015009198,-,-,XP_015812149.1,ENSNFUP00015020117.1
105023,107383838,ENSNFUG00015009766,-,-,-,-
105023,107383839,ENSNFUG00015009823,-,-,XP_015812156.1,ENSNFUP00015020294.1
105023,107383840,ENSNFUG00015001121,-,-,-,-
105023,107383842,ENSNFUG00015010728,-,-,XP_015812160.1,ENSNFUP00015023363.1
105023,107383843,ENSNFUG00015010676,-,-,XP_015812161.1,ENSNFUP00015022048.1
105023,107383844,ENSNFUG00015011449,-,-,XP_015812162.1,ENSNFUP00015023689.1
105023,107383845,ENSNFUG00015011505,-,-,XP_015812163.1,ENSNFUP00015023894.1
105023,107383847,ENSNFUG00015011602,-,-,-,-
105023,107383848,ENSNFUG00015011627,-,-,XP_015812168.1,ENSNFUP00015024056.1
105023,107383849,ENSNFUG00015011644,-,-,XP_015812169.1,ENSNFUP00015024082.1
105023,107383850,ENSNFUG00015011652,-,-,-,-
105023,107383851,ENSNFUG00015011664,-,-,XP_015812174.1,ENSNFUP00015024100.1
105023,107383852,ENSNFUG00015011673,-,-,XP_015812175.1,ENSNFUP00015024115.1
105023,107383853,ENSNFUG00015011660,-,-,-,-
105023,107383855,ENSNFUG00015011740,-,-,XP_015812178.1,ENSNFUP00015024317.1
105023,107383857,ENSNFUG00015011822,-,-,XP_015812181.1,ENSNFUP00015024439.1
105023,107383858,ENSNFUG00015001231,-,-,-,-
105023,107383860,ENSNFUG00015011837,-,-,XP_015812183.1,ENSNFUP00015024460.1
105023,107383862,ENSNFUG00015012139,-,-,-,-
105023,107383864,ENSNFUG00015012539,-,-,XP_015812193.1,ENSNFUP00015025862.1
105023,107383865,ENSNFUG00015001323,-,-,XP_015812199.1,ENSNFUP00015003636.1
105023,107383865,ENSNFUG00015001323,-,-,XP_015812208.1,ENSNFUP00015003644.1
105023,107383867,ENSNFUG00015012552,-,-,-,-
105023,107383868,ENSNFUG00015012554,-,-,XP_015812201.1,ENSNFUP00015025894.1
105023,107383869,ENSNFUG00015012655,-,-,-,-
105023,107383871,ENSNFUG00015016175,-,-,-,-
105023,107383872,ENSNFUG00015016259,-,-,XP_015812215.1,ENSNFUP00015033206.1
105023,107383874,ENSNFUG00015016268,-,-,-,-
105023,107383875,ENSNFUG00015016302,-,-,-,-
105023,107383876,ENSNFUG00015016312,-,-,XP_015812225.1,ENSNFUP00015033367.1
105023,107383877,ENSNFUG00015016361,-,-,-,-
105023,107383878,ENSNFUG00015001928,-,-,XP_015812240.1,ENSNFUP00015003795.1
105023,107383880,ENSNFUG00015016481,-,-,XP_015812229.1,ENSNFUP00015033696.1
105023,107383881,ENSNFUG00015016467,-,-,XP_015812232.1,ENSNFUP00015033674.1
105023,107383884,ENSNFUG00015017029,-,-,-,-
105023,107383885,ENSNFUG00015017040,-,-,XP_015812243.1,ENSNFUP00015035020.1
105023,107383887,ENSNFUG00015021750,-,-,XP_015812249.1,ENSNFUP00015045789.1
105023,107383888,ENSNFUG00015021762,-,-,XP_015812250.1,ENSNFUP00015046135.1
105023,107383889,ENSNFUG00015021904,-,-,-,-
105023,107383890,ENSNFUG00015021894,-,-,-,-
105023,107383892,ENSNFUG00015021922,-,-,-,-
105023,107383894,ENSNFUG00015001937,-,-,-,-
105023,107383895,ENSNFUG00015022666,-,-,-,-
105023,107383896,ENSNFUG00015022960,-,-,-,-
105023,107383897,ENSNFUG00015022968,-,-,XP_015812274.1,ENSNFUP00015048747.1
105023,107383899,ENSNFUG00015022995,-,-,-,-
105023,107383900,ENSNFUG00015022990,-,-,-,-
105023,107383901,ENSNFUG00015001949,-,-,XP_015812284.1,ENSNFUP00015003846.1
105023,107383902,ENSNFUG00015023017,-,-,-,-
105023,107383903,ENSNFUG00015023009,-,-,-,-
105023,107383904,ENSNFUG00015023030,-,-,-,-
105023,107383906,ENSNFUG00015023055,-,-,XP_015812285.1,ENSNFUP00015048905.1
105023,107383907,ENSNFUG00015023060,-,-,-,-
105023,107383908,ENSNFUG00015023063,-,-,XP_015812287.1,ENSNFUP00015048924.1
105023,107383909,ENSNFUG00015023069,-,-,XP_015812288.1,ENSNFUP00015048963.1
105023,107383910,ENSNFUG00015023102,-,-,-,-
105023,107383911,ENSNFUG00015023097,-,-,-,-
105023,107383913,ENSNFUG00015023158,-,-,XP_015812294.1,ENSNFUP00015049173.1
105023,107383914,ENSNFUG00015023171,-,-,-,-
105023,107383915,ENSNFUG00015023235,-,-,-,-
105023,107383917,ENSNFUG00015023248,-,-,XP_015812300.1,ENSNFUP00015049369.1
105023,107383919,ENSNFUG00015004891,-,-,-,-
105023,107383923,ENSNFUG00015001955,-,-,XP_015812313.1,ENSNFUP00015003862.1
105023,107383923,ENSNFUG00015001955,-,-,XP_015812319.1,ENSNFUP00015003867.1
105023,107383924,ENSNFUG00015006033,-,-,-,-
105023,107383925,ENSNFUG00015006019,-,-,-,-
105023,107383926,ENSNFUG00015006058,-,-,XP_015812312.1,ENSNFUP00015012389.1
105023,107383929,ENSNFUG00015006188,-,-,-,-
105023,107383930,ENSNFUG00015006581,-,-,-,-
105023,107383931,ENSNFUG00015006591,-,-,XP_015812317.1,ENSNFUP00015013427.1
105023,107383931,ENSNFUG00015006591,-,-,XP_015812320.1,ENSNFUP00015013416.1
105023,107383932,ENSNFUG00015006618,-,-,XP_015812324.1,ENSNFUP00015013560.1
105023,107383933,ENSNFUG00015006600,-,-,XP_015812327.1,ENSNFUP00015013457.1
105023,107383934,ENSNFUG00015006661,-,-,-,-
105023,107383935,ENSNFUG00015006686,-,-,-,-
105023,107383936,ENSNFUG00015001978,-,-,XP_015812342.1,ENSNFUP00015003914.1
105023,107383937,ENSNFUG00015006692,-,-,-,-
105023,107383939,ENSNFUG00015006774,-,-,-,-
105023,107383940,ENSNFUG00015006857,-,-,XP_015812343.1,ENSNFUP00015015246.1
105023,107383940,ENSNFUG00015006857,-,-,XP_015812344.1,ENSNFUP00015015250.1
105023,107383941,ENSNFUG00015007481,-,-,-,-
105023,107383942,ENSNFUG00015007577,-,-,XP_015812346.1,ENSNFUP00015015738.1
105023,107383944,ENSNFUG00015001998,-,-,XP_015812355.1,ENSNFUP00015003981.1
105023,107383945,ENSNFUG00015007630,-,-,-,-
105023,107383946,ENSNFUG00015007830,-,-,-,-
105023,107383947,ENSNFUG00015008141,-,-,-,-
105023,107383948,ENSNFUG00015002018,-,-,XP_015812368.1,ENSNFUP00015004010.1
105023,107383949,ENSNFUG00015008154,-,-,XP_015812366.1,ENSNFUP00015017079.1
105023,107383950,ENSNFUG00015008171,-,-,-,-
105023,107383950,ENSNFUG00015008171,-,-,XP_015812369.1,ENSNFUP00015017372.1
105023,107383950,ENSNFUG00015008171,-,-,XP_015812372.1,ENSNFUP00015017367.1
105023,107383950,ENSNFUG00015008171,-,-,XP_015812373.1,ENSNFUP00015017393.1
105023,107383950,ENSNFUG00015008171,-,-,XP_015812374.1,ENSNFUP00015017433.1
105023,107383951,ENSNFUG00015008323,-,-,XP_015812375.1,ENSNFUP00015017463.1
105023,107383954,ENSNFUG00015002187,-,-,XP_015812380.1,ENSNFUP00015005135.1
105023,107383956,ENSNFUG00015008352,-,-,XP_015812379.1,ENSNFUP00015017503.1
105023,107383956,ENSNFUG00015008352,-,-,XP_015812381.1,ENSNFUP00015017515.1
105023,107383959,ENSNFUG00015008374,-,-,XP_015812390.1,ENSNFUP00015017550.1
105023,107383960,ENSNFUG00015008378,-,-,-,-
105023,107383961,ENSNFUG00015008390,-,-,-,-
105023,107383966,ENSNFUG00015011839,-,-,-,-
105023,107383967,ENSNFUG00015011878,-,-,-,-
105023,107383968,ENSNFUG00015011947,-,-,-,-
105023,107383969,ENSNFUG00015002632,-,-,XP_015812421.1,ENSNFUP00015005370.1
105023,107383969,ENSNFUG00015002632,-,-,XP_015812430.1,ENSNFUP00015005391.1
105023,107383970,ENSNFUG00015012785,-,-,-,-
105023,107383971,ENSNFUG00015013285,-,-,-,-
105023,107383972,ENSNFUG00015013299,-,-,-,-
105023,107383974,ENSNFUG00015013322,-,-,-,-
105023,107383975,ENSNFUG00015013331,-,-,XP_015812425.1,ENSNFUP00015027535.1
105023,107383976,ENSNFUG00015013669,-,-,-,-
105023,107383977,ENSNFUG00015013378,-,-,-,-
105023,107383978,ENSNFUG00015013336,-,-,XP_015812435.1,ENSNFUP00015027546.1
105023,107383979,ENSNFUG00015013339,-,-,-,-
105023,107383980,ENSNFUG00015013854,-,-,XP_015812438.1,ENSNFUP00015028806.1
105023,107383982,ENSNFUG00015013981,-,-,-,-
105023,107383983,ENSNFUG00015013988,-,-,-,-
105023,107383987,ENSNFUG00015017613,-,-,-,-
105023,107383988,ENSNFUG00015017606,-,-,-,-
105023,107383989,ENSNFUG00015002744,-,-,XP_015812454.1,ENSNFUP00015005575.1
105023,107383991,ENSNFUG00015017651,-,-,XP_015812451.1,ENSNFUP00015036771.1
105023,107383993,ENSNFUG00015017908,-,-,-,-
105023,107383994,ENSNFUG00015019455,-,-,-,-
105023,107383999,ENSNFUG00015002812,-,-,XP_015812465.1,ENSNFUP00015005644.1
105023,107384000,ENSNFUG00015019541,-,-,-,-
105023,107384005,ENSNFUG00015019791,-,-,-,-
105023,107384006,ENSNFUG00015019603,-,-,XP_015812472.1,ENSNFUP00015040977.1
105023,107384006,ENSNFUG00015019603,-,-,XP_015812473.1,ENSNFUP00015040940.1
105023,107384006,ENSNFUG00015019603,-,-,XP_015812475.1,ENSNFUP00015041031.1
105023,107384007,ENSNFUG00015019580,-,-,-,-
105023,107384008,ENSNFUG00015019563,-,-,XP_015812477.1,ENSNFUP00015040773.1
105023,107384009,ENSNFUG00015019744,-,-,-,-
105023,107384010,ENSNFUG00015019571,-,-,XP_015812480.1,ENSNFUP00015040788.1
105023,107384011,ENSNFUG00015019733,-,-,-,-
105023,107384012,ENSNFUG00015019712,-,-,-,-
105023,107384013,ENSNFUG00015019760,-,-,XP_015812486.1,ENSNFUP00015041178.1
105023,107384013,ENSNFUG00015019760,-,-,XP_015812488.1,ENSNFUP00015041184.1
105023,107384013,ENSNFUG00015019760,-,-,XP_015812489.1,ENSNFUP00015041166.1
105023,107384024,ENSNFUG00015002988,-,-,XP_015812506.1,ENSNFUP00015005971.1
105023,107384025,ENSNFUG00015009588,-,-,-,-
105023,107384026,ENSNFUG00015010209,-,-,-,-
105023,107384027,ENSNFUG00015010799,-,-,XP_015812509.1,ENSNFUP00015022525.1
105023,107384028,ENSNFUG00015010771,-,-,-,-
105023,107384029,ENSNFUG00015010779,-,-,-,-
105023,107384030,ENSNFUG00015010776,-,-,XP_015812513.1,ENSNFUP00015022243.1
105023,107384032,ENSNFUG00015002992,-,-,XP_015812518.1,ENSNFUP00015005984.1
105023,107384035,ENSNFUG00015011281,-,-,-,-
105023,107384036,ENSNFUG00015012988,-,-,-,-
105023,107384037,ENSNFUG00015012999,-,-,-,-
105023,107384044,ENSNFUG00015021042,-,-,-,-
105023,107384046,ENSNFUG00015021061,-,-,-,-
105023,107384047,ENSNFUG00015021148,-,-,XP_015812557.1,ENSNFUP00015046346.1
105023,107384047,ENSNFUG00015021148,-,-,XP_015812558.1,ENSNFUP00015046262.1
105023,107384047,ENSNFUG00015021148,-,-,XP_015812559.1,ENSNFUP00015046272.1
105023,107384047,ENSNFUG00015021148,-,-,XP_015812560.1,ENSNFUP00015046320.1
105023,107384049,ENSNFUG00015022192,-,-,-,-
105023,107384051,ENSNFUG00015022298,-,-,XP_015812565.1,ENSNFUP00015047176.1
105023,107384053,ENSNFUG00015022305,-,-,-,-
105023,107384057,ENSNFUG00015022336,-,-,-,-
105023,107384058,ENSNFUG00015022345,-,-,-,-
105023,107384063,ENSNFUG00015022369,-,-,XP_015812578.1,ENSNFUP00015047307.1
105023,107384065,ENSNFUG00015022595,-,-,-,-
105023,107384066,ENSNFUG00015003035,-,-,-,-
105023,107384067,ENSNFUG00015022399,-,-,-,-
105023,107384068,ENSNFUG00015022585,-,-,XP_015812582.1,ENSNFUP00015047854.1
105023,107384068,ENSNFUG00015022585,-,-,XP_015812583.1,ENSNFUP00015047857.1
105023,107384071,ENSNFUG00015022631,-,-,-,-
105023,107384072,ENSNFUG00015022638,-,-,-,-
105023,107384074,ENSNFUG00015022712,-,-,-,-
105023,107384075,ENSNFUG00015003055,-,-,XP_015812597.1,ENSNFUP00015006090.1
105023,107384076,ENSNFUG00015022696,-,-,-,-
105023,107384077,ENSNFUG00015022708,-,-,-,-
105023,107384080,ENSNFUG00015022748,-,-,XP_015812604.1,ENSNFUP00015048265.1
105023,107384081,ENSNFUG00015022753,-,-,XP_015812606.1,ENSNFUP00015048277.1
105023,107384082,ENSNFUG00015022773,-,-,-,-
105023,107384083,ENSNFUG00015022831,-,-,XP_015812608.1,ENSNFUP00015048478.1
105023,107384085,ENSNFUG00015003067,-,-,XP_015812619.1,ENSNFUP00015006120.1
105023,107384086,ENSNFUG00015022911,-,-,-,-
105023,107384087,ENSNFUG00015022933,-,-,-,-
105023,107384089,ENSNFUG00015022950,-,-,XP_015812624.1,ENSNFUP00015048714.1
105023,107384090,ENSNFUG00015022963,-,-,-,-
105023,107384092,ENSNFUG00015022975,-,-,XP_015812634.1,ENSNFUP00015048742.1
105023,107384094,ENSNFUG00015022982,-,-,XP_015812637.1,ENSNFUP00015048756.1
105023,107384095,ENSNFUG00015022993,-,-,-,-
105023,107384096,ENSNFUG00015022996,-,-,-,-
105023,107384097,ENSNFUG00015023006,-,-,-,-
105023,107384098,ENSNFUG00015023032,-,-,XP_015812642.1,ENSNFUP00015048876.1
105023,107384098,ENSNFUG00015023032,-,-,XP_015812643.1,ENSNFUP00015048879.1
105023,107384100,ENSNFUG00015023047,-,-,-,-
105023,107384102,ENSNFUG00015023068,-,-,XP_015812646.1,ENSNFUP00015048934.1
105023,107384103,ENSNFUG00015023083,-,-,XP_015812650.1,ENSNFUP00015048997.1
105023,107384107,ENSNFUG00015023101,-,-,XP_015812655.1,ENSNFUP00015049014.1
105023,107384108,ENSNFUG00015023672,-,-,XP_015812656.1,ENSNFUP00015051178.1
105023,107384108,ENSNFUG00015023672,-,-,XP_015812657.1,ENSNFUP00015051158.1
105023,107384108,ENSNFUG00015023672,-,-,XP_015812658.1,ENSNFUP00015051202.1
105023,107384110,ENSNFUG00015023167,-,-,-,-
105023,107384111,ENSNFUG00015024020,-,-,XP_015812664.1,ENSNFUP00015051260.1
105023,107384113,ENSNFUG00015024087,-,-,XP_015812671.1,ENSNFUP00015052546.1
105023,107384114,ENSNFUG00015024613,-,-,-,-
105023,107384115,ENSNFUG00015024765,-,-,XP_015812674.1,ENSNFUP00015053266.1
105023,107384118,ENSNFUG00015009395,-,-,-,-
105023,107384119,ENSNFUG00015009363,-,-,-,-
105023,107384120,ENSNFUG00015009943,-,-,-,-
105023,107384122,ENSNFUG00015011614,-,-,XP_015812683.1,ENSNFUP00015024018.1
105023,107384124,ENSNFUG00015011626,-,-,XP_015812685.1,ENSNFUP00015024050.1
105023,107384127,ENSNFUG00015016179,-,-,XP_015812688.1,ENSNFUP00015033076.1
105023,107384129,ENSNFUG00015003190,-,-,XP_015812694.1,ENSNFUP00015006455.1
105023,107384130,ENSNFUG00015016251,-,-,XP_015812690.1,ENSNFUP00015033538.1
105023,107384131,ENSNFUG00015016449,-,-,-,-
105023,107384132,ENSNFUG00015016454,-,-,XP_015812692.1,ENSNFUP00015033649.1
105023,107384132,ENSNFUG00015016454,-,-,XP_015812695.1,ENSNFUP00015033667.1
105023,107384133,ENSNFUG00015016550,-,-,-,-
105023,107384134,ENSNFUG00015016494,-,-,-,-
105023,107384135,ENSNFUG00015016469,-,-,XP_015812703.1,ENSNFUP00015033704.1
105023,107384136,ENSNFUG00015003093,-,-,XP_015812707.1,ENSNFUP00015006248.1
105023,107384136,ENSNFUG00015003093,-,-,XP_015812715.1,ENSNFUP00015006238.1
105023,107384137,ENSNFUG00015016584,-,-,-,-
105023,107384138,ENSNFUG00015016568,-,-,-,-
105023,107384139,ENSNFUG00015016841,-,-,-,-
105023,107384141,ENSNFUG00015016853,-,-,XP_015812709.1,ENSNFUP00015034663.1
105023,107384142,ENSNFUG00015016983,-,-,-,-
105023,107384144,ENSNFUG00015016901,-,-,XP_015812712.1,ENSNFUP00015034760.1
105023,107384145,ENSNFUG00015017863,-,-,-,-
105023,107384146,ENSNFUG00015017839,-,-,XP_015812718.1,ENSNFUP00015036876.1
105023,107384147,ENSNFUG00015017854,-,-,XP_015812719.1,ENSNFUP00015036893.1
105023,107384148,ENSNFUG00015017880,-,-,-,-
105023,107384149,ENSNFUG00015017886,-,-,XP_015812721.1,ENSNFUP00015036953.1
105023,107384150,ENSNFUG00015017928,-,-,XP_015812722.1,ENSNFUP00015037504.1
105023,107384153,ENSNFUG00015018238,-,-,XP_015812724.1,ENSNFUP00015040150.1
105023,107384155,ENSNFUG00015019671,-,-,XP_015812727.1,ENSNFUP00015040986.1
105023,107384156,ENSNFUG00015019621,-,-,-,-
105023,107384157,ENSNFUG00015019721,-,-,-,-
105023,107384159,ENSNFUG00015012194,-,-,-,-
105023,107384160,ENSNFUG00015020062,-,-,XP_015812730.1,ENSNFUP00015041817.1
105023,107384161,ENSNFUG00015020070,-,-,XP_015812732.1,ENSNFUP00015041836.1
105023,107384162,ENSNFUG00015020081,-,-,XP_015812733.1,ENSNFUP00015041851.1
105023,107384163,ENSNFUG00015003673,-,-,XP_015812737.1,ENSNFUP00015007480.1
105023,107384164,ENSNFUG00015020092,-,-,XP_015812734.1,ENSNFUP00015041872.1
105023,107384165,ENSNFUG00015020126,-,-,XP_015812735.1,ENSNFUP00015041967.1
105023,107384166,ENSNFUG00015020174,-,-,XP_015812738.1,ENSNFUP00015042104.1
105023,107384167,ENSNFUG00015020202,-,-,XP_015812739.1,ENSNFUP00015042113.1
105023,107384168,ENSNFUG00015021367,-,-,XP_015812740.1,ENSNFUP00015044970.1
105023,107384169,ENSNFUG00015020250,-,-,XP_015812741.1,ENSNFUP00015044677.1
105023,107384170,ENSNFUG00015021376,-,-,XP_015812742.1,ENSNFUP00015044987.1
105023,107384172,ENSNFUG00015021506,-,-,XP_015812744.1,ENSNFUP00015048347.1
105023,107384173,ENSNFUG00015021413,-,-,XP_015812747.1,ENSNFUP00015045057.1
105023,107384174,ENSNFUG00015023001,-,-,XP_015812749.1,ENSNFUP00015048794.1
105023,107384175,ENSNFUG00015023011,-,-,XP_015812751.1,ENSNFUP00015049110.1
105023,107384176,ENSNFUG00015023143,-,-,XP_015812752.1,ENSNFUP00015049223.1
105023,107384178,ENSNFUG00015023295,-,-,XP_015812757.1,ENSNFUP00015049504.1
105023,107384180,ENSNFUG00015023308,-,-,XP_015812759.1,ENSNFUP00015049526.1
105023,107384181,ENSNFUG00015023320,-,-,XP_015812761.1,ENSNFUP00015049544.1
105023,107384182,ENSNFUG00015003717,-,-,XP_015812765.1,ENSNFUP00015007612.1
105023,107384183,ENSNFUG00015023329,-,-,-,-
105023,107384184,ENSNFUG00015023385,-,-,XP_015812763.1,ENSNFUP00015050479.1
105023,107384184,ENSNFUG00015023385,-,-,XP_015812764.1,ENSNFUP00015050359.1
105023,107384185,ENSNFUG00015023721,-,-,XP_015812766.1,ENSNFUP00015050520.1
105023,107384187,ENSNFUG00015023733,-,-,XP_015812768.1,ENSNFUP00015050538.1
105023,107384193,ENSNFUG00015024394,-,-,XP_015812779.1,ENSNFUP00015052267.1
105023,107384193,ENSNFUG00015024394,-,-,XP_015812780.1,ENSNFUP00015052279.1
105023,107384193,ENSNFUG00015024394,-,-,XP_015812781.1,ENSNFUP00015052290.1
105023,107384193,ENSNFUG00015024394,-,-,XP_015812783.1,ENSNFUP00015052304.1
105023,107384194,ENSNFUG00015024437,-,-,XP_015812786.1,ENSNFUP00015052373.1
105023,107384194,ENSNFUG00015024437,-,-,XP_015812787.1,ENSNFUP00015052397.1
105023,107384198,ENSNFUG00015024826,-,-,XP_015812791.1,ENSNFUP00015054055.1
105023,107384198,ENSNFUG00015024826,-,-,XP_015812792.1,ENSNFUP00015054067.1
105023,107384199,ENSNFUG00015025120,-,-,XP_015812793.1,ENSNFUP00015054124.1
105023,107384200,ENSNFUG00015004786,-,-,XP_015812795.1,ENSNFUP00015010411.1
105023,107384202,ENSNFUG00015004703,-,-,XP_015812796.1,ENSNFUP00015009659.1
105023,107384203,ENSNFUG00015005141,-,-,XP_015812797.1,ENSNFUP00015010418.1
105023,107384206,ENSNFUG00015005410,-,-,-,-
105023,107384207,ENSNFUG00015004233,-,-,XP_015812813.1,ENSNFUP00015025011.1
105023,107384207,ENSNFUG00015004233,-,-,XP_015812829.1,ENSNFUP00015025045.1
105023,107384207,ENSNFUG00015004233,-,-,XP_015812837.1,ENSNFUP00015025078.1
105023,107384208,ENSNFUG00015005773,-,-,-,-
105023,107384209,ENSNFUG00015005810,-,-,-,-
105023,107384210,ENSNFUG00015006003,-,-,-,-
105023,107384212,ENSNFUG00015006021,-,-,-,-
105023,107384214,ENSNFUG00015006026,-,-,XP_015812818.1,ENSNFUP00015012246.1
105023,107384217,ENSNFUG00015006062,-,-,XP_015812827.1,ENSNFUP00015012335.1
105023,107384217,ENSNFUG00015006062,-,-,XP_015812828.1,ENSNFUP00015012343.1
105023,107384218,ENSNFUG00015006071,-,-,XP_015812830.1,ENSNFUP00015012352.1
105023,107384220,ENSNFUG00015006865,-,-,XP_015812832.1,ENSNFUP00015014078.1
105023,107384221,ENSNFUG00015006867,-,-,XP_015812833.1,ENSNFUP00015014083.1
105023,107384222,ENSNFUG00015006875,-,-,XP_015812834.1,ENSNFUP00015014098.1
105023,107384222,ENSNFUG00015006875,-,-,XP_015812835.1,ENSNFUP00015014105.1
105023,107384223,ENSNFUG00015006870,-,-,XP_015812836.1,ENSNFUP00015014090.1
105023,107384224,ENSNFUG00015006898,-,-,XP_015812838.1,ENSNFUP00015014706.1
105023,107384225,ENSNFUG00015007164,-,-,XP_015812840.1,ENSNFUP00015014779.1
105023,107384226,ENSNFUG00015007175,-,-,XP_015812841.1,ENSNFUP00015014801.1
105023,107384228,ENSNFUG00015007181,-,-,XP_015812843.1,ENSNFUP00015014810.1
105023,107384229,ENSNFUG00015012710,-,-,XP_015812848.1,ENSNFUP00015026222.1
105023,107384235,ENSNFUG00015007261,-,-,-,-
105023,107384238,ENSNFUG00015012729,-,-,XP_015812858.1,ENSNFUP00015026235.1
105023,107384240,ENSNFUG00015007354,-,-,-,-
105023,107384241,ENSNFUG00015007349,-,-,XP_015812857.1,ENSNFUP00015015178.1
105023,107384242,ENSNFUG00015007371,-,-,-,-
105023,107384244,ENSNFUG00015007373,-,-,XP_015812862.1,ENSNFUP00015015239.1
105023,107384246,ENSNFUG00015007383,-,-,-,-
105023,107384247,ENSNFUG00015007461,-,-,XP_015812873.1,ENSNFUP00015017284.1
105023,107384248,ENSNFUG00015008366,-,-,-,-
105023,107384251,ENSNFUG00015008409,-,-,-,-
105023,107384253,ENSNFUG00015008785,-,-,-,-
105023,107384254,ENSNFUG00015008789,-,-,-,-
105023,107384255,ENSNFUG00015012741,-,-,XP_015812896.1,ENSNFUP00015026258.1
105023,107384256,ENSNFUG00015008804,-,-,-,-
105023,107384258,ENSNFUG00015008864,-,-,-,-
105023,107384260,ENSNFUG00015008947,-,-,-,-
105023,107384261,ENSNFUG00015009402,-,-,-,-
105023,107384262,ENSNFUG00015009040,-,-,XP_015812895.1,ENSNFUP00015019378.1
105023,107384263,ENSNFUG00015009429,-,-,-,-
105023,107384264,ENSNFUG00015009502,-,-,XP_015812901.1,ENSNFUP00015019664.1
105023,107384264,ENSNFUG00015009502,-,-,XP_015812902.1,ENSNFUP00015019669.1
105023,107384265,ENSNFUG00015009661,-,-,-,-
105023,107384266,ENSNFUG00015012756,-,-,XP_015812909.1,ENSNFUP00015026282.1
105023,107384268,ENSNFUG00015011411,-,-,-,-
105023,107384269,ENSNFUG00015011432,-,-,XP_015812910.1,ENSNFUP00015023614.1
105023,107384270,ENSNFUG00015011436,-,-,-,-
105023,107384271,ENSNFUG00015011484,-,-,XP_015812912.1,ENSNFUP00015024350.1
105023,107384272,ENSNFUG00015011887,-,-,-,-
105023,107384273,ENSNFUG00015012068,-,-,-,-
105023,107384274,ENSNFUG00015012096,-,-,XP_015812916.1,ENSNFUP00015025190.1
105023,107384275,ENSNFUG00015012768,-,-,XP_015812922.1,ENSNFUP00015026359.1
105023,107384275,ENSNFUG00015012768,-,-,XP_015812940.1,ENSNFUP00015026366.1
105023,107384278,ENSNFUG00015012213,-,-,XP_015812924.1,ENSNFUP00015025305.1
105023,107384282,ENSNFUG00015012284,-,-,XP_015812934.1,ENSNFUP00015025553.1
105023,107384283,ENSNFUG00015012270,-,-,XP_015812937.1,ENSNFUP00015025390.1
105023,107384285,ENSNFUG00015012365,-,-,-,-
105023,107384286,ENSNFUG00015012371,-,-,XP_015812939.1,ENSNFUP00015025571.1
105023,107384287,ENSNFUG00015004708,-,-,XP_015812941.1,ENSNFUP00015010124.1
105023,107384288,ENSNFUG00015005013,-,-,XP_015812942.1,ENSNFUP00015010305.1
105023,107384290,ENSNFUG00015005103,-,-,-,-
105023,107384292,ENSNFUG00015005135,-,-,-,-
105023,107384300,ENSNFUG00015005218,-,-,-,-
105023,107384301,ENSNFUG00015005271,-,-,-,-
105023,107384302,ENSNFUG00015005549,-,-,-,-
105023,107384303,ENSNFUG00015007245,-,-,-,-
105023,107384304,ENSNFUG00015012805,-,-,XP_015812979.1,ENSNFUP00015026406.1
105023,107384305,ENSNFUG00015005709,-,-,XP_015812975.1,ENSNFUP00015014610.1
105023,107384305,ENSNFUG00015005709,-,-,XP_015812977.1,ENSNFUP00015014625.1
105023,107384305,ENSNFUG00015005709,-,-,XP_015812980.1,ENSNFUP00015014695.1
105023,107384306,ENSNFUG00015007449,-,-,-,-
105023,107384307,ENSNFUG00015007750,-,-,-,-
105023,107384310,ENSNFUG00015007766,-,-,XP_015812989.1,ENSNFUP00015016209.1
105023,107384312,ENSNFUG00015007815,-,-,-,-
105023,107384314,ENSNFUG00015012813,-,-,XP_015813008.1,ENSNFUP00015026420.1
105023,107384314,ENSNFUG00015012813,-,-,XP_015813019.1,ENSNFUP00015026441.1
105023,107384314,ENSNFUG00015012813,-,-,XP_015813026.1,ENSNFUP00015026434.1
105023,107384314,ENSNFUG00015012813,-,-,XP_015813035.1,ENSNFUP00015026423.1
105023,107384316,ENSNFUG00015007990,-,-,-,-
105023,107384317,ENSNFUG00015008037,-,-,XP_015813001.1,ENSNFUP00015017604.1
105023,107384318,ENSNFUG00015008467,-,-,XP_015813002.1,ENSNFUP00015017727.1
105023,107384319,ENSNFUG00015008480,-,-,XP_015813003.1,ENSNFUP00015017740.1
105023,107384320,ENSNFUG00015008484,-,-,-,-
105023,107384321,ENSNFUG00015008489,-,-,XP_015813006.1,ENSNFUP00015017763.1
105023,107384322,ENSNFUG00015008509,-,-,XP_015813011.1,ENSNFUP00015017843.1
105023,107384322,ENSNFUG00015008509,-,-,XP_015813013.1,ENSNFUP00015017851.1
105023,107384322,ENSNFUG00015008509,-,-,XP_015813017.1,ENSNFUP00015017814.1
105023,107384323,ENSNFUG00015008534,-,-,XP_015813022.1,ENSNFUP00015017908.1
105023,107384325,ENSNFUG00015011965,-,-,XP_015813065.1,ENSNFUP00015024701.1
105023,107384328,ENSNFUG00015008557,-,-,-,-
105023,107384331,ENSNFUG00015008578,-,-,-,-
105023,107384334,ENSNFUG00015008669,-,-,XP_015813041.1,ENSNFUP00015019659.1
105023,107384335,ENSNFUG00015008669,-,-,XP_015813042.1,ENSNFUP00015018385.1
105023,107384337,ENSNFUG00015009615,-,-,XP_015813045.1,ENSNFUP00015019856.1
105023,107384338,ENSNFUG00015009688,-,-,XP_015813046.1,ENSNFUP00015020348.1
105023,107384339,ENSNFUG00015009979,-,-,XP_015813047.1,ENSNFUP00015020576.1
105023,107384342,ENSNFUG00015012832,-,-,XP_015813056.1,ENSNFUP00015026545.1
105023,107384344,ENSNFUG00015010043,-,-,XP_015813053.1,ENSNFUP00015020726.1
105023,107384345,ENSNFUG00015010073,-,-,XP_015813055.1,ENSNFUP00015020766.1
105023,107384346,ENSNFUG00015010083,-,-,XP_015813058.1,ENSNFUP00015020837.1
105023,107384348,ENSNFUG00015010138,-,-,XP_015813060.1,ENSNFUP00015020904.1
105023,107384350,ENSNFUG00015012887,-,-,XP_015813069.1,ENSNFUP00015026844.1
105023,107384352,ENSNFUG00015010184,-,-,XP_015813067.1,ENSNFUP00015020971.1
105023,107384354,ENSNFUG00015010228,-,-,XP_015813070.1,ENSNFUP00015021047.1
105023,107384355,ENSNFUG00015010239,-,-,-,-
105023,107384356,ENSNFUG00015010247,-,-,XP_015813073.1,ENSNFUP00015021089.1
105023,107384359,ENSNFUG00015013022,-,-,XP_015813081.1,ENSNFUP00015026857.1
105023,107384363,ENSNFUG00015011390,-,-,XP_015813082.1,ENSNFUP00015023554.1
105023,107384363,ENSNFUG00015011390,-,-,XP_015813083.1,ENSNFUP00015023574.1
105023,107384363,ENSNFUG00015011390,-,-,XP_015813084.1,ENSNFUP00015023564.1
105023,107384366,ENSNFUG00015011442,-,-,XP_015813090.1,ENSNFUP00015023699.1
105023,107384367,ENSNFUG00015011565,-,-,XP_015813091.1,ENSNFUP00015023949.1
105023,107384368,ENSNFUG00015011591,-,-,XP_015813094.1,ENSNFUP00015024060.1
105023,107384369,ENSNFUG00015011655,-,-,XP_015813095.1,ENSNFUP00015024092.1
105023,107384372,ENSNFUG00015011687,-,-,XP_015813099.1,ENSNFUP00015024142.1
105023,107384374,ENSNFUG00015013039,-,-,XP_015813113.1,ENSNFUP00015026988.1
105023,107384376,ENSNFUG00015011771,-,-,XP_015813104.1,ENSNFUP00015024937.1
105023,107384378,ENSNFUG00015012132,-,-,XP_015813108.1,ENSNFUP00015025126.1
105023,107384384,ENSNFUG00015005492,-,-,XP_015813122.1,ENSNFUP00015011243.1
105023,107384385,ENSNFUG00015005554,-,-,XP_015813124.1,ENSNFUP00015011306.1
105023,107384386,ENSNFUG00015005615,-,-,XP_015813125.1,ENSNFUP00015011426.1
105023,107384386,ENSNFUG00015005615,-,-,XP_015813126.1,ENSNFUP00015011446.1
105023,107384389,ENSNFUG00015005774,-,-,XP_015813128.1,ENSNFUP00015011691.1
105023,107384390,ENSNFUG00015005778,-,-,-,-
105023,107384391,ENSNFUG00015013030,-,-,XP_015813134.1,ENSNFUP00015026873.1
105023,107384392,ENSNFUG00015005843,-,-,XP_015813131.1,ENSNFUP00015012093.1
105023,107384393,ENSNFUG00015006192,-,-,XP_015813135.1,ENSNFUP00015016709.1
105023,107384394,ENSNFUG00015008078,-,-,XP_015813137.1,ENSNFUP00015016906.1
105023,107384395,ENSNFUG00015008103,-,-,XP_015813138.1,ENSNFUP00015016992.1
105023,107384397,ENSNFUG00015008090,-,-,XP_015813140.1,ENSNFUP00015016925.1
105023,107384399,ENSNFUG00015013093,-,-,XP_015813146.1,ENSNFUP00015026996.1
105023,107384401,ENSNFUG00015011950,-,-,XP_015813188.1,ENSNFUP00015024689.1
105023,107384402,ENSNFUG00015008233,-,-,XP_015813147.1,ENSNFUP00015017652.1
105023,107384405,ENSNFUG00015008589,-,-,XP_015813150.1,ENSNFUP00015019258.1
105023,107384406,ENSNFUG00015008482,-,-,XP_015813153.1,ENSNFUP00015017785.1
105023,107384406,ENSNFUG00015008482,-,-,XP_015813155.1,ENSNFUP00015017811.1
105023,107384406,ENSNFUG00015008482,-,-,XP_015813156.1,ENSNFUP00015017837.1
105023,107384407,ENSNFUG00015013167,-,-,XP_015813167.1,ENSNFUP00015030488.1
105023,107384407,ENSNFUG00015013167,-,-,XP_015813212.1,ENSNFUP00015030759.1
105023,107384409,ENSNFUG00015009619,-,-,XP_015813159.1,ENSNFUP00015019927.1
105023,107384410,ENSNFUG00015009687,-,-,XP_015813160.1,ENSNFUP00015020005.1
105023,107384410,ENSNFUG00015009687,-,-,XP_015813161.1,ENSNFUP00015019985.1
105023,107384411,ENSNFUG00015009746,-,-,XP_015813162.1,ENSNFUP00015020153.1
105023,107384413,ENSNFUG00015009730,-,-,XP_015813166.1,ENSNFUP00015020078.1
105023,107384414,ENSNFUG00015009835,-,-,XP_015813168.1,ENSNFUP00015020607.1
105023,107384417,ENSNFUG00015010080,-,-,XP_015813173.1,ENSNFUP00015020780.1
105023,107384417,ENSNFUG00015010080,-,-,XP_015813174.1,ENSNFUP00015020800.1
105023,107384419,ENSNFUG00015010129,-,-,XP_015813180.1,ENSNFUP00015020869.1
105023,107384419,ENSNFUG00015010129,-,-,XP_015813182.1,ENSNFUP00015020855.1
105023,107384420,ENSNFUG00015010154,-,-,XP_015813183.1,ENSNFUP00015020910.1
105023,107384421,ENSNFUG00015010396,-,-,XP_015813185.1,ENSNFUP00015021417.1
105023,107384422,ENSNFUG00015010426,-,-,XP_015813186.1,ENSNFUP00015021457.1
105023,107384424,ENSNFUG00015008280,-,-,XP_015813189.1,ENSNFUP00015017382.1
105023,107384439,ENSNFUG00015006010,-,-,-,-
105023,107384462,ENSNFUG00015024413,-,-,-,-
105023,107384467,ENSNFUG00015007361,-,-,-,-
105023,107384475,ENSNFUG00015010482,-,-,XP_015813235.1,ENSNFUP00015021591.1
105023,107384476,ENSNFUG00015015058,-,-,XP_015813239.1,ENSNFUP00015032304.1
105023,107384479,ENSNFUG00015010614,-,-,XP_015813240.1,ENSNFUP00015023314.1
105023,107384479,ENSNFUG00015010614,-,-,XP_015813241.1,ENSNFUP00015023391.1
105023,107384481,ENSNFUG00015010529,-,-,XP_015813242.1,ENSNFUP00015021716.1
105023,107384483,ENSNFUG00015011443,-,-,XP_015813244.1,ENSNFUP00015023645.1
105023,107384485,ENSNFUG00015015857,-,-,-,-
105023,107384489,ENSNFUG00015011455,-,-,XP_015813249.1,ENSNFUP00015023655.1
105023,107384490,ENSNFUG00015011462,-,-,-,-
105023,107384491,ENSNFUG00015011464,-,-,XP_015813251.1,ENSNFUP00015023677.1
105023,107384498,ENSNFUG00015011865,-,-,XP_015813256.1,ENSNFUP00015024644.1
105023,107384498,ENSNFUG00015011865,-,-,XP_015813258.1,ENSNFUP00015024851.1
105023,107384501,ENSNFUG00015013464,-,-,XP_015813262.1,ENSNFUP00015027841.1
105023,107384502,ENSNFUG00015013472,-,-,-,-
105023,107384503,ENSNFUG00015013478,-,-,-,-
105023,107384504,ENSNFUG00015013485,-,-,-,-
105023,107384505,ENSNFUG00015013502,-,-,-,-
105023,107384506,ENSNFUG00015015932,-,-,XP_015813271.1,ENSNFUP00015032517.1
105023,107384510,ENSNFUG00015013774,-,-,XP_015813282.1,ENSNFUP00015028472.1
105023,107384510,ENSNFUG00015013774,-,-,XP_015813283.1,ENSNFUP00015028505.1
105023,107384510,ENSNFUG00015013774,-,-,XP_015813284.1,ENSNFUP00015028479.1
105023,107384511,ENSNFUG00015013828,-,-,-,-
105023,107384512,ENSNFUG00015013852,-,-,-,-
105023,107384516,ENSNFUG00015009200,-,-,-,-
105023,107384517,ENSNFUG00015009233,-,-,-,-
105023,107384519,ENSNFUG00015009453,-,-,XP_015813296.1,ENSNFUP00015019546.1
105023,107384522,ENSNFUG00015009538,-,-,-,-
105023,107384523,ENSNFUG00015009559,-,-,XP_015813302.1,ENSNFUP00015019791.1
105023,107384524,ENSNFUG00015009645,-,-,-,-
105023,107384524,ENSNFUG00015009645,-,-,XP_015813304.1,ENSNFUP00015019917.1
105023,107384525,ENSNFUG00015015893,-,-,XP_015813308.1,ENSNFUP00015032499.1
105023,107384526,ENSNFUG00015009664,-,-,XP_015813306.1,ENSNFUP00015019937.1
105023,107384526,ENSNFUG00015009664,-,-,XP_015813307.1,ENSNFUP00015019945.1
105023,107384527,ENSNFUG00015009680,-,-,XP_015813309.1,ENSNFUP00015020056.1
105023,107384528,ENSNFUG00015009821,-,-,-,-
105023,107384529,ENSNFUG00015010636,-,-,-,-
105023,107384530,ENSNFUG00015010599,-,-,XP_015813313.1,ENSNFUP00015021887.1
105023,107384531,ENSNFUG00015010599,-,-,-,-
105023,107384533,ENSNFUG00015015878,-,-,XP_015813318.1,ENSNFUP00015032425.1
105023,107384535,ENSNFUG00015010693,-,-,-,-
105023,107384537,ENSNFUG00015011027,-,-,-,-
105023,107384538,ENSNFUG00015011055,-,-,-,-
105023,107384540,ENSNFUG00015011042,-,-,-,-
105023,107384541,ENSNFUG00015011101,-,-,-,-
105023,107384542,ENSNFUG00015015943,-,-,XP_015813337.1,ENSNFUP00015032560.1
105023,107384545,ENSNFUG00015011165,-,-,-,-
105023,107384547,ENSNFUG00015011206,-,-,-,-
105023,107384549,ENSNFUG00015011244,-,-,-,-
105023,107384553,ENSNFUG00015011283,-,-,XP_015813347.1,ENSNFUP00015023333.1
105023,107384556,ENSNFUG00015011306,-,-,-,-
105023,107384558,ENSNFUG00015011364,-,-,-,-
105023,107384559,ENSNFUG00015011306,-,-,-,-
105023,107384560,ENSNFUG00015011558,-,-,-,-
105023,107384561,ENSNFUG00015015978,-,-,-,-
105023,107384563,ENSNFUG00015011603,-,-,-,-
105023,107384564,ENSNFUG00015011813,-,-,XP_015813376.1,ENSNFUP00015030531.1
105023,107384565,ENSNFUG00015014998,-,-,XP_015813377.1,ENSNFUP00015030727.1
105023,107384566,ENSNFUG00015015010,-,-,-,-
105023,107384570,ENSNFUG00015015890,-,-,-,-
105023,107384573,ENSNFUG00015016260,-,-,XP_015813387.1,ENSNFUP00015033212.1
105023,107384575,ENSNFUG00015016242,-,-,XP_015813391.1,ENSNFUP00015033179.1
105023,107384576,ENSNFUG00015016264,-,-,XP_015813392.1,ENSNFUP00015033222.1
105023,107384577,ENSNFUG00015016650,-,-,XP_015813393.1,ENSNFUP00015035166.1
105023,107384579,ENSNFUG00015016401,-,-,-,-
105023,107384580,ENSNFUG00015016320,-,-,XP_015813398.1,ENSNFUP00015033318.1
105023,107384581,ENSNFUG00015016327,-,-,-,-
105023,107384582,ENSNFUG00015016576,-,-,XP_015813401.1,ENSNFUP00015033902.1
105023,107384583,ENSNFUG00015017116,-,-,-,-
105023,107384584,ENSNFUG00015016356,-,-,XP_015813403.1,ENSNFUP00015033417.1
105023,107384587,ENSNFUG00015017132,-,-,-,-
105023,107384589,ENSNFUG00015017151,-,-,-,-
105023,107384590,ENSNFUG00015017166,-,-,XP_015813410.1,ENSNFUP00015035386.1
105023,107384590,ENSNFUG00015017166,-,-,XP_015813411.1,ENSNFUP00015035401.1
105023,107384590,ENSNFUG00015017166,-,-,XP_015813415.1,ENSNFUP00015035468.1
105023,107384593,ENSNFUG00015009160,-,-,-,-
105023,107384600,ENSNFUG00015016003,-,-,XP_015813430.1,ENSNFUP00015032643.1
105023,107384601,ENSNFUG00015009120,-,-,-,-
105023,107384607,ENSNFUG00015004705,-,-,-,-
105023,107384610,ENSNFUG00015004046,-,-,-,-
105023,107384611,ENSNFUG00015004806,-,-,-,-
105023,107384613,ENSNFUG00015005390,-,-,-,-
105023,107384616,ENSNFUG00015004054,-,-,-,-
105023,107384617,ENSNFUG00015005139,-,-,-,-
105023,107384618,ENSNFUG00015005302,-,-,XP_015813454.1,ENSNFUP00015010729.1
105023,107384621,ENSNFUG00015005412,-,-,XP_015813458.1,ENSNFUP00015010961.1
105023,107384622,ENSNFUG00015005427,-,-,XP_015813460.1,ENSNFUP00015011064.1
105023,107384623,ENSNFUG00015004066,-,-,-,-
105023,107384631,ENSNFUG00015005643,-,-,-,-
105023,107384632,ENSNFUG00015004071,-,-,-,-
105023,107384633,ENSNFUG00015006072,-,-,-,-
105023,107384636,ENSNFUG00015006123,-,-,-,-
105023,107384637,ENSNFUG00015006151,-,-,-,-
105023,107384638,ENSNFUG00015006132,-,-,XP_015813478.1,ENSNFUP00015012486.1
105023,107384642,ENSNFUG00015006647,-,-,XP_015813483.1,ENSNFUP00015013705.1
105023,107384644,ENSNFUG00015006702,-,-,-,-
105023,107384647,ENSNFUG00015006713,-,-,-,-
105023,107384650,ENSNFUG00015006759,-,-,-,-
105023,107384655,ENSNFUG00015006783,-,-,-,-
105023,107384656,ENSNFUG00015004116,-,-,-,-
105023,107384660,ENSNFUG00015006773,-,-,-,-
105023,107384663,ENSNFUG00015007116,-,-,-,-
105023,107384664,ENSNFUG00015008336,-,-,-,-
105023,107384667,ENSNFUG00015008347,-,-,-,-
105023,107384668,ENSNFUG00015008356,-,-,-,-
105023,107384669,ENSNFUG00015008367,-,-,XP_015813521.1,ENSNFUP00015017539.1
105023,107384671,ENSNFUG00015008365,-,-,XP_015813523.1,ENSNFUP00015017535.1
105023,107384674,ENSNFUG00015008729,-,-,-,-
105023,107384675,ENSNFUG00015008757,-,-,-,-
105023,107384677,ENSNFUG00015008831,-,-,-,-
105023,107384681,ENSNFUG00015011080,-,-,-,-
105023,107384683,ENSNFUG00015011205,-,-,XP_015813542.1,ENSNFUP00015023175.1
105023,107384684,ENSNFUG00015011288,-,-,-,-
105023,107384685,ENSNFUG00015011296,-,-,-,-
105023,107384686,ENSNFUG00015004298,-,-,-,-
105023,107384688,ENSNFUG00015011440,-,-,-,-
105023,107384689,ENSNFUG00015011470,-,-,-,-
105023,107384690,ENSNFUG00015011620,-,-,-,-
105023,107384691,ENSNFUG00015012170,-,-,XP_015813551.1,ENSNFUP00015025197.1
105023,107384693,ENSNFUG00015012208,-,-,XP_015813553.1,ENSNFUP00015025283.1
105023,107384694,ENSNFUG00015012237,-,-,XP_015813554.1,ENSNFUP00015025499.1
105023,107384697,ENSNFUG00015012524,-,-,XP_015813559.1,ENSNFUP00015026122.1
105023,107384704,ENSNFUG00015012742,-,-,-,-
105023,107384709,ENSNFUG00015013061,-,-,-,-
105023,107384710,ENSNFUG00015004769,-,-,XP_015813572.1,ENSNFUP00015010000.1
105023,107384711,ENSNFUG00015005064,-,-,-,-
105023,107384712,ENSNFUG00015005089,-,-,XP_015813575.1,ENSNFUP00015010347.1
105023,107384713,ENSNFUG00015005128,-,-,XP_015813579.1,ENSNFUP00015010591.1
105023,107384714,ENSNFUG00015005054,-,-,XP_015813580.1,ENSNFUP00015010271.1
105023,107384718,ENSNFUG00015005371,-,-,XP_015813595.1,ENSNFUP00015010881.1
105023,107384719,ENSNFUG00015005382,-,-,XP_015813596.1,ENSNFUP00015010916.1
105023,107384721,ENSNFUG00015005684,-,-,XP_015813598.1,ENSNFUP00015011520.1
105023,107384722,ENSNFUG00015005694,-,-,XP_015813600.1,ENSNFUP00015011552.1
105023,107384724,ENSNFUG00015005707,-,-,XP_015813604.1,ENSNFUP00015011566.1
105023,107384728,ENSNFUG00015006024,-,-,XP_015813610.1,ENSNFUP00015023885.1
105023,107384728,ENSNFUG00015006024,-,-,XP_015813616.1,ENSNFUP00015023274.1
105023,107384728,ENSNFUG00015006024,-,-,XP_015813619.1,ENSNFUP00015023674.1
105023,107384729,ENSNFUG00015004434,-,-,-,-
105023,107384742,ENSNFUG00015017320,-,-,XP_015813667.1,ENSNFUP00015035692.1
105023,107384744,ENSNFUG00015017335,-,-,XP_015813668.1,ENSNFUP00015035851.1
105023,107384747,ENSNFUG00015017446,-,-,XP_015813670.1,ENSNFUP00015035977.1
105023,107384748,ENSNFUG00015017492,-,-,XP_015813671.1,ENSNFUP00015037103.1
105023,107384748,ENSNFUG00015017492,-,-,XP_015813672.1,ENSNFUP00015037108.1
105023,107384749,ENSNFUG00015017986,-,-,XP_015813674.1,ENSNFUP00015037251.1
105023,107384751,ENSNFUG00015018108,-,-,XP_015813676.1,ENSNFUP00015037427.1
105023,107384752,ENSNFUG00015018147,-,-,XP_015813677.1,ENSNFUP00015039478.1
105023,107384754,ENSNFUG00015019119,-,-,XP_015813680.1,ENSNFUP00015039682.1
105023,107384755,ENSNFUG00015004475,-,-,-,-
105023,107384756,ENSNFUG00015019133,-,-,XP_015813681.1,ENSNFUP00015039801.1
105023,107384757,ENSNFUG00015019176,-,-,XP_015813682.1,ENSNFUP00015039838.1
105023,107384757,ENSNFUG00015019176,-,-,XP_015813684.1,ENSNFUP00015039823.1
105023,107384759,ENSNFUG00015019202,-,-,XP_015813689.1,ENSNFUP00015039900.1
105023,107384760,ENSNFUG00015019217,-,-,XP_015813690.1,ENSNFUP00015039908.1
105023,107384761,ENSNFUG00015019231,-,-,XP_015813691.1,ENSNFUP00015039925.1
105023,107384762,ENSNFUG00015004488,-,-,-,-
105023,107384766,ENSNFUG00015022028,-,-,XP_015813697.1,ENSNFUP00015046487.1
105023,107384767,ENSNFUG00015022085,-,-,XP_015813699.1,ENSNFUP00015046590.1
105023,107384770,ENSNFUG00015022191,-,-,XP_015813703.1,ENSNFUP00015047982.1
105023,107384772,ENSNFUG00015022725,-,-,XP_015813707.1,ENSNFUP00015048212.1
105023,107384775,ENSNFUG00015023029,-,-,XP_015813712.1,ENSNFUP00015049676.1
105023,107384775,ENSNFUG00015023029,-,-,XP_015813713.1,ENSNFUP00015049595.1
105023,107384779,ENSNFUG00015023428,-,-,-,-
105023,107384784,ENSNFUG00015025003,-,-,XP_015813721.1,ENSNFUP00015054078.1
105023,107384785,ENSNFUG00015025135,-,-,XP_015813723.1,ENSNFUP00015054147.1
105023,107384788,ENSNFUG00015025151,-,-,XP_015813726.1,ENSNFUP00015054172.1
105023,107384795,ENSNFUG00015025167,-,-,XP_015813736.1,ENSNFUP00015054197.1
105023,107384798,ENSNFUG00015025170,-,-,XP_015813738.1,ENSNFUP00015054203.1
105023,107384808,ENSNFUG00015025175,-,-,XP_015813746.1,ENSNFUP00015054218.1
105023,107384809,ENSNFUG00015004581,-,-,XP_015813750.1,ENSNFUP00015009519.1
105023,107384810,ENSNFUG00015025179,-,-,-,-
105023,107384811,ENSNFUG00015025197,-,-,XP_015813748.1,ENSNFUP00015054276.1
105023,107384812,ENSNFUG00015025200,-,-,XP_015813751.1,ENSNFUP00015054277.1
105023,107384813,ENSNFUG00015025206,-,-,XP_015813753.1,ENSNFUP00015054338.1
105023,107384815,ENSNFUG00015004540,-,-,-,-
105023,107384816,ENSNFUG00015025249,-,-,-,-
105023,107384817,ENSNFUG00015005956,-,-,-,-
105023,107384818,ENSNFUG00015005972,-,-,XP_015813769.1,ENSNFUP00015012130.1
105023,107384818,ENSNFUG00015005972,-,-,XP_015813770.1,ENSNFUP00015012120.1
105023,107384819,ENSNFUG00015005940,-,-,XP_015813771.1,ENSNFUP00015012037.1
105023,107384820,ENSNFUG00015005928,-,-,-,-
105023,107384821,ENSNFUG00015005935,-,-,-,-
105023,107384822,ENSNFUG00015006013,-,-,XP_015813778.1,ENSNFUP00015012197.1
105023,107384831,ENSNFUG00015006038,-,-,-,-
105023,107384832,ENSNFUG00015006050,-,-,-,-
105023,107384833,ENSNFUG00015006057,-,-,-,-
105023,107384834,ENSNFUG00015006067,-,-,-,-
105023,107384835,ENSNFUG00015006075,-,-,-,-
105023,107384837,ENSNFUG00015004642,-,-,-,-
105023,107384838,ENSNFUG00015006082,-,-,-,-
105023,107384840,ENSNFUG00015006099,-,-,XP_015813799.1,ENSNFUP00015012429.1
105023,107384843,ENSNFUG00015006254,-,-,XP_015813804.1,ENSNFUP00015013520.1
105023,107384847,ENSNFUG00015006669,-,-,-,-
105023,107384851,ENSNFUG00015007469,-,-,-,-
105023,107384853,ENSNFUG00015007435,-,-,-,-
105023,107384855,ENSNFUG00015007439,-,-,XP_015813819.1,ENSNFUP00015015407.1
105023,107384856,ENSNFUG00015007526,-,-,-,-
105023,107384857,ENSNFUG00015007544,-,-,XP_015813823.1,ENSNFUP00015015759.1
105023,107384860,ENSNFUG00015007623,-,-,XP_015813826.1,ENSNFUP00015016245.1
105023,107384862,ENSNFUG00015004666,-,-,XP_015813832.1,ENSNFUP00015009605.1
105023,107384865,ENSNFUG00015008056,-,-,-,-
105023,107384866,ENSNFUG00015007849,-,-,-,-
105023,107384869,ENSNFUG00015010008,-,-,XP_015813839.1,ENSNFUP00015020649.1
105023,107384870,ENSNFUG00015010036,-,-,-,-
105023,107384871,ENSNFUG00015004670,-,-,-,-
105023,107384872,ENSNFUG00015010061,-,-,XP_015813841.1,ENSNFUP00015020752.1
105023,107384873,ENSNFUG00015010162,-,-,-,-
105023,107384874,ENSNFUG00015010920,-,-,-,-
105023,107384874,ENSNFUG00015010920,-,-,XP_015813843.1,ENSNFUP00015026044.1
105023,107384874,ENSNFUG00015010920,-,-,XP_015813845.1,ENSNFUP00015026057.1
105023,107384875,ENSNFUG00015012929,-,-,-,-
105023,107384877,ENSNFUG00015013018,-,-,-,-
105023,107384878,ENSNFUG00015004679,-,-,-,-
105023,107384879,ENSNFUG00015013047,-,-,XP_015813853.1,ENSNFUP00015027124.1
105023,107384879,ENSNFUG00015013047,-,-,XP_015813854.1,ENSNFUP00015027127.1
105023,107384879,ENSNFUG00015013047,-,-,XP_015813855.1,ENSNFUP00015027133.1
105023,107384879,ENSNFUG00015013047,-,-,XP_015813856.1,ENSNFUP00015027137.1
105023,107384882,ENSNFUG00015013415,-,-,-,-
105023,107384883,ENSNFUG00015020041,-,-,XP_015813871.1,ENSNFUP00015042087.1
105023,107384883,ENSNFUG00015020041,-,-,XP_015813872.1,ENSNFUP00015041962.1
105023,107384884,ENSNFUG00015013184,-,-,-,-
105023,107384885,ENSNFUG00015020541,-,-,XP_015813884.1,ENSNFUP00015044835.1
105023,107384887,ENSNFUG00015021386,-,-,XP_015813886.1,ENSNFUP00015045007.1
105023,107384888,ENSNFUG00015021392,-,-,-,-
105023,107384889,ENSNFUG00015021394,-,-,-,-
105023,107384892,ENSNFUG00015022811,-,-,XP_015813890.1,ENSNFUP00015048423.1
105023,107384894,ENSNFUG00015022813,-,-,XP_015813891.1,ENSNFUP00015048432.1
105023,107384896,ENSNFUG00015022829,-,-,-,-
105023,107384899,ENSNFUG00015022931,-,-,-,-
105023,107384900,ENSNFUG00015023476,-,-,-,-
105023,107384901,ENSNFUG00015023540,-,-,XP_015813902.1,ENSNFUP00015050093.1
105023,107384903,ENSNFUG00015023565,-,-,XP_015813903.1,ENSNFUP00015050125.1
105023,107384905,ENSNFUG00015023580,-,-,XP_015813906.1,ENSNFUP00015050156.1
105023,107384906,ENSNFUG00015023585,-,-,-,-
105023,107384907,ENSNFUG00015023598,-,-,-,-
105023,107384908,ENSNFUG00015023634,-,-,-,-
105023,107384911,ENSNFUG00015023642,-,-,XP_015813914.1,ENSNFUP00015050322.1
105023,107384912,ENSNFUG00015004698,-,-,XP_015813915.1,ENSNFUP00015009643.1
105023,107384913,ENSNFUG00015004709,-,-,XP_015813916.1,ENSNFUP00015009656.1
105023,107384918,ENSNFUG00015004692,-,-,-,-
105023,107384919,ENSNFUG00015004752,-,-,XP_015813919.1,ENSNFUP00015009727.1
105023,107384920,ENSNFUG00015004795,-,-,XP_015813920.1,ENSNFUP00015010008.1
105023,107384921,ENSNFUG00015004964,-,-,XP_015813921.1,ENSNFUP00015010077.1
105023,107384922,ENSNFUG00015004969,-,-,XP_015813924.1,ENSNFUP00015010090.1
105023,107384924,ENSNFUG00015005001,-,-,XP_015813926.1,ENSNFUP00015010217.1
105023,107384928,ENSNFUG00015005055,-,-,XP_015813934.1,ENSNFUP00015010269.1
105023,107384929,ENSNFUG00015005134,-,-,XP_015813935.1,ENSNFUP00015010409.1
105023,107384931,ENSNFUG00015005137,-,-,-,-
105023,107384932,ENSNFUG00015005142,-,-,XP_015813939.1,ENSNFUP00015010419.1
105023,107384933,ENSNFUG00015004737,-,-,-,-
105023,107384934,ENSNFUG00015005158,-,-,XP_015813941.1,ENSNFUP00015010588.1
105023,107384937,ENSNFUG00015005469,-,-,XP_015813946.1,ENSNFUP00015016326.1
105023,107384937,ENSNFUG00015005469,-,-,XP_015813947.1,ENSNFUP00015016202.1
105023,107384937,ENSNFUG00015005469,-,-,XP_015813948.1,ENSNFUP00015016183.1
105023,107384938,ENSNFUG00015007869,-,-,XP_015813949.1,ENSNFUP00015016421.1
105023,107384939,ENSNFUG00015007885,-,-,XP_015813950.1,ENSNFUP00015016451.1
105023,107384940,ENSNFUG00015007896,-,-,XP_015813953.1,ENSNFUP00015016490.1
105023,107384941,ENSNFUG00015007890,-,-,XP_015813956.1,ENSNFUP00015016465.1
105023,107384943,ENSNFUG00015007913,-,-,-,-
105023,107384944,ENSNFUG00015007925,-,-,XP_015813957.1,ENSNFUP00015016528.1
105023,107384945,ENSNFUG00015007928,-,-,XP_015813959.1,ENSNFUP00015016543.1
105023,107384946,ENSNFUG00015007937,-,-,XP_015813960.1,ENSNFUP00015016566.1
105023,107384948,ENSNFUG00015007943,-,-,XP_015813963.1,ENSNFUP00015016581.1
105023,107384949,ENSNFUG00015007950,-,-,XP_015813964.1,ENSNFUP00015016593.1
105023,107384950,ENSNFUG00015007953,-,-,XP_015813965.1,ENSNFUP00015016605.1
105023,107384950,ENSNFUG00015007953,-,-,XP_015813966.1,ENSNFUP00015016601.1
105023,107384952,ENSNFUG00015007973,-,-,XP_015813968.1,ENSNFUP00015016733.1
105023,107384952,ENSNFUG00015007973,-,-,XP_015813969.1,ENSNFUP00015016710.1
105023,107384952,ENSNFUG00015007973,-,-,XP_015813970.1,ENSNFUP00015016729.1
105023,107384953,ENSNFUG00015007956,-,-,XP_015813971.1,ENSNFUP00015016612.1
105023,107384954,ENSNFUG00015007960,-,-,XP_015813972.1,ENSNFUP00015016632.1
105023,107384956,ENSNFUG00015008034,-,-,XP_015813977.1,ENSNFUP00015016865.1
105023,107384957,ENSNFUG00015008717,-,-,XP_015813978.1,ENSNFUP00015018404.1
105023,107384958,ENSNFUG00015008704,-,-,XP_015813980.1,ENSNFUP00015018286.1
105023,107384959,ENSNFUG00015008815,-,-,XP_015813981.1,ENSNFUP00015018534.1
105023,107384959,ENSNFUG00015008815,-,-,XP_015813983.1,ENSNFUP00015018541.1
105023,107384960,ENSNFUG00015004939,-,-,-,-
105023,107384961,ENSNFUG00015008858,-,-,XP_015813984.1,ENSNFUP00015019000.1
105023,107384962,ENSNFUG00015009243,-,-,XP_015813985.1,ENSNFUP00015019152.1
105023,107384963,ENSNFUG00015009293,-,-,XP_015813988.1,ENSNFUP00015020001.1
105023,107384964,ENSNFUG00015009728,-,-,XP_015813989.1,ENSNFUP00015020106.1
105023,107384965,ENSNFUG00015009753,-,-,XP_015813990.1,ENSNFUP00015020132.1
105023,107384966,ENSNFUG00015009792,-,-,XP_015813991.1,ENSNFUP00015020879.1
105023,107384967,ENSNFUG00015010250,-,-,XP_015813992.1,ENSNFUP00015022298.1
105023,107384968,ENSNFUG00015011083,-,-,XP_015813994.1,ENSNFUP00015022915.1
105023,107384969,ENSNFUG00015005090,-,-,-,-
105023,107384970,ENSNFUG00015011100,-,-,XP_015813996.1,ENSNFUP00015022953.1
105023,107384971,ENSNFUG00015011111,-,-,XP_015813997.1,ENSNFUP00015022998.1
105023,107384972,ENSNFUG00015011147,-,-,XP_015814000.1,ENSNFUP00015023038.1
105023,107384973,ENSNFUG00015011168,-,-,XP_015814002.1,ENSNFUP00015023085.1
105023,107384975,ENSNFUG00015012394,-,-,XP_015814006.1,ENSNFUP00015029009.1
105023,107384975,ENSNFUG00015014576,-,-,XP_015814005.1,ENSNFUP00015029926.1
105023,107384976,ENSNFUG00015014946,-,-,XP_015814010.1,ENSNFUP00015030982.1
105023,107384977,ENSNFUG00015014946,-,-,XP_015814011.1,ENSNFUP00015031005.1
105023,107384978,ENSNFUG00015014582,-,-,-,-
105023,107384979,ENSNFUG00015014946,-,-,XP_015814014.1,ENSNFUP00015030644.1
105023,107384980,ENSNFUG00015015161,-,-,XP_015814015.1,ENSNFUP00015031079.1
105023,107384982,ENSNFUG00015015269,-,-,XP_015814017.1,ENSNFUP00015032250.1
105023,107384984,ENSNFUG00015017037,-,-,XP_015814019.1,ENSNFUP00015035001.1
105023,107384986,ENSNFUG00015021679,-,-,-,-
105023,107384987,ENSNFUG00015004954,-,-,XP_015814026.1,ENSNFUP00015010064.1
105023,107384988,ENSNFUG00015021686,-,-,-,-
105023,107384991,ENSNFUG00015009235,-,-,XP_015814031.1,ENSNFUP00015019137.1
105023,107384992,ENSNFUG00015009251,-,-,-,-
105023,107384993,ENSNFUG00015009278,-,-,-,-
105023,107384995,ENSNFUG00015009398,-,-,-,-
105023,107384997,ENSNFUG00015009446,-,-,-,-
105023,107384999,ENSNFUG00015009513,-,-,-,-
105023,107384999,ENSNFUG00015009513,-,-,XP_015814044.1,ENSNFUP00015020409.1
105023,107385000,ENSNFUG00015005798,-,-,XP_015814053.1,ENSNFUP00015011754.1
105023,107385001,ENSNFUG00015010063,-,-,-,-
105023,107385003,ENSNFUG00015010192,-,-,-,-
105023,107385004,ENSNFUG00015010528,-,-,-,-
105023,107385007,ENSNFUG00015010620,-,-,-,-
105023,107385008,ENSNFUG00015010699,-,-,-,-
105023,107385009,ENSNFUG00015010699,-,-,-,-
105023,107385012,ENSNFUG00015011338,-,-,XP_015814059.1,ENSNFUP00015023531.1
105023,107385013,ENSNFUG00015011435,-,-,-,-
105023,107385014,ENSNFUG00015005813,-,-,XP_015814064.1,ENSNFUP00015011790.1
105023,107385018,ENSNFUG00015011493,-,-,XP_015814069.1,ENSNFUP00015023747.1
105023,107385019,ENSNFUG00015011501,-,-,-,-
105023,107385020,ENSNFUG00015011533,-,-,XP_015814071.1,ENSNFUP00015024241.1
105023,107385020,ENSNFUG00015011533,-,-,XP_015814072.1,ENSNFUP00015024256.1
105023,107385021,ENSNFUG00015005828,-,-,XP_015814077.1,ENSNFUP00015011801.1
105023,107385022,ENSNFUG00015011802,-,-,XP_015814074.1,ENSNFUP00015024420.1
105023,107385023,ENSNFUG00015011779,-,-,XP_015814075.1,ENSNFUP00015024372.1
105023,107385024,ENSNFUG00015011848,-,-,XP_015814076.1,ENSNFUP00015024748.1
105023,107385025,ENSNFUG00015012022,-,-,-,-
105023,107385029,ENSNFUG00015012105,-,-,-,-
105023,107385030,ENSNFUG00015005987,-,-,-,-
105023,107385034,ENSNFUG00015012634,-,-,XP_015814102.1,ENSNFUP00015026077.1
105023,107385034,ENSNFUG00015012634,-,-,XP_015814103.1,ENSNFUP00015026087.1
105023,107385035,ENSNFUG00015012645,-,-,-,-
105023,107385037,ENSNFUG00015012667,-,-,-,-
105023,107385038,ENSNFUG00015012700,-,-,-,-
105023,107385039,ENSNFUG00015012808,-,-,XP_015814112.1,ENSNFUP00015026508.1
105023,107385039,ENSNFUG00015012808,-,-,XP_015814115.1,ENSNFUP00015026528.1
105023,107385039,ENSNFUG00015012808,-,-,XP_015814116.1,ENSNFUP00015026519.1
105023,107385039,ENSNFUG00015012808,-,-,XP_015814118.1,ENSNFUP00015026538.1
105023,107385039,ENSNFUG00015012808,-,-,XP_015814120.1,ENSNFUP00015026533.1
105023,107385042,ENSNFUG00015012879,-,-,XP_015814124.1,ENSNFUP00015026602.1
105023,107385043,ENSNFUG00015012889,-,-,XP_015814125.1,ENSNFUP00015026614.1
105023,107385044,ENSNFUG00015012896,-,-,XP_015814127.1,ENSNFUP00015026637.1
105023,107385045,ENSNFUG00015012907,-,-,XP_015814128.1,ENSNFUP00015026645.1
105023,107385046,ENSNFUG00015012914,-,-,-,-
105023,107385047,ENSNFUG00015012922,-,-,XP_015814130.1,ENSNFUP00015026661.1
105023,107385048,ENSNFUG00015012930,-,-,-,-
105023,107385049,ENSNFUG00015013481,-,-,-,-
105023,107385051,ENSNFUG00015013496,-,-,XP_015814139.1,ENSNFUP00015027955.1
105023,107385053,ENSNFUG00015012950,-,-,XP_015814141.1,ENSNFUP00015026722.1
105023,107385057,ENSNFUG00015013598,-,-,XP_015814143.1,ENSNFUP00015028209.1
105023,107385058,ENSNFUG00015013711,-,-,XP_015814144.1,ENSNFUP00015029291.1
105023,107385058,ENSNFUG00015013711,-,-,XP_015814145.1,ENSNFUP00015029407.1
105023,107385059,ENSNFUG00015014394,-,-,XP_015814146.1,ENSNFUP00015029584.1
105023,107385060,ENSNFUG00015014414,-,-,XP_015814147.1,ENSNFUP00015029623.1
105023,107385061,ENSNFUG00015014446,-,-,-,-
105023,107385068,ENSNFUG00015014709,-,-,-,-
105023,107385069,ENSNFUG00015014683,-,-,XP_015814160.1,ENSNFUP00015030147.1
105023,107385071,ENSNFUG00015008112,-,-,XP_015814175.1,ENSNFUP00015016962.1
105023,107385071,ENSNFUG00015008112,-,-,XP_015814184.1,ENSNFUP00015016967.1
105023,107385071,ENSNFUG00015008112,-,-,XP_015814193.1,ENSNFUP00015016961.1
105023,107385072,ENSNFUG00015014725,-,-,-,-
105023,107385073,ENSNFUG00015014821,-,-,-,-
105023,107385075,ENSNFUG00015017966,-,-,-,-
105023,107385076,ENSNFUG00015017109,-,-,-,-
105023,107385080,ENSNFUG00015006764,-,-,-,-
105023,107385085,ENSNFUG00015006798,-,-,-,-
105023,107385087,ENSNFUG00015006818,-,-,XP_015814196.1,ENSNFUP00015013963.1
105023,107385088,ENSNFUG00015006827,-,-,-,-
105023,107385089,ENSNFUG00015006852,-,-,-,-
105023,107385090,ENSNFUG00015006835,-,-,-,-
105023,107385091,ENSNFUG00015006858,-,-,XP_015814206.1,ENSNFUP00015014182.1
105023,107385092,ENSNFUG00015006915,-,-,-,-
105023,107385094,ENSNFUG00015006928,-,-,XP_015814209.1,ENSNFUP00015014246.1
105023,107385096,ENSNFUG00015006932,-,-,-,-
105023,107385098,ENSNFUG00015006939,-,-,XP_015814213.1,ENSNFUP00015014280.1
105023,107385103,ENSNFUG00015007014,-,-,-,-
105023,107385104,ENSNFUG00015006998,-,-,XP_015814220.1,ENSNFUP00015014412.1
105023,107385105,ENSNFUG00015007045,-,-,-,-
105023,107385106,ENSNFUG00015007106,-,-,-,-
105023,107385107,ENSNFUG00015007118,-,-,-,-
105023,107385108,ENSNFUG00015008552,-,-,-,-
105023,107385109,ENSNFUG00015007426,-,-,-,-
105023,107385111,ENSNFUG00015007329,-,-,-,-
105023,107385130,ENSNFUG00015020178,-,-,XP_015814291.1,ENSNFUP00015042556.1
105023,107385131,ENSNFUG00015019765,-,-,-,-
105023,107385132,ENSNFUG00015020383,-,-,XP_015814294.1,ENSNFUP00015042567.1
105023,107385135,ENSNFUG00015020385,-,-,XP_015814296.1,ENSNFUP00015042572.1
105023,107385136,ENSNFUG00015020386,-,-,XP_015814297.1,ENSNFUP00015042575.1
105023,107385138,ENSNFUG00015020411,-,-,XP_015814300.1,ENSNFUP00015043682.1
105023,107385142,ENSNFUG00015020934,-,-,XP_015814305.1,ENSNFUP00015043940.1
105023,107385143,ENSNFUG00015020966,-,-,XP_015814307.1,ENSNFUP00015045639.1
105023,107385144,ENSNFUG00015021744,-,-,-,-
105023,107385145,ENSNFUG00015020946,-,-,-,-
105023,107385149,ENSNFUG00015021754,-,-,-,-
105023,107385150,ENSNFUG00015021758,-,-,XP_015814320.1,ENSNFUP00015045818.1
105023,107385151,ENSNFUG00015021770,-,-,XP_015814321.1,ENSNFUP00015045825.1
105023,107385153,ENSNFUG00015021774,-,-,XP_015814322.1,ENSNFUP00015045828.1
105023,107385154,ENSNFUG00015021779,-,-,-,-
105023,107385157,ENSNFUG00015021787,-,-,-,-
105023,107385158,ENSNFUG00015021798,-,-,-,-
105023,107385162,ENSNFUG00015022069,-,-,XP_015814340.1,ENSNFUP00015046557.1
105023,107385164,ENSNFUG00015008144,-,-,-,-
105023,107385165,ENSNFUG00015022062,-,-,-,-
105023,107385168,ENSNFUG00015022130,-,-,-,-
105023,107385169,ENSNFUG00015022200,-,-,XP_015814352.1,ENSNFUP00015046940.1
105023,107385170,ENSNFUG00015022200,-,-,XP_015814353.1,ENSNFUP00015046996.1
105023,107385171,ENSNFUG00015022226,-,-,XP_015814355.1,ENSNFUP00015046999.1
105023,107385172,ENSNFUG00015022397,-,-,XP_015814361.1,ENSNFUP00015052492.1
105023,107385172,ENSNFUG00015022397,-,-,XP_015814368.1,ENSNFUP00015052501.1
105023,107385173,ENSNFUG00015008138,-,-,XP_015814369.1,ENSNFUP00015017032.1
105023,107385174,ENSNFUG00015024541,-,-,-,-
105023,107385177,ENSNFUG00015024861,-,-,XP_015814374.1,ENSNFUP00015053475.1
105023,107385178,ENSNFUG00015024900,-,-,XP_015814375.1,ENSNFUP00015053865.1
105023,107385179,ENSNFUG00015008151,-,-,XP_015814380.1,ENSNFUP00015017102.1
105023,107385179,ENSNFUG00015008151,-,-,XP_015814397.1,ENSNFUP00015017108.1
105023,107385180,ENSNFUG00015025092,-,-,-,-
105023,107385181,ENSNFUG00015004728,-,-,XP_015814382.1,ENSNFUP00015009741.1
105023,107385182,ENSNFUG00015004774,-,-,-,-
105023,107385183,ENSNFUG00015004815,-,-,XP_015814384.1,ENSNFUP00015009948.1
105023,107385185,ENSNFUG00015006954,-,-,XP_015814387.1,ENSNFUP00015014295.1
105023,107385186,ENSNFUG00015006961,-,-,-,-
105023,107385187,ENSNFUG00015006964,-,-,XP_015814390.1,ENSNFUP00015014318.1
105023,107385188,ENSNFUG00015006975,-,-,-,-
105023,107385194,ENSNFUG00015007063,-,-,XP_015814403.1,ENSNFUP00015014584.1
105023,107385195,ENSNFUG00015007208,-,-,XP_015814404.1,ENSNFUP00015018250.1
105023,107385196,ENSNFUG00015009065,-,-,XP_015814405.1,ENSNFUP00015019042.1
105023,107385198,ENSNFUG00015009182,-,-,-,-
105023,107385200,ENSNFUG00015010867,-,-,-,-
105023,107385201,ENSNFUG00015010895,-,-,XP_015814411.1,ENSNFUP00015022615.1
105023,107385202,ENSNFUG00015010959,-,-,-,-
105023,107385204,ENSNFUG00015011408,-,-,XP_015814420.1,ENSNFUP00015036316.1
105023,107385204,ENSNFUG00015011408,-,-,XP_015814421.1,ENSNFUP00015036333.1
105023,107385204,ENSNFUG00015011408,-,-,XP_015814422.1,ENSNFUP00015037064.1
105023,107385205,ENSNFUG00015017944,-,-,XP_015814423.1,ENSNFUP00015037085.1
105023,107385206,ENSNFUG00015017956,-,-,XP_015814426.1,ENSNFUP00015037142.1
105023,107385207,ENSNFUG00015017984,-,-,XP_015814428.1,ENSNFUP00015037178.1
105023,107385211,ENSNFUG00015018005,-,-,-,-
105023,107385212,ENSNFUG00015018009,-,-,-,-
105023,107385213,ENSNFUG00015018017,-,-,XP_015814438.1,ENSNFUP00015037274.1
105023,107385215,ENSNFUG00015018080,-,-,XP_015814443.1,ENSNFUP00015037501.1
105023,107385216,ENSNFUG00015008238,-,-,-,-
105023,107385217,ENSNFUG00015018134,-,-,XP_015814448.1,ENSNFUP00015037592.1
105023,107385218,ENSNFUG00015018054,-,-,XP_015814452.1,ENSNFUP00015037337.1
105023,107385219,ENSNFUG00015018071,-,-,XP_015814453.1,ENSNFUP00015037350.1
105023,107385222,ENSNFUG00015008242,-,-,-,-
105023,107385224,ENSNFUG00015018209,-,-,XP_015814461.1,ENSNFUP00015037939.1
105023,107385225,ENSNFUG00015018374,-,-,XP_015814462.1,ENSNFUP00015038049.1
105023,107385227,ENSNFUG00015018757,-,-,-,-
105023,107385228,ENSNFUG00015018760,-,-,XP_015814465.1,ENSNFUP00015038903.1
105023,107385229,ENSNFUG00015018761,-,-,XP_015814466.1,ENSNFUP00015038911.1
105023,107385230,ENSNFUG00015018771,-,-,-,-
105023,107385231,ENSNFUG00015018808,-,-,XP_015814469.1,ENSNFUP00015038994.1
105023,107385232,ENSNFUG00015018764,-,-,XP_015814472.1,ENSNFUP00015038916.1
105023,107385233,ENSNFUG00015018814,-,-,-,-
105023,107385234,ENSNFUG00015018825,-,-,XP_015814475.1,ENSNFUP00015039028.1
105023,107385236,ENSNFUG00015018839,-,-,-,-
105023,107385237,ENSNFUG00015018831,-,-,-,-
105023,107385238,ENSNFUG00015018831,-,-,XP_015814480.1,ENSNFUP00015039044.1
105023,107385239,ENSNFUG00015018842,-,-,XP_015814481.1,ENSNFUP00015039069.1
105023,107385240,ENSNFUG00015018843,-,-,-,-
105023,107385241,ENSNFUG00015018846,-,-,-,-
105023,107385242,ENSNFUG00015018847,-,-,XP_015814487.1,ENSNFUP00015039086.1
105023,107385244,ENSNFUG00015018886,-,-,XP_015814491.1,ENSNFUP00015039174.1
105023,107385245,ENSNFUG00015018894,-,-,-,-
105023,107385246,ENSNFUG00015018901,-,-,-,-
105023,107385251,ENSNFUG00015018921,-,-,-,-
105023,107385252,ENSNFUG00015018942,-,-,-,-
105023,107385253,ENSNFUG00015018935,-,-,-,-
105023,107385254,ENSNFUG00015018958,-,-,XP_015814502.1,ENSNFUP00015039325.1
105023,107385257,ENSNFUG00015018977,-,-,-,-
105023,107385261,ENSNFUG00015018981,-,-,-,-
105023,107385263,ENSNFUG00015018983,-,-,-,-
105023,107385264,ENSNFUG00015018988,-,-,-,-
105023,107385266,ENSNFUG00015019064,-,-,-,-
105023,107385267,ENSNFUG00015020785,-,-,-,-
105023,107385268,ENSNFUG00015020788,-,-,XP_015814526.1,ENSNFUP00015043509.1
105023,107385270,ENSNFUG00015020794,-,-,-,-
105023,107385272,ENSNFUG00015020808,-,-,XP_015814533.1,ENSNFUP00015043563.1
105023,107385274,ENSNFUG00015020810,-,-,XP_015814535.1,ENSNFUP00015043567.1
105023,107385275,ENSNFUG00015021014,-,-,-,-
105023,107385276,ENSNFUG00015020830,-,-,XP_015814540.1,ENSNFUP00015043831.1
105023,107385276,ENSNFUG00015020830,-,-,XP_015814541.1,ENSNFUP00015043930.1
105023,107385277,ENSNFUG00015020948,-,-,-,-
105023,107385277,ENSNFUG00015020948,-,-,XP_015814543.1,ENSNFUP00015044068.1
105023,107385278,ENSNFUG00015020939,-,-,-,-
105023,107385280,ENSNFUG00015021193,-,-,-,-
105023,107385281,ENSNFUG00015021187,-,-,XP_015814551.1,ENSNFUP00015044520.1
105023,107385282,ENSNFUG00015021189,-,-,XP_015814552.1,ENSNFUP00015044525.1
105023,107385283,ENSNFUG00015004713,-,-,-,-
105023,107385284,ENSNFUG00015015765,-,-,XP_015814559.1,ENSNFUP00015032206.1
105023,107385285,ENSNFUG00015004790,-,-,-,-
105023,107385286,ENSNFUG00015004756,-,-,XP_015814558.1,ENSNFUP00015009732.1
105023,107385287,ENSNFUG00015004916,-,-,-,-
105023,107385288,ENSNFUG00015005012,-,-,-,-
105023,107385289,ENSNFUG00015004941,-,-,XP_015814566.1,ENSNFUP00015010044.1
105023,107385291,ENSNFUG00015005140,-,-,-,-
105023,107385292,ENSNFUG00015005507,-,-,XP_015814570.1,ENSNFUP00015013629.1
105023,107385293,ENSNFUG00015006830,-,-,-,-
105023,107385294,ENSNFUG00015007060,-,-,-,-
105023,107385296,ENSNFUG00015007127,-,-,XP_015814585.1,ENSNFUP00015014680.1
105023,107385297,ENSNFUG00015015809,-,-,-,-
105023,107385298,ENSNFUG00015007134,-,-,-,-
105023,107385299,ENSNFUG00015007146,-,-,-,-
105023,107385300,ENSNFUG00015007168,-,-,XP_015814588.1,ENSNFUP00015014785.1
105023,107385301,ENSNFUG00015007174,-,-,XP_015814590.1,ENSNFUP00015014826.1
105023,107385302,ENSNFUG00015007200,-,-,XP_015814591.1,ENSNFUP00015014843.1
105023,107385304,ENSNFUG00015007214,-,-,XP_015814593.1,ENSNFUP00015014873.1
105023,107385307,ENSNFUG00015007475,-,-,XP_015814595.1,ENSNFUP00015015608.1
105023,107385308,ENSNFUG00015016243,-,-,-,-
105023,107385310,ENSNFUG00015007752,-,-,-,-
105023,107385311,ENSNFUG00015008689,-,-,-,-
105023,107385313,ENSNFUG00015016109,-,-,-,-
105023,107385314,ENSNFUG00015016127,-,-,-,-
105023,107385315,ENSNFUG00015016255,-,-,XP_015814605.1,ENSNFUP00015033196.1
105023,107385316,ENSNFUG00015016205,-,-,-,-
105023,107385322,ENSNFUG00015016352,-,-,-,-
105023,107385323,ENSNFUG00015016293,-,-,-,-
105023,107385324,ENSNFUG00015016366,-,-,-,-
105023,107385325,ENSNFUG00015016370,-,-,-,-
105023,107385327,ENSNFUG00015016386,-,-,-,-
105023,107385328,ENSNFUG00015016451,-,-,-,-
105023,107385329,ENSNFUG00015017953,-,-,XP_015814625.1,ENSNFUP00015037116.1
105023,107385330,ENSNFUG00015018073,-,-,-,-
105023,107385331,ENSNFUG00015016358,-,-,-,-
105023,107385332,ENSNFUG00015017974,-,-,XP_015814628.1,ENSNFUP00015037131.1
105023,107385333,ENSNFUG00015020603,-,-,-,-
105023,107385334,ENSNFUG00015020623,-,-,-,-
105023,107385336,ENSNFUG00015020631,-,-,-,-
105023,107385337,ENSNFUG00015020646,-,-,-,-
105023,107385341,ENSNFUG00015021455,-,-,XP_015814650.1,ENSNFUP00015045133.1
105023,107385342,ENSNFUG00015021511,-,-,XP_015814651.1,ENSNFUP00015047544.1
105023,107385344,ENSNFUG00015016382,-,-,XP_015814656.1,ENSNFUP00015033475.1
105023,107385345,ENSNFUG00015022530,-,-,-,-
105023,107385346,ENSNFUG00015022534,-,-,XP_015814655.1,ENSNFUP00015047726.1
105023,107385347,ENSNFUG00015022546,-,-,-,-
105023,107385350,ENSNFUG00015022784,-,-,XP_015814663.1,ENSNFUP00015048374.1
105023,107385351,ENSNFUG00015022592,-,-,XP_015814664.1,ENSNFUP00015048319.1
105023,107385351,ENSNFUG00015022592,-,-,XP_015814666.1,ENSNFUP00015048327.1
105023,107385351,ENSNFUG00015022592,-,-,XP_015814667.1,ENSNFUP00015048359.1
105023,107385352,ENSNFUG00015022559,-,-,XP_015814668.1,ENSNFUP00015047781.1
105023,107385353,ENSNFUG00015022807,-,-,-,-
105023,107385354,ENSNFUG00015022877,-,-,XP_015814671.1,ENSNFUP00015048574.1
105023,107385355,ENSNFUG00015022881,-,-,-,-
105023,107385356,ENSNFUG00015022888,-,-,XP_015814673.1,ENSNFUP00015048588.1
105023,107385358,ENSNFUG00015022898,-,-,XP_015814677.1,ENSNFUP00015048604.1
105023,107385360,ENSNFUG00015022919,-,-,-,-
105023,107385361,ENSNFUG00015022923,-,-,XP_015814681.1,ENSNFUP00015048656.1
105023,107385364,ENSNFUG00015022943,-,-,-,-
105023,107385365,ENSNFUG00015023136,-,-,-,-
105023,107385366,ENSNFUG00015023145,-,-,-,-
105023,107385368,ENSNFUG00015023157,-,-,-,-
105023,107385369,ENSNFUG00015023213,-,-,-,-
105023,107385370,ENSNFUG00015017327,-,-,XP_015814696.1,ENSNFUP00015035704.1
105023,107385371,ENSNFUG00015023220,-,-,-,-
105023,107385372,ENSNFUG00015023226,-,-,XP_015814694.1,ENSNFUP00015049335.1
105023,107385373,ENSNFUG00015023246,-,-,-,-
105023,107385374,ENSNFUG00015004738,-,-,-,-
105023,107385376,ENSNFUG00015005831,-,-,-,-
105023,107385377,ENSNFUG00015005493,-,-,-,-
105023,107385378,ENSNFUG00015010000,-,-,-,-
105023,107385379,ENSNFUG00015011154,-,-,XP_015814701.1,ENSNFUP00015024221.1
105023,107385380,ENSNFUG00015005070,-,-,XP_015814703.1,ENSNFUP00015011080.1
105023,107385380,ENSNFUG00015005070,-,-,XP_015814704.1,ENSNFUP00015011126.1
105023,107385381,ENSNFUG00015017419,-,-,XP_015814707.1,ENSNFUP00015038736.1
105023,107385383,ENSNFUG00015004943,-,-,-,-
105023,107385384,ENSNFUG00015009940,-,-,-,-
105023,107385385,ENSNFUG00015004915,-,-,-,-
105023,107385386,ENSNFUG00015011034,-,-,XP_015814711.1,ENSNFUP00015022848.1
105023,107385387,ENSNFUG00015011022,-,-,XP_015814712.1,ENSNFUP00015022812.1
105023,107385388,ENSNFUG00015005510,-,-,-,-
105023,107385389,ENSNFUG00015009921,-,-,XP_015814714.1,ENSNFUP00015020449.1
105023,107385390,ENSNFUG00015018874,-,-,-,-
105023,107385394,ENSNFUG00015013578,-,-,XP_015814716.1,ENSNFUP00015028129.1
105023,107385395,ENSNFUG00015013638,-,-,XP_015814718.1,ENSNFUP00015028295.1
105023,107385397,ENSNFUG00015013721,-,-,-,-
105023,107385399,ENSNFUG00015013719,-,-,XP_015814724.1,ENSNFUP00015028347.1
105023,107385400,ENSNFUG00015013788,-,-,-,-
105023,107385401,ENSNFUG00015014978,-,-,XP_015814727.1,ENSNFUP00015030690.1
105023,107385402,ENSNFUG00015014990,-,-,-,-
105023,107385403,ENSNFUG00015015029,-,-,-,-
105023,107385404,ENSNFUG00015015352,-,-,XP_015814730.1,ENSNFUP00015038997.1
105023,107385404,ENSNFUG00015015352,-,-,XP_015814731.1,ENSNFUP00015039004.1
105023,107385405,ENSNFUG00015018938,-,-,XP_015814732.1,ENSNFUP00015039285.1
105023,107385409,ENSNFUG00015019091,-,-,XP_015814738.1,ENSNFUP00015039615.1
105023,107385410,ENSNFUG00015019128,-,-,XP_015814740.1,ENSNFUP00015040348.1
105023,107385412,ENSNFUG00015019930,-,-,-,-
105023,107385414,ENSNFUG00015019939,-,-,XP_015814745.1,ENSNFUP00015041583.1
105023,107385415,ENSNFUG00015019998,-,-,-,-
105023,107385416,ENSNFUG00015020668,-,-,-,-
105023,107385418,ENSNFUG00015020677,-,-,XP_015814750.1,ENSNFUP00015043195.1
105023,107385419,ENSNFUG00015020681,-,-,XP_015814751.1,ENSNFUP00015043221.1
105023,107385421,ENSNFUG00015020696,-,-,-,-
105023,107385422,ENSNFUG00015021019,-,-,-,-
105023,107385423,ENSNFUG00015021065,-,-,-,-
105023,107385426,ENSNFUG00015021826,-,-,XP_015814766.1,ENSNFUP00015045975.1
105023,107385426,ENSNFUG00015021830,-,-,-,-
105023,107385435,ENSNFUG00015022912,-,-,-,-
105023,107385436,ENSNFUG00015023204,-,-,XP_015814782.1,ENSNFUP00015049288.1
105023,107385437,ENSNFUG00015023197,-,-,XP_015814783.1,ENSNFUP00015049270.1
105023,107385438,ENSNFUG00015023223,-,-,XP_015814784.1,ENSNFUP00015049358.1
105023,107385439,ENSNFUG00015023260,-,-,XP_015814785.1,ENSNFUP00015049410.1
105023,107385445,ENSNFUG00015023900,-,-,-,-
105023,107385447,ENSNFUG00015023918,-,-,XP_015814802.1,ENSNFUP00015050996.1
105023,107385448,ENSNFUG00015023941,-,-,XP_015814804.1,ENSNFUP00015051041.1
105023,107385451,ENSNFUG00015023964,-,-,XP_015814806.1,ENSNFUP00015051074.1
105023,107385452,ENSNFUG00015023968,-,-,XP_015814808.1,ENSNFUP00015051078.1
105023,107385453,ENSNFUG00015023973,-,-,XP_015814809.1,ENSNFUP00015051097.1
105023,107385454,ENSNFUG00015018887,-,-,XP_015814813.1,ENSNFUP00015039173.1
105023,107385455,ENSNFUG00015023979,-,-,-,-
105023,107385456,ENSNFUG00015023981,-,-,XP_015814811.1,ENSNFUP00015051111.1
105023,107385457,ENSNFUG00015023987,-,-,-,-
105023,107385459,ENSNFUG00015024131,-,-,XP_015814821.1,ENSNFUP00015051564.1
105023,107385459,ENSNFUG00015024131,-,-,XP_015814822.1,ENSNFUP00015051561.1
105023,107385460,ENSNFUG00015000361,-,-,-,-
105023,107385461,ENSNFUG00015024182,-,-,XP_015814824.1,ENSNFUP00015052208.1
105023,107385462,ENSNFUG00015024410,-,-,XP_015814825.1,ENSNFUP00015052310.1
105023,107385463,ENSNFUG00015024418,-,-,-,-
105023,107385464,ENSNFUG00015007917,-,-,-,-
105023,107385465,ENSNFUG00015000870,-,-,XP_015814842.1,ENSNFUP00015001519.1
105023,107385468,ENSNFUG00015008012,-,-,-,-
105023,107385469,ENSNFUG00015001116,-,-,XP_015814853.1,ENSNFUP00015004692.1
105023,107385469,ENSNFUG00015001116,-,-,XP_015814861.1,ENSNFUP00015004708.1
105023,107385471,ENSNFUG00015008230,-,-,XP_015814852.1,ENSNFUP00015017266.1
105023,107385475,ENSNFUG00015008255,-,-,XP_015814858.1,ENSNFUP00015017325.1
105023,107385476,ENSNFUG00015008269,-,-,-,-
105023,107385478,ENSNFUG00015008297,-,-,XP_015814864.1,ENSNFUP00015017421.1
105023,107385479,ENSNFUG00015008284,-,-,-,-
105023,107385481,ENSNFUG00015008369,-,-,-,-
105023,107385482,ENSNFUG00015008380,-,-,XP_015814872.1,ENSNFUP00015017558.1
105023,107385483,ENSNFUG00015008405,-,-,XP_015814874.1,ENSNFUP00015017602.1
105023,107385484,ENSNFUG00015008417,-,-,XP_015814881.1,ENSNFUP00015017676.1
105023,107385485,ENSNFUG00015008381,-,-,XP_015814885.1,ENSNFUP00015017565.1
105023,107385486,ENSNFUG00015008385,-,-,XP_015814887.1,ENSNFUP00015017594.1
105023,107385490,ENSNFUG00015008459,-,-,-,-
105023,107385491,ENSNFUG00015008465,-,-,XP_015814890.1,ENSNFUP00015017710.1
105023,107385492,ENSNFUG00015008474,-,-,-,-
105023,107385493,ENSNFUG00015008526,-,-,XP_015814893.1,ENSNFUP00015017839.1
105023,107385494,ENSNFUG00015008536,-,-,-,-
105023,107385495,ENSNFUG00015002427,-,-,-,-
105023,107385496,ENSNFUG00015008570,-,-,-,-
105023,107385499,ENSNFUG00015011576,-,-,XP_015814900.1,ENSNFUP00015023955.1
105023,107385500,ENSNFUG00015011616,-,-,-,-
105023,107385502,ENSNFUG00015011838,-,-,-,-
105023,107385504,ENSNFUG00015011674,-,-,XP_015814912.1,ENSNFUP00015024148.1
105023,107385505,ENSNFUG00015011674,-,-,XP_015814913.1,ENSNFUP00015024220.1
105023,107385506,ENSNFUG00015012100,-,-,-,-
105023,107385507,ENSNFUG00015012121,-,-,XP_015814915.1,ENSNFUP00015025121.1
105023,107385508,ENSNFUG00015012159,-,-,-,-
105023,107385509,ENSNFUG00015012143,-,-,XP_015814921.1,ENSNFUP00015025146.1
105023,107385510,ENSNFUG00015012196,-,-,XP_015814922.1,ENSNFUP00015025234.1
105023,107385511,ENSNFUG00015012218,-,-,-,-
105023,107385512,ENSNFUG00015002462,-,-,XP_015814927.1,ENSNFUP00015005075.1
105023,107385513,ENSNFUG00015012254,-,-,-,-
105023,107385516,ENSNFUG00015012305,-,-,-,-
105023,107385517,ENSNFUG00015012420,-,-,-,-
105023,107385521,ENSNFUG00015002568,-,-,-,-
105023,107385522,ENSNFUG00015013530,-,-,-,-
105023,107385523,ENSNFUG00015013486,-,-,-,-
105023,107385524,ENSNFUG00015013566,-,-,-,-
105023,107385525,ENSNFUG00015013705,-,-,XP_015814944.1,ENSNFUP00015028320.1
105023,107385527,ENSNFUG00015013723,-,-,-,-
105023,107385528,ENSNFUG00015013746,-,-,-,-
105023,107385530,ENSNFUG00015015191,-,-,XP_015814958.1,ENSNFUP00015031124.1
105023,107385531,ENSNFUG00015015239,-,-,XP_015814959.1,ENSNFUP00015031347.1
105023,107385533,ENSNFUG00015015239,-,-,-,-
105023,107385534,ENSNFUG00015015409,-,-,-,-
105023,107385535,ENSNFUG00015015474,-,-,-,-
105023,107385536,ENSNFUG00015015702,-,-,XP_015814966.1,ENSNFUP00015032409.1
105023,107385537,ENSNFUG00015015906,-,-,-,-
105023,107385541,ENSNFUG00015016019,-,-,-,-
105023,107385542,ENSNFUG00015015986,-,-,XP_015814979.1,ENSNFUP00015032617.1
105023,107385544,ENSNFUG00015002585,-,-,XP_015814985.1,ENSNFUP00015005212.1
105023,107385545,ENSNFUG00015016263,-,-,-,-
105023,107385548,ENSNFUG00015016396,-,-,XP_015814988.1,ENSNFUP00015033503.1
105023,107385549,ENSNFUG00015016487,-,-,XP_015814994.1,ENSNFUP00015039093.1
105023,107385551,ENSNFUG00015019079,-,-,XP_015814995.1,ENSNFUP00015040436.1
105023,107385552,ENSNFUG00015019047,-,-,XP_015814996.1,ENSNFUP00015039543.1
105023,107385555,ENSNFUG00015019436,-,-,XP_015814999.1,ENSNFUP00015040482.1
105023,107385556,ENSNFUG00015019453,-,-,-,-
105023,107385557,ENSNFUG00015009236,-,-,XP_015815001.1,ENSNFUP00015019136.1
105023,107385558,ENSNFUG00015019437,-,-,XP_015815002.1,ENSNFUP00015040495.1
105023,107385559,ENSNFUG00015009252,-,-,XP_015815004.1,ENSNFUP00015019169.1
105023,107385560,ENSNFUG00015009381,-,-,XP_015815005.1,ENSNFUP00015021610.1
105023,107385560,ENSNFUG00015009381,-,-,XP_015815006.1,ENSNFUP00015021595.1
105023,107385561,ENSNFUG00015010673,-,-,-,-
105023,107385563,ENSNFUG00015011360,-,-,-,-
105023,107385566,ENSNFUG00015013772,-,-,-,-
105023,107385568,ENSNFUG00015002619,-,-,-,-
105023,107385569,ENSNFUG00015013782,-,-,XP_015815020.1,ENSNFUP00015028488.1
105023,107385570,ENSNFUG00015013787,-,-,-,-
105023,107385573,ENSNFUG00015015382,-,-,XP_015815028.1,ENSNFUP00015031474.1
105023,107385575,ENSNFUG00015015396,-,-,-,-
105023,107385576,ENSNFUG00015002620,-,-,-,-
105023,107385577,ENSNFUG00015015426,-,-,XP_015815032.1,ENSNFUP00015031563.1
105023,107385579,ENSNFUG00015011500,-,-,-,-
105023,107385581,ENSNFUG00015015714,-,-,XP_015815037.1,ENSNFUP00015032088.1
105023,107385582,ENSNFUG00015015748,-,-,-,-
105023,107385583,ENSNFUG00015015846,-,-,-,-
105023,107385584,ENSNFUG00015015730,-,-,XP_015815042.1,ENSNFUP00015032109.1
105023,107385586,ENSNFUG00015002653,-,-,-,-
105023,107385586,ENSNFUG00015002653,-,-,XP_015815056.1,ENSNFUP00015005403.1
105023,107385588,ENSNFUG00015015851,-,-,-,-
105023,107385589,ENSNFUG00015016044,-,-,XP_015815045.1,ENSNFUP00015040870.1
105023,107385589,ENSNFUG00015016044,-,-,XP_015815046.1,ENSNFUP00015040506.1
105023,107385590,ENSNFUG00015019908,-,-,-,-
105023,107385591,ENSNFUG00015019917,-,-,-,-
105023,107385592,ENSNFUG00015020001,-,-,-,-
105023,107385594,ENSNFUG00015020052,-,-,XP_015815058.1,ENSNFUP00015041795.1
105023,107385596,ENSNFUG00015020163,-,-,-,-
105023,107385597,ENSNFUG00015020176,-,-,-,-
105023,107385598,ENSNFUG00015002739,-,-,XP_015815069.1,ENSNFUP00015005440.1
105023,107385598,ENSNFUG00015002739,-,-,XP_015815079.1,ENSNFUP00015005448.1
105023,107385599,ENSNFUG00015020182,-,-,XP_015815067.1,ENSNFUP00015042080.1
105023,107385599,ENSNFUG00015020182,-,-,XP_015815072.1,ENSNFUP00015042085.1
105023,107385601,ENSNFUG00015020201,-,-,XP_015815074.1,ENSNFUP00015042237.1
105023,107385602,ENSNFUG00015020298,-,-,XP_015815075.1,ENSNFUP00015042365.1
105023,107385603,ENSNFUG00015020304,-,-,XP_015815080.1,ENSNFUP00015042377.1
105023,107385604,ENSNFUG00015020309,-,-,-,-
105023,107385606,ENSNFUG00015020617,-,-,-,-
105023,107385608,ENSNFUG00015020624,-,-,-,-
105023,107385609,ENSNFUG00015002856,-,-,XP_015815090.1,ENSNFUP00015006698.1
105023,107385610,ENSNFUG00015020628,-,-,XP_015815087.1,ENSNFUP00015043090.1
105023,107385611,ENSNFUG00015020633,-,-,XP_015815089.1,ENSNFUP00015043099.1
105023,107385612,ENSNFUG00015020636,-,-,-,-
105023,107385613,ENSNFUG00015020641,-,-,XP_015815093.1,ENSNFUP00015043115.1
105023,107385614,ENSNFUG00015020644,-,-,-,-
105023,107385615,ENSNFUG00015020654,-,-,XP_015815096.1,ENSNFUP00015043142.1
105023,107385616,ENSNFUG00015020663,-,-,-,-
105023,107385617,ENSNFUG00015020790,-,-,XP_015815100.1,ENSNFUP00015043523.1
105023,107385622,ENSNFUG00015020809,-,-,-,-
105023,107385624,ENSNFUG00015020816,-,-,-,-
105023,107385625,ENSNFUG00015020824,-,-,XP_015815108.1,ENSNFUP00015043604.1
105023,107385626,ENSNFUG00015020882,-,-,-,-
105023,107385627,ENSNFUG00015020832,-,-,XP_015815111.1,ENSNFUP00015043610.1
105023,107385629,ENSNFUG00015022544,-,-,-,-
105023,107385630,ENSNFUG00015022565,-,-,-,-
105023,107385631,ENSNFUG00015022551,-,-,XP_015815115.1,ENSNFUP00015047763.1
105023,107385638,ENSNFUG00015022987,-,-,XP_015815131.1,ENSNFUP00015048765.1
105023,107385639,ENSNFUG00015023114,-,-,-,-
105023,107385640,ENSNFUG00015023002,-,-,XP_015815133.1,ENSNFUP00015049010.1
105023,107385640,ENSNFUG00015023002,-,-,XP_015815134.1,ENSNFUP00015049030.1
105023,107385641,ENSNFUG00015023116,-,-,-,-
105023,107385642,ENSNFUG00015023121,-,-,XP_015815141.1,ENSNFUP00015049069.1
105023,107385642,ENSNFUG00015023121,-,-,XP_015815163.1,ENSNFUP00015049074.1
105023,107385643,ENSNFUG00015023151,-,-,-,-
105023,107385645,ENSNFUG00015023154,-,-,-,-
105023,107385646,ENSNFUG00015023166,-,-,-,-
105023,107385647,ENSNFUG00015023188,-,-,-,-
105023,107385648,ENSNFUG00015023444,-,-,-,-
105023,107385649,ENSNFUG00015023595,-,-,-,-
105023,107385650,ENSNFUG00015023605,-,-,-,-
105023,107385651,ENSNFUG00015023607,-,-,XP_015815177.1,ENSNFUP00015050218.1
105023,107385652,ENSNFUG00015003689,-,-,XP_015815181.1,ENSNFUP00015007498.1
105023,107385652,ENSNFUG00015003689,-,-,XP_015815190.1,ENSNFUP00015007514.1
105023,107385653,ENSNFUG00015023615,-,-,-,-
105023,107385654,ENSNFUG00015023641,-,-,-,-
105023,107385655,ENSNFUG00015023679,-,-,-,-
105023,107385656,ENSNFUG00015023686,-,-,XP_015815183.1,ENSNFUP00015050424.1
105023,107385658,ENSNFUG00015004721,-,-,-,-
105023,107385659,ENSNFUG00015004746,-,-,-,-
105023,107385660,ENSNFUG00015004761,-,-,-,-
105023,107385661,ENSNFUG00015004792,-,-,XP_015815192.1,ENSNFUP00015009815.1
105023,107385662,ENSNFUG00015004839,-,-,-,-
105023,107385663,ENSNFUG00015005226,-,-,-,-
105023,107385665,ENSNFUG00015007066,-,-,XP_015815198.1,ENSNFUP00015014547.1
105023,107385666,ENSNFUG00015004107,-,-,XP_015815203.1,ENSNFUP00015008385.1
105023,107385670,ENSNFUG00015007121,-,-,-,-
105023,107385671,ENSNFUG00015003758,-,-,-,-
105023,107385673,ENSNFUG00015007637,-,-,XP_015815214.1,ENSNFUP00015015890.1
105023,107385674,ENSNFUG00015008162,-,-,XP_015815219.1,ENSNFUP00015019346.1
105023,107385674,ENSNFUG00015008162,-,-,XP_015815220.1,ENSNFUP00015019507.1
105023,107385675,ENSNFUG00015007704,-,-,-,-
105023,107385676,ENSNFUG00015007655,-,-,XP_015815222.1,ENSNFUP00015015996.1
105023,107385680,ENSNFUG00015009541,-,-,XP_015815225.1,ENSNFUP00015019699.1
105023,107385683,ENSNFUG00015009585,-,-,-,-
105023,107385684,ENSNFUG00015009722,-,-,XP_015815234.1,ENSNFUP00015020085.1
105023,107385685,ENSNFUG00015009564,-,-,XP_015815235.1,ENSNFUP00015019765.1
105023,107385688,ENSNFUG00015010143,-,-,-,-
105023,107385689,ENSNFUG00015010358,-,-,XP_015815243.1,ENSNFUP00015021356.1
105023,107385690,ENSNFUG00015010384,-,-,-,-
105023,107385696,ENSNFUG00015012717,-,-,XP_015815253.1,ENSNFUP00015026322.1
105023,107385697,ENSNFUG00015011992,-,-,XP_015815255.1,ENSNFUP00015025937.1
105023,107385698,ENSNFUG00015012776,-,-,XP_015815256.1,ENSNFUP00015026332.1
105023,107385700,ENSNFUG00015012781,-,-,XP_015815257.1,ENSNFUP00015026357.1
105023,107385701,ENSNFUG00015012793,-,-,-,-
105023,107385703,ENSNFUG00015012850,-,-,-,-
105023,107385704,ENSNFUG00015004110,-,-,-,-
105023,107385705,ENSNFUG00015012984,-,-,XP_015815262.1,ENSNFUP00015029246.1
105023,107385706,ENSNFUG00015014367,-,-,XP_015815263.1,ENSNFUP00015029873.1
105023,107385707,ENSNFUG00015014567,-,-,XP_015815265.1,ENSNFUP00015029980.1
105023,107385708,ENSNFUG00015014664,-,-,XP_015815266.1,ENSNFUP00015030124.1
105023,107385709,ENSNFUG00015014618,-,-,-,-
105023,107385710,ENSNFUG00015014731,-,-,-,-
105023,107385712,ENSNFUG00015015017,-,-,-,-
105023,107385712,ENSNFUG00015015017,-,-,XP_015815271.1,ENSNFUP00015032653.1
105023,107385713,ENSNFUG00015014782,-,-,XP_015815272.1,ENSNFUP00015030486.1
105023,107385716,ENSNFUG00015016347,-,-,-,-
105023,107385717,ENSNFUG00015016247,-,-,XP_015815275.1,ENSNFUP00015033291.1
105023,107385720,ENSNFUG00015016424,-,-,XP_015815279.1,ENSNFUP00015033628.1
105023,107385721,ENSNFUG00015016466,-,-,XP_015815280.1,ENSNFUP00015033673.1
105023,107385722,ENSNFUG00015016474,-,-,-,-
105023,107385727,ENSNFUG00015016608,-,-,-,-
105023,107385728,ENSNFUG00015016564,-,-,XP_015815291.1,ENSNFUP00015033874.1
105023,107385731,ENSNFUG00015004128,-,-,XP_015815297.1,ENSNFUP00015008595.1
105023,107385731,ENSNFUG00015004128,-,-,XP_015815312.1,ENSNFUP00015008605.1
105023,107385732,ENSNFUG00015017347,-,-,-,-
105023,107385736,ENSNFUG00015019880,-,-,XP_015815300.1,ENSNFUP00015041443.1
105023,107385737,ENSNFUG00015019880,-,-,XP_015815302.1,ENSNFUP00015041563.1
105023,107385738,ENSNFUG00015019942,-,-,XP_015815304.1,ENSNFUP00015041580.1
105023,107385739,ENSNFUG00015019947,-,-,XP_015815305.1,ENSNFUP00015041621.1
105023,107385741,ENSNFUG00015019983,-,-,XP_015815309.1,ENSNFUP00015041651.1
105023,107385742,ENSNFUG00015020053,-,-,-,-
105023,107385743,ENSNFUG00015020684,-,-,-,-
105023,107385744,ENSNFUG00015020709,-,-,-,-
105023,107385745,ENSNFUG00015020726,-,-,-,-
105023,107385746,ENSNFUG00015020744,-,-,-,-
105023,107385747,ENSNFUG00015020874,-,-,-,-
105023,107385748,ENSNFUG00015021087,-,-,-,-
105023,107385749,ENSNFUG00015021082,-,-,-,-
105023,107385750,ENSNFUG00015021090,-,-,XP_015815328.1,ENSNFUP00015044314.1
105023,107385751,ENSNFUG00015004878,-,-,-,-
105023,107385753,ENSNFUG00015005569,-,-,XP_015815338.1,ENSNFUP00015011289.1
105023,107385754,ENSNFUG00015005573,-,-,-,-
105023,107385757,ENSNFUG00015005584,-,-,XP_015815340.1,ENSNFUP00015011368.1
105023,107385759,ENSNFUG00015005685,-,-,-,-
105023,107385760,ENSNFUG00015005856,-,-,XP_015815343.1,ENSNFUP00015011945.1
105023,107385761,ENSNFUG00015005967,-,-,XP_015815345.1,ENSNFUP00015012111.1
105023,107385762,ENSNFUG00015005973,-,-,XP_015815346.1,ENSNFUP00015012118.1
105023,107385763,ENSNFUG00015005974,-,-,XP_015815348.1,ENSNFUP00015012126.1
105023,107385765,ENSNFUG00015005975,-,-,-,-
105023,107385766,ENSNFUG00015005980,-,-,XP_015815350.1,ENSNFUP00015012144.1
105023,107385767,ENSNFUG00015006000,-,-,-,-
105023,107385768,ENSNFUG00015005986,-,-,-,-
105023,107385769,ENSNFUG00015005995,-,-,XP_015815355.1,ENSNFUP00015012164.1
105023,107385770,ENSNFUG00015006031,-,-,XP_015815356.1,ENSNFUP00015012876.1
105023,107385771,ENSNFUG00015006375,-,-,-,-
105023,107385773,ENSNFUG00015006488,-,-,XP_015815362.1,ENSNFUP00015013219.1
105023,107385773,ENSNFUG00015006488,-,-,XP_015815363.1,ENSNFUP00015013213.1
105023,107385774,ENSNFUG00015006508,-,-,XP_015815364.1,ENSNFUP00015013248.1
105023,107385775,ENSNFUG00015006505,-,-,XP_015815365.1,ENSNFUP00015013244.1
105023,107385777,ENSNFUG00015004219,-,-,XP_015815372.1,ENSNFUP00015008654.1
105023,107385780,ENSNFUG00015006550,-,-,-,-
105023,107385781,ENSNFUG00015006689,-,-,XP_015815371.1,ENSNFUP00015013743.1
105023,107385782,ENSNFUG00015006538,-,-,XP_015815373.1,ENSNFUP00015013305.1
105023,107385783,ENSNFUG00015006681,-,-,XP_015815374.1,ENSNFUP00015013641.1
105023,107385784,ENSNFUG00015006754,-,-,-,-
105023,107385786,ENSNFUG00015006789,-,-,-,-
105023,107385787,ENSNFUG00015006793,-,-,XP_015815379.1,ENSNFUP00015013895.1
105023,107385788,ENSNFUG00015004227,-,-,XP_015815384.1,ENSNFUP00015008678.1
105023,107385790,ENSNFUG00015006883,-,-,XP_015815383.1,ENSNFUP00015014131.1
105023,107385790,ENSNFUG00015006883,-,-,XP_015815386.1,ENSNFUP00015014266.1
105023,107385792,ENSNFUG00015006963,-,-,XP_015815387.1,ENSNFUP00015014325.1
105023,107385793,ENSNFUG00015006976,-,-,-,-
105023,107385794,ENSNFUG00015006981,-,-,XP_015815389.1,ENSNFUP00015014367.1
105023,107385796,ENSNFUG00015007017,-,-,-,-
105023,107385797,ENSNFUG00015004230,-,-,-,-
105023,107385798,ENSNFUG00015007198,-,-,-,-
105023,107385800,ENSNFUG00015013762,-,-,-,-
105023,107385801,ENSNFUG00015007213,-,-,-,-
105023,107385802,ENSNFUG00015007219,-,-,-,-
105023,107385803,ENSNFUG00015007225,-,-,XP_015815402.1,ENSNFUP00015014891.1
105023,107385804,ENSNFUG00015007246,-,-,-,-
105023,107385805,ENSNFUG00015007344,-,-,-,-
105023,107385805,ENSNFUG00015007344,-,-,XP_015815408.1,ENSNFUP00015015200.1
105023,107385809,ENSNFUG00015004249,-,-,XP_015815420.1,ENSNFUP00015008712.1
105023,107385815,ENSNFUG00015007437,-,-,-,-
105023,107385816,ENSNFUG00015007455,-,-,-,-
105023,107385817,ENSNFUG00015004253,-,-,-,-
105023,107385821,ENSNFUG00015007569,-,-,XP_015815432.1,ENSNFUP00015015934.1
105023,107385824,ENSNFUG00015008041,-,-,-,-
105023,107385825,ENSNFUG00015004256,-,-,-,-
105023,107385826,ENSNFUG00015011465,-,-,-,-
105023,107385829,ENSNFUG00015004258,-,-,-,-
105023,107385830,ENSNFUG00015019175,-,-,-,-
105023,107385831,ENSNFUG00015019155,-,-,-,-
105023,107385833,ENSNFUG00015019626,-,-,-,-
105023,107385834,ENSNFUG00015019857,-,-,-,-
105023,107385835,ENSNFUG00015010580,-,-,XP_015815460.1,ENSNFUP00015021869.1
105023,107385837,ENSNFUG00015010692,-,-,-,-
105023,107385838,ENSNFUG00015010795,-,-,-,-
105023,107385840,ENSNFUG00015013099,-,-,-,-
105023,107385841,ENSNFUG00015013119,-,-,-,-
105023,107385844,ENSNFUG00015013166,-,-,XP_015815472.1,ENSNFUP00015027151.1
105023,107385846,ENSNFUG00015013920,-,-,-,-
105023,107385847,ENSNFUG00015013172,-,-,XP_015815475.1,ENSNFUP00015027176.1
105023,107385849,ENSNFUG00015013912,-,-,XP_015815476.1,ENSNFUP00015028721.1
105023,107385850,ENSNFUG00015013984,-,-,XP_015815477.1,ENSNFUP00015028896.1
105023,107385852,ENSNFUG00015014008,-,-,-,-
105023,107385853,ENSNFUG00015014553,-,-,XP_015815481.1,ENSNFUP00015029962.1
105023,107385854,ENSNFUG00015014314,-,-,XP_015815482.1,ENSNFUP00015029774.1
105023,107385854,ENSNFUG00015014314,-,-,XP_015815484.1,ENSNFUP00015029673.1
105023,107385855,ENSNFUG00015014616,-,-,XP_015815485.1,ENSNFUP00015030106.1
105023,107385856,ENSNFUG00015014685,-,-,XP_015815486.1,ENSNFUP00015030358.1
105023,107385857,ENSNFUG00015014685,-,-,-,-
105023,107385858,ENSNFUG00015004284,-,-,-,-
105023,107385859,ENSNFUG00015014824,-,-,XP_015815488.1,ENSNFUP00015030473.1
105023,107385861,ENSNFUG00015014937,-,-,XP_015815492.1,ENSNFUP00015030694.1
105023,107385861,ENSNFUG00015014937,-,-,XP_015815494.1,ENSNFUP00015030817.1
105023,107385862,ENSNFUG00015015097,-,-,-,-
105023,107385863,ENSNFUG00015015117,-,-,-,-
105023,107385864,ENSNFUG00015015148,-,-,-,-
105023,107385865,ENSNFUG00015004308,-,-,-,-
105023,107385866,ENSNFUG00015015141,-,-,-,-
105023,107385867,ENSNFUG00015015180,-,-,-,-
105023,107385869,ENSNFUG00015015187,-,-,-,-
105023,107385870,ENSNFUG00015015254,-,-,-,-
105023,107385871,ENSNFUG00015015492,-,-,XP_015815508.1,ENSNFUP00015031676.1
105023,107385876,ENSNFUG00015015660,-,-,-,-
105023,107385877,ENSNFUG00015004366,-,-,XP_015815524.1,ENSNFUP00015008959.1
105023,107385879,ENSNFUG00015016064,-,-,XP_015815523.1,ENSNFUP00015032779.1
105023,107385883,ENSNFUG00015004375,-,-,-,-
105023,107385887,ENSNFUG00015008770,-,-,-,-
105023,107385900,ENSNFUG00015013674,-,-,XP_015815546.1,ENSNFUP00015028255.1
105023,107385915,ENSNFUG00015007070,-,-,-,-
105023,107385923,ENSNFUG00015010690,-,-,-,-
105023,107385935,ENSNFUG00015012873,-,-,XP_015815573.1,ENSNFUP00015026579.1
105023,107385940,ENSNFUG00015018011,-,-,XP_015815576.1,ENSNFUP00015037222.1
105023,107385944,ENSNFUG00015007442,-,-,-,-
105023,107385951,ENSNFUG00015020266,-,-,-,-
105023,107385961,ENSNFUG00015019390,-,-,-,-
105023,107385965,ENSNFUG00015016106,-,-,-,-
105023,107385967,ENSNFUG00015016229,-,-,-,-
105023,107385969,ENSNFUG00015016239,-,-,-,-
105023,107385970,ENSNFUG00015016244,-,-,XP_015815598.1,ENSNFUP00015033172.1
105023,107385972,ENSNFUG00015016250,-,-,-,-
105023,107385979,ENSNFUG00015016960,-,-,XP_015815609.1,ENSNFUP00015034815.1
105023,107385981,ENSNFUG00015009563,-,-,XP_015815611.1,ENSNFUP00015019771.1
105023,107385982,ENSNFUG00015009569,-,-,XP_015815612.1,ENSNFUP00015019781.1
105023,107385983,ENSNFUG00015009426,-,-,XP_015815613.1,ENSNFUP00015019731.1
105023,107385985,ENSNFUG00015009292,-,-,XP_015815617.1,ENSNFUP00015019212.1
105023,107385986,ENSNFUG00015009276,-,-,XP_015815618.1,ENSNFUP00015019187.1
105023,107385987,ENSNFUG00015008710,-,-,XP_015815619.1,ENSNFUP00015018590.1
105023,107385987,ENSNFUG00015008710,-,-,XP_015815621.1,ENSNFUP00015018612.1
105023,107385990,ENSNFUG00015008667,-,-,XP_015815622.1,ENSNFUP00015018168.1
105023,107385991,ENSNFUG00015008647,-,-,XP_015815624.1,ENSNFUP00015018132.1
105023,107385993,ENSNFUG00015008650,-,-,-,-
105023,107385995,ENSNFUG00015008642,-,-,XP_015815627.1,ENSNFUP00015018126.1
105023,107385996,ENSNFUG00015008621,-,-,XP_015815628.1,ENSNFUP00015018103.1
105023,107385997,ENSNFUG00015008470,-,-,-,-
105023,107385999,ENSNFUG00015008410,-,-,-,-
105023,107386001,ENSNFUG00015008402,-,-,XP_015815635.1,ENSNFUP00015017599.1
105023,107386002,ENSNFUG00015008391,-,-,-,-
105023,107386005,ENSNFUG00015008337,-,-,XP_015815643.1,ENSNFUP00015017495.1
105023,107386006,ENSNFUG00015008329,-,-,XP_015815644.1,ENSNFUP00015017457.1
105023,107386008,ENSNFUG00015008303,-,-,XP_015815648.1,ENSNFUP00015017411.1
105023,107386008,ENSNFUG00015008303,-,-,XP_015815649.1,ENSNFUP00015017418.1
105023,107386009,ENSNFUG00015008299,-,-,XP_015815650.1,ENSNFUP00015017402.1
105023,107386010,ENSNFUG00015004611,-,-,-,-
105023,107386011,ENSNFUG00015008279,-,-,XP_015815651.1,ENSNFUP00015017377.1
105023,107386012,ENSNFUG00015008219,-,-,XP_015815652.1,ENSNFUP00015017264.1
105023,107386013,ENSNFUG00015008200,-,-,XP_015815654.1,ENSNFUP00015017206.1
105023,107386014,ENSNFUG00015013812,-,-,-,-
105023,107386015,ENSNFUG00015008192,-,-,XP_015815656.1,ENSNFUP00015017176.1
105023,107386016,ENSNFUG00015008183,-,-,XP_015815657.1,ENSNFUP00015017152.1
105023,107386017,ENSNFUG00015007900,-,-,XP_015815658.1,ENSNFUP00015017128.1
105023,107386018,ENSNFUG00015008179,-,-,XP_015815659.1,ENSNFUP00015017138.1
105023,107386019,ENSNFUG00015007876,-,-,XP_015815661.1,ENSNFUP00015016426.1
105023,107386020,ENSNFUG00015007857,-,-,-,-
105023,107386021,ENSNFUG00015007791,-,-,XP_015815665.1,ENSNFUP00015016238.1
105023,107386023,ENSNFUG00015007785,-,-,XP_015815667.1,ENSNFUP00015016222.1
105023,107386024,ENSNFUG00015007772,-,-,XP_015815668.1,ENSNFUP00015016197.1
105023,107386025,ENSNFUG00015007753,-,-,-,-
105023,107386027,ENSNFUG00015004659,-,-,-,-
105023,107386028,ENSNFUG00015007742,-,-,XP_015815673.1,ENSNFUP00015016137.1
105023,107386031,ENSNFUG00015006571,-,-,XP_015815679.1,ENSNFUP00015013385.1
105023,107386032,ENSNFUG00015006567,-,-,XP_015815680.1,ENSNFUP00015013374.1
105023,107386035,ENSNFUG00015005272,-,-,XP_015815696.1,ENSNFUP00015010744.1
105023,107386035,ENSNFUG00015005272,-,-,XP_015815713.1,ENSNFUP00015010761.1
105023,107386036,ENSNFUG00015005933,-,-,XP_015815685.1,ENSNFUP00015012020.1
105023,107386038,ENSNFUG00015005761,-,-,XP_015815687.1,ENSNFUP00015011950.1
105023,107386040,ENSNFUG00015005747,-,-,XP_015815689.1,ENSNFUP00015011623.1
105023,107386041,ENSNFUG00015005715,-,-,XP_015815690.1,ENSNFUP00015011571.1
105023,107386043,ENSNFUG00015005541,-,-,XP_015815697.1,ENSNFUP00015011244.1
105023,107386044,ENSNFUG00015005276,-,-,XP_015815698.1,ENSNFUP00015011174.1
105023,107386045,ENSNFUG00015005206,-,-,XP_015815700.1,ENSNFUP00015010555.1
105023,107386047,ENSNFUG00015005095,-,-,-,-
105023,107386048,ENSNFUG00015005061,-,-,XP_015815703.1,ENSNFUP00015010286.1
105023,107386049,ENSNFUG00015004968,-,-,-,-
105023,107386051,ENSNFUG00015004873,-,-,XP_015815708.1,ENSNFUP00015010019.1
105023,107386052,ENSNFUG00015004840,-,-,XP_015815710.1,ENSNFUP00015009853.1
105023,107386052,ENSNFUG00015004840,-,-,XP_015815712.1,ENSNFUP00015009865.1
105023,107386056,ENSNFUG00015004758,-,-,XP_015815717.1,ENSNFUP00015009733.1
105023,107386058,ENSNFUG00015017961,-,-,XP_015815719.1,ENSNFUP00015037104.1
105023,107386059,ENSNFUG00015005326,-,-,-,-
105023,107386061,ENSNFUG00015017919,-,-,XP_015815721.1,ENSNFUP00015037098.1
105023,107386062,ENSNFUG00015017781,-,-,XP_015815723.1,ENSNFUP00015036898.1
105023,107386064,ENSNFUG00015017276,-,-,XP_015815726.1,ENSNFUP00015036663.1
105023,107386067,ENSNFUG00015017198,-,-,XP_015815729.1,ENSNFUP00015035371.1
105023,107386070,ENSNFUG00015005355,-,-,-,-
105023,107386074,ENSNFUG00015013967,-,-,XP_015815736.1,ENSNFUP00015028945.1
105023,107386076,ENSNFUG00015013935,-,-,-,-
105023,107386078,ENSNFUG00015013951,-,-,-,-
105023,107386079,ENSNFUG00015013870,-,-,-,-
105023,107386080,ENSNFUG00015013847,-,-,XP_015815744.1,ENSNFUP00015028616.1
105023,107386081,ENSNFUG00015013702,-,-,-,-
105023,107386082,ENSNFUG00015013654,-,-,XP_015815749.1,ENSNFUP00015028234.1
105023,107386086,ENSNFUG00015013505,-,-,-,-
105023,107386087,ENSNFUG00015005361,-,-,XP_015815758.1,ENSNFUP00015010845.1
105023,107386090,ENSNFUG00015012545,-,-,-,-
105023,107386091,ENSNFUG00015012485,-,-,XP_015815760.1,ENSNFUP00015025787.1
105023,107386092,ENSNFUG00015012480,-,-,XP_015815761.1,ENSNFUP00015025776.1
105023,107386094,ENSNFUG00015009382,-,-,XP_015815763.1,ENSNFUP00015019371.1
105023,107386095,ENSNFUG00015007581,-,-,-,-
105023,107386097,ENSNFUG00015007311,-,-,-,-
105023,107386099,ENSNFUG00015007267,-,-,XP_015815768.1,ENSNFUP00015014976.1
105023,107386100,ENSNFUG00015007226,-,-,-,-
105023,107386103,ENSNFUG00015007236,-,-,-,-
105023,107386104,ENSNFUG00015007243,-,-,-,-
105023,107386105,ENSNFUG00015007255,-,-,-,-
105023,107386106,ENSNFUG00015007144,-,-,-,-
105023,107386107,ENSNFUG00015007130,-,-,XP_015815784.1,ENSNFUP00015014703.1
105023,107386108,ENSNFUG00015007122,-,-,-,-
105023,107386109,ENSNFUG00015007120,-,-,-,-
105023,107386110,ENSNFUG00015007056,-,-,-,-
105023,107386112,ENSNFUG00015007020,-,-,-,-
105023,107386113,ENSNFUG00015006892,-,-,-,-
105023,107386115,ENSNFUG00015006542,-,-,-,-
105023,107386116,ENSNFUG00015006683,-,-,-,-
105023,107386117,ENSNFUG00015006869,-,-,-,-
105023,107386119,ENSNFUG00015006715,-,-,XP_015815801.1,ENSNFUP00015013815.1
105023,107386120,ENSNFUG00015005505,-,-,XP_015815804.1,ENSNFUP00015011184.1
105023,107386123,ENSNFUG00015006598,-,-,XP_015815807.1,ENSNFUP00015013628.1
105023,107386125,ENSNFUG00015006861,-,-,-,-
105023,107386128,ENSNFUG00015006466,-,-,XP_015815812.1,ENSNFUP00015013234.1
105023,107386134,ENSNFUG00015005727,-,-,XP_015815819.1,ENSNFUP00015013007.1
105023,107386134,ENSNFUG00015005727,-,-,XP_015815820.1,ENSNFUP00015012919.1
105023,107386136,ENSNFUG00015005600,-,-,XP_015815823.1,ENSNFUP00015011374.1
105023,107386137,ENSNFUG00015005524,-,-,-,-
105023,107386138,ENSNFUG00015005596,-,-,XP_015815824.1,ENSNFUP00015011363.1
105023,107386141,ENSNFUG00015005545,-,-,XP_015815830.1,ENSNFUP00015011281.1
105023,107386142,ENSNFUG00015005506,-,-,-,-
105023,107386143,ENSNFUG00015005414,-,-,-,-
105023,107386145,ENSNFUG00015005553,-,-,-,-
105023,107386147,ENSNFUG00015005375,-,-,-,-
105023,107386148,ENSNFUG00015005383,-,-,-,-
105023,107386149,ENSNFUG00015005363,-,-,-,-
105023,107386153,ENSNFUG00015005654,-,-,XP_015815876.1,ENSNFUP00015011872.1
105023,107386155,ENSNFUG00015005105,-,-,XP_015815848.1,ENSNFUP00015010388.1
105023,107386157,ENSNFUG00015005065,-,-,XP_015815857.1,ENSNFUP00015010308.1
105023,107386161,ENSNFUG00015021645,-,-,-,-
105023,107386162,ENSNFUG00015021636,-,-,XP_015815868.1,ENSNFUP00015045523.1
105023,107386164,ENSNFUG00015021553,-,-,-,-
105023,107386170,ENSNFUG00015021208,-,-,-,-
105023,107386171,ENSNFUG00015021136,-,-,-,-
105023,107386174,ENSNFUG00015021125,-,-,-,-
105023,107386176,ENSNFUG00015021123,-,-,-,-
105023,107386179,ENSNFUG00015021096,-,-,-,-
105023,107386180,ENSNFUG00015021118,-,-,-,-
105023,107386181,ENSNFUG00015021029,-,-,-,-
105023,107386182,ENSNFUG00015020952,-,-,XP_015815901.1,ENSNFUP00015044084.1
105023,107386183,ENSNFUG00015020942,-,-,XP_015815903.1,ENSNFUP00015043943.1
105023,107386185,ENSNFUG00015020195,-,-,-,-
105023,107386187,ENSNFUG00015020218,-,-,XP_015815912.1,ENSNFUP00015042155.1
105023,107386188,ENSNFUG00015020173,-,-,-,-
105023,107386191,ENSNFUG00015020043,-,-,XP_015815917.1,ENSNFUP00015041775.1
105023,107386194,ENSNFUG00015019991,-,-,XP_015815921.1,ENSNFUP00015041731.1
105023,107386196,ENSNFUG00015019779,-,-,XP_015815925.1,ENSNFUP00015041555.1
105023,107386199,ENSNFUG00015019753,-,-,XP_015815927.1,ENSNFUP00015041172.1
105023,107386200,ENSNFUG00015019666,-,-,-,-
105023,107386205,ENSNFUG00015019632,-,-,-,-
105023,107386206,ENSNFUG00015019532,-,-,-,-
105023,107386207,ENSNFUG00015005937,-,-,-,-
105023,107386210,ENSNFUG00015017535,-,-,-,-
105023,107386211,ENSNFUG00015018805,-,-,-,-
105023,107386213,ENSNFUG00015016685,-,-,-,-
105023,107386216,ENSNFUG00015016658,-,-,XP_015815953.1,ENSNFUP00015034112.1
105023,107386217,ENSNFUG00015016651,-,-,XP_015815954.1,ENSNFUP00015034106.1
105023,107386224,ENSNFUG00015015531,-,-,XP_015815981.1,ENSNFUP00015034030.1
105023,107386224,ENSNFUG00015015531,-,-,XP_015815988.1,ENSNFUP00015034037.1
105023,107386224,ENSNFUG00015015531,-,-,XP_015815990.1,ENSNFUP00015034045.1
105023,107386224,ENSNFUG00015015531,-,-,XP_015815993.1,ENSNFUP00015033344.1
105023,107386225,ENSNFUG00015013823,-,-,-,-
105023,107386226,ENSNFUG00015005968,-,-,-,-
105023,107386229,ENSNFUG00015015446,-,-,XP_015815997.1,ENSNFUP00015031597.1
105023,107386230,ENSNFUG00015015292,-,-,-,-
105023,107386231,ENSNFUG00015005953,-,-,XP_015816002.1,ENSNFUP00015012084.1
105023,107386232,ENSNFUG00015015167,-,-,-,-
105023,107386233,ENSNFUG00015015271,-,-,-,-
105023,107386236,ENSNFUG00015014968,-,-,XP_015816006.1,ENSNFUP00015030699.1
105023,107386240,ENSNFUG00015014876,-,-,-,-
105023,107386243,ENSNFUG00015012315,-,-,-,-
105023,107386244,ENSNFUG00015012304,-,-,XP_015816020.1,ENSNFUP00015025448.1
105023,107386244,ENSNFUG00015012304,-,-,XP_015816021.1,ENSNFUP00015025442.1
105023,107386245,ENSNFUG00015012253,-,-,XP_015816022.1,ENSNFUP00015025426.1
105023,107386246,ENSNFUG00015012136,-,-,-,-
105023,107386248,ENSNFUG00015011280,-,-,-,-
105023,107386249,ENSNFUG00015010831,-,-,-,-
105023,107386251,ENSNFUG00015010780,-,-,-,-
105023,107386252,ENSNFUG00015010770,-,-,XP_015816031.1,ENSNFUP00015022232.1
105023,107386255,ENSNFUG00015010753,-,-,XP_015816033.1,ENSNFUP00015022199.1
105023,107386257,ENSNFUG00015021725,-,-,-,-
105023,107386258,ENSNFUG00015021655,-,-,-,-
105023,107386260,ENSNFUG00015021644,-,-,XP_015816041.1,ENSNFUP00015045537.1
105023,107386261,ENSNFUG00015021642,-,-,XP_015816042.1,ENSNFUP00015045531.1
105023,107386264,ENSNFUG00015021641,-,-,-,-
105023,107386267,ENSNFUG00015021586,-,-,-,-
105023,107386268,ENSNFUG00015021578,-,-,XP_015816053.1,ENSNFUP00015045397.1
105023,107386269,ENSNFUG00015021580,-,-,XP_015816054.1,ENSNFUP00015045400.1
105023,107386270,ENSNFUG00015021570,-,-,XP_015816055.1,ENSNFUP00015045385.1
105023,107386271,ENSNFUG00015006043,-,-,XP_015816060.1,ENSNFUP00015012304.1
105023,107386272,ENSNFUG00015021573,-,-,XP_015816056.1,ENSNFUP00015045393.1
105023,107386277,ENSNFUG00015018848,-,-,-,-
105023,107386279,ENSNFUG00015006054,-,-,XP_015816071.1,ENSNFUP00015012323.1
105023,107386282,ENSNFUG00015018019,-,-,-,-
105023,107386283,ENSNFUG00015017936,-,-,-,-
105023,107386285,ENSNFUG00015017436,-,-,-,-
105023,107386286,ENSNFUG00015017420,-,-,XP_015816075.1,ENSNFUP00015035938.1
105023,107386290,ENSNFUG00015016981,-,-,XP_015816082.1,ENSNFUP00015035702.1
105023,107386290,ENSNFUG00015017394,-,-,-,-
105023,107386291,ENSNFUG00015017414,-,-,-,-
105023,107386313,ENSNFUG00015007807,-,-,XP_015816101.1,ENSNFUP00015016344.1
105023,107386316,ENSNFUG00015018025,-,-,XP_015816102.1,ENSNFUP00015037255.1
105023,107386318,ENSNFUG00015010697,-,-,XP_015816106.1,ENSNFUP00015022126.1
105023,107386318,ENSNFUG00015010697,-,-,XP_015816108.1,ENSNFUP00015022149.1
105023,107386319,ENSNFUG00015009641,-,-,XP_015816109.1,ENSNFUP00015019976.1
105023,107386320,ENSNFUG00015010743,-,-,-,-
105023,107386322,ENSNFUG00015010762,-,-,XP_015816111.1,ENSNFUP00015022220.1
105023,107386323,ENSNFUG00015010772,-,-,XP_015816112.1,ENSNFUP00015022237.1
105023,107386325,ENSNFUG00015010782,-,-,XP_015816116.1,ENSNFUP00015022280.1
105023,107386326,ENSNFUG00015010809,-,-,XP_015816117.1,ENSNFUP00015022365.1
105023,107386327,ENSNFUG00015010864,-,-,XP_015816119.1,ENSNFUP00015022488.1
105023,107386328,ENSNFUG00015010903,-,-,XP_015816120.1,ENSNFUP00015022543.1
105023,107386330,ENSNFUG00015006078,-,-,-,-
105023,107386331,ENSNFUG00015010917,-,-,XP_015816126.1,ENSNFUP00015022591.1
105023,107386332,ENSNFUG00015012255,-,-,XP_015816128.1,ENSNFUP00015025425.1
105023,107386332,ENSNFUG00015012255,-,-,XP_015816130.1,ENSNFUP00015025430.1
105023,107386334,ENSNFUG00015012356,-,-,XP_015816132.1,ENSNFUP00015026950.1
105023,107386336,ENSNFUG00015013098,-,-,XP_015816140.1,ENSNFUP00015027008.1
105023,107386337,ENSNFUG00015006094,-,-,-,-
105023,107386340,ENSNFUG00015013111,-,-,XP_015816146.1,ENSNFUP00015027042.1
105023,107386341,ENSNFUG00015013117,-,-,XP_015816147.1,ENSNFUP00015027082.1
105023,107386343,ENSNFUG00015006122,-,-,-,-
105023,107386344,ENSNFUG00015013151,-,-,XP_015816151.1,ENSNFUP00015027355.1
105023,107386346,ENSNFUG00015013271,-,-,XP_015816160.1,ENSNFUP00015027400.1
105023,107386347,ENSNFUG00015013287,-,-,XP_015816161.1,ENSNFUP00015028096.1
105023,107386350,ENSNFUG00015013919,-,-,XP_015816168.1,ENSNFUP00015036296.1
105023,107386351,ENSNFUG00015018129,-,-,XP_015816170.1,ENSNFUP00015037766.1
105023,107386353,ENSNFUG00015006119,-,-,XP_015816185.1,ENSNFUP00015012464.1
105023,107386355,ENSNFUG00015018285,-,-,XP_015816175.1,ENSNFUP00015037844.1
105023,107386356,ENSNFUG00015018291,-,-,XP_015816176.1,ENSNFUP00015037861.1
105023,107386357,ENSNFUG00015018298,-,-,XP_015816178.1,ENSNFUP00015037916.1
105023,107386359,ENSNFUG00015018335,-,-,XP_015816181.1,ENSNFUP00015038231.1
105023,107386360,ENSNFUG00015018539,-,-,XP_015816183.1,ENSNFUP00015038395.1
105023,107386362,ENSNFUG00015018793,-,-,XP_015816187.1,ENSNFUP00015039215.1
105023,107386364,ENSNFUG00015018932,-,-,XP_015816190.1,ENSNFUP00015039271.1
105023,107386365,ENSNFUG00015018936,-,-,XP_015816191.1,ENSNFUP00015039279.1
105023,107386367,ENSNFUG00015018945,-,-,XP_015816192.1,ENSNFUP00015039314.1
105023,107386369,ENSNFUG00015018956,-,-,XP_015816193.1,ENSNFUP00015039324.1
105023,107386371,ENSNFUG00015018971,-,-,XP_015816197.1,ENSNFUP00015039433.1
105023,107386373,ENSNFUG00015019062,-,-,XP_015816201.1,ENSNFUP00015039571.1
105023,107386374,ENSNFUG00015019088,-,-,-,-
105023,107386375,ENSNFUG00015019189,-,-,XP_015816205.1,ENSNFUP00015039848.1
105023,107386377,ENSNFUG00015019201,-,-,XP_015816208.1,ENSNFUP00015039877.1
105023,107386379,ENSNFUG00015019255,-,-,XP_015816212.1,ENSNFUP00015040758.1
105023,107386379,ENSNFUG00015019255,-,-,XP_015816213.1,ENSNFUP00015040770.1
105023,107386380,ENSNFUG00015006317,-,-,-,-
105023,107386381,ENSNFUG00015019210,-,-,XP_015816216.1,ENSNFUP00015039902.1
105023,107386383,ENSNFUG00015019617,-,-,XP_015816222.1,ENSNFUP00015040929.1
105023,107386384,ENSNFUG00015019809,-,-,XP_015816223.1,ENSNFUP00015044230.1
105023,107386384,ENSNFUG00015019809,-,-,XP_015816225.1,ENSNFUP00015044118.1
105023,107386384,ENSNFUG00015019809,-,-,XP_015816227.1,ENSNFUP00015044168.1
105023,107386387,ENSNFUG00015021709,-,-,XP_015816231.1,ENSNFUP00015045703.1
105023,107386388,ENSNFUG00015021733,-,-,XP_015816232.1,ENSNFUP00015045798.1
105023,107386391,ENSNFUG00015021757,-,-,XP_015816235.1,ENSNFUP00015045810.1
105023,107386392,ENSNFUG00015021760,-,-,XP_015816236.1,ENSNFUP00015045812.1
105023,107386394,ENSNFUG00015021789,-,-,XP_015816242.1,ENSNFUP00015045866.1
105023,107386394,ENSNFUG00015021789,-,-,XP_015816243.1,ENSNFUP00015046721.1
105023,107386396,ENSNFUG00015022213,-,-,XP_015816245.1,ENSNFUP00015047793.1
105023,107386397,ENSNFUG00015022704,-,-,XP_015816246.1,ENSNFUP00015048157.1
105023,107386398,ENSNFUG00015006305,-,-,XP_015816250.1,ENSNFUP00015012826.1
105023,107386400,ENSNFUG00015022706,-,-,XP_015816251.1,ENSNFUP00015048169.1
105023,107386401,ENSNFUG00015022775,-,-,-,-
105023,107386402,ENSNFUG00015023442,-,-,XP_015816257.1,ENSNFUP00015049862.1
105023,107386404,ENSNFUG00015023473,-,-,XP_015816259.1,ENSNFUP00015049892.1
105023,107386405,ENSNFUG00015008942,-,-,XP_015816261.1,ENSNFUP00015018813.1
105023,107386408,ENSNFUG00015023491,-,-,XP_015816263.1,ENSNFUP00015049932.1
105023,107386409,ENSNFUG00015023497,-,-,XP_015816264.1,ENSNFUP00015049963.1
105023,107386411,ENSNFUG00015023506,-,-,XP_015816266.1,ENSNFUP00015049976.1
105023,107386413,ENSNFUG00015023507,-,-,XP_015816268.1,ENSNFUP00015049983.1
105023,107386414,ENSNFUG00015006465,-,-,-,-
105023,107386415,ENSNFUG00015023510,-,-,XP_015816275.1,ENSNFUP00015049995.1
105023,107386416,ENSNFUG00015023533,-,-,XP_015816276.1,ENSNFUP00015050521.1
105023,107386417,ENSNFUG00015023747,-,-,XP_015816277.1,ENSNFUP00015050586.1
105023,107386418,ENSNFUG00015023762,-,-,XP_015816278.1,ENSNFUP00015050608.1
105023,107386419,ENSNFUG00015023765,-,-,XP_015816280.1,ENSNFUP00015050615.1
105023,107386420,ENSNFUG00015023760,-,-,XP_015816281.1,ENSNFUP00015050604.1
105023,107386421,ENSNFUG00015023769,-,-,XP_015816283.1,ENSNFUP00015050620.1
105023,107386422,ENSNFUG00015023772,-,-,XP_015816284.1,ENSNFUP00015050624.1
105023,107386424,ENSNFUG00015004747,-,-,XP_015816286.1,ENSNFUP00015009717.1
105023,107386425,ENSNFUG00015004766,-,-,XP_015816288.1,ENSNFUP00015009778.1
105023,107386426,ENSNFUG00015004800,-,-,XP_015816289.1,ENSNFUP00015009809.1
105023,107386428,ENSNFUG00015004836,-,-,-,-
105023,107386429,ENSNFUG00015004922,-,-,XP_015816291.1,ENSNFUP00015010010.1
105023,107386430,ENSNFUG00015004935,-,-,XP_015816292.1,ENSNFUP00015010052.1
105023,107386431,ENSNFUG00015004957,-,-,XP_015816294.1,ENSNFUP00015010067.1
105023,107386432,ENSNFUG00015005156,-,-,XP_015816296.1,ENSNFUP00015011259.1
105023,107386432,ENSNFUG00015005156,-,-,XP_015816297.1,ENSNFUP00015011278.1
105023,107386432,ENSNFUG00015005156,-,-,XP_015816299.1,ENSNFUP00015011298.1
105023,107386433,ENSNFUG00015005893,-,-,XP_015816300.1,ENSNFUP00015012065.1
105023,107386434,ENSNFUG00015005992,-,-,XP_015816301.1,ENSNFUP00015012230.1
105023,107386434,ENSNFUG00015005992,-,-,XP_015816303.1,ENSNFUP00015012205.1
105023,107386435,ENSNFUG00015006047,-,-,-,-
105023,107386436,ENSNFUG00015006042,-,-,XP_015816306.1,ENSNFUP00015012287.1
105023,107386439,ENSNFUG00015006089,-,-,XP_015816309.1,ENSNFUP00015012410.1
105023,107386440,ENSNFUG00015006107,-,-,-,-
105023,107386444,ENSNFUG00015006197,-,-,-,-
105023,107386444,ENSNFUG00015006197,-,-,XP_015816318.1,ENSNFUP00015013005.1
105023,107386444,ENSNFUG00015006197,-,-,XP_015816319.1,ENSNFUP00015012977.1
105023,107386445,ENSNFUG00015006611,-,-,XP_015816320.1,ENSNFUP00015013475.1
105023,107386446,ENSNFUG00015006615,-,-,-,-
105023,107386448,ENSNFUG00015010292,-,-,XP_015816327.1,ENSNFUP00015021550.1
105023,107386449,ENSNFUG00015006676,-,-,-,-
105023,107386450,ENSNFUG00015006653,-,-,XP_015816328.1,ENSNFUP00015013575.1
105023,107386451,ENSNFUG00015006622,-,-,XP_015816329.1,ENSNFUP00015013507.1
105023,107386452,ENSNFUG00015006833,-,-,XP_015816331.1,ENSNFUP00015014223.1
105023,107386455,ENSNFUG00015010498,-,-,-,-
105023,107386457,ENSNFUG00015006999,-,-,XP_015816337.1,ENSNFUP00015014445.1
105023,107386458,ENSNFUG00015007110,-,-,-,-
105023,107386459,ENSNFUG00015007722,-,-,XP_015816348.1,ENSNFUP00015016142.1
105023,107386459,ENSNFUG00015007722,-,-,XP_015816349.1,ENSNFUP00015016152.1
105023,107386461,ENSNFUG00015007756,-,-,-,-
105023,107386462,ENSNFUG00015007784,-,-,XP_015816352.1,ENSNFUP00015016263.1
105023,107386462,ENSNFUG00015007784,-,-,XP_015816356.1,ENSNFUP00015016257.1
105023,107386463,ENSNFUG00015007862,-,-,XP_015816357.1,ENSNFUP00015016392.1
105023,107386463,ENSNFUG00015007862,-,-,XP_015816358.1,ENSNFUP00015016435.1
105023,107386464,ENSNFUG00015007921,-,-,-,-
105023,107386465,ENSNFUG00015007965,-,-,XP_015816361.1,ENSNFUP00015016675.1
105023,107386466,ENSNFUG00015007998,-,-,-,-
105023,107386470,ENSNFUG00015008061,-,-,-,-
105023,107386471,ENSNFUG00015008194,-,-,-,-
105023,107386473,ENSNFUG00015008188,-,-,XP_015816379.1,ENSNFUP00015017163.1
105023,107386475,ENSNFUG00015008210,-,-,-,-
105023,107386480,ENSNFUG00015008845,-,-,XP_015816384.1,ENSNFUP00015018868.1
105023,107386483,ENSNFUG00015009307,-,-,-,-
105023,107386485,ENSNFUG00015009741,-,-,XP_015816393.1,ENSNFUP00015020260.1
105023,107386488,ENSNFUG00015009893,-,-,XP_015816397.1,ENSNFUP00015020414.1
105023,107386489,ENSNFUG00015012413,-,-,-,-
105023,107386490,ENSNFUG00015009916,-,-,-,-
105023,107386491,ENSNFUG00015010084,-,-,XP_015816400.1,ENSNFUP00015020786.1
105023,107386492,ENSNFUG00015010071,-,-,-,-
105023,107386493,ENSNFUG00015009946,-,-,-,-
105023,107386494,ENSNFUG00015009975,-,-,XP_015816406.1,ENSNFUP00015020739.1
105023,107386496,ENSNFUG00015010275,-,-,-,-
105023,107386497,ENSNFUG00015011307,-,-,XP_015816409.1,ENSNFUP00015023687.1
105023,107386498,ENSNFUG00015012422,-,-,-,-
105023,107386501,ENSNFUG00015012222,-,-,-,-
105023,107386505,ENSNFUG00015022128,-,-,XP_015816419.1,ENSNFUP00015047024.1
105023,107386506,ENSNFUG00015022260,-,-,XP_015816420.1,ENSNFUP00015047093.1
105023,107386507,ENSNFUG00015012456,-,-,-,-
105023,107386508,ENSNFUG00015022266,-,-,XP_015816423.1,ENSNFUP00015047103.1
105023,107386509,ENSNFUG00015022271,-,-,XP_015816424.1,ENSNFUP00015047111.1
105023,107386511,ENSNFUG00015022290,-,-,XP_015816429.1,ENSNFUP00015047455.1
105023,107386512,ENSNFUG00015022461,-,-,XP_015816432.1,ENSNFUP00015047529.1
105023,107386515,ENSNFUG00015022747,-,-,XP_015816437.1,ENSNFUP00015048326.1
105023,107386517,ENSNFUG00015022779,-,-,XP_015816440.1,ENSNFUP00015048395.1
105023,107386518,ENSNFUG00015010848,-,-,-,-
105023,107386519,ENSNFUG00015011609,-,-,XP_015816443.1,ENSNFUP00015024012.1
105023,107386520,ENSNFUG00015011615,-,-,XP_015816444.1,ENSNFUP00015024023.1
105023,107386521,ENSNFUG00015013260,-,-,-,-
105023,107386522,ENSNFUG00015011693,-,-,XP_015816446.1,ENSNFUP00015027340.1
105023,107386524,ENSNFUG00015013592,-,-,-,-
105023,107386524,ENSNFUG00015013592,-,-,XP_015816448.1,ENSNFUP00015029021.1
105023,107386524,ENSNFUG00015013592,-,-,XP_015816449.1,ENSNFUP00015029208.1
105023,107386525,ENSNFUG00015012432,-,-,-,-
105023,107386527,ENSNFUG00015014687,-,-,-,-
105023,107386528,ENSNFUG00015014747,-,-,-,-
105023,107386530,ENSNFUG00015014714,-,-,-,-
105023,107386531,ENSNFUG00015014760,-,-,-,-
105023,107386532,ENSNFUG00015014810,-,-,XP_015816470.1,ENSNFUP00015030598.1
105023,107386533,ENSNFUG00015014969,-,-,XP_015816471.1,ENSNFUP00015031238.1
105023,107386533,ENSNFUG00015014969,-,-,XP_015816472.1,ENSNFUP00015031190.1
105023,107386537,ENSNFUG00015012448,-,-,-,-
105023,107386538,ENSNFUG00015015838,-,-,XP_015816485.1,ENSNFUP00015032318.1
105023,107386539,ENSNFUG00015015911,-,-,XP_015816487.1,ENSNFUP00015034192.1
105023,107386540,ENSNFUG00015016755,-,-,XP_015816489.1,ENSNFUP00015034355.1
105023,107386542,ENSNFUG00015016769,-,-,-,-
105023,107386545,ENSNFUG00015012519,-,-,-,-
105023,107386547,ENSNFUG00015016887,-,-,XP_015816496.1,ENSNFUP00015034712.1
105023,107386547,ENSNFUG00015016887,-,-,XP_015816497.1,ENSNFUP00015034710.1
105023,107386548,ENSNFUG00015016907,-,-,XP_015816499.1,ENSNFUP00015034735.1
105023,107386549,ENSNFUG00015016962,-,-,XP_015816500.1,ENSNFUP00015034832.1
105023,107386550,ENSNFUG00015016977,-,-,-,-
105023,107386553,ENSNFUG00015013697,-,-,-,-
105023,107386558,ENSNFUG00015017031,-,-,XP_015816512.1,ENSNFUP00015034998.1
105023,107386559,ENSNFUG00015017078,-,-,XP_015816514.1,ENSNFUP00015035492.1
105023,107386560,ENSNFUG00015017261,-,-,XP_015816515.1,ENSNFUP00015035559.1
105023,107386561,ENSNFUG00015017253,-,-,-,-
105023,107386562,ENSNFUG00015017278,-,-,XP_015816518.1,ENSNFUP00015035640.1
105023,107386563,ENSNFUG00015017317,-,-,-,-
105023,107386564,ENSNFUG00015017350,-,-,-,-
105023,107386566,ENSNFUG00015018191,-,-,XP_015816526.1,ENSNFUP00015037649.1
105023,107386567,ENSNFUG00015018216,-,-,XP_015816527.1,ENSNFUP00015039001.1
105023,107386567,ENSNFUG00015018216,-,-,XP_015816528.1,ENSNFUP00015039035.1
105023,107386570,ENSNFUG00015018919,-,-,-,-
105023,107386571,ENSNFUG00015020749,-,-,XP_015816533.1,ENSNFUP00015043402.1
105023,107386575,ENSNFUG00015020796,-,-,XP_015816536.1,ENSNFUP00015045972.1
105023,107386578,ENSNFUG00015013859,-,-,-,-
105023,107386580,ENSNFUG00015021895,-,-,XP_015816544.1,ENSNFUP00015046182.1
105023,107386583,ENSNFUG00015017298,-,-,XP_015816554.1,ENSNFUP00015037205.1
105023,107386584,ENSNFUG00015022133,-,-,XP_015816550.1,ENSNFUP00015047527.1
105023,107386584,ENSNFUG00015022133,-,-,XP_015816553.1,ENSNFUP00015047545.1
105023,107386584,ENSNFUG00015022133,-,-,XP_015816559.1,ENSNFUP00015047627.1
105023,107386584,ENSNFUG00015022133,-,-,XP_015816560.1,ENSNFUP00015047557.1
105023,107386585,ENSNFUG00015018047,-,-,XP_015816568.1,ENSNFUP00015037312.1
105023,107386589,ENSNFUG00015022505,-,-,-,-
105023,107386590,ENSNFUG00015022514,-,-,XP_015816576.1,ENSNFUP00015047680.1
105023,107386590,ENSNFUG00015022514,-,-,XP_015816577.1,ENSNFUP00015047682.1
105023,107386592,ENSNFUG00015022596,-,-,-,-
105023,107386594,ENSNFUG00015023466,-,-,-,-
105023,107386595,ENSNFUG00015024003,-,-,-,-
105023,107386597,ENSNFUG00015018063,-,-,XP_015816597.1,ENSNFUP00015037334.1
105023,107386598,ENSNFUG00015024772,-,-,-,-
105023,107386599,ENSNFUG00015024808,-,-,-,-
105023,107386600,ENSNFUG00015024955,-,-,-,-
105023,107386602,ENSNFUG00015025071,-,-,-,-
105023,107386603,ENSNFUG00015025075,-,-,-,-
105023,107386604,ENSNFUG00015025077,-,-,XP_015816611.1,ENSNFUP00015054021.1
105023,107386605,ENSNFUG00015025079,-,-,XP_015816613.1,ENSNFUP00015054023.1
105023,107386607,ENSNFUG00015025082,-,-,-,-
105023,107386608,ENSNFUG00015025084,-,-,XP_015816615.1,ENSNFUP00015054028.1
105023,107386609,ENSNFUG00015018098,-,-,-,-
105023,107386610,ENSNFUG00015025085,-,-,-,-
105023,107386610,ENSNFUG00015025085,-,-,XP_015816619.1,ENSNFUP00015054035.1
105023,107386611,ENSNFUG00015025089,-,-,-,-
105023,107386612,ENSNFUG00015004702,-,-,XP_015816623.1,ENSNFUP00015009646.1
105023,107386613,ENSNFUG00015004711,-,-,XP_015816624.1,ENSNFUP00015009652.1
105023,107386615,ENSNFUG00015004887,-,-,-,-
105023,107386616,ENSNFUG00015004929,-,-,XP_015816628.1,ENSNFUP00015010087.1
105023,107386617,ENSNFUG00015018114,-,-,XP_015816662.1,ENSNFUP00015037474.1
105023,107386619,ENSNFUG00015004991,-,-,XP_015816630.1,ENSNFUP00015010160.1
105023,107386620,ENSNFUG00015005016,-,-,-,-
105023,107386621,ENSNFUG00015005038,-,-,XP_015816633.1,ENSNFUP00015010246.1
105023,107386622,ENSNFUG00015005087,-,-,XP_015816634.1,ENSNFUP00015010639.1
105023,107386622,ENSNFUG00015005087,-,-,XP_015816635.1,ENSNFUP00015010686.1
105023,107386624,ENSNFUG00015005350,-,-,-,-
105023,107386626,ENSNFUG00015005358,-,-,-,-
105023,107386629,ENSNFUG00015005402,-,-,-,-
105023,107386630,ENSNFUG00015005409,-,-,XP_015816643.1,ENSNFUP00015010957.1
105023,107386631,ENSNFUG00015005398,-,-,-,-
105023,107386632,ENSNFUG00015005434,-,-,XP_015816645.1,ENSNFUP00015011052.1
105023,107386633,ENSNFUG00015005607,-,-,XP_015816646.1,ENSNFUP00015012476.1
105023,107386634,ENSNFUG00015006245,-,-,-,-
105023,107386636,ENSNFUG00015006255,-,-,-,-
105023,107386639,ENSNFUG00015006517,-,-,-,-
105023,107386640,ENSNFUG00015006284,-,-,-,-
105023,107386642,ENSNFUG00015006342,-,-,-,-
105023,107386643,ENSNFUG00015006450,-,-,-,-
105023,107386647,ENSNFUG00015006688,-,-,XP_015816665.1,ENSNFUP00015013655.1
105023,107386649,ENSNFUG00015006684,-,-,-,-
105023,107386651,ENSNFUG00015006693,-,-,-,-
105023,107386657,ENSNFUG00015008783,-,-,-,-
105023,107386658,ENSNFUG00015018708,-,-,-,-
105023,107386659,ENSNFUG00015008772,-,-,-,-
105023,107386660,ENSNFUG00015008834,-,-,-,-
105023,107386661,ENSNFUG00015009686,-,-,-,-
105023,107386663,ENSNFUG00015010153,-,-,XP_015816683.1,ENSNFUP00015021744.1
105023,107386664,ENSNFUG00015009770,-,-,-,-
105023,107386665,ENSNFUG00015011031,-,-,-,-
105023,107386666,ENSNFUG00015011038,-,-,-,-
105023,107386668,ENSNFUG00015011067,-,-,-,-
105023,107386669,ENSNFUG00015011207,-,-,-,-
105023,107386670,ENSNFUG00015011102,-,-,-,-
105023,107386671,ENSNFUG00015011498,-,-,-,-
105023,107386672,ENSNFUG00015018146,-,-,XP_015816699.1,ENSNFUP00015038678.1
105023,107386673,ENSNFUG00015011538,-,-,XP_015816697.1,ENSNFUP00015023925.1
105023,107386674,ENSNFUG00015011588,-,-,-,-
105023,107386676,ENSNFUG00015011653,-,-,-,-
105023,107386680,ENSNFUG00015018728,-,-,XP_015816713.1,ENSNFUP00015038838.1
105023,107386681,ENSNFUG00015011686,-,-,-,-
105023,107386682,ENSNFUG00015011766,-,-,-,-
105023,107386683,ENSNFUG00015012347,-,-,-,-
105023,107386685,ENSNFUG00015012433,-,-,XP_015816720.1,ENSNFUP00015025701.1
105023,107386686,ENSNFUG00015012444,-,-,-,-
105023,107386687,ENSNFUG00015012478,-,-,-,-
105023,107386688,ENSNFUG00015012932,-,-,XP_015816724.1,ENSNFUP00015026692.1
105023,107386689,ENSNFUG00015012937,-,-,XP_015816725.1,ENSNFUP00015026701.1
105023,107386690,ENSNFUG00015012948,-,-,XP_015816726.1,ENSNFUP00015026733.1
105023,107386691,ENSNFUG00015013052,-,-,-,-
105023,107386692,ENSNFUG00015018733,-,-,-,-
105023,107386693,ENSNFUG00015015879,-,-,XP_015816732.1,ENSNFUP00015051633.1
105023,107386694,ENSNFUG00015024210,-,-,-,-
105023,107386696,ENSNFUG00015024238,-,-,XP_015816738.1,ENSNFUP00015052289.1
105023,107386696,ENSNFUG00015024238,-,-,XP_015816740.1,ENSNFUP00015052371.1
105023,107386697,ENSNFUG00015018834,-,-,XP_015816745.1,ENSNFUP00015046598.1
105023,107386697,ENSNFUG00015018834,-,-,XP_015816753.1,ENSNFUP00015046634.1
105023,107386698,ENSNFUG00015024469,-,-,XP_015816741.1,ENSNFUP00015052446.1
105023,107386699,ENSNFUG00015024478,-,-,XP_015816742.1,ENSNFUP00015052461.1
105023,107386699,ENSNFUG00015024478,-,-,XP_015816743.1,ENSNFUP00015052466.1
105023,107386700,ENSNFUG00015024490,-,-,XP_015816744.1,ENSNFUP00015052495.1
105023,107386700,ENSNFUG00015024490,-,-,XP_015816747.1,ENSNFUP00015052497.1
105023,107386702,ENSNFUG00015024519,-,-,XP_015816749.1,ENSNFUP00015052801.1
105023,107386703,ENSNFUG00015024636,-,-,XP_015816750.1,ENSNFUP00015052836.1
105023,107386704,ENSNFUG00015024637,-,-,XP_015816752.1,ENSNFUP00015052843.1
105023,107386705,ENSNFUG00015024638,-,-,-,-
105023,107386706,ENSNFUG00015024644,-,-,XP_015816757.1,ENSNFUP00015052855.1
105023,107386707,ENSNFUG00015024647,-,-,XP_015816758.1,ENSNFUP00015052859.1
105023,107386710,ENSNFUG00015024817,-,-,-,-
105023,107386711,ENSNFUG00015024825,-,-,XP_015816765.1,ENSNFUP00015053375.1
105023,107386717,ENSNFUG00015006394,-,-,-,-
105023,107386720,ENSNFUG00015006664,-,-,-,-
105023,107386722,ENSNFUG00015006677,-,-,XP_015816779.1,ENSNFUP00015013682.1
105023,107386722,ENSNFUG00015006677,-,-,XP_015816780.1,ENSNFUP00015013690.1
105023,107386725,ENSNFUG00015006704,-,-,-,-
105023,107386731,ENSNFUG00015006862,-,-,-,-
105023,107386732,ENSNFUG00015007875,-,-,-,-
105023,107386740,ENSNFUG00015007938,-,-,-,-
105023,107386742,ENSNFUG00015007966,-,-,-,-
105023,107386743,ENSNFUG00015022671,-,-,XP_015816818.1,ENSNFUP00015048231.1
105023,107386743,ENSNFUG00015022671,-,-,XP_015816830.1,ENSNFUP00015048283.1
105023,107386745,ENSNFUG00015008923,-,-,-,-
105023,107386746,ENSNFUG00015008350,-,-,-,-
105023,107386747,ENSNFUG00015008640,-,-,-,-
105023,107386748,ENSNFUG00015008855,-,-,XP_015816837.1,ENSNFUP00015018622.1
105023,107386749,ENSNFUG00015022762,-,-,-,-
105023,107386752,ENSNFUG00015008636,-,-,-,-
105023,107386753,ENSNFUG00015008860,-,-,-,-
105023,107386754,ENSNFUG00015008648,-,-,XP_015816847.1,ENSNFUP00015018137.1
105023,107386755,ENSNFUG00015008749,-,-,-,-
105023,107386756,ENSNFUG00015008125,-,-,XP_015816849.1,ENSNFUP00015017387.1
105023,107386757,ENSNFUG00015022768,-,-,XP_015816853.1,ENSNFUP00015048331.1
105023,107386758,ENSNFUG00015008670,-,-,-,-
105023,107386759,ENSNFUG00015008661,-,-,-,-
105023,107386760,ENSNFUG00015008654,-,-,XP_015816852.1,ENSNFUP00015018149.1
105023,107386761,ENSNFUG00015008638,-,-,XP_015816854.1,ENSNFUP00015018091.1
105023,107386761,ENSNFUG00015008638,-,-,XP_015816855.1,ENSNFUP00015018089.1
105023,107386762,ENSNFUG00015008104,-,-,XP_015816856.1,ENSNFUP00015016948.1
105023,107386763,ENSNFUG00015008846,-,-,-,-
105023,107386764,ENSNFUG00015009341,-,-,-,-
105023,107386765,ENSNFUG00015009341,-,-,XP_015816859.1,ENSNFUP00015019324.1
105023,107386766,ENSNFUG00015009376,-,-,XP_015816860.1,ENSNFUP00015019359.1
105023,107386767,ENSNFUG00015022835,-,-,XP_015816864.1,ENSNFUP00015050279.1
105023,107386770,ENSNFUG00015009414,-,-,-,-
105023,107386771,ENSNFUG00015009397,-,-,-,-
105023,107386772,ENSNFUG00015009428,-,-,-,-
105023,107386774,ENSNFUG00015009497,-,-,XP_015816871.1,ENSNFUP00015021340.1
105023,107386779,ENSNFUG00015010429,-,-,XP_015816876.1,ENSNFUP00015022278.1
105023,107386779,ENSNFUG00015010429,-,-,XP_015816879.1,ENSNFUP00015022352.1
105023,107386780,ENSNFUG00015010908,-,-,XP_015816880.1,ENSNFUP00015022719.1
105023,107386782,ENSNFUG00015011123,-,-,XP_015816883.1,ENSNFUP00015023001.1
105023,107386783,ENSNFUG00015011176,-,-,XP_015816884.1,ENSNFUP00015023381.1
105023,107386784,ENSNFUG00015011347,-,-,-,-
105023,107386785,ENSNFUG00015011911,-,-,XP_015816887.1,ENSNFUP00015033012.1
105023,107386786,ENSNFUG00015011451,-,-,-,-
105023,107386790,ENSNFUG00015016572,-,-,-,-
105023,107386791,ENSNFUG00015019543,-,-,XP_015816900.1,ENSNFUP00015041008.1
105023,107386791,ENSNFUG00015019543,-,-,XP_015816901.1,ENSNFUP00015041306.1
105023,107386794,ENSNFUG00015022238,-,-,-,-
105023,107386802,ENSNFUG00015023739,-,-,XP_015816918.1,ENSNFUP00015050555.1
105023,107386803,ENSNFUG00015010748,-,-,XP_015816915.1,ENSNFUP00015022279.1
105023,107386817,ENSNFUG00015022518,-,-,-,-
105023,107386822,ENSNFUG00015022496,-,-,-,-
105023,107386823,ENSNFUG00015022503,-,-,XP_015816930.1,ENSNFUP00015047829.1
105023,107386825,ENSNFUG00015022599,-,-,XP_015816934.1,ENSNFUP00015047898.1
105023,107386826,ENSNFUG00015023753,-,-,-,-
105023,107386827,ENSNFUG00015022809,-,-,XP_015816936.1,ENSNFUP00015053088.1
105023,107386828,ENSNFUG00015024770,-,-,-,-
105023,107386832,ENSNFUG00015023853,-,-,-,-
105023,107386834,ENSNFUG00015024922,-,-,-,-
105023,107386835,ENSNFUG00015024928,-,-,XP_015816962.1,ENSNFUP00015053679.1
105023,107386837,ENSNFUG00015024940,-,-,-,-
105023,107386838,ENSNFUG00015024952,-,-,XP_015816973.1,ENSNFUP00015053736.1
105023,107386839,ENSNFUG00015004706,-,-,XP_015816974.1,ENSNFUP00015009654.1
105023,107386840,ENSNFUG00015004726,-,-,XP_015816975.1,ENSNFUP00015009750.1
105023,107386842,ENSNFUG00015004802,-,-,-,-
105023,107386844,ENSNFUG00015011515,-,-,XP_015817364.1,ENSNFUP00015023823.1
105023,107386845,ENSNFUG00015023833,-,-,-,-
105023,107386846,ENSNFUG00015004825,-,-,XP_015816979.1,ENSNFUP00015009843.1
105023,107386848,ENSNFUG00015005406,-,-,XP_015816984.1,ENSNFUP00015010964.1
105023,107386849,ENSNFUG00015005444,-,-,-,-
105023,107386851,ENSNFUG00015005527,-,-,-,-
105023,107386853,ENSNFUG00015005550,-,-,-,-
105023,107386854,ENSNFUG00015023862,-,-,XP_015816994.1,ENSNFUP00015050912.1
105023,107386855,ENSNFUG00015005611,-,-,-,-
105023,107386856,ENSNFUG00015005757,-,-,-,-
105023,107386857,ENSNFUG00015005848,-,-,-,-
105023,107386858,ENSNFUG00015005789,-,-,XP_015816995.1,ENSNFUP00015011819.1
105023,107386859,ENSNFUG00015005866,-,-,-,-
105023,107386862,ENSNFUG00015005912,-,-,XP_015817000.1,ENSNFUP00015012600.1
105023,107386863,ENSNFUG00015023821,-,-,-,-
105023,107386864,ENSNFUG00015006235,-,-,-,-
105023,107386866,ENSNFUG00015006259,-,-,-,-
105023,107386868,ENSNFUG00015006359,-,-,-,-
105023,107386873,ENSNFUG00015023848,-,-,XP_015817017.1,ENSNFUP00015050827.1
105023,107386877,ENSNFUG00015006391,-,-,-,-
105023,107386878,ENSNFUG00015006397,-,-,-,-
105023,107386879,ENSNFUG00015006403,-,-,-,-
105023,107386881,ENSNFUG00015006445,-,-,-,-
105023,107386882,ENSNFUG00015006512,-,-,XP_015817023.1,ENSNFUP00015013290.1
105023,107386883,ENSNFUG00015006559,-,-,XP_015817025.1,ENSNFUP00015013359.1
105023,107386884,ENSNFUG00015006561,-,-,-,-
105023,107386886,ENSNFUG00015006986,-,-,-,-
105023,107386891,ENSNFUG00015007011,-,-,-,-
105023,107386892,ENSNFUG00015023887,-,-,-,-
105023,107386892,ENSNFUG00015023887,-,-,XP_015817044.1,ENSNFUP00015050935.1
105023,107386893,ENSNFUG00015007005,-,-,-,-
105023,107386897,ENSNFUG00015007081,-,-,XP_015817045.1,ENSNFUP00015014666.1
105023,107386899,ENSNFUG00015007133,-,-,XP_015817048.1,ENSNFUP00015014696.1
105023,107386900,ENSNFUG00015007137,-,-,XP_015817049.1,ENSNFUP00015014705.1
105023,107386901,ENSNFUG00015007142,-,-,XP_015817050.1,ENSNFUP00015014748.1
105023,107386902,ENSNFUG00015007157,-,-,-,-
105023,107386903,ENSNFUG00015007187,-,-,XP_015817053.1,ENSNFUP00015015056.1
105023,107386904,ENSNFUG00015007366,-,-,-,-
105023,107386905,ENSNFUG00015008201,-,-,XP_015817055.1,ENSNFUP00015017207.1
105023,107386906,ENSNFUG00015008203,-,-,XP_015817056.1,ENSNFUP00015017209.1
105023,107386908,ENSNFUG00015008225,-,-,-,-
105023,107386912,ENSNFUG00015008343,-,-,XP_015817062.1,ENSNFUP00015017481.1
105023,107386915,ENSNFUG00015011146,-,-,-,-
105023,107386917,ENSNFUG00015011605,-,-,XP_015817083.1,ENSNFUP00015024145.1
105023,107386918,ENSNFUG00015011909,-,-,XP_015817084.1,ENSNFUP00015026197.1
105023,107386919,ENSNFUG00015011714,-,-,-,-
105023,107386920,ENSNFUG00015013049,-,-,XP_015817086.1,ENSNFUP00015026931.1
105023,107386923,ENSNFUG00015013498,-,-,XP_015817097.1,ENSNFUP00015028005.1
105023,107386924,ENSNFUG00015013547,-,-,-,-
105023,107386925,ENSNFUG00015013607,-,-,-,-
105023,107386926,ENSNFUG00015013589,-,-,XP_015817100.1,ENSNFUP00015028105.1
105023,107386931,ENSNFUG00015013961,-,-,XP_015817107.1,ENSNFUP00015028848.1
105023,107386933,ENSNFUG00015012178,-,-,XP_015817109.1,ENSNFUP00015025209.1
105023,107386936,ENSNFUG00015013971,-,-,-,-
105023,107386937,ENSNFUG00015012343,-,-,-,-
105023,107386938,ENSNFUG00015016254,-,-,XP_015817114.1,ENSNFUP00015033657.1
105023,107386940,ENSNFUG00015016544,-,-,-,-
105023,107386945,ENSNFUG00015017522,-,-,XP_015817125.1,ENSNFUP00015036192.1
105023,107386946,ENSNFUG00015017588,-,-,-,-
105023,107386948,ENSNFUG00015017697,-,-,-,-
105023,107386949,ENSNFUG00015018014,-,-,-,-
105023,107386951,ENSNFUG00015018024,-,-,-,-
105023,107386952,ENSNFUG00015018028,-,-,XP_015817142.1,ENSNFUP00015037259.1
105023,107386953,ENSNFUG00015018031,-,-,-,-
105023,107386954,ENSNFUG00015018034,-,-,XP_015817146.1,ENSNFUP00015037278.1
105023,107386955,ENSNFUG00015018081,-,-,-,-
105023,107386956,ENSNFUG00015018440,-,-,XP_015817149.1,ENSNFUP00015038417.1
105023,107386956,ENSNFUG00015018440,-,-,XP_015817150.1,ENSNFUP00015038376.1
105023,107386959,ENSNFUG00015018690,-,-,-,-
105023,107386960,ENSNFUG00015018696,-,-,XP_015817153.1,ENSNFUP00015038758.1
105023,107386961,ENSNFUG00015018769,-,-,XP_015817154.1,ENSNFUP00015043485.1
105023,107386962,ENSNFUG00015020863,-,-,XP_015817156.1,ENSNFUP00015043733.1
105023,107386963,ENSNFUG00015020991,-,-,XP_015817157.1,ENSNFUP00015044778.1
105023,107386965,ENSNFUG00015021649,-,-,XP_015817159.1,ENSNFUP00015045543.1
105023,107386968,ENSNFUG00015021658,-,-,XP_015817162.1,ENSNFUP00015045554.1
105023,107386969,ENSNFUG00015021675,-,-,-,-
105023,107386970,ENSNFUG00015021662,-,-,XP_015817166.1,ENSNFUP00015045578.1
105023,107386971,ENSNFUG00015021683,-,-,XP_015817175.1,ENSNFUP00015045654.1
105023,107386971,ENSNFUG00015021683,-,-,XP_015817176.1,ENSNFUP00015045677.1
105023,107386972,ENSNFUG00015021715,-,-,-,-
105023,107386973,ENSNFUG00015021723,-,-,XP_015817179.1,ENSNFUP00015045725.1
105023,107386974,ENSNFUG00015021739,-,-,XP_015817180.1,ENSNFUP00015045794.1
105023,107386974,ENSNFUG00015021739,-,-,XP_015817181.1,ENSNFUP00015045803.1
105023,107386975,ENSNFUG00015021759,-,-,XP_015817183.1,ENSNFUP00015045821.1
105023,107386977,ENSNFUG00015022196,-,-,-,-
105023,107386978,ENSNFUG00015013929,-,-,-,-
105023,107386979,ENSNFUG00015021800,-,-,-,-
105023,107386982,ENSNFUG00015022312,-,-,XP_015817192.1,ENSNFUP00015047333.1
105023,107386982,ENSNFUG00015022312,-,-,XP_015817193.1,ENSNFUP00015047342.1
105023,107386982,ENSNFUG00015022312,-,-,XP_015817194.1,ENSNFUP00015047337.1
105023,107386988,ENSNFUG00015022398,-,-,-,-
105023,107386990,ENSNFUG00015022674,-,-,-,-
105023,107386991,ENSNFUG00015022806,-,-,-,-
105023,107386992,ENSNFUG00015024209,-,-,XP_015817201.1,ENSNFUP00015052050.1
105023,107386993,ENSNFUG00015024320,-,-,XP_015817202.1,ENSNFUP00015052100.1
105023,107386994,ENSNFUG00015024327,-,-,-,-
105023,107386995,ENSNFUG00015024352,-,-,XP_015817206.1,ENSNFUP00015052429.1
105023,107386996,ENSNFUG00015024486,-,-,-,-
105023,107386999,ENSNFUG00015024499,-,-,-,-
105023,107387001,ENSNFUG00015024513,-,-,-,-
105023,107387002,ENSNFUG00015024509,-,-,-,-
105023,107387003,ENSNFUG00015024527,-,-,XP_015817220.1,ENSNFUP00015052632.1
105023,107387004,ENSNFUG00015024565,-,-,-,-
105023,107387005,ENSNFUG00015024593,-,-,XP_015817223.1,ENSNFUP00015052746.1
105023,107387007,ENSNFUG00015024611,-,-,-,-
105023,107387008,ENSNFUG00015024674,-,-,-,-
105023,107387011,ENSNFUG00015024703,-,-,XP_015817231.1,ENSNFUP00015053060.1
105023,107387013,ENSNFUG00015024731,-,-,-,-
105023,107387014,ENSNFUG00015024727,-,-,XP_015817234.1,ENSNFUP00015053093.1
105023,107387015,ENSNFUG00015024734,-,-,XP_015817235.1,ENSNFUP00015053119.1
105023,107387016,ENSNFUG00015024527,-,-,-,-
105023,107387018,ENSNFUG00015024757,-,-,XP_015817240.1,ENSNFUP00015053197.1
105023,107387019,ENSNFUG00015024764,-,-,XP_015817242.1,ENSNFUP00015053221.1
105023,107387020,ENSNFUG00015024783,-,-,-,-
105023,107387021,ENSNFUG00015024796,-,-,XP_015817244.1,ENSNFUP00015053315.1
105023,107387022,ENSNFUG00015024809,-,-,-,-
105023,107387023,ENSNFUG00015024852,-,-,-,-
105023,107387026,ENSNFUG00015024939,-,-,XP_015817251.1,ENSNFUP00015053673.1
105023,107387026,ENSNFUG00015024939,-,-,XP_015817252.1,ENSNFUP00015053681.1
105023,107387027,ENSNFUG00015024942,-,-,-,-
105023,107387028,ENSNFUG00015024953,-,-,-,-
105023,107387029,ENSNFUG00015024961,-,-,XP_015817260.1,ENSNFUP00015053747.1
105023,107387031,ENSNFUG00015024964,-,-,XP_015817261.1,ENSNFUP00015053762.1
105023,107387033,ENSNFUG00015012521,-,-,XP_015817264.1,ENSNFUP00015025825.1
105023,107387034,ENSNFUG00015012516,-,-,XP_015817266.1,ENSNFUP00015025820.1
105023,107387037,ENSNFUG00015012531,-,-,-,-
105023,107387040,ENSNFUG00015012564,-,-,XP_015817277.1,ENSNFUP00015025920.1
105023,107387041,ENSNFUG00015012579,-,-,-,-
105023,107387042,ENSNFUG00015012570,-,-,-,-
105023,107387043,ENSNFUG00015012600,-,-,XP_015817282.1,ENSNFUP00015026053.1
105023,107387044,ENSNFUG00015012771,-,-,-,-
105023,107387045,ENSNFUG00015013892,-,-,XP_015817287.1,ENSNFUP00015028694.1
105023,107387046,ENSNFUG00015013910,-,-,-,-
105023,107387047,ENSNFUG00015013914,-,-,XP_015817289.1,ENSNFUP00015028732.1
105023,107387048,ENSNFUG00015013949,-,-,XP_015817290.1,ENSNFUP00015030343.1
105023,107387049,ENSNFUG00015014922,-,-,XP_015817291.1,ENSNFUP00015030601.1
105023,107387050,ENSNFUG00015015389,-,-,-,-
105023,107387052,ENSNFUG00015015372,-,-,XP_015817295.1,ENSNFUP00015031455.1
105023,107387053,ENSNFUG00015013934,-,-,-,-
105023,107387054,ENSNFUG00015014967,-,-,XP_015817296.1,ENSNFUP00015030692.1
105023,107387057,ENSNFUG00015015572,-,-,XP_015817300.1,ENSNFUP00015031943.1
105023,107387057,ENSNFUG00015015572,-,-,XP_015817301.1,ENSNFUP00015031968.1
105023,107387058,ENSNFUG00015015746,-,-,-,-
105023,107387060,ENSNFUG00015015803,-,-,-,-
105023,107387062,ENSNFUG00015016521,-,-,-,-
105023,107387063,ENSNFUG00015017314,-,-,XP_015817311.1,ENSNFUP00015036019.1
105023,107387063,ENSNFUG00015017314,-,-,XP_015817312.1,ENSNFUP00015036053.1
105023,107387065,ENSNFUG00015016919,-,-,XP_015817315.1,ENSNFUP00015035463.1
105023,107387066,ENSNFUG00015016547,-,-,XP_015817317.1,ENSNFUP00015033921.1
105023,107387087,ENSNFUG00015017766,-,-,-,-
105023,107387090,ENSNFUG00015020776,-,-,XP_015817339.1,ENSNFUP00015043477.1
105023,107387092,ENSNFUG00015020792,-,-,-,-
105023,107387093,ENSNFUG00015020885,-,-,-,-
105023,107387094,ENSNFUG00015021045,-,-,-,-
105023,107387095,ENSNFUG00015021053,-,-,XP_015817346.1,ENSNFUP00015044260.1
105023,107387096,ENSNFUG00015021073,-,-,-,-
105023,107387098,ENSNFUG00015021166,-,-,XP_015817350.1,ENSNFUP00015044479.1
105023,107387099,ENSNFUG00015021063,-,-,-,-
105023,107387100,ENSNFUG00015021170,-,-,XP_015817353.1,ENSNFUP00015044485.1
105023,107387101,ENSNFUG00015021175,-,-,-,-
105023,107387105,ENSNFUG00015021699,-,-,XP_015817360.1,ENSNFUP00015045635.1
105023,107387106,ENSNFUG00015024507,-,-,-,-
105023,107387107,ENSNFUG00015021696,-,-,XP_015817362.1,ENSNFUP00015045632.1
105023,107387108,ENSNFUG00015021719,-,-,-,-
105023,107387113,ENSNFUG00015005420,-,-,-,-
105023,107387116,ENSNFUG00015005384,-,-,-,-
105023,107387117,ENSNFUG00015005345,-,-,-,-
105023,107387118,ENSNFUG00015005086,-,-,-,-
105023,107387119,ENSNFUG00015005034,-,-,XP_015817378.1,ENSNFUP00015010228.1
105023,107387123,ENSNFUG00015004848,-,-,-,-
105023,107387124,ENSNFUG00015022796,-,-,XP_015817384.1,ENSNFUP00015048399.1
105023,107387125,ENSNFUG00015022791,-,-,-,-
105023,107387126,ENSNFUG00015022778,-,-,-,-
105023,107387127,ENSNFUG00015022760,-,-,-,-
105023,107387130,ENSNFUG00015022719,-,-,-,-
105023,107387132,ENSNFUG00015022707,-,-,XP_015817397.1,ENSNFUP00015048174.1
105023,107387134,ENSNFUG00015022695,-,-,XP_015817401.1,ENSNFUP00015048143.1
105023,107387134,ENSNFUG00015022695,-,-,XP_015817402.1,ENSNFUP00015048138.1
105023,107387135,ENSNFUG00015013940,-,-,-,-
105023,107387136,ENSNFUG00015022579,-,-,XP_015817403.1,ENSNFUP00015047987.1
105023,107387137,ENSNFUG00015022543,-,-,-,-
105023,107387138,ENSNFUG00015022531,-,-,-,-
105023,107387139,ENSNFUG00015022513,-,-,XP_015817410.1,ENSNFUP00015047678.1
105023,107387139,ENSNFUG00015022513,-,-,XP_015817412.1,ENSNFUP00015047685.1
105023,107387140,ENSNFUG00015022498,-,-,-,-
105023,107387141,ENSNFUG00015021996,-,-,-,-
105023,107387143,ENSNFUG00015021937,-,-,-,-
105023,107387144,ENSNFUG00015021932,-,-,XP_015817427.1,ENSNFUP00015046244.1
105023,107387146,ENSNFUG00015021927,-,-,XP_015817430.1,ENSNFUP00015046233.1
105023,107387148,ENSNFUG00015021921,-,-,XP_015817432.1,ENSNFUP00015046226.1
105023,107387153,ENSNFUG00015005456,-,-,-,-
105023,107387154,ENSNFUG00015005460,-,-,XP_015817436.1,ENSNFUP00015011049.1
105023,107387157,ENSNFUG00015005465,-,-,-,-
105023,107387158,ENSNFUG00015005502,-,-,XP_015817447.1,ENSNFUP00015011173.1
105023,107387160,ENSNFUG00015005499,-,-,XP_015817454.1,ENSNFUP00015011155.1
105023,107387161,ENSNFUG00015005515,-,-,-,-
105023,107387163,ENSNFUG00015005523,-,-,XP_015817458.1,ENSNFUP00015011217.1
105023,107387166,ENSNFUG00015005544,-,-,XP_015817461.1,ENSNFUP00015011248.1
105023,107387167,ENSNFUG00015005552,-,-,-,-
105023,107387169,ENSNFUG00015005660,-,-,-,-
105023,107387171,ENSNFUG00015005666,-,-,-,-
105023,107387172,ENSNFUG00015005674,-,-,-,-
105023,107387176,ENSNFUG00015005733,-,-,-,-
105023,107387179,ENSNFUG00015005748,-,-,-,-
105023,107387183,ENSNFUG00015006565,-,-,XP_015817482.1,ENSNFUP00015013373.1
105023,107387187,ENSNFUG00015006636,-,-,-,-
105023,107387189,ENSNFUG00015006690,-,-,-,-
105023,107387190,ENSNFUG00015006698,-,-,-,-
105023,107387192,ENSNFUG00015006751,-,-,XP_015817494.1,ENSNFUP00015013871.1
105023,107387194,ENSNFUG00015024750,-,-,XP_015817501.1,ENSNFUP00015053151.1
105023,107387195,ENSNFUG00015006801,-,-,-,-
105023,107387197,ENSNFUG00015007462,-,-,XP_015817504.1,ENSNFUP00015015518.1
105023,107387197,ENSNFUG00015007462,-,-,XP_015817506.1,ENSNFUP00015015512.1
105023,107387198,ENSNFUG00015007491,-,-,XP_015817508.1,ENSNFUP00015015555.1
105023,107387199,ENSNFUG00015007509,-,-,-,-
105023,107387200,ENSNFUG00015024751,-,-,XP_015817513.1,ENSNFUP00015053156.1
105023,107387203,ENSNFUG00015007542,-,-,-,-
105023,107387204,ENSNFUG00015007615,-,-,-,-
105023,107387205,ENSNFUG00015007629,-,-,XP_015817516.1,ENSNFUP00015015886.1
105023,107387206,ENSNFUG00015007619,-,-,-,-
105023,107387207,ENSNFUG00015007654,-,-,XP_015817518.1,ENSNFUP00015015941.1
105023,107387207,ENSNFUG00015007654,-,-,XP_015817519.1,ENSNFUP00015015952.1
105023,107387208,ENSNFUG00015008043,-,-,-,-
105023,107387209,ENSNFUG00015024754,-,-,-,-
105023,107387210,ENSNFUG00015013945,-,-,-,-
105023,107387212,ENSNFUG00015015311,-,-,-,-
105023,107387214,ENSNFUG00015016599,-,-,-,-
105023,107387216,ENSNFUG00015016121,-,-,XP_015817548.1,ENSNFUP00015033958.1
105023,107387217,ENSNFUG00015016612,-,-,-,-
105023,107387218,ENSNFUG00015016067,-,-,XP_015817551.1,ENSNFUP00015032780.1
105023,107387219,ENSNFUG00015016634,-,-,-,-
105023,107387227,ENSNFUG00015015300,-,-,-,-
105023,107387231,ENSNFUG00015007076,-,-,-,-
105023,107387232,ENSNFUG00015006545,-,-,-,-
105023,107387233,ENSNFUG00015006464,-,-,XP_015817566.1,ENSNFUP00015013160.1
105023,107387234,ENSNFUG00015006462,-,-,-,-
105023,107387235,ENSNFUG00015006454,-,-,-,-
105023,107387238,ENSNFUG00015006427,-,-,XP_015817575.1,ENSNFUP00015013094.1
105023,107387240,ENSNFUG00015006395,-,-,XP_015817580.1,ENSNFUP00015013075.1
105023,107387242,ENSNFUG00015006356,-,-,-,-
105023,107387243,ENSNFUG00015006349,-,-,XP_015817585.1,ENSNFUP00015012950.1
105023,107387245,ENSNFUG00015005133,-,-,-,-
105023,107387246,ENSNFUG00015004837,-,-,-,-
105023,107387247,ENSNFUG00015004824,-,-,-,-
105023,107387249,ENSNFUG00015004780,-,-,-,-
105023,107387254,ENSNFUG00015004689,-,-,-,-
105023,107387259,ENSNFUG00015025126,-,-,-,-
105023,107387260,ENSNFUG00015025093,-,-,-,-
105023,107387265,ENSNFUG00015025119,-,-,-,-
105023,107387268,ENSNFUG00015025140,-,-,-,-
105023,107387270,ENSNFUG00015025062,-,-,XP_015817629.1,ENSNFUP00015053991.1
105023,107387272,ENSNFUG00015025060,-,-,-,-
105023,107387273,ENSNFUG00015004767,-,-,XP_015817636.1,ENSNFUP00015010134.1
105023,107387277,ENSNFUG00015025056,-,-,XP_015817637.1,ENSNFUP00015053957.1
105023,107387279,ENSNFUG00015025050,-,-,-,-
105023,107387281,ENSNFUG00015024816,-,-,XP_015817642.1,ENSNFUP00015053902.1
105023,107387281,ENSNFUG00015024816,-,-,XP_015817644.1,ENSNFUP00015053903.1
105023,107387281,ENSNFUG00015024816,-,-,XP_015817646.1,ENSNFUP00015053904.1
105023,107387281,ENSNFUG00015024816,-,-,XP_015817650.1,ENSNFUP00015053906.1
105023,107387281,ENSNFUG00015024816,-,-,XP_015817652.1,ENSNFUP00015053909.1
105023,107387281,ENSNFUG00015024816,-,-,XP_015817653.1,ENSNFUP00015053911.1
105023,107387281,ENSNFUG00015024816,-,-,XP_015817654.1,ENSNFUP00015053912.1
105023,107387282,ENSNFUG00015005085,-,-,-,-
105023,107387283,ENSNFUG00015013956,-,-,-,-
105023,107387286,ENSNFUG00015024722,-,-,XP_015817657.1,ENSNFUP00015053082.1
105023,107387287,ENSNFUG00015024706,-,-,XP_015817660.1,ENSNFUP00015053055.1
105023,107387289,ENSNFUG00015024657,-,-,XP_015817665.1,ENSNFUP00015052926.1
105023,107387291,ENSNFUG00015005100,-,-,-,-
105023,107387292,ENSNFUG00015024640,-,-,XP_015817666.1,ENSNFUP00015052861.1
105023,107387294,ENSNFUG00015024580,-,-,XP_015817669.1,ENSNFUP00015052714.1
105023,107387295,ENSNFUG00015024554,-,-,XP_015817671.1,ENSNFUP00015052675.1
105023,107387296,ENSNFUG00015024559,-,-,XP_015817672.1,ENSNFUP00015052685.1
105023,107387301,ENSNFUG00015024287,-,-,-,-
105023,107387302,ENSNFUG00015024288,-,-,XP_015817682.1,ENSNFUP00015052016.1
105023,107387303,ENSNFUG00015024285,-,-,XP_015817683.1,ENSNFUP00015052009.1
105023,107387308,ENSNFUG00015024245,-,-,XP_015817691.1,ENSNFUP00015051883.1
105023,107387309,ENSNFUG00015024243,-,-,XP_015817694.1,ENSNFUP00015051877.1
105023,107387310,ENSNFUG00015024232,-,-,XP_015817696.1,ENSNFUP00015051828.1
105023,107387311,ENSNFUG00015024235,-,-,-,-
105023,107387312,ENSNFUG00015024077,-,-,XP_015817699.1,ENSNFUP00015051797.1
105023,107387313,ENSNFUG00015024034,-,-,XP_015817701.1,ENSNFUP00015051289.1
105023,107387314,ENSNFUG00015023117,-,-,XP_015817703.1,ENSNFUP00015051059.1
105023,107387316,ENSNFUG00015022483,-,-,XP_015817706.1,ENSNFUP00015048154.1
105023,107387317,ENSNFUG00015022453,-,-,XP_015817709.1,ENSNFUP00015047508.1
105023,107387318,ENSNFUG00015005562,-,-,-,-
105023,107387319,ENSNFUG00015022457,-,-,XP_015817711.1,ENSNFUP00015047517.1
105023,107387321,ENSNFUG00015022450,-,-,XP_015817714.1,ENSNFUP00015047500.1
105023,107387322,ENSNFUG00015022297,-,-,XP_015817715.1,ENSNFUP00015047431.1
105023,107387323,ENSNFUG00015022447,-,-,XP_015817716.1,ENSNFUP00015047494.1
105023,107387324,ENSNFUG00015022014,-,-,XP_015817717.1,ENSNFUP00015047006.1
105023,107387325,ENSNFUG00015022281,-,-,XP_015817718.1,ENSNFUP00015047134.1
105023,107387326,ENSNFUG00015022284,-,-,-,-
105023,107387329,ENSNFUG00015021959,-,-,-,-
105023,107387331,ENSNFUG00015021903,-,-,XP_015817729.1,ENSNFUP00015046181.1
105023,107387333,ENSNFUG00015017023,-,-,XP_015817732.1,ENSNFUP00015045522.1
105023,107387334,ENSNFUG00015016697,-,-,XP_015817735.1,ENSNFUP00015034313.1
105023,107387335,ENSNFUG00015016422,-,-,XP_015817736.1,ENSNFUP00015034164.1
105023,107387336,ENSNFUG00015016406,-,-,XP_015817737.1,ENSNFUP00015033511.1
105023,107387337,ENSNFUG00015016394,-,-,XP_015817738.1,ENSNFUP00015033504.1
105023,107387338,ENSNFUG00015013696,-,-,XP_015817740.1,ENSNFUP00015032809.1
105023,107387339,ENSNFUG00015005723,-,-,-,-
105023,107387340,ENSNFUG00015013572,-,-,XP_015817742.1,ENSNFUP00015028072.1
105023,107387342,ENSNFUG00015013179,-,-,XP_015817750.1,ENSNFUP00015027173.1
105023,107387342,ENSNFUG00015013179,-,-,XP_015817752.1,ENSNFUP00015027177.1
105023,107387343,ENSNFUG00015013149,-,-,XP_015817754.1,ENSNFUP00015027148.1
105023,107387344,ENSNFUG00015013126,-,-,-,-
105023,107387352,ENSNFUG00015010416,-,-,-,-
105023,107387354,ENSNFUG00015010062,-,-,-,-
105023,107387355,ENSNFUG00015010018,-,-,-,-
105023,107387356,ENSNFUG00015013969,-,-,XP_015817811.1,ENSNFUP00015028861.1
105023,107387357,ENSNFUG00015010005,-,-,XP_015817774.1,ENSNFUP00015020611.1
105023,107387358,ENSNFUG00015009989,-,-,XP_015817775.1,ENSNFUP00015020597.1
105023,107387360,ENSNFUG00015009942,-,-,XP_015817778.1,ENSNFUP00015020542.1
105023,107387361,ENSNFUG00015009911,-,-,XP_015817779.1,ENSNFUP00015020446.1
105023,107387364,ENSNFUG00015008897,-,-,-,-
105023,107387365,ENSNFUG00015008856,-,-,XP_015817785.1,ENSNFUP00015018640.1
105023,107387365,ENSNFUG00015008856,-,-,XP_015817786.1,ENSNFUP00015018679.1
105023,107387371,ENSNFUG00015008794,-,-,XP_015817792.1,ENSNFUP00015018503.1
105023,107387372,ENSNFUG00015008788,-,-,XP_015817793.1,ENSNFUP00015018483.1
105023,107387373,ENSNFUG00015008792,-,-,XP_015817797.1,ENSNFUP00015018492.1
105023,107387374,ENSNFUG00015008294,-,-,-,-
105023,107387375,ENSNFUG00015008778,-,-,XP_015817799.1,ENSNFUP00015018472.1
105023,107387377,ENSNFUG00015008108,-,-,XP_015817801.1,ENSNFUP00015017072.1
105023,107387378,ENSNFUG00015007947,-,-,-,-
105023,107387380,ENSNFUG00015007901,-,-,-,-
105023,107387382,ENSNFUG00015007884,-,-,-,-
105023,107387384,ENSNFUG00015007870,-,-,XP_015817815.1,ENSNFUP00015016414.1
105023,107387385,ENSNFUG00015008668,-,-,-,-
105023,107387386,ENSNFUG00015007863,-,-,-,-
105023,107387387,ENSNFUG00015007842,-,-,-,-
105023,107387388,ENSNFUG00015007832,-,-,-,-
105023,107387393,ENSNFUG00015010052,-,-,XP_015817831.1,ENSNFUP00015020737.1
105023,107387396,ENSNFUG00015007570,-,-,XP_015817832.1,ENSNFUP00015016220.1
105023,107387401,ENSNFUG00015010067,-,-,-,-
105023,107387402,ENSNFUG00015007474,-,-,XP_015817841.1,ENSNFUP00015015513.1
105023,107387403,ENSNFUG00015007487,-,-,XP_015817842.1,ENSNFUP00015015606.1
105023,107387406,ENSNFUG00015007463,-,-,-,-
105023,107387408,ENSNFUG00015005705,-,-,-,-
105023,107387412,ENSNFUG00015005020,-,-,-,-
105023,107387414,ENSNFUG00015004992,-,-,-,-
105023,107387415,ENSNFUG00015004973,-,-,XP_015817863.1,ENSNFUP00015010123.1
105023,107387416,ENSNFUG00015004791,-,-,-,-
105023,107387417,ENSNFUG00015004725,-,-,-,-
105023,107387418,ENSNFUG00015010090,-,-,XP_015817872.1,ENSNFUP00015020805.1
105023,107387419,ENSNFUG00015004960,-,-,XP_015817870.1,ENSNFUP00015010071.1
105023,107387420,ENSNFUG00015004716,-,-,-,-
105023,107387421,ENSNFUG00015004707,-,-,XP_015817873.1,ENSNFUP00015009648.1
105023,107387424,ENSNFUG00015025148,-,-,XP_015817878.1,ENSNFUP00015054169.1
105023,107387427,ENSNFUG00015010119,-,-,-,-
105023,107387442,ENSNFUG00015012575,-,-,XP_015817891.1,ENSNFUP00015025945.1
105023,107387444,ENSNFUG00015011571,-,-,XP_015817895.1,ENSNFUP00015023936.1
105023,107387446,ENSNFUG00015011618,-,-,XP_015817897.1,ENSNFUP00015024054.1
105023,107387447,ENSNFUG00015011631,-,-,-,-
105023,107387448,ENSNFUG00015011548,-,-,XP_015817901.1,ENSNFUP00015023867.1
105023,107387449,ENSNFUG00015011613,-,-,XP_015817902.1,ENSNFUP00015024022.1
105023,107387450,ENSNFUG00015011535,-,-,-,-
105023,107387451,ENSNFUG00015011524,-,-,XP_015817904.1,ENSNFUP00015023805.1
105023,107387452,ENSNFUG00015011504,-,-,-,-
105023,107387453,ENSNFUG00015010243,-,-,-,-
105023,107387456,ENSNFUG00015011511,-,-,XP_015817910.1,ENSNFUP00015023782.1
105023,107387459,ENSNFUG00015011426,-,-,-,-
105023,107387460,ENSNFUG00015011399,-,-,XP_015817917.1,ENSNFUP00015023594.1
105023,107387461,ENSNFUG00015010576,-,-,-,-
105023,107387462,ENSNFUG00015011383,-,-,XP_015817920.1,ENSNFUP00015023553.1
105023,107387463,ENSNFUG00015011377,-,-,XP_015817921.1,ENSNFUP00015023525.1
105023,107387466,ENSNFUG00015010943,-,-,XP_015817930.1,ENSNFUP00015022613.1
105023,107387468,ENSNFUG00015010587,-,-,-,-
105023,107387470,ENSNFUG00015009840,-,-,-,-
105023,107387471,ENSNFUG00015010424,-,-,XP_015817939.1,ENSNFUP00015021432.1
105023,107387472,ENSNFUG00015010443,-,-,-,-
105023,107387473,ENSNFUG00015010451,-,-,-,-
105023,107387475,ENSNFUG00015010625,-,-,-,-
105023,107387476,ENSNFUG00015009676,-,-,-,-
105023,107387477,ENSNFUG00015009652,-,-,-,-
105023,107387478,ENSNFUG00015009597,-,-,XP_015817950.1,ENSNFUP00015019885.1
105023,107387479,ENSNFUG00015009550,-,-,XP_015817951.1,ENSNFUP00015019797.1
105023,107387480,ENSNFUG00015009533,-,-,-,-
105023,107387481,ENSNFUG00015009515,-,-,-,-
105023,107387482,ENSNFUG00015010600,-,-,-,-
105023,107387483,ENSNFUG00015009430,-,-,-,-
105023,107387485,ENSNFUG00015008862,-,-,-,-
105023,107387486,ENSNFUG00015008854,-,-,-,-
105023,107387487,ENSNFUG00015008643,-,-,XP_015817965.1,ENSNFUP00015018416.1
105023,107387487,ENSNFUG00015008643,-,-,XP_015817967.1,ENSNFUP00015018543.1
105023,107387487,ENSNFUG00015008643,-,-,XP_015817968.1,ENSNFUP00015018471.1
105023,107387490,ENSNFUG00015008633,-,-,XP_015817969.1,ENSNFUP00015018060.1
105023,107387491,ENSNFUG00015008629,-,-,XP_015817971.1,ENSNFUP00015018053.1
105023,107387492,ENSNFUG00015008622,-,-,XP_015817973.1,ENSNFUP00015018048.1
105023,107387493,ENSNFUG00015008613,-,-,-,-
105023,107387494,ENSNFUG00015008384,-,-,-,-
105023,107387495,ENSNFUG00015010634,-,-,-,-
105023,107387496,ENSNFUG00015008561,-,-,-,-
105023,107387498,ENSNFUG00015008540,-,-,XP_015817984.1,ENSNFUP00015017879.1
105023,107387500,ENSNFUG00015008102,-,-,XP_015817986.1,ENSNFUP00015017435.1
105023,107387502,ENSNFUG00015008040,-,-,-,-
105023,107387503,ENSNFUG00015010662,-,-,XP_015817996.1,ENSNFUP00015022028.1
105023,107387504,ENSNFUG00015007986,-,-,-,-
105023,107387505,ENSNFUG00015008004,-,-,XP_015817998.1,ENSNFUP00015016738.1
105023,107387506,ENSNFUG00015008015,-,-,-,-
105023,107387507,ENSNFUG00015008031,-,-,XP_015818002.1,ENSNFUP00015016825.1
105023,107387508,ENSNFUG00015008007,-,-,XP_015818004.1,ENSNFUP00015016746.1
105023,107387509,ENSNFUG00015007978,-,-,-,-
105023,107387510,ENSNFUG00015007492,-,-,XP_015818007.1,ENSNFUP00015016573.1
105023,107387513,ENSNFUG00015007152,-,-,XP_015818012.1,ENSNFUP00015014769.1
105023,107387513,ENSNFUG00015007152,-,-,XP_015818013.1,ENSNFUP00015014778.1
105023,107387514,ENSNFUG00015007136,-,-,-,-
105023,107387515,ENSNFUG00015007113,-,-,-,-
105023,107387516,ENSNFUG00015007089,-,-,-,-
105023,107387518,ENSNFUG00015010729,-,-,XP_015818026.1,ENSNFUP00015023511.1
105023,107387526,ENSNFUG00015022024,-,-,-,-
105023,107387529,ENSNFUG00015011425,-,-,-,-
105023,107387550,ENSNFUG00015021353,-,-,XP_015818052.1,ENSNFUP00015044915.1
105023,107387552,ENSNFUG00015021355,-,-,XP_015818054.1,ENSNFUP00015044922.1
105023,107387553,ENSNFUG00015021461,-,-,XP_015818056.1,ENSNFUP00015045143.1
105023,107387557,ENSNFUG00015021500,-,-,-,-
105023,107387559,ENSNFUG00015021484,-,-,XP_015818067.1,ENSNFUP00015045190.1
105023,107387561,ENSNFUG00015021727,-,-,-,-
105023,107387563,ENSNFUG00015022613,-,-,XP_015818070.1,ENSNFUP00015047919.1
105023,107387564,ENSNFUG00015011657,-,-,-,-
105023,107387565,ENSNFUG00015022610,-,-,-,-
105023,107387566,ENSNFUG00015022615,-,-,XP_015818079.1,ENSNFUP00015047932.1
105023,107387567,ENSNFUG00015022627,-,-,-,-
105023,107387568,ENSNFUG00015022639,-,-,-,-
105023,107387569,ENSNFUG00015022645,-,-,XP_015818087.1,ENSNFUP00015048017.1
105023,107387570,ENSNFUG00015013978,-,-,XP_015818128.1,ENSNFUP00015028902.1
105023,107387571,ENSNFUG00015011629,-,-,XP_015818088.1,ENSNFUP00015024073.1
105023,107387573,ENSNFUG00015022869,-,-,XP_015818093.1,ENSNFUP00015051805.1
105023,107387573,ENSNFUG00015022869,-,-,XP_015818094.1,ENSNFUP00015051833.1
105023,107387573,ENSNFUG00015022869,-,-,XP_015818098.1,ENSNFUP00015051868.1
105023,107387573,ENSNFUG00015022869,-,-,XP_015818101.1,ENSNFUP00015051838.1
105023,107387573,ENSNFUG00015022869,-,-,XP_015818102.1,ENSNFUP00015051850.1
105023,107387573,ENSNFUG00015022869,-,-,XP_015818105.1,ENSNFUP00015051878.1
105023,107387574,ENSNFUG00015011708,-,-,XP_015818104.1,ENSNFUP00015025174.1
105023,107387575,ENSNFUG00015024251,-,-,XP_015818117.1,ENSNFUP00015051905.1
105023,107387577,ENSNFUG00015024294,-,-,-,-
105023,107387578,ENSNFUG00015024339,-,-,-,-
105023,107387580,ENSNFUG00015024348,-,-,XP_015818122.1,ENSNFUP00015052170.1
105023,107387581,ENSNFUG00015012215,-,-,-,-
105023,107387582,ENSNFUG00015024364,-,-,-,-
105023,107387602,ENSNFUG00015011210,-,-,XP_015818132.1,ENSNFUP00015023670.1
105023,107387605,ENSNFUG00015013963,-,-,XP_015818134.1,ENSNFUP00015028852.1
105023,107387606,ENSNFUG00015013641,-,-,XP_015818135.1,ENSNFUP00015028368.1
105023,107387609,ENSNFUG00015012230,-,-,XP_015818139.1,ENSNFUP00015025453.1
105023,107387611,ENSNFUG00015012628,-,-,XP_015818137.1,ENSNFUP00015027170.1
105023,107387614,ENSNFUG00015013133,-,-,XP_015818141.1,ENSNFUP00015027088.1
105023,107387615,ENSNFUG00015013189,-,-,-,-
105023,107387616,ENSNFUG00015013143,-,-,XP_015818145.1,ENSNFUP00015027130.1
105023,107387617,ENSNFUG00015013372,-,-,XP_015818146.1,ENSNFUP00015027646.1
105023,107387618,ENSNFUG00015013386,-,-,XP_015818147.1,ENSNFUP00015027664.1
105023,107387619,ENSNFUG00015012316,-,-,-,-
105023,107387621,ENSNFUG00015014267,-,-,-,-
105023,107387623,ENSNFUG00015005353,-,-,-,-
105023,107387625,ENSNFUG00015018591,-,-,XP_015818152.1,ENSNFUP00015038510.1
105023,107387627,ENSNFUG00015018598,-,-,-,-
105023,107387633,ENSNFUG00015018622,-,-,XP_015818165.1,ENSNFUP00015038590.1
105023,107387634,ENSNFUG00015018633,-,-,-,-
105023,107387635,ENSNFUG00015018634,-,-,-,-
105023,107387636,ENSNFUG00015018791,-,-,-,-
105023,107387637,ENSNFUG00015012349,-,-,XP_015818177.1,ENSNFUP00015025547.1
105023,107387638,ENSNFUG00015012363,-,-,XP_015818205.1,ENSNFUP00015025558.1
105023,107387641,ENSNFUG00015023543,-,-,-,-
105023,107387645,ENSNFUG00015023880,-,-,-,-
105023,107387647,ENSNFUG00015023894,-,-,-,-
105023,107387648,ENSNFUG00015012378,-,-,-,-
105023,107387649,ENSNFUG00015023902,-,-,-,-
105023,107387651,ENSNFUG00015023974,-,-,-,-
105023,107387652,ENSNFUG00015023985,-,-,-,-
105023,107387660,ENSNFUG00015024129,-,-,-,-
105023,107387661,ENSNFUG00015024130,-,-,-,-
105023,107387663,ENSNFUG00015024200,-,-,-,-
105023,107387665,ENSNFUG00015012458,-,-,-,-
105023,107387666,ENSNFUG00015024207,-,-,XP_015818254.1,ENSNFUP00015051761.1
105023,107387667,ENSNFUG00015024207,-,-,-,-
105023,107387669,ENSNFUG00015024213,-,-,XP_015818259.1,ENSNFUP00015051796.1
105023,107387671,ENSNFUG00015012489,-,-,XP_015818269.1,ENSNFUP00015025786.1
105023,107387672,ENSNFUG00015024778,-,-,-,-
105023,107387673,ENSNFUG00015024782,-,-,XP_015818271.1,ENSNFUP00015053263.1
105023,107387674,ENSNFUG00015024785,-,-,XP_015818272.1,ENSNFUP00015053276.1
105023,107387675,ENSNFUG00015024787,-,-,XP_015818273.1,ENSNFUP00015053278.1
105023,107387676,ENSNFUG00015024791,-,-,-,-
105023,107387679,ENSNFUG00015012528,-,-,-,-
105023,107387680,ENSNFUG00015024901,-,-,XP_015818276.1,ENSNFUP00015054324.1
105023,107387681,ENSNFUG00015025251,-,-,-,-
105023,107387682,ENSNFUG00015025253,-,-,-,-
105023,107387683,ENSNFUG00015025256,-,-,-,-
105023,107387684,ENSNFUG00015025259,-,-,XP_015818284.1,ENSNFUP00015054417.1
105023,107387686,ENSNFUG00015025260,-,-,-,-
105023,107387687,ENSNFUG00015025261,-,-,-,-
105023,107387691,ENSNFUG00015025293,-,-,-,-
105023,107387695,ENSNFUG00015025334,-,-,XP_015818296.1,ENSNFUP00015054607.1
105023,107387695,ENSNFUG00015025334,-,-,XP_015818297.1,ENSNFUP00015054602.1
105023,107387696,ENSNFUG00015012511,-,-,XP_015818300.1,ENSNFUP00015025823.1
105023,107387698,ENSNFUG00015025340,-,-,XP_015818298.1,ENSNFUP00015054613.1
105023,107387699,ENSNFUG00015025342,-,-,-,-
105023,107387701,ENSNFUG00015025345,-,-,-,-
105023,107387702,ENSNFUG00015025348,-,-,-,-
105023,107387703,ENSNFUG00015025351,-,-,XP_015818304.1,ENSNFUP00015054644.1
105023,107387704,ENSNFUG00015025354,-,-,-,-
105023,107387705,ENSNFUG00015012549,-,-,XP_015818312.1,ENSNFUP00015025896.1
105023,107387707,ENSNFUG00015004724,-,-,-,-
105023,107387709,ENSNFUG00015004762,-,-,XP_015818313.1,ENSNFUP00015009780.1
105023,107387709,ENSNFUG00015004762,-,-,XP_015818315.1,ENSNFUP00015009801.1
105023,107387710,ENSNFUG00015004838,-,-,-,-
105023,107387711,ENSNFUG00015004820,-,-,XP_015818320.1,ENSNFUP00015009835.1
105023,107387714,ENSNFUG00015004852,-,-,-,-
105023,107387715,ENSNFUG00015004865,-,-,XP_015818324.1,ENSNFUP00015009888.1
105023,107387716,ENSNFUG00015004860,-,-,-,-
105023,107387718,ENSNFUG00015004892,-,-,XP_015818328.1,ENSNFUP00015009936.1
105023,107387721,ENSNFUG00015005620,-,-,XP_015818336.1,ENSNFUP00015011433.1
105023,107387722,ENSNFUG00015005608,-,-,XP_015818337.1,ENSNFUP00015011391.1
105023,107387722,ENSNFUG00015005608,-,-,XP_015818339.1,ENSNFUP00015011396.1
105023,107387725,ENSNFUG00015005632,-,-,-,-
105023,107387726,ENSNFUG00015005667,-,-,-,-
105023,107387727,ENSNFUG00015005737,-,-,XP_015818344.1,ENSNFUP00015012051.1
105023,107387728,ENSNFUG00015005682,-,-,XP_015818346.1,ENSNFUP00015011539.1
105023,107387729,ENSNFUG00015005961,-,-,XP_015818347.1,ENSNFUP00015012089.1
105023,107387731,ENSNFUG00015005997,-,-,XP_015818352.1,ENSNFUP00015012588.1
105023,107387732,ENSNFUG00015006201,-,-,XP_015818353.1,ENSNFUP00015012613.1
105023,107387734,ENSNFUG00015006207,-,-,-,-
105023,107387735,ENSNFUG00015006238,-,-,-,-
105023,107387736,ENSNFUG00015006318,-,-,-,-
105023,107387737,ENSNFUG00015006428,-,-,XP_015818370.1,ENSNFUP00015013095.1
105023,107387738,ENSNFUG00015006434,-,-,-,-
105023,107387739,ENSNFUG00015006446,-,-,-,-
105023,107387740,ENSNFUG00015006620,-,-,XP_015818374.1,ENSNFUP00015018235.1
105023,107387740,ENSNFUG00015006620,-,-,XP_015818375.1,ENSNFUP00015018248.1
105023,107387740,ENSNFUG00015006620,-,-,XP_015818377.1,ENSNFUP00015018265.1
105023,107387740,ENSNFUG00015006620,-,-,XP_015818381.1,ENSNFUP00015018291.1
105023,107387740,ENSNFUG00015006620,-,-,XP_015818387.1,ENSNFUP00015018278.1
105023,107387741,ENSNFUG00015012593,-,-,XP_015818383.1,ENSNFUP00015026803.1
105023,107387743,ENSNFUG00015008816,-,-,-,-
105023,107387744,ENSNFUG00015009354,-,-,-,-
105023,107387745,ENSNFUG00015013019,-,-,XP_015818395.1,ENSNFUP00015026933.1
105023,107387746,ENSNFUG00015013514,-,-,-,-
105023,107387747,ENSNFUG00015013529,-,-,-,-
105023,107387749,ENSNFUG00015013983,-,-,-,-
105023,107387750,ENSNFUG00015014002,-,-,XP_015818398.1,ENSNFUP00015028951.1
105023,107387751,ENSNFUG00015013581,-,-,XP_015818399.1,ENSNFUP00015028808.1
105023,107387753,ENSNFUG00015014128,-,-,XP_015818401.1,ENSNFUP00015030862.1
105023,107387757,ENSNFUG00015015160,-,-,XP_015818405.1,ENSNFUP00015031067.1
105023,107387759,ENSNFUG00015015177,-,-,XP_015818406.1,ENSNFUP00015031109.1
105023,107387759,ENSNFUG00015015177,-,-,XP_015818407.1,ENSNFUP00015031100.1
105023,107387761,ENSNFUG00015015774,-,-,XP_015818410.1,ENSNFUP00015032197.1
105023,107387763,ENSNFUG00015015777,-,-,XP_015818411.1,ENSNFUP00015032210.1
105023,107387765,ENSNFUG00015015792,-,-,XP_015818413.1,ENSNFUP00015032236.1
105023,107387766,ENSNFUG00015015801,-,-,XP_015818414.1,ENSNFUP00015032273.1
105023,107387767,ENSNFUG00015017625,-,-,XP_015818415.1,ENSNFUP00015036397.1
105023,107387768,ENSNFUG00015017788,-,-,-,-
105023,107387769,ENSNFUG00015017985,-,-,XP_015818424.1,ENSNFUP00015046074.1
105023,107387769,ENSNFUG00015017985,-,-,XP_015818425.1,ENSNFUP00015046117.1
105023,107387772,ENSNFUG00015022050,-,-,-,-
105023,107387773,ENSNFUG00015022118,-,-,XP_015818431.1,ENSNFUP00015046635.1
105023,107387774,ENSNFUG00015022121,-,-,XP_015818432.1,ENSNFUP00015046643.1
105023,107387774,ENSNFUG00015022121,-,-,XP_015818433.1,ENSNFUP00015046646.1
105023,107387775,ENSNFUG00015022136,-,-,XP_015818438.1,ENSNFUP00015047008.1
105023,107387777,ENSNFUG00015022374,-,-,XP_015818439.1,ENSNFUP00015047317.1
105023,107387779,ENSNFUG00015023337,-,-,-,-
105023,107387781,ENSNFUG00015023387,-,-,-,-
105023,107387783,ENSNFUG00015024032,-,-,XP_015818449.1,ENSNFUP00015051519.1
105023,107387783,ENSNFUG00015024032,-,-,XP_015818451.1,ENSNFUP00015051485.1
105023,107387786,ENSNFUG00015024124,-,-,-,-
105023,107387787,ENSNFUG00015024139,-,-,-,-
105023,107387789,ENSNFUG00015024143,-,-,-,-
105023,107387790,ENSNFUG00015024148,-,-,-,-
105023,107387793,ENSNFUG00015024163,-,-,XP_015818464.1,ENSNFUP00015051648.1
105023,107387796,ENSNFUG00015024193,-,-,-,-
105023,107387797,ENSNFUG00015007392,-,-,XP_015818471.1,ENSNFUP00015015284.1
105023,107387799,ENSNFUG00015007398,-,-,XP_015818474.1,ENSNFUP00015015302.1
105023,107387800,ENSNFUG00015007406,-,-,XP_015818475.1,ENSNFUP00015015324.1
105023,107387801,ENSNFUG00015007424,-,-,XP_015818476.1,ENSNFUP00015015497.1
105023,107387802,ENSNFUG00015007479,-,-,-,-
105023,107387803,ENSNFUG00015007485,-,-,-,-
105023,107387804,ENSNFUG00015007507,-,-,-,-
105023,107387805,ENSNFUG00015007579,-,-,-,-
105023,107387807,ENSNFUG00015007656,-,-,-,-
105023,107387809,ENSNFUG00015007674,-,-,XP_015818489.1,ENSNFUP00015015966.1
105023,107387810,ENSNFUG00015007685,-,-,XP_015818490.1,ENSNFUP00015015985.1
105023,107387811,ENSNFUG00015007685,-,-,-,-
105023,107387812,ENSNFUG00015007780,-,-,XP_015818492.1,ENSNFUP00015017631.1
105023,107387813,ENSNFUG00015008559,-,-,XP_015818494.1,ENSNFUP00015017937.1
105023,107387815,ENSNFUG00015008571,-,-,-,-
105023,107387816,ENSNFUG00015008602,-,-,XP_015818498.1,ENSNFUP00015018114.1
105023,107387817,ENSNFUG00015008660,-,-,XP_015818502.1,ENSNFUP00015018158.1
105023,107387819,ENSNFUG00015009060,-,-,XP_015818506.1,ENSNFUP00015026252.1
105023,107387821,ENSNFUG00015008675,-,-,XP_015818507.1,ENSNFUP00015018216.1
105023,107387822,ENSNFUG00015013284,-,-,XP_015818508.1,ENSNFUP00015027511.1
105023,107387824,ENSNFUG00015013323,-,-,-,-
105023,107387825,ENSNFUG00015013354,-,-,XP_015818512.1,ENSNFUP00015027623.1
105023,107387826,ENSNFUG00015013346,-,-,XP_015818513.1,ENSNFUP00015027580.1
105023,107387828,ENSNFUG00015013452,-,-,XP_015818515.1,ENSNFUP00015027918.1
105023,107387829,ENSNFUG00015013423,-,-,XP_015818516.1,ENSNFUP00015027766.1
105023,107387831,ENSNFUG00015013528,-,-,XP_015818518.1,ENSNFUP00015028001.1
105023,107387832,ENSNFUG00015013517,-,-,-,-
105023,107387833,ENSNFUG00015013571,-,-,-,-
105023,107387834,ENSNFUG00015013820,-,-,XP_015818529.1,ENSNFUP00015032676.1
105023,107387835,ENSNFUG00015016101,-,-,XP_015818530.1,ENSNFUP00015032852.1
105023,107387838,ENSNFUG00015016130,-,-,XP_015818532.1,ENSNFUP00015032950.1
105023,107387838,ENSNFUG00015016130,-,-,XP_015818533.1,ENSNFUP00015032985.1
105023,107387839,ENSNFUG00015016197,-,-,XP_015818534.1,ENSNFUP00015033173.1
105023,107387839,ENSNFUG00015016197,-,-,XP_015818535.1,ENSNFUP00015033203.1
105023,107387843,ENSNFUG00015016524,-,-,XP_015818544.1,ENSNFUP00015042588.1
105023,107387843,ENSNFUG00015016524,-,-,XP_015818546.1,ENSNFUP00015042797.1
105023,107387844,ENSNFUG00015016351,-,-,-,-
105023,107387845,ENSNFUG00015016338,-,-,-,-
105023,107387848,ENSNFUG00015020829,-,-,XP_015818555.1,ENSNFUP00015044650.1
105023,107387849,ENSNFUG00015024411,-,-,-,-
105023,107387850,ENSNFUG00015024474,-,-,XP_015818562.1,ENSNFUP00015052911.1
105023,107387851,ENSNFUG00015013279,-,-,-,-
105023,107387853,ENSNFUG00015024682,-,-,-,-
105023,107387854,ENSNFUG00015024702,-,-,-,-
105023,107387855,ENSNFUG00015024710,-,-,XP_015818567.1,ENSNFUP00015053063.1
105023,107387855,ENSNFUG00015024710,-,-,XP_015818569.1,ENSNFUP00015053067.1
105023,107387856,ENSNFUG00015024737,-,-,XP_015818571.1,ENSNFUP00015053140.1
105023,107387857,ENSNFUG00015024773,-,-,XP_015818572.1,ENSNFUP00015053292.1
105023,107387857,ENSNFUG00015024773,-,-,XP_015818573.1,ENSNFUP00015053301.1
105023,107387858,ENSNFUG00015024797,-,-,-,-
105023,107387859,ENSNFUG00015005212,-,-,-,-
105023,107387860,ENSNFUG00015024806,-,-,-,-
105023,107387861,ENSNFUG00015004787,-,-,-,-
105023,107387862,ENSNFUG00015024800,-,-,-,-
105023,107387863,ENSNFUG00015007238,-,-,-,-
105023,107387865,ENSNFUG00015007263,-,-,XP_015818586.1,ENSNFUP00015014982.1
105023,107387868,ENSNFUG00015007296,-,-,XP_015818591.1,ENSNFUP00015015037.1
105023,107387869,ENSNFUG00015007314,-,-,-,-
105023,107387870,ENSNFUG00015007391,-,-,-,-
105023,107387871,ENSNFUG00015007328,-,-,XP_015818599.1,ENSNFUP00015015243.1
105023,107387873,ENSNFUG00015008881,-,-,-,-
105023,107387874,ENSNFUG00015007585,-,-,XP_015818605.1,ENSNFUP00015018433.1
105023,107387875,ENSNFUG00015008847,-,-,XP_015818606.1,ENSNFUP00015018616.1
105023,107387876,ENSNFUG00015009203,-,-,XP_015818607.1,ENSNFUP00015021674.1
105023,107387876,ENSNFUG00015009203,-,-,XP_015818608.1,ENSNFUP00015021786.1
105023,107387877,ENSNFUG00015010615,-,-,XP_015818609.1,ENSNFUP00015021914.1
105023,107387878,ENSNFUG00015010648,-,-,XP_015818610.1,ENSNFUP00015021986.1
105023,107387879,ENSNFUG00015014011,-,-,XP_015818730.1,ENSNFUP00015029079.1
105023,107387879,ENSNFUG00015014011,-,-,XP_015818809.1,ENSNFUP00015029033.1
105023,107387879,ENSNFUG00015014011,-,-,XP_015818892.1,ENSNFUP00015029039.1
105023,107387881,ENSNFUG00015010686,-,-,-,-
105023,107387882,ENSNFUG00015010719,-,-,-,-
105023,107387883,ENSNFUG00015011327,-,-,-,-
105023,107387884,ENSNFUG00015012154,-,-,-,-
105023,107387885,ENSNFUG00015011405,-,-,-,-
105023,107387887,ENSNFUG00015012246,-,-,-,-
105023,107387890,ENSNFUG00015012379,-,-,-,-
105023,107387891,ENSNFUG00015013618,-,-,XP_015818629.1,ENSNFUP00015028180.1
105023,107387896,ENSNFUG00015013677,-,-,XP_015818633.1,ENSNFUP00015028257.1
105023,107387898,ENSNFUG00015013857,-,-,XP_015818634.1,ENSNFUP00015035421.1
105023,107387899,ENSNFUG00015017490,-,-,-,-
105023,107387900,ENSNFUG00015017511,-,-,XP_015818637.1,ENSNFUP00015036240.1
105023,107387901,ENSNFUG00015017619,-,-,-,-
105023,107387902,ENSNFUG00015017638,-,-,-,-
105023,107387905,ENSNFUG00015019037,-,-,XP_015818650.1,ENSNFUP00015039797.1
105023,107387908,ENSNFUG00015018781,-,-,-,-
105023,107387910,ENSNFUG00015018786,-,-,-,-
105023,107387912,ENSNFUG00015019179,-,-,XP_015818661.1,ENSNFUP00015039837.1
105023,107387914,ENSNFUG00015018854,-,-,XP_015818663.1,ENSNFUP00015039326.1
105023,107387915,ENSNFUG00015018990,-,-,XP_015818664.1,ENSNFUP00015039620.1
105023,107387916,ENSNFUG00015019172,-,-,XP_015818665.1,ENSNFUP00015043899.1
105023,107387918,ENSNFUG00015019207,-,-,XP_015818674.1,ENSNFUP00015039886.1
105023,107387920,ENSNFUG00015021007,-,-,-,-
105023,107387924,ENSNFUG00015021887,-,-,XP_015818680.1,ENSNFUP00015046143.1
105023,107387925,ENSNFUG00015021901,-,-,-,-
105023,107387926,ENSNFUG00015021999,-,-,XP_015818683.1,ENSNFUP00015046378.1
105023,107387927,ENSNFUG00015019199,-,-,XP_015818686.1,ENSNFUP00015039881.1
105023,107387929,ENSNFUG00015022001,-,-,-,-
105023,107387930,ENSNFUG00015022023,-,-,XP_015818688.1,ENSNFUP00015047023.1
105023,107387930,ENSNFUG00015022023,-,-,XP_015818690.1,ENSNFUP00015047035.1
105023,107387930,ENSNFUG00015022023,-,-,XP_015818691.1,ENSNFUP00015047058.1
105023,107387931,ENSNFUG00015022273,-,-,XP_015818692.1,ENSNFUP00015047120.1
105023,107387932,ENSNFUG00015022279,-,-,XP_015818693.1,ENSNFUP00015047131.1
105023,107387934,ENSNFUG00015022315,-,-,-,-
105023,107387935,ENSNFUG00015023043,-,-,XP_015818697.1,ENSNFUP00015048910.1
105023,107387936,ENSNFUG00015023064,-,-,XP_015818698.1,ENSNFUP00015048929.1
105023,107387937,ENSNFUG00015023073,-,-,-,-
105023,107387939,ENSNFUG00015023077,-,-,XP_015818705.1,ENSNFUP00015048947.1
105023,107387941,ENSNFUG00015019220,-,-,-,-
105023,107387942,ENSNFUG00015023082,-,-,-,-
105023,107387945,ENSNFUG00015023182,-,-,XP_015818714.1,ENSNFUP00015050534.1
105023,107387946,ENSNFUG00015009013,-,-,-,-
105023,107387947,ENSNFUG00015008957,-,-,-,-
105023,107387948,ENSNFUG00015023099,-,-,XP_015818719.1,ENSNFUP00015049015.1
105023,107387950,ENSNFUG00015009149,-,-,XP_015818722.1,ENSNFUP00015019108.1
105023,107387951,ENSNFUG00015023108,-,-,XP_015818724.1,ENSNFUP00015049098.1
105023,107387953,ENSNFUG00015023098,-,-,-,-
105023,107387955,ENSNFUG00015009254,-,-,XP_015818732.1,ENSNFUP00015019161.1
105023,107387956,ENSNFUG00015009296,-,-,-,-
105023,107387958,ENSNFUG00015009422,-,-,XP_015818738.1,ENSNFUP00015019512.1
105023,107387960,ENSNFUG00015009339,-,-,XP_015818741.1,ENSNFUP00015019298.1
105023,107387962,ENSNFUG00015019226,-,-,XP_015818757.1,ENSNFUP00015039916.1
105023,107387963,ENSNFUG00015009525,-,-,XP_015818745.1,ENSNFUP00015020340.1
105023,107387963,ENSNFUG00015009525,-,-,XP_015818746.1,ENSNFUP00015020290.1
105023,107387965,ENSNFUG00015009899,-,-,-,-
105023,107387966,ENSNFUG00015009928,-,-,-,-
105023,107387967,ENSNFUG00015009980,-,-,-,-
105023,107387968,ENSNFUG00015010039,-,-,-,-
105023,107387969,ENSNFUG00015010039,-,-,-,-
105023,107387970,ENSNFUG00015010057,-,-,-,-
105023,107387972,ENSNFUG00015010155,-,-,XP_015818762.1,ENSNFUP00015020944.1
105023,107387973,ENSNFUG00015010382,-,-,-,-
105023,107387976,ENSNFUG00015010198,-,-,-,-
105023,107387978,ENSNFUG00015011282,-,-,XP_015818767.1,ENSNFUP00015023308.1
105023,107387979,ENSNFUG00015011295,-,-,-,-
105023,107387982,ENSNFUG00015011310,-,-,-,-
105023,107387983,ENSNFUG00015011337,-,-,-,-
105023,107387986,ENSNFUG00015019244,-,-,XP_015818778.1,ENSNFUP00015039954.1
105023,107387988,ENSNFUG00015011475,-,-,-,-
105023,107387989,ENSNFUG00015011475,-,-,XP_015818777.1,ENSNFUP00015024849.1
105023,107387992,ENSNFUG00015012083,-,-,-,-
105023,107387993,ENSNFUG00015012146,-,-,-,-
105023,107387993,ENSNFUG00015012146,-,-,XP_015818788.1,ENSNFUP00015025856.1
105023,107387996,ENSNFUG00015012632,-,-,XP_015818792.1,ENSNFUP00015027794.1
105023,107387996,ENSNFUG00015012632,-,-,XP_015818793.1,ENSNFUP00015027862.1
105023,107387997,ENSNFUG00015013718,-,-,-,-
105023,107387998,ENSNFUG00015013733,-,-,XP_015818796.1,ENSNFUP00015028380.1
105023,107387999,ENSNFUG00015019253,-,-,-,-
105023,107388003,ENSNFUG00015013808,-,-,XP_015818803.1,ENSNFUP00015028536.1
105023,107388005,ENSNFUG00015013815,-,-,-,-
105023,107388006,ENSNFUG00015013834,-,-,-,-
105023,107388008,ENSNFUG00015013908,-,-,-,-
105023,107388009,ENSNFUG00015014852,-,-,-,-
105023,107388010,ENSNFUG00015014925,-,-,XP_015818826.1,ENSNFUP00015030568.1
105023,107388011,ENSNFUG00015014933,-,-,XP_015818827.1,ENSNFUP00015030585.1
105023,107388012,ENSNFUG00015015418,-,-,-,-
105023,107388014,ENSNFUG00015020564,-,-,XP_015818833.1,ENSNFUP00015042955.1
105023,107388017,ENSNFUG00015020570,-,-,-,-
105023,107388018,ENSNFUG00015020572,-,-,-,-
105023,107388019,ENSNFUG00015020600,-,-,XP_015818840.1,ENSNFUP00015043369.1
105023,107388020,ENSNFUG00015020764,-,-,-,-
105023,107388022,ENSNFUG00015020769,-,-,-,-
105023,107388024,ENSNFUG00015020828,-,-,XP_015818847.1,ENSNFUP00015043613.1
105023,107388024,ENSNFUG00015020828,-,-,XP_015818848.1,ENSNFUP00015043605.1
105023,107388025,ENSNFUG00015020847,-,-,XP_015818851.1,ENSNFUP00015043651.1
105023,107388026,ENSNFUG00015020850,-,-,XP_015818853.1,ENSNFUP00015043657.1
105023,107388027,ENSNFUG00015020862,-,-,XP_015818855.1,ENSNFUP00015043671.1
105023,107388028,ENSNFUG00015020865,-,-,-,-
105023,107388029,ENSNFUG00015020862,-,-,XP_015818858.1,ENSNFUP00015043680.1
105023,107388030,ENSNFUG00015020868,-,-,-,-
105023,107388031,ENSNFUG00015020869,-,-,XP_015818861.1,ENSNFUP00015043725.1
105023,107388034,ENSNFUG00015020875,-,-,XP_015818864.1,ENSNFUP00015043745.1
105023,107388035,ENSNFUG00015020901,-,-,XP_015818865.1,ENSNFUP00015044990.1
105023,107388037,ENSNFUG00015021446,-,-,XP_015818866.1,ENSNFUP00015045128.1
105023,107388038,ENSNFUG00015021441,-,-,XP_015818867.1,ENSNFUP00015045098.1
105023,107388039,ENSNFUG00015020878,-,-,XP_015818868.1,ENSNFUP00015043751.1
105023,107388042,ENSNFUG00015021467,-,-,XP_015818872.1,ENSNFUP00015045161.1
105023,107388045,ENSNFUG00015021478,-,-,-,-
105023,107388046,ENSNFUG00015021474,-,-,XP_015818878.1,ENSNFUP00015045171.1
105023,107388047,ENSNFUG00015021482,-,-,XP_015818880.1,ENSNFUP00015045196.1
105023,107388048,ENSNFUG00015021488,-,-,XP_015818881.1,ENSNFUP00015045198.1
105023,107388049,ENSNFUG00015005448,-,-,-,-
105023,107388050,ENSNFUG00015004869,-,-,XP_015818885.1,ENSNFUP00015010652.1
105023,107388051,ENSNFUG00015021492,-,-,-,-
105023,107388052,ENSNFUG00015005571,-,-,-,-
105023,107388053,ENSNFUG00015005621,-,-,-,-
105023,107388054,ENSNFUG00015005627,-,-,-,-
105023,107388055,ENSNFUG00015005633,-,-,XP_015818891.1,ENSNFUP00015011453.1
105023,107388056,ENSNFUG00015005638,-,-,XP_015818894.1,ENSNFUP00015011461.1
105023,107388057,ENSNFUG00015005642,-,-,XP_015818895.1,ENSNFUP00015011476.1
105023,107388058,ENSNFUG00015005677,-,-,XP_015818896.1,ENSNFUP00015011583.1
105023,107388059,ENSNFUG00015005765,-,-,XP_015818900.1,ENSNFUP00015011715.1
105023,107388061,ENSNFUG00015005746,-,-,XP_015818901.1,ENSNFUP00015011638.1
105023,107388063,ENSNFUG00015005800,-,-,XP_015818903.1,ENSNFUP00015011752.1
105023,107388063,ENSNFUG00015005800,-,-,XP_015818904.1,ENSNFUP00015011757.1
105023,107388065,ENSNFUG00015006162,-,-,-,-
105023,107388067,ENSNFUG00015006541,-,-,XP_015818909.1,ENSNFUP00015013337.1
105023,107388067,ENSNFUG00015006541,-,-,XP_015818910.1,ENSNFUP00015013345.1
105023,107388067,ENSNFUG00015006541,-,-,XP_015818911.1,ENSNFUP00015013319.1
105023,107388067,ENSNFUG00015006541,-,-,XP_015818913.1,ENSNFUP00015013390.1
105023,107388068,ENSNFUG00015000763,-,-,-,-
105023,107388070,ENSNFUG00015006634,-,-,XP_015818921.1,ENSNFUP00015013551.1
105023,107388072,ENSNFUG00015006687,-,-,XP_015818924.1,ENSNFUP00015013765.1
105023,107388073,ENSNFUG00015006659,-,-,XP_015818925.1,ENSNFUP00015013596.1
105023,107388080,ENSNFUG00015006770,-,-,XP_015818942.1,ENSNFUP00015013859.1
105023,107388083,ENSNFUG00015006895,-,-,XP_015818944.1,ENSNFUP00015016436.1
105023,107388084,ENSNFUG00015007983,-,-,XP_015818946.1,ENSNFUP00015016743.1
105023,107388084,ENSNFUG00015007983,-,-,XP_015818948.1,ENSNFUP00015016770.1
105023,107388085,ENSNFUG00015008024,-,-,XP_015818950.1,ENSNFUP00015016800.1
105023,107388086,ENSNFUG00015008035,-,-,XP_015818953.1,ENSNFUP00015016837.1
105023,107388089,ENSNFUG00015008067,-,-,XP_015818959.1,ENSNFUP00015016880.1
105023,107388089,ENSNFUG00015008067,-,-,XP_015818960.1,ENSNFUP00015016897.1
105023,107388094,ENSNFUG00015008345,-,-,XP_015818965.1,ENSNFUP00015022687.1
105023,107388098,ENSNFUG00015000196,-,-,XP_015818974.1,ENSNFUP00015000213.1
105023,107388099,ENSNFUG00015011070,-,-,XP_015818971.1,ENSNFUP00015023024.1
105023,107388103,ENSNFUG00015011175,-,-,XP_015818975.1,ENSNFUP00015023130.1
105023,107388104,ENSNFUG00015011549,-,-,XP_015818976.1,ENSNFUP00015026593.1
105023,107388104,ENSNFUG00015011549,-,-,XP_015818977.1,ENSNFUP00015026581.1
105023,107388107,ENSNFUG00015012996,-,-,-,-
105023,107388108,ENSNFUG00015013241,-,-,XP_015818982.1,ENSNFUP00015027319.1
105023,107388110,ENSNFUG00015013248,-,-,XP_015818983.1,ENSNFUP00015027344.1
105023,107388111,ENSNFUG00015013249,-,-,XP_015818984.1,ENSNFUP00015027347.1
105023,107388112,ENSNFUG00015013264,-,-,XP_015818985.1,ENSNFUP00015027457.1
105023,107388113,ENSNFUG00015013392,-,-,XP_015818987.1,ENSNFUP00015027671.1
105023,107388116,ENSNFUG00015013399,-,-,-,-
105023,107388121,ENSNFUG00015013438,-,-,XP_015818996.1,ENSNFUP00015027792.1
105023,107388127,ENSNFUG00015013458,-,-,XP_015819002.1,ENSNFUP00015027827.1
105023,107388128,ENSNFUG00015013475,-,-,XP_015819003.1,ENSNFUP00015027855.1
105023,107388129,ENSNFUG00015013469,-,-,XP_015819004.1,ENSNFUP00015027849.1
105023,107388130,ENSNFUG00015013483,-,-,XP_015819005.1,ENSNFUP00015027902.1
105023,107388131,ENSNFUG00015013747,-,-,XP_015819009.1,ENSNFUP00015028465.1
105023,107388132,ENSNFUG00015013542,-,-,XP_015819012.1,ENSNFUP00015028021.1
105023,107388133,ENSNFUG00015013790,-,-,XP_015819018.1,ENSNFUP00015028507.1
105023,107388136,ENSNFUG00015013814,-,-,XP_015819022.1,ENSNFUP00015028558.1
105023,107388137,ENSNFUG00015013831,-,-,XP_015819025.1,ENSNFUP00015028593.1
105023,107388138,ENSNFUG00015013850,-,-,XP_015819026.1,ENSNFUP00015028618.1
105023,107388140,ENSNFUG00015013855,-,-,-,-
105023,107388141,ENSNFUG00015013863,-,-,XP_015819027.1,ENSNFUP00015028631.1
105023,107388144,ENSNFUG00015013882,-,-,XP_015819030.1,ENSNFUP00015028669.1
105023,107388145,ENSNFUG00015013922,-,-,XP_015819031.1,ENSNFUP00015028809.1
105023,107388145,ENSNFUG00015013922,-,-,XP_015819032.1,ENSNFUP00015028823.1
105023,107388146,ENSNFUG00015013898,-,-,XP_015819033.1,ENSNFUP00015028716.1
105023,107388147,ENSNFUG00015013885,-,-,XP_015819034.1,ENSNFUP00015028684.1
105023,107388148,ENSNFUG00015013979,-,-,-,-
105023,107388149,ENSNFUG00015014000,-,-,XP_015819036.1,ENSNFUP00015028939.1
105023,107388150,ENSNFUG00015014119,-,-,XP_015819038.1,ENSNFUP00015029720.1
105023,107388150,ENSNFUG00015014119,-,-,XP_015819039.1,ENSNFUP00015029737.1
105023,107388151,ENSNFUG00015013503,-,-,XP_015819040.1,ENSNFUP00015027956.1
105023,107388152,ENSNFUG00015013516,-,-,XP_015819041.1,ENSNFUP00015027992.1
105023,107388153,ENSNFUG00015013539,-,-,XP_015819042.1,ENSNFUP00015028017.1
105023,107388155,ENSNFUG00015013567,-,-,XP_015819044.1,ENSNFUP00015028088.1
105023,107388155,ENSNFUG00015013567,-,-,XP_015819045.1,ENSNFUP00015028108.1
105023,107388158,ENSNFUG00015013622,-,-,XP_015819053.1,ENSNFUP00015028177.1
105023,107388159,ENSNFUG00015013741,-,-,XP_015819054.1,ENSNFUP00015028774.1
105023,107388163,ENSNFUG00015013959,-,-,XP_015819062.1,ENSNFUP00015028963.1
105023,107388165,ENSNFUG00015014030,-,-,XP_015819063.1,ENSNFUP00015028986.1
105023,107388166,ENSNFUG00015014240,-,-,XP_015819065.1,ENSNFUP00015029428.1
105023,107388167,ENSNFUG00015014420,-,-,XP_015819066.1,ENSNFUP00015029790.1
105023,107388173,ENSNFUG00015014543,-,-,XP_015819070.1,ENSNFUP00015029852.1
105023,107388174,ENSNFUG00015014552,-,-,XP_015819071.1,ENSNFUP00015030243.1
105023,107388176,ENSNFUG00015014846,-,-,XP_015819074.1,ENSNFUP00015031335.1
105023,107388184,ENSNFUG00015015538,-,-,XP_015819081.1,ENSNFUP00015032157.1
105023,107388184,ENSNFUG00015015538,-,-,XP_015819082.1,ENSNFUP00015032235.1
105023,107388184,ENSNFUG00015015538,-,-,XP_015819083.1,ENSNFUP00015032169.1
105023,107388185,ENSNFUG00015014415,-,-,-,-
105023,107388192,ENSNFUG00015015896,-,-,XP_015819095.1,ENSNFUP00015032450.1
105023,107388193,ENSNFUG00015016021,-,-,XP_015819096.1,ENSNFUP00015032711.1
105023,107388193,ENSNFUG00015016021,-,-,XP_015819097.1,ENSNFUP00015032719.1
105023,107388194,ENSNFUG00015015912,-,-,XP_015819098.1,ENSNFUP00015032638.1
105023,107388196,ENSNFUG00015016048,-,-,XP_015819101.1,ENSNFUP00015032759.1
105023,107388198,ENSNFUG00015017167,-,-,XP_015819103.1,ENSNFUP00015035338.1
105023,107388199,ENSNFUG00015017180,-,-,XP_015819104.1,ENSNFUP00015035343.1
105023,107388200,ENSNFUG00015017184,-,-,XP_015819105.1,ENSNFUP00015035349.1
105023,107388202,ENSNFUG00015017194,-,-,XP_015819107.1,ENSNFUP00015035369.1
105023,107388204,ENSNFUG00015017218,-,-,XP_015819109.1,ENSNFUP00015035946.1
105023,107388204,ENSNFUG00015017218,-,-,XP_015819110.1,ENSNFUP00015035683.1
105023,107388204,ENSNFUG00015017218,-,-,XP_015819111.1,ENSNFUP00015035859.1
105023,107388206,ENSNFUG00015017594,-,-,XP_015819112.1,ENSNFUP00015036273.1
105023,107388207,ENSNFUG00015017597,-,-,XP_015819113.1,ENSNFUP00015036280.1
105023,107388208,ENSNFUG00015017608,-,-,XP_015819114.1,ENSNFUP00015036332.1
105023,107388210,ENSNFUG00015017624,-,-,XP_015819116.1,ENSNFUP00015036363.1
105023,107388211,ENSNFUG00015017663,-,-,-,-
105023,107388212,ENSNFUG00015018337,-,-,XP_015819120.1,ENSNFUP00015038656.1
105023,107388214,ENSNFUG00015018329,-,-,XP_015819122.1,ENSNFUP00015037941.1
105023,107388215,ENSNFUG00015018662,-,-,-,-
105023,107388216,ENSNFUG00015018697,-,-,XP_015819126.1,ENSNFUP00015038762.1
105023,107388219,ENSNFUG00015018799,-,-,XP_015819129.1,ENSNFUP00015038985.1
105023,107388220,ENSNFUG00015018821,-,-,XP_015819130.1,ENSNFUP00015039014.1
105023,107388220,ENSNFUG00015018821,-,-,XP_015819131.1,ENSNFUP00015039012.1
105023,107388221,ENSNFUG00015018832,-,-,XP_015819134.1,ENSNFUP00015039039.1
105023,107388222,ENSNFUG00015018826,-,-,XP_015819136.1,ENSNFUP00015039033.1
105023,107388223,ENSNFUG00015018836,-,-,XP_015819138.1,ENSNFUP00015039126.1
105023,107388223,ENSNFUG00015018836,-,-,XP_015819139.1,ENSNFUP00015039170.1
105023,107388224,ENSNFUG00015018890,-,-,XP_015819140.1,ENSNFUP00015039178.1
105023,107388226,ENSNFUG00015018912,-,-,XP_015819142.1,ENSNFUP00015039428.1
105023,107388231,ENSNFUG00015019027,-,-,-,-
105023,107388232,ENSNFUG00015019055,-,-,XP_015819157.1,ENSNFUP00015039782.1
105023,107388233,ENSNFUG00015019188,-,-,XP_015819159.1,ENSNFUP00015039849.1
105023,107388235,ENSNFUG00015019194,-,-,XP_015819161.1,ENSNFUP00015039858.1
105023,107388236,ENSNFUG00015019200,-,-,XP_015819162.1,ENSNFUP00015039870.1
105023,107388237,ENSNFUG00015019211,-,-,XP_015819163.1,ENSNFUP00015039899.1
105023,107388237,ENSNFUG00015019211,-,-,XP_015819164.1,ENSNFUP00015039914.1
105023,107388238,ENSNFUG00015019205,-,-,XP_015819165.1,ENSNFUP00015039879.1
105023,107388239,ENSNFUG00015019240,-,-,XP_015819166.1,ENSNFUP00015039963.1
105023,107388239,ENSNFUG00015019240,-,-,XP_015819167.1,ENSNFUP00015040020.1
105023,107388240,ENSNFUG00015019283,-,-,XP_015819169.1,ENSNFUP00015040104.1
105023,107388241,ENSNFUG00015019322,-,-,XP_015819170.1,ENSNFUP00015041922.1
105023,107388243,ENSNFUG00015019322,-,-,XP_015819172.1,ENSNFUP00015040173.1
105023,107388244,ENSNFUG00015019304,-,-,XP_015819173.1,ENSNFUP00015040121.1
105023,107388245,ENSNFUG00015019305,-,-,XP_015819174.1,ENSNFUP00015040126.1
105023,107388246,ENSNFUG00015020171,-,-,XP_015819175.1,ENSNFUP00015042593.1
105023,107388247,ENSNFUG00015020442,-,-,XP_015819176.1,ENSNFUP00015042702.1
105023,107388249,ENSNFUG00015020455,-,-,XP_015819178.1,ENSNFUP00015042803.1
105023,107388250,ENSNFUG00015020507,-,-,XP_015819179.1,ENSNFUP00015042820.1
105023,107388251,ENSNFUG00015013615,-,-,XP_015819181.1,ENSNFUP00015028151.1
105023,107388252,ENSNFUG00015013628,-,-,XP_015819182.1,ENSNFUP00015028169.1
105023,107388253,ENSNFUG00015013636,-,-,XP_015819183.1,ENSNFUP00015028193.1
105023,107388255,ENSNFUG00015013661,-,-,XP_015819188.1,ENSNFUP00015028232.1
105023,107388257,ENSNFUG00015013693,-,-,XP_015819190.1,ENSNFUP00015028294.1
105023,107388258,ENSNFUG00015013752,-,-,XP_015819191.1,ENSNFUP00015031044.1
105023,107388259,ENSNFUG00015015298,-,-,XP_015819193.1,ENSNFUP00015031318.1
105023,107388262,ENSNFUG00015015338,-,-,XP_015819194.1,ENSNFUP00015031607.1
105023,107388268,ENSNFUG00015015684,-,-,XP_015819200.1,ENSNFUP00015032031.1
105023,107388269,ENSNFUG00015015710,-,-,-,-
105023,107388270,ENSNFUG00015015821,-,-,XP_015819202.1,ENSNFUP00015032423.1
105023,107388271,ENSNFUG00015015931,-,-,-,-
105023,107388272,ENSNFUG00015015950,-,-,-,-
105023,107388275,ENSNFUG00015016012,-,-,-,-
105023,107388279,ENSNFUG00015016122,-,-,-,-
105023,107388280,ENSNFUG00015021587,-,-,XP_015819217.1,ENSNFUP00015045413.1
105023,107388282,ENSNFUG00015021614,-,-,XP_015819218.1,ENSNFUP00015045466.1
105023,107388283,ENSNFUG00015021628,-,-,XP_015819219.1,ENSNFUP00015045569.1
105023,107388283,ENSNFUG00015021628,-,-,XP_015819220.1,ENSNFUP00015045555.1
105023,107388284,ENSNFUG00015021668,-,-,-,-
105023,107388285,ENSNFUG00015021680,-,-,-,-
105023,107388286,ENSNFUG00015021685,-,-,-,-
105023,107388287,ENSNFUG00015021716,-,-,-,-
105023,107388288,ENSNFUG00015022209,-,-,XP_015819226.1,ENSNFUP00015046954.1
105023,107388290,ENSNFUG00015022216,-,-,XP_015819228.1,ENSNFUP00015046969.1
105023,107388291,ENSNFUG00015022225,-,-,-,-
105023,107388293,ENSNFUG00015022288,-,-,-,-
105023,107388295,ENSNFUG00015022728,-,-,-,-
105023,107388299,ENSNFUG00015023813,-,-,-,-
105023,107388300,ENSNFUG00015023824,-,-,-,-
105023,107388302,ENSNFUG00015023832,-,-,-,-
105023,107388303,ENSNFUG00015023956,-,-,-,-
105023,107388305,ENSNFUG00015024481,-,-,-,-
105023,107388306,ENSNFUG00015024463,-,-,-,-
105023,107388309,ENSNFUG00015014606,-,-,-,-
105023,107388313,ENSNFUG00015024510,-,-,XP_015819263.1,ENSNFUP00015052544.1
105023,107388313,ENSNFUG00015024510,-,-,XP_015819264.1,ENSNFUP00015052547.1
105023,107388314,ENSNFUG00015024504,-,-,XP_015819266.1,ENSNFUP00015052519.1
105023,107388316,ENSNFUG00015024517,-,-,XP_015819268.1,ENSNFUP00015052606.1
105023,107388316,ENSNFUG00015024517,-,-,XP_015819269.1,ENSNFUP00015052619.1
105023,107388317,ENSNFUG00015024545,-,-,XP_015819270.1,ENSNFUP00015052641.1
105023,107388330,ENSNFUG00015005112,-,-,XP_015819280.1,ENSNFUP00015011008.1
105023,107388330,ENSNFUG00015005112,-,-,XP_015819281.1,ENSNFUP00015010919.1
105023,107388331,ENSNFUG00015005480,-,-,XP_015819282.1,ENSNFUP00015011800.1
105023,107388333,ENSNFUG00015005849,-,-,XP_015819286.1,ENSNFUP00015011853.1
105023,107388337,ENSNFUG00015006037,-,-,XP_015819290.1,ENSNFUP00015012434.1
105023,107388338,ENSNFUG00015006008,-,-,XP_015819292.1,ENSNFUP00015012206.1
105023,107388339,ENSNFUG00015006127,-,-,XP_015819293.1,ENSNFUP00015012481.1
105023,107388341,ENSNFUG00015006133,-,-,-,-
105023,107388342,ENSNFUG00015006136,-,-,XP_015819298.1,ENSNFUP00015012496.1
105023,107388345,ENSNFUG00015006156,-,-,XP_015819304.1,ENSNFUP00015012530.1
105023,107388348,ENSNFUG00015006168,-,-,XP_015819306.1,ENSNFUP00015012546.1
105023,107388349,ENSNFUG00015006176,-,-,XP_015819307.1,ENSNFUP00015012557.1
105023,107388351,ENSNFUG00015006273,-,-,XP_015819310.1,ENSNFUP00015012978.1
105023,107388354,ENSNFUG00015006503,-,-,XP_015819313.1,ENSNFUP00015013236.1
105023,107388358,ENSNFUG00015007018,-,-,XP_015819320.1,ENSNFUP00015014444.1
105023,107388359,ENSNFUG00015007039,-,-,XP_015819323.1,ENSNFUP00015014523.1
105023,107388359,ENSNFUG00015007039,-,-,XP_015819326.1,ENSNFUP00015014484.1
105023,107388360,ENSNFUG00015022100,-,-,XP_015819328.1,ENSNFUP00015046563.1
105023,107388361,ENSNFUG00015007068,-,-,XP_015819331.1,ENSNFUP00015014553.1
105023,107388363,ENSNFUG00015007259,-,-,XP_015819333.1,ENSNFUP00015022829.1
105023,107388364,ENSNFUG00015011572,-,-,XP_015819334.1,ENSNFUP00015024331.1
105023,107388366,ENSNFUG00015011789,-,-,XP_015819339.1,ENSNFUP00015024408.1
105023,107388368,ENSNFUG00015011875,-,-,XP_015819341.1,ENSNFUP00015024537.1
105023,107388372,ENSNFUG00015012092,-,-,XP_015819345.1,ENSNFUP00015025618.1
105023,107388373,ENSNFUG00015021934,-,-,XP_015819350.1,ENSNFUP00015046333.1
105023,107388373,ENSNFUG00015021934,-,-,XP_015819368.1,ENSNFUP00015046343.1
105023,107388373,ENSNFUG00015021934,-,-,XP_015819377.1,ENSNFUP00015046539.1
105023,107388373,ENSNFUG00015021934,-,-,XP_015819385.1,ENSNFUP00015046480.1
105023,107388374,ENSNFUG00015011940,-,-,XP_015819347.1,ENSNFUP00015024893.1
105023,107388375,ENSNFUG00015012494,-,-,XP_015819348.1,ENSNFUP00015025892.1
105023,107388378,ENSNFUG00015012565,-,-,XP_015819351.1,ENSNFUP00015025919.1
105023,107388379,ENSNFUG00015012611,-,-,XP_015819353.1,ENSNFUP00015027701.1
105023,107388380,ENSNFUG00015013479,-,-,XP_015819354.1,ENSNFUP00015027903.1
105023,107388383,ENSNFUG00015013560,-,-,XP_015819357.1,ENSNFUP00015028082.1
105023,107388384,ENSNFUG00015013527,-,-,XP_015819360.1,ENSNFUP00015028038.1
105023,107388385,ENSNFUG00015013620,-,-,XP_015819361.1,ENSNFUP00015028652.1
105023,107388385,ENSNFUG00015013620,-,-,XP_015819362.1,ENSNFUP00015028725.1
105023,107388385,ENSNFUG00015013620,-,-,XP_015819363.1,ENSNFUP00015028750.1
105023,107388385,ENSNFUG00015013620,-,-,XP_015819364.1,ENSNFUP00015028758.1
105023,107388387,ENSNFUG00015013958,-,-,XP_015819369.1,ENSNFUP00015028839.1
105023,107388388,ENSNFUG00015013968,-,-,XP_015819375.1,ENSNFUP00015028857.1
105023,107388390,ENSNFUG00015014005,-,-,XP_015819379.1,ENSNFUP00015029031.1
105023,107388391,ENSNFUG00015013985,-,-,XP_015819380.1,ENSNFUP00015028926.1
105023,107388392,ENSNFUG00015013973,-,-,XP_015819381.1,ENSNFUP00015028871.1
105023,107388393,ENSNFUG00015014116,-,-,XP_015819384.1,ENSNFUP00015029152.1
105023,107388394,ENSNFUG00015014102,-,-,XP_015819386.1,ENSNFUP00015029077.1
105023,107388395,ENSNFUG00015014088,-,-,XP_015819387.1,ENSNFUP00015029064.1
105023,107388396,ENSNFUG00015014263,-,-,XP_015819388.1,ENSNFUP00015030216.1
105023,107388400,ENSNFUG00015014777,-,-,XP_015819394.1,ENSNFUP00015030288.1
105023,107388401,ENSNFUG00015014799,-,-,XP_015819395.1,ENSNFUP00015030405.1
105023,107388403,ENSNFUG00015015002,-,-,XP_015819398.1,ENSNFUP00015030734.1
105023,107388404,ENSNFUG00015015009,-,-,XP_015819399.1,ENSNFUP00015030786.1
105023,107388410,ENSNFUG00015015377,-,-,XP_015819416.1,ENSNFUP00015031921.1
105023,107388411,ENSNFUG00015015636,-,-,XP_015819417.1,ENSNFUP00015031971.1
105023,107388412,ENSNFUG00015015712,-,-,XP_015819420.1,ENSNFUP00015032100.1
105023,107388422,ENSNFUG00015014004,-,-,XP_015819429.1,ENSNFUP00015039935.1
105023,107388423,ENSNFUG00015019732,-,-,XP_015819431.1,ENSNFUP00015041596.1
105023,107388424,ENSNFUG00015019997,-,-,XP_015819434.1,ENSNFUP00015041697.1
105023,107388425,ENSNFUG00015020040,-,-,XP_015819436.1,ENSNFUP00015041785.1
105023,107388425,ENSNFUG00015020040,-,-,XP_015819437.1,ENSNFUP00015041802.1
105023,107388427,ENSNFUG00015020068,-,-,XP_015819439.1,ENSNFUP00015041829.1
105023,107388428,ENSNFUG00015020077,-,-,XP_015819440.1,ENSNFUP00015041848.1
105023,107388431,ENSNFUG00015020153,-,-,XP_015819445.1,ENSNFUP00015042110.1
105023,107388432,ENSNFUG00015020245,-,-,XP_015819447.1,ENSNFUP00015042221.1
105023,107388433,ENSNFUG00015020324,-,-,XP_015819448.1,ENSNFUP00015042471.1
105023,107388435,ENSNFUG00015020467,-,-,XP_015819449.1,ENSNFUP00015045148.1
105023,107388435,ENSNFUG00015020467,-,-,XP_015819450.1,ENSNFUP00015045179.1
105023,107388435,ENSNFUG00015020467,-,-,XP_015819451.1,ENSNFUP00015045154.1
105023,107388437,ENSNFUG00015021548,-,-,XP_015819453.1,ENSNFUP00015045732.1
105023,107388437,ENSNFUG00015021548,-,-,XP_015819454.1,ENSNFUP00015045749.1
105023,107388438,ENSNFUG00015021749,-,-,XP_015819455.1,ENSNFUP00015045783.1
105023,107388439,ENSNFUG00015021752,-,-,XP_015819456.1,ENSNFUP00015045831.1
105023,107388440,ENSNFUG00015021785,-,-,-,-
105023,107388444,ENSNFUG00015021827,-,-,XP_015819467.1,ENSNFUP00015045988.1
105023,107388445,ENSNFUG00015021839,-,-,XP_015819469.1,ENSNFUP00015046031.1
105023,107388446,ENSNFUG00015022047,-,-,XP_015819470.1,ENSNFUP00015046484.1
105023,107388447,ENSNFUG00015021854,-,-,XP_015819472.1,ENSNFUP00015046442.1
105023,107388448,ENSNFUG00015022066,-,-,XP_015819474.1,ENSNFUP00015046517.1
105023,107388450,ENSNFUG00015022073,-,-,XP_015819475.1,ENSNFUP00015046523.1
105023,107388451,ENSNFUG00015022096,-,-,XP_015819477.1,ENSNFUP00015046637.1
105023,107388452,ENSNFUG00015022083,-,-,XP_015819478.1,ENSNFUP00015046537.1
105023,107388454,ENSNFUG00015022146,-,-,XP_015819480.1,ENSNFUP00015046733.1
105023,107388455,ENSNFUG00015022185,-,-,XP_015819481.1,ENSNFUP00015047012.1
105023,107388456,ENSNFUG00015022256,-,-,XP_015819487.1,ENSNFUP00015047451.1
105023,107388456,ENSNFUG00015022256,-,-,XP_015819488.1,ENSNFUP00015047537.1
105023,107388459,ENSNFUG00015022468,-,-,XP_015819490.1,ENSNFUP00015047547.1
105023,107388461,ENSNFUG00015022477,-,-,XP_015819491.1,ENSNFUP00015047584.1
105023,107388462,ENSNFUG00015022497,-,-,XP_015819493.1,ENSNFUP00015047864.1
105023,107388463,ENSNFUG00015022628,-,-,XP_015819495.1,ENSNFUP00015047956.1
105023,107388464,ENSNFUG00015022625,-,-,XP_015819496.1,ENSNFUP00015047951.1
105023,107388465,ENSNFUG00015021900,-,-,XP_015819499.1,ENSNFUP00015046171.1
105023,107388468,ENSNFUG00015022644,-,-,XP_015819498.1,ENSNFUP00015048020.1
105023,107388469,ENSNFUG00015022653,-,-,XP_015819500.1,ENSNFUP00015048045.1
105023,107388471,ENSNFUG00015022658,-,-,XP_015819504.1,ENSNFUP00015048049.1
105023,107388472,ENSNFUG00015022661,-,-,XP_015819505.1,ENSNFUP00015048058.1
105023,107388473,ENSNFUG00015022665,-,-,XP_015819506.1,ENSNFUP00015048068.1
105023,107388475,ENSNFUG00015022664,-,-,XP_015819507.1,ENSNFUP00015048063.1
105023,107388476,ENSNFUG00015022672,-,-,XP_015819508.1,ENSNFUP00015048094.1
105023,107388479,ENSNFUG00015021855,-,-,XP_015819519.1,ENSNFUP00015046095.1
105023,107388481,ENSNFUG00015022761,-,-,XP_015819520.1,ENSNFUP00015048308.1
105023,107388483,ENSNFUG00015022771,-,-,XP_015819524.1,ENSNFUP00015048390.1
105023,107388484,ENSNFUG00015022764,-,-,-,-
105023,107388485,ENSNFUG00015022799,-,-,XP_015819526.1,ENSNFUP00015048401.1
105023,107388486,ENSNFUG00015022803,-,-,XP_015819528.1,ENSNFUP00015048426.1
105023,107388487,ENSNFUG00015021845,-,-,XP_015819532.1,ENSNFUP00015046023.1
105023,107388490,ENSNFUG00015023371,-,-,XP_015819547.1,ENSNFUP00015052059.1
105023,107388491,ENSNFUG00015024360,-,-,XP_015819548.1,ENSNFUP00015052210.1
105023,107388493,ENSNFUG00015021834,-,-,XP_015819555.1,ENSNFUP00015046013.1
105023,107388494,ENSNFUG00015024376,-,-,XP_015819551.1,ENSNFUP00015052228.1
105023,107388495,ENSNFUG00015024379,-,-,XP_015819552.1,ENSNFUP00015052232.1
105023,107388500,ENSNFUG00015024700,-,-,XP_015819558.1,ENSNFUP00015053048.1
105023,107388501,ENSNFUG00015024697,-,-,XP_015819559.1,ENSNFUP00015053039.1
105023,107388508,ENSNFUG00015023194,-,-,-,-
105023,107388522,ENSNFUG00015021823,-,-,XP_015819582.1,ENSNFUP00015045966.1
105023,107388526,ENSNFUG00015020378,-,-,XP_015819584.1,ENSNFUP00015042557.1
105023,107388530,ENSNFUG00015024351,-,-,-,-
105023,107388534,ENSNFUG00015021814,-,-,-,-
105023,107388548,ENSNFUG00015018625,-,-,XP_015819599.1,ENSNFUP00015038579.1
105023,107388553,ENSNFUG00015021811,-,-,XP_015819604.1,ENSNFUP00015045931.1
105023,107388559,ENSNFUG00015017428,-,-,-,-
105023,107388563,ENSNFUG00015017016,-,-,-,-
105023,107388565,ENSNFUG00015022406,-,-,XP_015819608.1,ENSNFUP00015047388.1
105023,107388566,ENSNFUG00015014461,-,-,-,-
105023,107388571,ENSNFUG00015024814,-,-,XP_015819613.1,ENSNFUP00015053363.1
105023,107388572,ENSNFUG00015024821,-,-,XP_015819614.1,ENSNFUP00015053383.1
105023,107388573,ENSNFUG00015024815,-,-,XP_015819615.1,ENSNFUP00015053366.1
105023,107388574,ENSNFUG00015024810,-,-,XP_015819616.1,ENSNFUP00015053353.1
105023,107388577,ENSNFUG00015024841,-,-,XP_015819618.1,ENSNFUP00015053581.1
105023,107388579,ENSNFUG00015024926,-,-,XP_015819619.1,ENSNFUP00015053740.1
105023,107388582,ENSNFUG00015025177,-,-,XP_015819623.1,ENSNFUP00015054311.1
105023,107388582,ENSNFUG00015025177,-,-,XP_015819624.1,ENSNFUP00015054310.1
105023,107388583,ENSNFUG00015014010,-,-,XP_015819627.1,ENSNFUP00015028943.1
105023,107388585,ENSNFUG00015015398,-,-,XP_015819629.1,ENSNFUP00015031499.1
105023,107388586,ENSNFUG00015015453,-,-,XP_015819630.1,ENSNFUP00015033056.1
105023,107388587,ENSNFUG00015021809,-,-,XP_015819635.1,ENSNFUP00015045913.1
105023,107388592,ENSNFUG00015016322,-,-,XP_015819642.1,ENSNFUP00015035671.1
105023,107388592,ENSNFUG00015016322,-,-,XP_015819643.1,ENSNFUP00015035885.1
105023,107388596,ENSNFUG00015017657,-,-,XP_015819646.1,ENSNFUP00015036602.1
105023,107388598,ENSNFUG00015017914,-,-,XP_015819650.1,ENSNFUP00015037027.1
105023,107388602,ENSNFUG00015018176,-,-,XP_015819656.1,ENSNFUP00015037620.1
105023,107388604,ENSNFUG00015018182,-,-,XP_015819657.1,ENSNFUP00015037634.1
105023,107388605,ENSNFUG00015018210,-,-,XP_015819661.1,ENSNFUP00015037840.1
105023,107388605,ENSNFUG00015018210,-,-,XP_015819665.1,ENSNFUP00015037851.1
105023,107388605,ENSNFUG00015018210,-,-,XP_015819666.1,ENSNFUP00015037867.1
105023,107388605,ENSNFUG00015018210,-,-,XP_015819667.1,ENSNFUP00015037873.1
105023,107388605,ENSNFUG00015018210,-,-,XP_015819668.1,ENSNFUP00015037886.1
105023,107388607,ENSNFUG00015018316,-,-,XP_015819678.1,ENSNFUP00015037908.1
105023,107388609,ENSNFUG00015018594,-,-,XP_015819683.1,ENSNFUP00015038514.1
105023,107388612,ENSNFUG00015018610,-,-,XP_015819686.1,ENSNFUP00015038536.1
105023,107388614,ENSNFUG00015018612,-,-,XP_015819687.1,ENSNFUP00015038543.1
105023,107388615,ENSNFUG00015018615,-,-,XP_015819688.1,ENSNFUP00015038561.1
105023,107388616,ENSNFUG00015018624,-,-,XP_015819689.1,ENSNFUP00015038574.1
105023,107388617,ENSNFUG00015018700,-,-,XP_015819691.1,ENSNFUP00015041025.1
105023,107388618,ENSNFUG00015019726,-,-,XP_015819692.1,ENSNFUP00015041185.1
105023,107388619,ENSNFUG00015019790,-,-,XP_015819693.1,ENSNFUP00015041293.1
105023,107388620,ENSNFUG00015020446,-,-,XP_015819697.1,ENSNFUP00015045183.1
105023,107388620,ENSNFUG00015020446,-,-,XP_015819698.1,ENSNFUP00015045292.1
105023,107388622,ENSNFUG00015019864,-,-,XP_015819707.1,ENSNFUP00015041371.1
105023,107388623,ENSNFUG00015019888,-,-,XP_015819709.1,ENSNFUP00015042554.1
105023,107388624,ENSNFUG00015022251,-,-,XP_015819710.1,ENSNFUP00015047152.1
105023,107388625,ENSNFUG00015022294,-,-,XP_015819711.1,ENSNFUP00015047219.1
105023,107388626,ENSNFUG00015022375,-,-,XP_015819712.1,ENSNFUP00015048960.1
105023,107388626,ENSNFUG00015022375,-,-,XP_015819714.1,ENSNFUP00015049004.1
105023,107388627,ENSNFUG00015023177,-,-,-,-
105023,107388628,ENSNFUG00015023172,-,-,XP_015819717.1,ENSNFUP00015049201.1
105023,107388629,ENSNFUG00015023180,-,-,XP_015819718.1,ENSNFUP00015049233.1
105023,107388630,ENSNFUG00015023185,-,-,XP_015819719.1,ENSNFUP00015049248.1
105023,107388631,ENSNFUG00015023247,-,-,XP_015819720.1,ENSNFUP00015049365.1
105023,107388632,ENSNFUG00015017272,-,-,XP_015819725.1,ENSNFUP00015035556.1
105023,107388634,ENSNFUG00015023264,-,-,-,-
105023,107388635,ENSNFUG00015023424,-,-,XP_015819723.1,ENSNFUP00015050681.1
105023,107388636,ENSNFUG00015023793,-,-,XP_015819726.1,ENSNFUP00015050745.1
105023,107388638,ENSNFUG00015023830,-,-,XP_015819729.1,ENSNFUP00015050879.1
105023,107388641,ENSNFUG00015014436,-,-,XP_015819775.1,ENSNFUP00015029648.1
105023,107388642,ENSNFUG00015017268,-,-,XP_015819737.1,ENSNFUP00015035547.1
105023,107388643,ENSNFUG00015023876,-,-,XP_015819735.1,ENSNFUP00015050946.1
105023,107388645,ENSNFUG00015023954,-,-,XP_015819739.1,ENSNFUP00015051056.1
105023,107388646,ENSNFUG00015023957,-,-,XP_015819741.1,ENSNFUP00015051063.1
105023,107388648,ENSNFUG00015023975,-,-,XP_015819746.1,ENSNFUP00015051240.1
105023,107388649,ENSNFUG00015017178,-,-,XP_015819749.1,ENSNFUP00015035493.1
105023,107388650,ENSNFUG00015024038,-,-,XP_015819747.1,ENSNFUP00015051275.1
105023,107388651,ENSNFUG00015024046,-,-,XP_015819748.1,ENSNFUP00015051281.1
105023,107388652,ENSNFUG00015024042,-,-,XP_015819750.1,ENSNFUP00015051277.1
105023,107388654,ENSNFUG00015024055,-,-,XP_015819754.1,ENSNFUP00015051474.1
105023,107388656,ENSNFUG00015024171,-,-,XP_015819755.1,ENSNFUP00015051674.1
105023,107388657,ENSNFUG00015024184,-,-,XP_015819758.1,ENSNFUP00015051687.1
105023,107388658,ENSNFUG00015024180,-,-,XP_015819759.1,ENSNFUP00015051682.1
105023,107388658,ENSNFUG00015024180,-,-,XP_015819760.1,ENSNFUP00015051678.1
105023,107388659,ENSNFUG00015024189,-,-,-,-
105023,107388659,ENSNFUG00015024189,-,-,XP_015819761.1,ENSNFUP00015051702.1
105023,107388660,ENSNFUG00015024185,-,-,XP_015819763.1,ENSNFUP00015051697.1
105023,107388661,ENSNFUG00015024208,-,-,XP_015819764.1,ENSNFUP00015051903.1
105023,107388662,ENSNFUG00015024194,-,-,XP_015819765.1,ENSNFUP00015051720.1
105023,107388663,ENSNFUG00015017158,-,-,XP_015819778.1,ENSNFUP00015035307.1
105023,107388663,ENSNFUG00015017158,-,-,XP_015819787.1,ENSNFUP00015035304.1
105023,107388670,ENSNFUG00015024618,-,-,XP_015819783.1,ENSNFUP00015052816.1
105023,107388673,ENSNFUG00015024687,-,-,XP_015819788.1,ENSNFUP00015053003.1
105023,107388674,ENSNFUG00015024686,-,-,XP_015819789.1,ENSNFUP00015052993.1
105023,107388675,ENSNFUG00015024689,-,-,-,-
105023,107388678,ENSNFUG00015004933,-,-,XP_015819794.1,ENSNFUP00015010118.1
105023,107388679,ENSNFUG00015004987,-,-,XP_015819796.1,ENSNFUP00015010146.1
105023,107388681,ENSNFUG00015005606,-,-,XP_015819800.1,ENSNFUP00015011410.1
105023,107388683,ENSNFUG00015005732,-,-,XP_015819805.1,ENSNFUP00015012192.1
105023,107388684,ENSNFUG00015005732,-,-,XP_015819806.1,ENSNFUP00015013178.1
105023,107388688,ENSNFUG00015006531,-,-,-,-
105023,107388690,ENSNFUG00015006556,-,-,XP_015819825.1,ENSNFUP00015013351.1
105023,107388692,ENSNFUG00015006609,-,-,XP_015819827.1,ENSNFUP00015013824.1
105023,107388696,ENSNFUG00015006805,-,-,XP_015819836.1,ENSNFUP00015013935.1
105023,107388698,ENSNFUG00015006800,-,-,XP_015819838.1,ENSNFUP00015013931.1
105023,107388699,ENSNFUG00015006583,-,-,XP_015819839.1,ENSNFUP00015013425.1
105023,107388700,ENSNFUG00015006568,-,-,XP_015819840.1,ENSNFUP00015013379.1
105023,107388700,ENSNFUG00015006568,-,-,XP_015819841.1,ENSNFUP00015013387.1
105023,107388701,ENSNFUG00015006573,-,-,XP_015819842.1,ENSNFUP00015013392.1
105023,107388703,ENSNFUG00015017120,-,-,-,-
105023,107388704,ENSNFUG00015006836,-,-,XP_015819844.1,ENSNFUP00015014747.1
105023,107388704,ENSNFUG00015006836,-,-,XP_015819845.1,ENSNFUP00015014759.1
105023,107388705,ENSNFUG00015007251,-,-,XP_015819851.1,ENSNFUP00015016076.1
105023,107388706,ENSNFUG00015008050,-,-,XP_015819860.1,ENSNFUP00015016934.1
105023,107388708,ENSNFUG00015008137,-,-,XP_015819861.1,ENSNFUP00015017117.1
105023,107388709,ENSNFUG00015008209,-,-,XP_015819864.1,ENSNFUP00015017222.1
105023,107388710,ENSNFUG00015008213,-,-,XP_015819865.1,ENSNFUP00015017225.1
105023,107388711,ENSNFUG00015008222,-,-,XP_015819866.1,ENSNFUP00015017245.1
105023,107388712,ENSNFUG00015017142,-,-,XP_015819870.1,ENSNFUP00015035257.1
105023,107388714,ENSNFUG00015008229,-,-,XP_015819868.1,ENSNFUP00015017254.1
105023,107388715,ENSNFUG00015007897,-,-,XP_015819869.1,ENSNFUP00015016767.1
105023,107388717,ENSNFUG00015008241,-,-,XP_015819874.1,ENSNFUP00015017315.1
105023,107388718,ENSNFUG00015008272,-,-,XP_015819875.1,ENSNFUP00015017368.1
105023,107388719,ENSNFUG00015017113,-,-,XP_015819879.1,ENSNFUP00015035185.1
105023,107388720,ENSNFUG00015008325,-,-,XP_015819876.1,ENSNFUP00015017656.1
105023,107388721,ENSNFUG00015008298,-,-,XP_015819877.1,ENSNFUP00015017406.1
105023,107388722,ENSNFUG00015008461,-,-,XP_015819878.1,ENSNFUP00015017815.1
105023,107388722,ENSNFUG00015008461,-,-,XP_015819881.1,ENSNFUP00015017830.1
105023,107388722,ENSNFUG00015008461,-,-,XP_015819882.1,ENSNFUP00015017713.1
105023,107388722,ENSNFUG00015008461,-,-,XP_015819884.1,ENSNFUP00015017849.1
105023,107388725,ENSNFUG00015008588,-,-,XP_015819885.1,ENSNFUP00015018086.1
105023,107388725,ENSNFUG00015008588,-,-,XP_015819886.1,ENSNFUP00015018092.1
105023,107388727,ENSNFUG00015008651,-,-,XP_015819887.1,ENSNFUP00015018164.1
105023,107388728,ENSNFUG00015008677,-,-,XP_015819888.1,ENSNFUP00015018546.1
105023,107388730,ENSNFUG00015008829,-,-,XP_015819891.1,ENSNFUP00015018565.1
105023,107388731,ENSNFUG00015008852,-,-,XP_015819892.1,ENSNFUP00015019296.1
105023,107388733,ENSNFUG00015010081,-,-,-,-
105023,107388735,ENSNFUG00015010359,-,-,XP_015819895.1,ENSNFUP00015021328.1
105023,107388736,ENSNFUG00015010256,-,-,XP_015819896.1,ENSNFUP00015021268.1
105023,107388739,ENSNFUG00015010412,-,-,XP_015819898.1,ENSNFUP00015021655.1
105023,107388741,ENSNFUG00015010389,-,-,XP_015819905.1,ENSNFUP00015021385.1
105023,107388744,ENSNFUG00015010638,-,-,XP_015819908.1,ENSNFUP00015021930.1
105023,107388745,ENSNFUG00015010643,-,-,XP_015819913.1,ENSNFUP00015021939.1
105023,107388747,ENSNFUG00015010787,-,-,XP_015819915.1,ENSNFUP00015022270.1
105023,107388748,ENSNFUG00015010793,-,-,XP_015819916.1,ENSNFUP00015022292.1
105023,107388749,ENSNFUG00015010962,-,-,XP_015819917.1,ENSNFUP00015022731.1
105023,107388750,ENSNFUG00015010819,-,-,XP_015819919.1,ENSNFUP00015022501.1
105023,107388750,ENSNFUG00015010819,-,-,XP_015819921.1,ENSNFUP00015022604.1
105023,107388752,ENSNFUG00015011049,-,-,XP_015819923.1,ENSNFUP00015022945.1
105023,107388753,ENSNFUG00015011108,-,-,XP_015819925.1,ENSNFUP00015022970.1
105023,107388756,ENSNFUG00015011128,-,-,XP_015819930.1,ENSNFUP00015023081.1
105023,107388757,ENSNFUG00015013198,-,-,XP_015819931.1,ENSNFUP00015027228.1
105023,107388758,ENSNFUG00015013204,-,-,XP_015819932.1,ENSNFUP00015027250.1
105023,107388761,ENSNFUG00015013813,-,-,XP_015819939.1,ENSNFUP00015029834.1
105023,107388762,ENSNFUG00015013230,-,-,XP_015819936.1,ENSNFUP00015027289.1
105023,107388762,ENSNFUG00015013230,-,-,XP_015819937.1,ENSNFUP00015027286.1
105023,107388763,ENSNFUG00015013233,-,-,XP_015819938.1,ENSNFUP00015027296.1
105023,107388764,ENSNFUG00015014927,-,-,XP_015819979.1,ENSNFUP00015030570.1
105023,107388765,ENSNFUG00015013256,-,-,XP_015819940.1,ENSNFUP00015027368.1
105023,107388766,ENSNFUG00015013237,-,-,XP_015819942.1,ENSNFUP00015027356.1
105023,107388767,ENSNFUG00015013275,-,-,XP_015819944.1,ENSNFUP00015027524.1
105023,107388767,ENSNFUG00015013275,-,-,XP_015819945.1,ENSNFUP00015027533.1
105023,107388768,ENSNFUG00015013368,-,-,XP_015819946.1,ENSNFUP00015027627.1
105023,107388770,ENSNFUG00015014611,-,-,XP_015819949.1,ENSNFUP00015030142.1
105023,107388773,ENSNFUG00015005396,-,-,XP_015819958.1,ENSNFUP00015010932.1
105023,107388775,ENSNFUG00015011476,-,-,XP_015819962.1,ENSNFUP00015028356.1
105023,107388775,ENSNFUG00015011476,-,-,XP_015819970.1,ENSNFUP00015028400.1
105023,107388776,ENSNFUG00015005416,-,-,XP_015819959.1,ENSNFUP00015010984.1
105023,107388777,ENSNFUG00015005472,-,-,XP_015819960.1,ENSNFUP00015011689.1
105023,107388778,ENSNFUG00015005880,-,-,XP_015819961.1,ENSNFUP00015013287.1
105023,107388778,ENSNFUG00015005880,-,-,XP_015819963.1,ENSNFUP00015013312.1
105023,107388778,ENSNFUG00015005880,-,-,XP_015819964.1,ENSNFUP00015013309.1
105023,107388779,ENSNFUG00015005796,-,-,-,-
105023,107388780,ENSNFUG00015006605,-,-,XP_015819966.1,ENSNFUP00015013513.1
105023,107388781,ENSNFUG00015006593,-,-,XP_015819967.1,ENSNFUP00015013424.1
105023,107388782,ENSNFUG00015006630,-,-,XP_015819968.1,ENSNFUP00015013524.1
105023,107388784,ENSNFUG00015006638,-,-,XP_015819971.1,ENSNFUP00015013539.1
105023,107388785,ENSNFUG00015006644,-,-,XP_015819972.1,ENSNFUP00015013559.1
105023,107388786,ENSNFUG00015006656,-,-,XP_015819974.1,ENSNFUP00015013579.1
105023,107388788,ENSNFUG00015006670,-,-,XP_015819977.1,ENSNFUP00015013671.1
105023,107388789,ENSNFUG00015006701,-,-,XP_015819978.1,ENSNFUP00015013721.1
105023,107388790,ENSNFUG00015013751,-,-,XP_015819983.1,ENSNFUP00015028425.1
105023,107388791,ENSNFUG00015006913,-,-,XP_015819980.1,ENSNFUP00015015716.1
105023,107388791,ENSNFUG00015006913,-,-,XP_015819981.1,ENSNFUP00015015696.1
105023,107388792,ENSNFUG00015006722,-,-,XP_015819982.1,ENSNFUP00015013992.1
105023,107388793,ENSNFUG00015007625,-,-,XP_015819984.1,ENSNFUP00015016001.1
105023,107388794,ENSNFUG00015006913,-,-,XP_015819986.1,ENSNFUP00015015784.1
105023,107388798,ENSNFUG00015007968,-,-,XP_015819990.1,ENSNFUP00015018835.1
105023,107388800,ENSNFUG00015009372,-,-,XP_015819993.1,ENSNFUP00015019608.1
105023,107388801,ENSNFUG00015009534,-,-,XP_015819996.1,ENSNFUP00015019750.1
105023,107388804,ENSNFUG00015009659,-,-,XP_015819999.1,ENSNFUP00015019932.1
105023,107388805,ENSNFUG00015011291,-,-,XP_015820004.1,ENSNFUP00015023342.1
105023,107388806,ENSNFUG00015009670,-,-,XP_015820000.1,ENSNFUP00015019961.1
105023,107388807,ENSNFUG00015009691,-,-,XP_015820005.1,ENSNFUP00015020031.1
105023,107388809,ENSNFUG00015009720,-,-,XP_015820007.1,ENSNFUP00015020054.1
105023,107388810,ENSNFUG00015009739,-,-,XP_015820008.1,ENSNFUP00015020151.1
105023,107388811,ENSNFUG00015009804,-,-,XP_015820009.1,ENSNFUP00015020215.1
105023,107388813,ENSNFUG00015009919,-,-,XP_015820011.1,ENSNFUP00015022782.1
105023,107388813,ENSNFUG00015009919,-,-,XP_015820013.1,ENSNFUP00015022869.1
105023,107388815,ENSNFUG00015011084,-,-,XP_015820014.1,ENSNFUP00015022926.1
105023,107388816,ENSNFUG00015011126,-,-,XP_015820016.1,ENSNFUP00015022994.1
105023,107388818,ENSNFUG00015011187,-,-,XP_015820022.1,ENSNFUP00015023226.1
105023,107388819,ENSNFUG00015011279,-,-,XP_015820024.1,ENSNFUP00015023361.1
105023,107388820,ENSNFUG00015011335,-,-,XP_015820030.1,ENSNFUP00015023519.1
105023,107388820,ENSNFUG00015011335,-,-,XP_015820031.1,ENSNFUP00015023535.1
105023,107388820,ENSNFUG00015011335,-,-,XP_015820032.1,ENSNFUP00015023550.1
105023,107388820,ENSNFUG00015011335,-,-,XP_015820033.1,ENSNFUP00015023569.1
105023,107388822,ENSNFUG00015011418,-,-,XP_015820040.1,ENSNFUP00015023604.1
105023,107388823,ENSNFUG00015011409,-,-,XP_015820041.1,ENSNFUP00015023587.1
105023,107388827,ENSNFUG00015012150,-,-,XP_015820044.1,ENSNFUP00015025150.1
105023,107388829,ENSNFUG00015012198,-,-,XP_015820046.1,ENSNFUP00015025384.1
105023,107388829,ENSNFUG00015012198,-,-,XP_015820047.1,ENSNFUP00015025366.1
105023,107388831,ENSNFUG00015015533,-,-,-,-
105023,107388832,ENSNFUG00015016483,-,-,XP_015820052.1,ENSNFUP00015033717.1
105023,107388832,ENSNFUG00015016483,-,-,XP_015820053.1,ENSNFUP00015033722.1
105023,107388834,ENSNFUG00015016508,-,-,XP_015820055.1,ENSNFUP00015033772.1
105023,107388839,ENSNFUG00015016881,-,-,XP_015820062.1,ENSNFUP00015034934.1
105023,107388840,ENSNFUG00015016837,-,-,XP_015820063.1,ENSNFUP00015034617.1
105023,107388841,ENSNFUG00015017038,-,-,XP_015820064.1,ENSNFUP00015035044.1
105023,107388842,ENSNFUG00015017107,-,-,XP_015820065.1,ENSNFUP00015035710.1
105023,107388843,ENSNFUG00015017391,-,-,XP_015820083.1,ENSNFUP00015035984.1
105023,107388843,ENSNFUG00015017391,-,-,XP_015820084.1,ENSNFUP00015036007.1
105023,107388843,ENSNFUG00015017391,-,-,XP_015820085.1,ENSNFUP00015036110.1
105023,107388844,ENSNFUG00015007369,-,-,XP_015820074.1,ENSNFUP00015017289.1
105023,107388845,ENSNFUG00015007274,-,-,XP_015820089.1,ENSNFUP00015014978.1
105023,107388846,ENSNFUG00015017518,-,-,XP_015820086.1,ENSNFUP00015036176.1
105023,107388847,ENSNFUG00015017546,-,-,XP_015820092.1,ENSNFUP00015036204.1
105023,107388848,ENSNFUG00015017636,-,-,XP_015820093.1,ENSNFUP00015036654.1
105023,107388849,ENSNFUG00015017581,-,-,XP_015820095.1,ENSNFUP00015036254.1
105023,107388850,ENSNFUG00015017795,-,-,XP_015820096.1,ENSNFUP00015036776.1
105023,107388852,ENSNFUG00015017808,-,-,-,-
105023,107388854,ENSNFUG00015017873,-,-,-,-
105023,107388855,ENSNFUG00015017894,-,-,XP_015820102.1,ENSNFUP00015036980.1
105023,107388857,ENSNFUG00015017923,-,-,XP_015820104.1,ENSNFUP00015037037.1
105023,107388859,ENSNFUG00015017932,-,-,XP_015820106.1,ENSNFUP00015037087.1
105023,107388860,ENSNFUG00015017903,-,-,XP_015820107.1,ENSNFUP00015037003.1
105023,107388861,ENSNFUG00015017954,-,-,XP_015820110.1,ENSNFUP00015037099.1
105023,107388862,ENSNFUG00015017994,-,-,XP_015820111.1,ENSNFUP00015037397.1
105023,107388863,ENSNFUG00015018300,-,-,XP_015820113.1,ENSNFUP00015037957.1
105023,107388864,ENSNFUG00015007286,-,-,XP_015820124.1,ENSNFUP00015015018.1
105023,107388865,ENSNFUG00015018432,-,-,-,-
105023,107388866,ENSNFUG00015020958,-,-,XP_015820117.1,ENSNFUP00015045233.1
105023,107388867,ENSNFUG00015021650,-,-,-,-
105023,107388867,ENSNFUG00015021650,-,-,XP_015820121.1,ENSNFUP00015045879.1
105023,107388869,ENSNFUG00015014044,-,-,-,-
105023,107388871,ENSNFUG00015018215,-,-,-,-
105023,107388873,ENSNFUG00015018231,-,-,-,-
105023,107388874,ENSNFUG00015007256,-,-,XP_015820136.1,ENSNFUP00015014952.1
105023,107388875,ENSNFUG00015018224,-,-,-,-
105023,107388876,ENSNFUG00015018266,-,-,XP_015820134.1,ENSNFUP00015037809.1
105023,107388877,ENSNFUG00015018269,-,-,-,-
105023,107388881,ENSNFUG00015014957,-,-,XP_015820187.1,ENSNFUP00015030670.1
105023,107388882,ENSNFUG00015018657,-,-,-,-
105023,107388883,ENSNFUG00015007224,-,-,XP_015820167.1,ENSNFUP00015014930.1
105023,107388888,ENSNFUG00015018672,-,-,XP_015820166.1,ENSNFUP00015038709.1
105023,107388889,ENSNFUG00015018681,-,-,-,-
105023,107388890,ENSNFUG00015018707,-,-,-,-
105023,107388891,ENSNFUG00015018711,-,-,XP_015820171.1,ENSNFUP00015038785.1
105023,107388892,ENSNFUG00015018693,-,-,XP_015820172.1,ENSNFUP00015038755.1
105023,107388895,ENSNFUG00015007204,-,-,XP_015820188.1,ENSNFUP00015014864.1
105023,107388896,ENSNFUG00015018718,-,-,-,-
105023,107388897,ENSNFUG00015018722,-,-,-,-
105023,107388898,ENSNFUG00015018748,-,-,XP_015820177.1,ENSNFUP00015038877.1
105023,107388900,ENSNFUG00015018766,-,-,-,-
105023,107388902,ENSNFUG00015018918,-,-,XP_015820186.1,ENSNFUP00015039230.1
105023,107388903,ENSNFUG00015018924,-,-,-,-
105023,107388904,ENSNFUG00015018929,-,-,XP_015820191.1,ENSNFUP00015039523.1
105023,107388906,ENSNFUG00015019099,-,-,XP_015820193.1,ENSNFUP00015040096.1
105023,107388908,ENSNFUG00015019314,-,-,XP_015820195.1,ENSNFUP00015040151.1
105023,107388909,ENSNFUG00015006675,-,-,XP_015820200.1,ENSNFUP00015014624.1
105023,107388911,ENSNFUG00015019324,-,-,XP_015820199.1,ENSNFUP00015040168.1
105023,107388913,ENSNFUG00015019333,-,-,XP_015820201.1,ENSNFUP00015040185.1
105023,107388915,ENSNFUG00015020348,-,-,-,-
105023,107388916,ENSNFUG00015020360,-,-,-,-
105023,107388917,ENSNFUG00015020365,-,-,-,-
105023,107388918,ENSNFUG00015006624,-,-,XP_015820211.1,ENSNFUP00015013510.1
105023,107388919,ENSNFUG00015020374,-,-,-,-
105023,107388920,ENSNFUG00015020372,-,-,XP_015820209.1,ENSNFUP00015042542.1
105023,107388923,ENSNFUG00015020381,-,-,-,-
105023,107388926,ENSNFUG00015020401,-,-,-,-
105023,107388927,ENSNFUG00015006504,-,-,XP_015820222.1,ENSNFUP00015013422.1
105023,107388928,ENSNFUG00015020762,-,-,-,-
105023,107388929,ENSNFUG00015021020,-,-,-,-
105023,107388930,ENSNFUG00015020779,-,-,XP_015820230.1,ENSNFUP00015043982.1
105023,107388931,ENSNFUG00015020766,-,-,-,-
105023,107388933,ENSNFUG00015021840,-,-,XP_015820232.1,ENSNFUP00015046015.1
105023,107388935,ENSNFUG00015021848,-,-,XP_015820234.1,ENSNFUP00015046209.1
105023,107388936,ENSNFUG00015022018,-,-,XP_015820236.1,ENSNFUP00015046420.1
105023,107388937,ENSNFUG00015022020,-,-,-,-
105023,107388938,ENSNFUG00015022026,-,-,XP_015820238.1,ENSNFUP00015046445.1
105023,107388942,ENSNFUG00015022584,-,-,-,-
105023,107388946,ENSNFUG00015022626,-,-,XP_015820249.1,ENSNFUP00015047978.1
105023,107388947,ENSNFUG00015022641,-,-,XP_015820250.1,ENSNFUP00015048007.1
105023,107388948,ENSNFUG00015022649,-,-,-,-
105023,107388949,ENSNFUG00015022686,-,-,-,-
105023,107388950,ENSNFUG00015006374,-,-,XP_015820260.1,ENSNFUP00015012993.1
105023,107388951,ENSNFUG00015022717,-,-,XP_015820257.1,ENSNFUP00015049121.1
105023,107388952,ENSNFUG00015023168,-,-,-,-
105023,107388955,ENSNFUG00015023251,-,-,-,-
105023,107388956,ENSNFUG00015023505,-,-,-,-
105023,107388958,ENSNFUG00015006353,-,-,XP_015820272.1,ENSNFUP00015012959.1
105023,107388959,ENSNFUG00015023202,-,-,-,-
105023,107388960,ENSNFUG00015024215,-,-,-,-
105023,107388961,ENSNFUG00015024217,-,-,-,-
105023,107388963,ENSNFUG00015024224,-,-,XP_015820275.1,ENSNFUP00015051816.1
105023,107388963,ENSNFUG00015024224,-,-,XP_015820276.1,ENSNFUP00015051810.1
105023,107388966,ENSNFUG00015024231,-,-,XP_015820280.1,ENSNFUP00015051825.1
105023,107388967,ENSNFUG00015006362,-,-,XP_015820284.1,ENSNFUP00015012973.1
105023,107388968,ENSNFUG00015024234,-,-,-,-
105023,107388969,ENSNFUG00015024239,-,-,XP_015820282.1,ENSNFUP00015051973.1
105023,107388969,ENSNFUG00015024239,-,-,XP_015820283.1,ENSNFUP00015051985.1
105023,107388970,ENSNFUG00015024295,-,-,-,-
105023,107388971,ENSNFUG00015014018,-,-,-,-
105023,107388973,ENSNFUG00015014360,-,-,XP_015820288.1,ENSNFUP00015032310.1
105023,107388974,ENSNFUG00015015951,-,-,-,-
105023,107388976,ENSNFUG00015015993,-,-,XP_015820292.1,ENSNFUP00015032841.1
105023,107388977,ENSNFUG00015015993,-,-,XP_015820293.1,ENSNFUP00015032642.1
105023,107388978,ENSNFUG00015015977,-,-,-,-
105023,107388979,ENSNFUG00015016158,-,-,XP_015820296.1,ENSNFUP00015033785.1
105023,107388980,ENSNFUG00015016776,-,-,-,-
105023,107388981,ENSNFUG00015016629,-,-,-,-
105023,107388982,ENSNFUG00015006370,-,-,XP_015820303.1,ENSNFUP00015012984.1
105023,107388984,ENSNFUG00015017423,-,-,-,-
105023,107388985,ENSNFUG00015017435,-,-,XP_015820304.1,ENSNFUP00015035964.1
105023,107388986,ENSNFUG00015017449,-,-,-,-
105023,107388987,ENSNFUG00015017454,-,-,-,-
105023,107388989,ENSNFUG00015017486,-,-,-,-
105023,107388990,ENSNFUG00015017632,-,-,-,-
105023,107388991,ENSNFUG00015006340,-,-,XP_015820315.1,ENSNFUP00015012939.1
105023,107388992,ENSNFUG00015017644,-,-,-,-
105023,107388994,ENSNFUG00015017652,-,-,-,-
105023,107388995,ENSNFUG00015017659,-,-,-,-
105023,107388997,ENSNFUG00015017672,-,-,-,-
105023,107388998,ENSNFUG00015017699,-,-,-,-
105023,107389001,ENSNFUG00015006350,-,-,XP_015820326.1,ENSNFUP00015012951.1
105023,107389002,ENSNFUG00015017716,-,-,-,-
105023,107389003,ENSNFUG00015017722,-,-,XP_015820330.1,ENSNFUP00015036583.1
105023,107389004,ENSNFUG00015017732,-,-,XP_015820333.1,ENSNFUP00015036625.1
105023,107389004,ENSNFUG00015017732,-,-,XP_015820334.1,ENSNFUP00015036630.1
105023,107389005,ENSNFUG00015017749,-,-,-,-
105023,107389007,ENSNFUG00015017796,-,-,XP_015820337.1,ENSNFUP00015037031.1
105023,107389010,ENSNFUG00015018036,-,-,-,-
105023,107389011,ENSNFUG00015018041,-,-,-,-
105023,107389013,ENSNFUG00015018051,-,-,XP_015820347.1,ENSNFUP00015037317.1
105023,107389014,ENSNFUG00015006323,-,-,XP_015820351.1,ENSNFUP00015012887.1
105023,107389015,ENSNFUG00015018059,-,-,-,-
105023,107389016,ENSNFUG00015018066,-,-,-,-
105023,107389017,ENSNFUG00015018089,-,-,-,-
105023,107389018,ENSNFUG00015018102,-,-,XP_015820352.1,ENSNFUP00015037428.1
105023,107389018,ENSNFUG00015018102,-,-,XP_015820353.1,ENSNFUP00015037437.1
105023,107389020,ENSNFUG00015018133,-,-,-,-
105023,107389022,ENSNFUG00015018175,-,-,XP_015820360.1,ENSNFUP00015039063.1
105023,107389023,ENSNFUG00015006335,-,-,XP_015820364.1,ENSNFUP00015012912.1
105023,107389025,ENSNFUG00015018920,-,-,XP_015820361.1,ENSNFUP00015039474.1
105023,107389025,ENSNFUG00015018920,-,-,XP_015820362.1,ENSNFUP00015039471.1
105023,107389025,ENSNFUG00015018920,-,-,XP_015820363.1,ENSNFUP00015039495.1
105023,107389026,ENSNFUG00015019039,-,-,XP_015820367.1,ENSNFUP00015040263.1
105023,107389027,ENSNFUG00015019031,-,-,XP_015820371.1,ENSNFUP00015039507.1
105023,107389030,ENSNFUG00015019713,-,-,XP_015820377.1,ENSNFUP00015051662.1
105023,107389032,ENSNFUG00015006316,-,-,XP_015820388.1,ENSNFUP00015012859.1
105023,107389033,ENSNFUG00015019379,-,-,-,-
105023,107389034,ENSNFUG00015024292,-,-,-,-
105023,107389035,ENSNFUG00015019400,-,-,-,-
105023,107389037,ENSNFUG00015019393,-,-,XP_015820390.1,ENSNFUP00015040343.1
105023,107389040,ENSNFUG00015024340,-,-,XP_015820394.1,ENSNFUP00015052160.1
105023,107389045,ENSNFUG00015024371,-,-,-,-
105023,107389046,ENSNFUG00015024383,-,-,XP_015820402.1,ENSNFUP00015052239.1
105023,107389047,ENSNFUG00015024356,-,-,XP_015820403.1,ENSNFUP00015052194.1
105023,107389048,ENSNFUG00015024384,-,-,-,-
105023,107389049,ENSNFUG00015024448,-,-,-,-
105023,107389050,ENSNFUG00015024391,-,-,XP_015820406.1,ENSNFUP00015052375.1
105023,107389051,ENSNFUG00015024468,-,-,-,-
105023,107389054,ENSNFUG00015024564,-,-,-,-
105023,107389057,ENSNFUG00015006028,-,-,XP_015820420.1,ENSNFUP00015012765.1
105023,107389058,ENSNFUG00015024582,-,-,-,-
105023,107389059,ENSNFUG00015024575,-,-,-,-
105023,107389062,ENSNFUG00015024712,-,-,-,-
105023,107389063,ENSNFUG00015024726,-,-,-,-
105023,107389064,ENSNFUG00015006001,-,-,XP_015820433.1,ENSNFUP00015012169.1
105023,107389065,ENSNFUG00015024715,-,-,XP_015820431.1,ENSNFUP00015053071.1
105023,107389066,ENSNFUG00015024752,-,-,-,-
105023,107389067,ENSNFUG00015024719,-,-,XP_015820434.1,ENSNFUP00015053081.1
105023,107389068,ENSNFUG00015024845,-,-,-,-
105023,107389070,ENSNFUG00015004754,-,-,XP_015820440.1,ENSNFUP00015009728.1
105023,107389072,ENSNFUG00015005988,-,-,XP_015820445.1,ENSNFUP00015012161.1
105023,107389073,ENSNFUG00015004771,-,-,-,-
105023,107389076,ENSNFUG00015004810,-,-,-,-
105023,107389077,ENSNFUG00015005019,-,-,-,-
105023,107389080,ENSNFUG00015005962,-,-,XP_015820458.1,ENSNFUP00015012106.1
105023,107389081,ENSNFUG00015005471,-,-,-,-
105023,107389082,ENSNFUG00015005662,-,-,-,-
105023,107389087,ENSNFUG00015006782,-,-,XP_015820470.1,ENSNFUP00015013873.1
105023,107389090,ENSNFUG00015006851,-,-,XP_015820471.1,ENSNFUP00015015393.1
105023,107389091,ENSNFUG00015007776,-,-,-,-
105023,107389092,ENSNFUG00015005926,-,-,XP_015820476.1,ENSNFUP00015012007.1
105023,107389095,ENSNFUG00015017051,-,-,-,-
105023,107389096,ENSNFUG00015017412,-,-,XP_015820478.1,ENSNFUP00015035916.1
105023,107389099,ENSNFUG00015021134,-,-,-,-
105023,107389100,ENSNFUG00015005954,-,-,XP_015820489.1,ENSNFUP00015012071.1
105023,107389102,ENSNFUG00015004124,-,-,XP_015820505.1,ENSNFUP00015011618.1
105023,107389104,ENSNFUG00015003912,-,-,XP_015820538.1,ENSNFUP00015007971.1
105023,107389105,ENSNFUG00015017940,-,-,-,-
105023,107389106,ENSNFUG00015021144,-,-,-,-
105023,107389107,ENSNFUG00015021146,-,-,XP_015820542.1,ENSNFUP00015044423.1
105023,107389108,ENSNFUG00015021157,-,-,XP_015820543.1,ENSNFUP00015045529.1
105023,107389111,ENSNFUG00015005219,-,-,XP_015820549.1,ENSNFUP00015010795.1
105023,107389112,ENSNFUG00015021687,-,-,-,-
105023,107389114,ENSNFUG00015021694,-,-,XP_015820550.1,ENSNFUP00015045628.1
105023,107389115,ENSNFUG00015021703,-,-,-,-
105023,107389117,ENSNFUG00015005342,-,-,XP_015820562.1,ENSNFUP00015010819.1
105023,107389118,ENSNFUG00015021766,-,-,-,-
105023,107389120,ENSNFUG00015021989,-,-,-,-
105023,107389121,ENSNFUG00015022052,-,-,-,-
105023,107389122,ENSNFUG00015005205,-,-,XP_015820575.1,ENSNFUP00015010539.1
105023,107389123,ENSNFUG00015022021,-,-,-,-
105023,107389128,ENSNFUG00015022169,-,-,XP_015820584.1,ENSNFUP00015046813.1
105023,107389130,ENSNFUG00015022171,-,-,-,-
105023,107389132,ENSNFUG00015022174,-,-,-,-
105023,107389133,ENSNFUG00015022172,-,-,XP_015820592.1,ENSNFUP00015046821.1
105023,107389134,ENSNFUG00015022180,-,-,XP_015820593.1,ENSNFUP00015046867.1
105023,107389135,ENSNFUG00015022186,-,-,-,-
105023,107389136,ENSNFUG00015022188,-,-,-,-
105023,107389137,ENSNFUG00015022199,-,-,XP_015820603.1,ENSNFUP00015046967.1
105023,107389138,ENSNFUG00015022244,-,-,XP_015820604.1,ENSNFUP00015047060.1
105023,107389141,ENSNFUG00015022321,-,-,-,-
105023,107389142,ENSNFUG00015022326,-,-,-,-
105023,107389144,ENSNFUG00015022333,-,-,XP_015820622.1,ENSNFUP00015047255.1
105023,107389145,ENSNFUG00015022360,-,-,XP_015820625.1,ENSNFUP00015047282.1
105023,107389146,ENSNFUG00015022368,-,-,XP_015820626.1,ENSNFUP00015047340.1
105023,107389147,ENSNFUG00015022391,-,-,-,-
105023,107389148,ENSNFUG00015022393,-,-,XP_015820629.1,ENSNFUP00015047370.1
105023,107389150,ENSNFUG00015022404,-,-,-,-
105023,107389152,ENSNFUG00015005160,-,-,XP_015820640.1,ENSNFUP00015010463.1
105023,107389153,ENSNFUG00015022408,-,-,XP_015820637.1,ENSNFUP00015047397.1
105023,107389158,ENSNFUG00015022416,-,-,XP_015820648.1,ENSNFUP00015047414.1
105023,107389159,ENSNFUG00015005125,-,-,XP_015820653.1,ENSNFUP00015010395.1
105023,107389160,ENSNFUG00015022423,-,-,XP_015820650.1,ENSNFUP00015047426.1
105023,107389161,ENSNFUG00015022424,-,-,-,-
105023,107389162,ENSNFUG00015022427,-,-,XP_015820652.1,ENSNFUP00015047449.1
105023,107389164,ENSNFUG00015022455,-,-,-,-
105023,107389165,ENSNFUG00015022474,-,-,-,-
105023,107389172,ENSNFUG00015011608,-,-,-,-
105023,107389173,ENSNFUG00015013067,-,-,-,-
105023,107389176,ENSNFUG00015013259,-,-,XP_015820670.1,ENSNFUP00015027487.1
105023,107389177,ENSNFUG00015013325,-,-,-,-
105023,107389179,ENSNFUG00015013417,-,-,-,-
105023,107389181,ENSNFUG00015013520,-,-,XP_015820679.1,ENSNFUP00015028192.1
105023,107389184,ENSNFUG00015013999,-,-,-,-
105023,107389187,ENSNFUG00015015216,-,-,XP_015820723.1,ENSNFUP00015032126.1
105023,107389193,ENSNFUG00015016141,-,-,XP_015820694.1,ENSNFUP00015032949.1
105023,107389194,ENSNFUG00015016262,-,-,-,-
105023,107389195,ENSNFUG00015018762,-,-,-,-
105023,107389196,ENSNFUG00015018772,-,-,-,-
105023,107389198,ENSNFUG00015018795,-,-,-,-
105023,107389199,ENSNFUG00015018816,-,-,XP_015820701.1,ENSNFUP00015039422.1
105023,107389200,ENSNFUG00015019069,-,-,-,-
105023,107389201,ENSNFUG00015019078,-,-,-,-
105023,107389202,ENSNFUG00015019074,-,-,-,-
105023,107389203,ENSNFUG00015019085,-,-,-,-
105023,107389204,ENSNFUG00015019089,-,-,-,-
105023,107389205,ENSNFUG00015019105,-,-,-,-
105023,107389207,ENSNFUG00015019219,-,-,-,-
105023,107389210,ENSNFUG00015019243,-,-,-,-
105023,107389213,ENSNFUG00015019246,-,-,-,-
105023,107389215,ENSNFUG00015019249,-,-,XP_015820725.1,ENSNFUP00015039977.1
105023,107389216,ENSNFUG00015019286,-,-,-,-
105023,107389218,ENSNFUG00015019579,-,-,-,-
105023,107389219,ENSNFUG00015019607,-,-,-,-
105023,107389222,ENSNFUG00015019688,-,-,-,-
105023,107389224,ENSNFUG00015004985,-,-,XP_015820744.1,ENSNFUP00015010149.1
105023,107389227,ENSNFUG00015019812,-,-,-,-
105023,107389229,ENSNFUG00015019855,-,-,-,-
105023,107389231,ENSNFUG00015020137,-,-,-,-
105023,107389232,ENSNFUG00015019878,-,-,XP_015820753.1,ENSNFUP00015041899.1
105023,107389233,ENSNFUG00015020146,-,-,-,-
105023,107389234,ENSNFUG00015020151,-,-,-,-
105023,107389236,ENSNFUG00015005024,-,-,XP_015820764.1,ENSNFUP00015010196.1
105023,107389238,ENSNFUG00015020899,-,-,XP_015820767.1,ENSNFUP00015043839.1
105023,107389240,ENSNFUG00015020915,-,-,XP_015820772.1,ENSNFUP00015043867.1
105023,107389243,ENSNFUG00015020924,-,-,-,-
105023,107389246,ENSNFUG00015021003,-,-,XP_015820778.1,ENSNFUP00015044148.1
105023,107389248,ENSNFUG00015021034,-,-,XP_015820780.1,ENSNFUP00015044219.1
105023,107389249,ENSNFUG00015021068,-,-,XP_015820781.1,ENSNFUP00015044718.1
105023,107389253,ENSNFUG00015021306,-,-,-,-
105023,107389254,ENSNFUG00015014526,-,-,XP_015820785.1,ENSNFUP00015029871.1
105023,107389255,ENSNFUG00015014562,-,-,XP_015820787.1,ENSNFUP00015029964.1
105023,107389256,ENSNFUG00015014630,-,-,XP_015820792.1,ENSNFUP00015031216.1
105023,107389256,ENSNFUG00015014630,-,-,XP_015820793.1,ENSNFUP00015031227.1
105023,107389257,ENSNFUG00015015326,-,-,-,-
105023,107389258,ENSNFUG00015015344,-,-,-,-
105023,107389259,ENSNFUG00015015355,-,-,-,-
105023,107389261,ENSNFUG00015015460,-,-,XP_015820801.1,ENSNFUP00015031787.1
105023,107389267,ENSNFUG00015015771,-,-,-,-
105023,107389269,ENSNFUG00015016305,-,-,XP_015820813.1,ENSNFUP00015033285.1
105023,107389271,ENSNFUG00015004781,-,-,XP_015820820.1,ENSNFUP00015009935.1
105023,107389271,ENSNFUG00015004781,-,-,XP_015820829.1,ENSNFUP00015009959.1
105023,107389272,ENSNFUG00015016316,-,-,XP_015820817.1,ENSNFUP00015033321.1
105023,107389275,ENSNFUG00015016534,-,-,-,-
105023,107389277,ENSNFUG00015022323,-,-,-,-
105023,107389278,ENSNFUG00015022317,-,-,XP_015820827.1,ENSNFUP00015047221.1
105023,107389281,ENSNFUG00015022338,-,-,-,-
105023,107389282,ENSNFUG00015022346,-,-,-,-
105023,107389284,ENSNFUG00015022354,-,-,XP_015820834.1,ENSNFUP00015047270.1
105023,107389286,ENSNFUG00015022370,-,-,XP_015820836.1,ENSNFUP00015047588.1
105023,107389287,ENSNFUG00015004623,-,-,XP_015820864.1,ENSNFUP00015009650.1
105023,107389287,ENSNFUG00015004623,-,-,XP_015820872.1,ENSNFUP00015009668.1
105023,107389288,ENSNFUG00015022510,-,-,XP_015820837.1,ENSNFUP00015047839.1
105023,107389294,ENSNFUG00015022640,-,-,-,-
105023,107389295,ENSNFUG00015022651,-,-,XP_015820847.1,ENSNFUP00015048029.1
105023,107389298,ENSNFUG00015022685,-,-,-,-
105023,107389299,ENSNFUG00015022721,-,-,XP_015820851.1,ENSNFUP00015049649.1
105023,107389300,ENSNFUG00015022663,-,-,-,-
105023,107389302,ENSNFUG00015023409,-,-,-,-
105023,107389303,ENSNFUG00015023412,-,-,XP_015820858.1,ENSNFUP00015049745.1
105023,107389304,ENSNFUG00015023418,-,-,-,-
105023,107389306,ENSNFUG00015023518,-,-,XP_015820865.1,ENSNFUP00015050013.1
105023,107389307,ENSNFUG00015023513,-,-,XP_015820866.1,ENSNFUP00015050008.1
105023,107389308,ENSNFUG00015023523,-,-,-,-
105023,107389309,ENSNFUG00015023536,-,-,XP_015820868.1,ENSNFUP00015050067.1
105023,107389311,ENSNFUG00015023542,-,-,XP_015820869.1,ENSNFUP00015050102.1
105023,107389312,ENSNFUG00015023563,-,-,-,-
105023,107389313,ENSNFUG00015023539,-,-,XP_015820875.1,ENSNFUP00015050070.1
105023,107389314,ENSNFUG00015023571,-,-,-,-
105023,107389317,ENSNFUG00015004548,-,-,XP_015820885.1,ENSNFUP00015009358.1
105023,107389317,ENSNFUG00015004548,-,-,XP_015820894.1,ENSNFUP00015009368.1
105023,107389318,ENSNFUG00015023651,-,-,-,-
105023,107389321,ENSNFUG00015023804,-,-,XP_015820890.1,ENSNFUP00015050736.1
105023,107389322,ENSNFUG00015023816,-,-,-,-
105023,107389327,ENSNFUG00015023836,-,-,XP_015820901.1,ENSNFUP00015050806.1
105023,107389332,ENSNFUG00015004432,-,-,XP_015820914.1,ENSNFUP00015009269.1
105023,107389332,ENSNFUG00015004432,-,-,XP_015820922.1,ENSNFUP00015009248.1
105023,107389334,ENSNFUG00015024035,-,-,-,-
105023,107389336,ENSNFUG00015024041,-,-,-,-
105023,107389338,ENSNFUG00015024049,-,-,XP_015820918.1,ENSNFUP00015051299.1
105023,107389339,ENSNFUG00015024059,-,-,XP_015820919.1,ENSNFUP00015051331.1
105023,107389340,ENSNFUG00015024158,-,-,-,-
105023,107389341,ENSNFUG00015024074,-,-,-,-
105023,107389342,ENSNFUG00015024164,-,-,-,-
105023,107389344,ENSNFUG00015024173,-,-,XP_015820929.1,ENSNFUP00015051675.1
105023,107389348,ENSNFUG00015024191,-,-,XP_015820933.1,ENSNFUP00015051715.1
105023,107389349,ENSNFUG00015004768,-,-,XP_015820935.1,ENSNFUP00015009810.1
105023,107389352,ENSNFUG00015004923,-,-,-,-
105023,107389353,ENSNFUG00015004823,-,-,-,-
105023,107389354,ENSNFUG00015004373,-,-,XP_015820947.1,ENSNFUP00015008975.1
105023,107389355,ENSNFUG00015005227,-,-,XP_015820943.1,ENSNFUP00015010656.1
105023,107389356,ENSNFUG00015005333,-,-,XP_015820944.1,ENSNFUP00015011208.1
105023,107389358,ENSNFUG00015005971,-,-,-,-
105023,107389360,ENSNFUG00015005979,-,-,XP_015820952.1,ENSNFUP00015012186.1
105023,107389361,ENSNFUG00015006029,-,-,-,-
105023,107389365,ENSNFUG00015006086,-,-,XP_015820959.1,ENSNFUP00015012438.1
105023,107389366,ENSNFUG00015004361,-,-,XP_015820963.1,ENSNFUP00015008936.1
105023,107389369,ENSNFUG00015006230,-,-,-,-
105023,107389371,ENSNFUG00015004358,-,-,XP_015820977.1,ENSNFUP00015008927.1
105023,107389374,ENSNFUG00015006279,-,-,XP_015820979.1,ENSNFUP00015012776.1
105023,107389375,ENSNFUG00015006282,-,-,XP_015820980.1,ENSNFUP00015012786.1
105023,107389376,ENSNFUG00015006303,-,-,XP_015820982.1,ENSNFUP00015012828.1
105023,107389376,ENSNFUG00015006303,-,-,XP_015820983.1,ENSNFUP00015012823.1
105023,107389377,ENSNFUG00015003633,-,-,XP_015820990.1,ENSNFUP00015008711.1
105023,107389378,ENSNFUG00015006309,-,-,XP_015820986.1,ENSNFUP00015012853.1
105023,107389379,ENSNFUG00015006321,-,-,XP_015820987.1,ENSNFUP00015012881.1
105023,107389381,ENSNFUG00015006343,-,-,XP_015820993.1,ENSNFUP00015012938.1
105023,107389382,ENSNFUG00015006347,-,-,XP_015820994.1,ENSNFUP00015012948.1
105023,107389383,ENSNFUG00015006360,-,-,XP_015820995.1,ENSNFUP00015012969.1
105023,107389384,ENSNFUG00015006408,-,-,XP_015820996.1,ENSNFUP00015013605.1
105023,107389386,ENSNFUG00015004344,-,-,XP_015821002.1,ENSNFUP00015008914.1
105023,107389387,ENSNFUG00015009760,-,-,XP_015821000.1,ENSNFUP00015020136.1
105023,107389389,ENSNFUG00015009819,-,-,XP_015821003.1,ENSNFUP00015020245.1
105023,107389389,ENSNFUG00015009819,-,-,XP_015821004.1,ENSNFUP00015020263.1
105023,107389390,ENSNFUG00015009788,-,-,XP_015821005.1,ENSNFUP00015020188.1
105023,107389392,ENSNFUG00015009892,-,-,XP_015821008.1,ENSNFUP00015020907.1
105023,107389395,ENSNFUG00015010323,-,-,XP_015821010.1,ENSNFUP00015021261.1
105023,107389396,ENSNFUG00015010334,-,-,XP_015821012.1,ENSNFUP00015021276.1
105023,107389397,ENSNFUG00015010342,-,-,XP_015821013.1,ENSNFUP00015021289.1
105023,107389399,ENSNFUG00015003633,-,-,XP_015821020.1,ENSNFUP00015008601.1
105023,107389400,ENSNFUG00015010387,-,-,XP_015821018.1,ENSNFUP00015021386.1
105023,107389402,ENSNFUG00015010405,-,-,XP_015821019.1,ENSNFUP00015021441.1
105023,107389403,ENSNFUG00015010433,-,-,XP_015821021.1,ENSNFUP00015021467.1
105023,107389405,ENSNFUG00015010442,-,-,XP_015821023.1,ENSNFUP00015021474.1
105023,107389409,ENSNFUG00015010521,-,-,XP_015821028.1,ENSNFUP00015021713.1
105023,107389409,ENSNFUG00015010521,-,-,XP_015821029.1,ENSNFUP00015021878.1
105023,107389410,ENSNFUG00015003443,-,-,XP_015821032.1,ENSNFUP00015006951.1
105023,107389416,ENSNFUG00015015812,-,-,-,-
105023,107389417,ENSNFUG00015009782,-,-,XP_015821038.1,ENSNFUP00015020206.1
105023,107389422,ENSNFUG00015007773,-,-,XP_015821042.1,ENSNFUP00015016192.1
105023,107389435,ENSNFUG00015008117,-,-,XP_015821055.1,ENSNFUP00015016985.1
105023,107389437,ENSNFUG00015003385,-,-,XP_015821058.1,ENSNFUP00015006838.1
105023,107389437,ENSNFUG00015003385,-,-,XP_015821065.1,ENSNFUP00015006903.1
105023,107389437,ENSNFUG00015003385,-,-,XP_015821070.1,ENSNFUP00015006887.1
105023,107389442,ENSNFUG00015016215,-,-,XP_015821061.1,ENSNFUP00015033754.1
105023,107389447,ENSNFUG00015007781,-,-,-,-
105023,107389455,ENSNFUG00015016447,-,-,XP_015821072.1,ENSNFUP00015033643.1
105023,107389459,ENSNFUG00015010666,-,-,-,-
105023,107389462,ENSNFUG00015011063,-,-,XP_015821078.1,ENSNFUP00015022916.1
105023,107389463,ENSNFUG00015011160,-,-,XP_015821079.1,ENSNFUP00015023062.1
105023,107389465,ENSNFUG00015011183,-,-,XP_015821082.1,ENSNFUP00015023191.1
105023,107389466,ENSNFUG00015003298,-,-,XP_015821087.1,ENSNFUP00015006769.1
105023,107389466,ENSNFUG00015003298,-,-,XP_015821103.1,ENSNFUP00015006788.1
105023,107389467,ENSNFUG00015011328,-,-,XP_015821083.1,ENSNFUP00015023809.1
105023,107389467,ENSNFUG00015011328,-,-,XP_015821084.1,ENSNFUP00015023827.1
105023,107389467,ENSNFUG00015011328,-,-,XP_015821086.1,ENSNFUP00015023848.1
105023,107389468,ENSNFUG00015011183,-,-,XP_015821088.1,ENSNFUP00015023215.1
105023,107389470,ENSNFUG00015011583,-,-,XP_015821090.1,ENSNFUP00015024015.1
105023,107389470,ENSNFUG00015011583,-,-,XP_015821092.1,ENSNFUP00015024057.1
105023,107389472,ENSNFUG00015011705,-,-,XP_015821093.1,ENSNFUP00015024199.1
105023,107389474,ENSNFUG00015011747,-,-,-,-
105023,107389477,ENSNFUG00015012775,-,-,XP_015821105.1,ENSNFUP00015026404.1
105023,107389479,ENSNFUG00015012831,-,-,XP_015821107.1,ENSNFUP00015026457.1
105023,107389481,ENSNFUG00015012847,-,-,XP_015821114.1,ENSNFUP00015026574.1
105023,107389482,ENSNFUG00015012880,-,-,XP_015821115.1,ENSNFUP00015026600.1
105023,107389483,ENSNFUG00015012847,-,-,XP_015821117.1,ENSNFUP00015026578.1
105023,107389485,ENSNFUG00015012926,-,-,XP_015821119.1,ENSNFUP00015026669.1
105023,107389486,ENSNFUG00015012906,-,-,XP_015821120.1,ENSNFUP00015026646.1
105023,107389487,ENSNFUG00015012971,-,-,XP_015821122.1,ENSNFUP00015027061.1
105023,107389488,ENSNFUG00015013246,-,-,XP_015821124.1,ENSNFUP00015029549.1
105023,107389488,ENSNFUG00015013246,-,-,XP_015821127.1,ENSNFUP00015032921.1
105023,107389488,ENSNFUG00015013246,-,-,XP_015821128.1,ENSNFUP00015031373.1
105023,107389490,ENSNFUG00015016152,-,-,XP_015821130.1,ENSNFUP00015032970.1
105023,107389491,ENSNFUG00015016246,-,-,XP_015821131.1,ENSNFUP00015035717.1
105023,107389491,ENSNFUG00015016246,-,-,XP_015821132.1,ENSNFUP00015035394.1
105023,107389495,ENSNFUG00015004817,-,-,XP_015821136.1,ENSNFUP00015009943.1
105023,107389496,ENSNFUG00015005037,-,-,XP_015821137.1,ENSNFUP00015011077.1
105023,107389497,ENSNFUG00015004914,-,-,XP_015821138.1,ENSNFUP00015009991.1
105023,107389498,ENSNFUG00015015817,-,-,-,-
105023,107389500,ENSNFUG00015005669,-,-,XP_015821142.1,ENSNFUP00015011506.1
105023,107389501,ENSNFUG00015005678,-,-,XP_015821144.1,ENSNFUP00015011515.1
105023,107389502,ENSNFUG00015005670,-,-,XP_015821145.1,ENSNFUP00015011509.1
105023,107389503,ENSNFUG00015005688,-,-,XP_015821146.1,ENSNFUP00015011528.1
105023,107389504,ENSNFUG00015005698,-,-,XP_015821147.1,ENSNFUP00015011549.1
105023,107389504,ENSNFUG00015005698,-,-,XP_015821148.1,ENSNFUP00015011557.1
105023,107389505,ENSNFUG00015005736,-,-,XP_015821149.1,ENSNFUP00015011608.1
105023,107389506,ENSNFUG00015005718,-,-,XP_015821150.1,ENSNFUP00015011580.1
105023,107389507,ENSNFUG00015003244,-,-,XP_015821154.1,ENSNFUP00015006496.1
105023,107389508,ENSNFUG00015005742,-,-,XP_015821151.1,ENSNFUP00015011615.1
105023,107389509,ENSNFUG00015005904,-,-,XP_015821152.1,ENSNFUP00015016443.1
105023,107389510,ENSNFUG00015008030,-,-,XP_015821153.1,ENSNFUP00015016809.1
105023,107389510,ENSNFUG00015008030,-,-,XP_015821155.1,ENSNFUP00015016819.1
105023,107389510,ENSNFUG00015008030,-,-,XP_015821156.1,ENSNFUP00015016815.1
105023,107389511,ENSNFUG00015005745,-,-,XP_015821157.1,ENSNFUP00015011619.1
105023,107389512,ENSNFUG00015008042,-,-,XP_015821158.1,ENSNFUP00015016838.1
105023,107389517,ENSNFUG00015008091,-,-,XP_015821165.1,ENSNFUP00015016957.1
105023,107389518,ENSNFUG00015008126,-,-,XP_015821166.1,ENSNFUP00015017010.1
105023,107389522,ENSNFUG00015008360,-,-,XP_015821173.1,ENSNFUP00015017519.1
105023,107389523,ENSNFUG00015008403,-,-,XP_015821174.1,ENSNFUP00015017819.1
105023,107389525,ENSNFUG00015008361,-,-,XP_015821177.1,ENSNFUP00015017529.1
105023,107389529,ENSNFUG00015010326,-,-,XP_015821185.1,ENSNFUP00015021260.1
105023,107389532,ENSNFUG00015003184,-,-,XP_015821195.1,ENSNFUP00015006439.1
105023,107389535,ENSNFUG00015010586,-,-,XP_015821197.1,ENSNFUP00015021809.1
105023,107389536,ENSNFUG00015010431,-,-,XP_015821198.1,ENSNFUP00015021663.1
105023,107389537,ENSNFUG00015010379,-,-,XP_015821199.1,ENSNFUP00015021366.1
105023,107389538,ENSNFUG00015010655,-,-,XP_015821200.1,ENSNFUP00015022458.1
105023,107389539,ENSNFUG00015011066,-,-,XP_015821201.1,ENSNFUP00015022930.1
105023,107389541,ENSNFUG00015003119,-,-,-,-
105023,107389542,ENSNFUG00015011459,-,-,XP_015821203.1,ENSNFUP00015032402.1
105023,107389542,ENSNFUG00015011459,-,-,XP_015821204.1,ENSNFUP00015032444.1
105023,107389545,ENSNFUG00015015983,-,-,XP_015821209.1,ENSNFUP00015032616.1
105023,107389546,ENSNFUG00015015997,-,-,XP_015821210.1,ENSNFUP00015032672.1
105023,107389548,ENSNFUG00015002991,-,-,XP_015821219.1,ENSNFUP00015006219.1
105023,107389550,ENSNFUG00015016164,-,-,XP_015821221.1,ENSNFUP00015033008.1
105023,107389550,ENSNFUG00015016164,-,-,XP_015821222.1,ENSNFUP00015033020.1
105023,107389552,ENSNFUG00015016192,-,-,XP_015821223.1,ENSNFUP00015033066.1
105023,107389553,ENSNFUG00015016215,-,-,XP_015821226.1,ENSNFUP00015033855.1
105023,107389555,ENSNFUG00015016687,-,-,XP_015821227.1,ENSNFUP00015041464.1
105023,107389556,ENSNFUG00015020396,-,-,XP_015821231.1,ENSNFUP00015042632.1
105023,107389557,ENSNFUG00015020413,-,-,-,-
105023,107389558,ENSNFUG00015020515,-,-,XP_015821234.1,ENSNFUP00015046685.1
105023,107389559,ENSNFUG00015002945,-,-,XP_015821238.1,ENSNFUP00015005874.1
105023,107389560,ENSNFUG00015022242,-,-,XP_015821235.1,ENSNFUP00015047047.1
105023,107389561,ENSNFUG00015022243,-,-,-,-
105023,107389563,ENSNFUG00015022248,-,-,XP_015821241.1,ENSNFUP00015047082.1
105023,107389564,ENSNFUG00015022262,-,-,XP_015821242.1,ENSNFUP00015047109.1
105023,107389565,ENSNFUG00015022246,-,-,XP_015821243.1,ENSNFUP00015047065.1
105023,107389567,ENSNFUG00015002925,-,-,XP_015821249.1,ENSNFUP00015005852.1
105023,107389568,ENSNFUG00015004867,-,-,XP_015821248.1,ENSNFUP00015009953.1
105023,107389569,ENSNFUG00015004796,-,-,XP_015821250.1,ENSNFUP00015009792.1
105023,107389570,ENSNFUG00015004812,-,-,XP_015821251.1,ENSNFUP00015009828.1
105023,107389570,ENSNFUG00015004832,-,-,XP_015821252.1,ENSNFUP00015009856.1
105023,107389571,ENSNFUG00015004906,-,-,XP_015821254.1,ENSNFUP00015009974.1
105023,107389572,ENSNFUG00015004956,-,-,XP_015821255.1,ENSNFUP00015010472.1
105023,107389573,ENSNFUG00015005431,-,-,XP_015821259.1,ENSNFUP00015012868.1
105023,107389573,ENSNFUG00015005431,-,-,XP_015821260.1,ENSNFUP00015013356.1
105023,107389574,ENSNFUG00015006724,-,-,XP_015821263.1,ENSNFUP00015013764.1
105023,107389575,ENSNFUG00015002899,-,-,XP_015821268.1,ENSNFUP00015005818.1
105023,107389575,ENSNFUG00015002899,-,-,XP_015821284.1,ENSNFUP00015005828.1
105023,107389576,ENSNFUG00015006768,-,-,XP_015821265.1,ENSNFUP00015013874.1
105023,107389577,ENSNFUG00015006742,-,-,XP_015821267.1,ENSNFUP00015013798.1
105023,107389580,ENSNFUG00015006874,-,-,XP_015821271.1,ENSNFUP00015014180.1
105023,107389580,ENSNFUG00015006874,-,-,XP_015821274.1,ENSNFUP00015014195.1
105023,107389580,ENSNFUG00015006874,-,-,XP_015821275.1,ENSNFUP00015014206.1
105023,107389580,ENSNFUG00015006874,-,-,XP_015821276.1,ENSNFUP00015014141.1
105023,107389581,ENSNFUG00015006947,-,-,XP_015821280.1,ENSNFUP00015014381.1
105023,107389582,ENSNFUG00015007006,-,-,XP_015821281.1,ENSNFUP00015014415.1
105023,107389583,ENSNFUG00015007042,-,-,-,-
105023,107389587,ENSNFUG00015007183,XM_015965799.1,ENSNFUT00015015539.1,XP_015821285.1,ENSNFUP00015014815.1
105023,107389588,ENSNFUG00015007190,-,-,XP_015821286.1,ENSNFUP00015014829.1
105023,107389589,ENSNFUG00015007203,-,-,XP_015821287.1,ENSNFUP00015014858.1
105023,107389590,ENSNFUG00015007217,-,-,XP_015821290.1,ENSNFUP00015014886.1
105023,107389591,ENSNFUG00015007237,-,-,XP_015821291.1,ENSNFUP00015015010.1
105023,107389592,ENSNFUG00015007299,-,-,XP_015821293.1,ENSNFUP00015015063.1
105023,107389593,ENSNFUG00015007319,-,-,XP_015821294.1,ENSNFUP00015015191.1
105023,107389593,ENSNFUG00015007319,-,-,XP_015821296.1,ENSNFUP00015015202.1
105023,107389593,ENSNFUG00015007319,-,-,XP_015821298.1,ENSNFUP00015015214.1
105023,107389594,ENSNFUG00015007386,-,-,XP_015821299.1,ENSNFUP00015015282.1
105023,107389597,ENSNFUG00015002878,-,-,XP_015821313.1,ENSNFUP00015005778.1
105023,107389599,ENSNFUG00015007408,-,-,XP_015821305.1,ENSNFUP00015015329.1
105023,107389600,ENSNFUG00015007419,-,-,XP_015821306.1,ENSNFUP00015015379.1
105023,107389601,ENSNFUG00015007453,-,-,XP_015821307.1,ENSNFUP00015015439.1
105023,107389602,ENSNFUG00015007508,-,-,XP_015821308.1,ENSNFUP00015016153.1
105023,107389603,ENSNFUG00015007457,-,-,XP_015821309.1,ENSNFUP00015015465.1
105023,107389603,ENSNFUG00015007457,-,-,XP_015821312.1,ENSNFUP00015015479.1
105023,107389606,ENSNFUG00015007951,-,-,XP_015821318.1,ENSNFUP00015016619.1
105023,107389607,ENSNFUG00015007977,-,-,XP_015821319.1,ENSNFUP00015016689.1
105023,107389608,ENSNFUG00015008006,-,-,XP_015821321.1,ENSNFUP00015016751.1
105023,107389609,ENSNFUG00015008016,-,-,XP_015821322.1,ENSNFUP00015016772.1
105023,107389610,ENSNFUG00015008022,-,-,XP_015821323.1,ENSNFUP00015016793.1
105023,107389611,ENSNFUG00015008033,-,-,XP_015821325.1,ENSNFUP00015016820.1
105023,107389612,ENSNFUG00015008045,-,-,XP_015821327.1,ENSNFUP00015016843.1
105023,107389613,ENSNFUG00015008064,-,-,XP_015821328.1,ENSNFUP00015016904.1
105023,107389614,ENSNFUG00015008089,-,-,XP_015821329.1,ENSNFUP00015016923.1
105023,107389616,ENSNFUG00015008092,-,-,XP_015821332.1,ENSNFUP00015016930.1
105023,107389618,ENSNFUG00015008119,-,-,XP_015821333.1,ENSNFUP00015016998.1
105023,107389622,ENSNFUG00015008285,-,-,XP_015821341.1,ENSNFUP00015017380.1
105023,107389626,ENSNFUG00015008305,-,-,XP_015821347.1,ENSNFUP00015017416.1
105023,107389627,ENSNFUG00015008315,-,-,XP_015821349.1,ENSNFUP00015017429.1
105023,107389630,ENSNFUG00015002191,-,-,XP_015821358.1,ENSNFUP00015005484.1
105023,107389630,ENSNFUG00015002191,-,-,XP_015821366.1,ENSNFUP00015005505.1
105023,107389631,ENSNFUG00015008388,-,-,XP_015821355.1,ENSNFUP00015017581.1
105023,107389632,ENSNFUG00015008362,-,-,-,-
105023,107389634,ENSNFUG00015008395,-,-,-,-
105023,107389636,ENSNFUG00015008530,-,-,XP_015821362.1,ENSNFUP00015018519.1
105023,107389637,ENSNFUG00015008863,-,-,XP_015821364.1,ENSNFUP00015018647.1
105023,107389639,ENSNFUG00015008926,-,-,XP_015821367.1,ENSNFUP00015018790.1
105023,107389641,ENSNFUG00015009023,-,-,XP_015821368.1,ENSNFUP00015018870.1
105023,107389642,ENSNFUG00015010723,-,-,XP_015821369.1,ENSNFUP00015052615.1
105023,107389642,ENSNFUG00015010723,-,-,XP_015821370.1,ENSNFUP00015052629.1
105023,107389642,ENSNFUG00015010723,-,-,XP_015821371.1,ENSNFUP00015052660.1
105023,107389642,ENSNFUG00015010723,-,-,XP_015821372.1,ENSNFUP00015052682.1
105023,107389642,ENSNFUG00015010723,-,-,XP_015821373.1,ENSNFUP00015052853.1
105023,107389642,ENSNFUG00015010723,-,-,XP_015821374.1,ENSNFUP00015052724.1
105023,107389645,ENSNFUG00015005022,-,-,XP_015821375.1,ENSNFUP00015010213.1
105023,107389647,ENSNFUG00015005043,-,-,XP_015821376.1,ENSNFUP00015010260.1
105023,107389649,ENSNFUG00015005072,-,-,XP_015821379.1,ENSNFUP00015010321.1
105023,107389651,ENSNFUG00015006204,-,-,XP_015821382.1,ENSNFUP00015013490.1
105023,107389651,ENSNFUG00015006204,-,-,XP_015821383.1,ENSNFUP00015013609.1
105023,107389652,ENSNFUG00015006092,-,-,XP_015821384.1,ENSNFUP00015012414.1
105023,107389653,ENSNFUG00015006753,-,-,XP_015821385.1,ENSNFUP00015014012.1
105023,107389654,ENSNFUG00015006878,-,-,XP_015821387.1,ENSNFUP00015014102.1
105023,107389655,ENSNFUG00015006978,-,-,XP_015821388.1,ENSNFUP00015016014.1
105023,107389655,ENSNFUG00015006978,-,-,XP_015821389.1,ENSNFUP00015016026.1
105023,107389656,ENSNFUG00015007779,-,-,XP_015821390.1,ENSNFUP00015016214.1
105023,107389657,ENSNFUG00015007813,-,-,-,-
105023,107389658,ENSNFUG00015007995,-,-,XP_015821394.1,ENSNFUP00015017718.1
105023,107389660,ENSNFUG00015008546,-,-,XP_015821399.1,ENSNFUP00015017899.1
105023,107389661,ENSNFUG00015008529,-,-,XP_015821400.1,ENSNFUP00015017878.1
105023,107389662,ENSNFUG00015009577,-,-,XP_015821401.1,ENSNFUP00015020063.1
105023,107389663,ENSNFUG00015009727,-,-,XP_015821402.1,ENSNFUP00015020076.1
105023,107389664,ENSNFUG00015009737,-,-,XP_015821403.1,ENSNFUP00015020086.1
105023,107389665,ENSNFUG00015009750,-,-,XP_015821404.1,ENSNFUP00015020127.1
105023,107389666,ENSNFUG00015009762,-,-,XP_015821405.1,ENSNFUP00015020142.1
105023,107389669,ENSNFUG00015009902,-,-,XP_015821407.1,ENSNFUP00015022135.1
105023,107389670,ENSNFUG00015010827,-,-,XP_015821408.1,ENSNFUP00015022792.1
105023,107389671,ENSNFUG00015011051,-,-,XP_015821409.1,ENSNFUP00015022951.1
105023,107389672,ENSNFUG00015011118,-,-,-,-
105023,107389673,ENSNFUG00015011125,-,-,-,-
105023,107389674,ENSNFUG00015011130,-,-,XP_015821412.1,ENSNFUP00015023011.1
105023,107389676,ENSNFUG00015011171,-,-,-,-
105023,107389678,ENSNFUG00015011223,-,-,XP_015821416.1,ENSNFUP00015023194.1
105023,107389680,ENSNFUG00015011311,-,-,XP_015821418.1,ENSNFUP00015023769.1
105023,107389681,ENSNFUG00015011518,-,-,-,-
105023,107389682,ENSNFUG00015011530,-,-,XP_015821420.1,ENSNFUP00015023854.1
105023,107389683,ENSNFUG00015011552,-,-,-,-
105023,107389684,ENSNFUG00015011555,-,-,XP_015821425.1,ENSNFUP00015023888.1
105023,107389685,ENSNFUG00015011600,-,-,XP_015821426.1,ENSNFUP00015024315.1
105023,107389686,ENSNFUG00015011793,-,-,-,-
105023,107389687,ENSNFUG00015011806,-,-,XP_015821428.1,ENSNFUP00015024406.1
105023,107389688,ENSNFUG00015011855,-,-,XP_015821430.1,ENSNFUP00015024505.1
105023,107389691,ENSNFUG00015011988,-,-,XP_015821433.1,ENSNFUP00015024760.1
105023,107389691,ENSNFUG00015011988,-,-,XP_015821434.1,ENSNFUP00015024783.1
105023,107389691,ENSNFUG00015011988,-,-,XP_015821435.1,ENSNFUP00015024775.1
105023,107389692,ENSNFUG00015012014,-,-,XP_015821437.1,ENSNFUP00015024833.1
105023,107389694,ENSNFUG00015012046,-,-,XP_015821438.1,ENSNFUP00015024922.1
105023,107389695,ENSNFUG00015012061,-,-,XP_015821439.1,ENSNFUP00015024949.1
105023,107389698,ENSNFUG00015012181,-,-,XP_015821442.1,ENSNFUP00015025517.1
105023,107389698,ENSNFUG00015012181,-,-,XP_015821445.1,ENSNFUP00015025551.1
105023,107389698,ENSNFUG00015012181,-,-,XP_015821446.1,ENSNFUP00015025573.1
105023,107389698,ENSNFUG00015012181,-,-,XP_015821448.1,ENSNFUP00015025595.1
105023,107389699,ENSNFUG00015001915,-,-,XP_015821449.1,ENSNFUP00015003770.1
105023,107389700,ENSNFUG00015012104,-,-,XP_015821450.1,ENSNFUP00015025057.1
105023,107389701,ENSNFUG00015012503,-,-,XP_015821451.1,ENSNFUP00015029903.1
105023,107389701,ENSNFUG00015012503,-,-,XP_015821452.1,ENSNFUP00015030006.1
105023,107389704,ENSNFUG00015014855,-,-,XP_015821456.1,ENSNFUP00015030688.1
105023,107389704,ENSNFUG00015014855,-,-,XP_015821459.1,ENSNFUP00015030783.1
105023,107389706,ENSNFUG00015015033,-,-,-,-
105023,107389708,ENSNFUG00015015313,-,-,XP_015821462.1,ENSNFUP00015032585.1
105023,107389709,ENSNFUG00015015251,-,-,XP_015821463.1,ENSNFUP00015031249.1
105023,107389710,ENSNFUG00015015235,-,-,XP_015821465.1,ENSNFUP00015031215.1
105023,107389711,ENSNFUG00015016033,-,-,XP_015821466.1,ENSNFUP00015032713.1
105023,107389712,ENSNFUG00015016051,-,-,XP_015821467.1,ENSNFUP00015033163.1
105023,107389715,ENSNFUG00015016362,-,-,XP_015821472.1,ENSNFUP00015033506.1
105023,107389716,ENSNFUG00015016428,-,-,XP_015821473.1,ENSNFUP00015033562.1
105023,107389717,ENSNFUG00015016426,-,-,XP_015821474.1,ENSNFUP00015033554.1
105023,107389718,ENSNFUG00015016430,-,-,-,-
105023,107389719,ENSNFUG00015001896,-,-,XP_015821477.1,ENSNFUP00015003748.1
105023,107389723,ENSNFUG00015016460,-,-,XP_015821476.1,ENSNFUP00015033653.1
105023,107389725,ENSNFUG00015016476,-,-,XP_015821482.1,ENSNFUP00015033731.1
105023,107389726,ENSNFUG00015016505,-,-,-,-
105023,107389727,ENSNFUG00015016523,-,-,XP_015821484.1,ENSNFUP00015033789.1
105023,107389729,ENSNFUG00015016625,-,-,XP_015821495.1,ENSNFUP00015039800.1
105023,107389730,ENSNFUG00015014019,-,-,XP_015821500.1,ENSNFUP00015028970.1
105023,107389731,ENSNFUG00015001882,-,-,XP_015821505.1,ENSNFUP00015003735.1
105023,107389733,ENSNFUG00015014174,-,-,XP_015821519.1,ENSNFUP00015029201.1
105023,107389734,ENSNFUG00015014191,-,-,XP_015821520.1,ENSNFUP00015029326.1
105023,107389736,ENSNFUG00015014258,-,-,XP_015821522.1,ENSNFUP00015029344.1
105023,107389737,ENSNFUG00015014324,-,-,XP_015821523.1,ENSNFUP00015029482.1
105023,107389738,ENSNFUG00015014535,-,-,XP_015821535.1,ENSNFUP00015034088.1
105023,107389738,ENSNFUG00015014535,-,-,XP_015821536.1,ENSNFUP00015034000.1
105023,107389738,ENSNFUG00015014535,-,-,XP_015821537.1,ENSNFUP00015034051.1
105023,107389738,ENSNFUG00015014535,-,-,XP_015821539.1,ENSNFUP00015034137.1
105023,107389738,ENSNFUG00015014535,-,-,XP_015821545.1,ENSNFUP00015034175.1
105023,107389741,ENSNFUG00015016734,-,-,XP_015821546.1,ENSNFUP00015034315.1
105023,107389742,ENSNFUG00015016745,-,-,XP_015821547.1,ENSNFUP00015034334.1
105023,107389743,ENSNFUG00015016708,-,-,XP_015821549.1,ENSNFUP00015034229.1
105023,107389743,ENSNFUG00015016708,-,-,XP_015821552.1,ENSNFUP00015034259.1
105023,107389743,ENSNFUG00015016708,-,-,XP_015821553.1,ENSNFUP00015034278.1
105023,107389744,ENSNFUG00015016830,-,-,XP_015821557.1,ENSNFUP00015035384.1
105023,107389746,ENSNFUG00015017231,-,-,XP_015821560.1,ENSNFUP00015035471.1
105023,107389747,ENSNFUG00015017242,-,-,XP_015821561.1,ENSNFUP00015035488.1
105023,107389749,ENSNFUG00015017245,-,-,XP_015821563.1,ENSNFUP00015035495.1
105023,107389749,ENSNFUG00015017245,-,-,XP_015821564.1,ENSNFUP00015035507.1
105023,107389750,ENSNFUG00015017258,-,-,-,-
105023,107389751,ENSNFUG00015017291,-,-,XP_015821566.1,ENSNFUP00015035619.1
105023,107389751,ENSNFUG00015017291,-,-,XP_015821569.1,ENSNFUP00015035630.1
105023,107389751,ENSNFUG00015017291,-,-,XP_015821570.1,ENSNFUP00015035610.1
105023,107389754,ENSNFUG00015017329,-,-,XP_015821576.1,ENSNFUP00015035715.1
105023,107389755,ENSNFUG00015001847,-,-,XP_015821580.1,ENSNFUP00015003659.1
105023,107389756,ENSNFUG00015017332,-,-,XP_015821577.1,ENSNFUP00015035722.1
105023,107389757,ENSNFUG00015017334,-,-,XP_015821578.1,ENSNFUP00015035729.1
105023,107389759,ENSNFUG00015017338,-,-,-,-
105023,107389760,ENSNFUG00015017342,-,-,-,-
105023,107389761,ENSNFUG00015017349,-,-,-,-
105023,107389762,ENSNFUG00015017365,-,-,XP_015821584.1,ENSNFUP00015036030.1
105023,107389762,ENSNFUG00015017365,-,-,XP_015821586.1,ENSNFUP00015036037.1
105023,107389763,ENSNFUG00015017491,-,-,XP_015821588.1,ENSNFUP00015036080.1
105023,107389765,ENSNFUG00015017497,-,-,XP_015821590.1,ENSNFUP00015036085.1
105023,107389768,ENSNFUG00015017523,XM_015966108.1,ENSNFUT00015037753.1,XP_015821594.1,ENSNFUP00015036155.1
105023,107389771,ENSNFUG00015017684,-,-,XP_015821595.1,ENSNFUP00015036627.1
105023,107389772,ENSNFUG00015001822,-,-,XP_015821599.1,ENSNFUP00015003616.1
105023,107389772,ENSNFUG00015001822,-,-,XP_015821609.1,ENSNFUP00015003629.1
105023,107389772,ENSNFUG00015001822,-,-,XP_015821618.1,ENSNFUP00015003602.1
105023,107389772,ENSNFUG00015001822,-,-,XP_015821625.1,ENSNFUP00015003641.1
105023,107389773,ENSNFUG00015017557,-,-,XP_015821596.1,ENSNFUP00015036292.1
105023,107389776,ENSNFUG00015018863,-,-,XP_015821612.1,ENSNFUP00015041070.1
105023,107389776,ENSNFUG00015018863,-,-,XP_015821613.1,ENSNFUP00015040836.1
105023,107389779,ENSNFUG00015020054,-,-,XP_015821615.1,ENSNFUP00015042288.1
105023,107389779,ENSNFUG00015020054,-,-,XP_015821616.1,ENSNFUP00015042327.1
105023,107389781,ENSNFUG00015020299,-,-,XP_015821619.1,ENSNFUP00015042676.1
105023,107389782,ENSNFUG00015020441,-,-,XP_015821620.1,ENSNFUP00015042709.1
105023,107389783,ENSNFUG00015020433,-,-,XP_015821621.1,ENSNFUP00015042688.1
105023,107389784,ENSNFUG00015020437,-,-,XP_015821622.1,ENSNFUP00015042693.1
105023,107389785,ENSNFUG00015020451,-,-,XP_015821623.1,ENSNFUP00015042719.1
105023,107389785,ENSNFUG00015020451,-,-,XP_015821624.1,ENSNFUP00015042721.1
105023,107389787,ENSNFUG00015020492,-,-,XP_015821626.1,ENSNFUP00015043668.1
105023,107389788,ENSNFUG00015020897,-,-,XP_015821628.1,ENSNFUP00015043826.1
105023,107389789,ENSNFUG00015020896,-,-,XP_015821631.1,ENSNFUP00015043812.1
105023,107389790,ENSNFUG00015020914,-,-,XP_015821632.1,ENSNFUP00015044290.1
105023,107389791,ENSNFUG00015001508,-,-,XP_015821637.1,ENSNFUP00015003372.1
105023,107389792,ENSNFUG00015021122,-,-,-,-
105023,107389793,ENSNFUG00015021186,-,-,XP_015821635.1,ENSNFUP00015044518.1
105023,107389794,ENSNFUG00015021188,-,-,XP_015821636.1,ENSNFUP00015044524.1
105023,107389795,ENSNFUG00015021194,-,-,XP_015821638.1,ENSNFUP00015044533.1
105023,107389797,ENSNFUG00015021201,-,-,XP_015821640.1,ENSNFUP00015044541.1
105023,107389799,ENSNFUG00015021206,-,-,XP_015821643.1,ENSNFUP00015044546.1
105023,107389800,ENSNFUG00015021211,-,-,XP_015821645.1,ENSNFUP00015044594.1
105023,107389801,ENSNFUG00015001781,-,-,XP_015821649.1,ENSNFUP00015003556.1
105023,107389802,ENSNFUG00015021207,-,-,XP_015821646.1,ENSNFUP00015044547.1
105023,107389803,ENSNFUG00015021237,-,-,XP_015821648.1,ENSNFUP00015044621.1
105023,107389804,ENSNFUG00015021242,-,-,XP_015821650.1,ENSNFUP00015044629.1
105023,107389805,ENSNFUG00015021245,-,-,XP_015821651.1,ENSNFUP00015044633.1
105023,107389806,ENSNFUG00015021250,-,-,XP_015821652.1,ENSNFUP00015044646.1
105023,107389807,ENSNFUG00015021247,-,-,XP_015821653.1,ENSNFUP00015044637.1
105023,107389809,ENSNFUG00015001337,-,-,XP_015821662.1,ENSNFUP00015002594.1
105023,107389810,ENSNFUG00015021254,-,-,XP_015821659.1,ENSNFUP00015044669.1
105023,107389811,ENSNFUG00015021260,-,-,XP_015821663.1,ENSNFUP00015044675.1
105023,107389815,ENSNFUG00015001349,-,-,XP_015821684.1,ENSNFUP00015002680.1
105023,107389818,ENSNFUG00015021271,-,-,-,-
105023,107389819,ENSNFUG00015021274,-,-,XP_015821679.1,ENSNFUP00015044708.1
105023,107389820,ENSNFUG00015021275,-,-,XP_015821680.1,ENSNFUP00015044711.1
105023,107389824,ENSNFUG00015021304,-,-,-,-
105023,107389825,ENSNFUG00015021310,-,-,XP_015821690.1,ENSNFUP00015044796.1
105023,107389826,ENSNFUG00015021341,-,-,XP_015821692.1,ENSNFUP00015047676.1
105023,107389826,ENSNFUG00015021341,-,-,XP_015821694.1,ENSNFUP00015047683.1
105023,107389827,ENSNFUG00015001324,-,-,XP_015821697.1,ENSNFUP00015002583.1
105023,107389828,ENSNFUG00015022724,-,-,XP_015821695.1,ENSNFUP00015048211.1
105023,107389830,ENSNFUG00015004794,-,-,XP_015821700.1,ENSNFUP00015009800.1
105023,107389831,ENSNFUG00015022745,-,-,XP_015821702.1,ENSNFUP00015048270.1
105023,107389831,ENSNFUG00015022745,-,-,XP_015821703.1,ENSNFUP00015048284.1
105023,107389832,ENSNFUG00015004828,-,-,XP_015821704.1,ENSNFUP00015009863.1
105023,107389833,ENSNFUG00015004857,-,-,XP_015821705.1,ENSNFUP00015009879.1
105023,107389834,ENSNFUG00015001300,-,-,XP_015821710.1,ENSNFUP00015002491.1
105023,107389835,ENSNFUG00015004866,-,-,XP_015821706.1,ENSNFUP00015009893.1
105023,107389836,ENSNFUG00015004894,-,-,XP_015821707.1,ENSNFUP00015010200.1
105023,107389838,ENSNFUG00015005228,-,-,XP_015821712.1,ENSNFUP00015011438.1
105023,107389838,ENSNFUG00015005228,-,-,XP_015821713.1,ENSNFUP00015012159.1
105023,107389839,ENSNFUG00015006131,-,-,XP_015821714.1,ENSNFUP00015012503.1
105023,107389839,ENSNFUG00015006131,-,-,XP_015821717.1,ENSNFUP00015012489.1
105023,107389840,ENSNFUG00015006149,-,-,XP_015821720.1,ENSNFUP00015012521.1
105023,107389841,ENSNFUG00015006164,-,-,XP_015821722.1,ENSNFUP00015012657.1
105023,107389842,ENSNFUG00015006229,-,-,XP_015821725.1,ENSNFUP00015012676.1
105023,107389843,ENSNFUG00015006247,-,-,XP_015821727.1,ENSNFUP00015012699.1
105023,107389844,ENSNFUG00015006251,-,-,XP_015821729.1,ENSNFUP00015012724.1
105023,107389845,ENSNFUG00015006268,-,-,XP_015821731.1,ENSNFUP00015012745.1
105023,107389846,ENSNFUG00015006263,-,-,XP_015821734.1,ENSNFUP00015012736.1
105023,107389847,ENSNFUG00015006274,-,-,XP_015821736.1,ENSNFUP00015012754.1
105023,107389848,ENSNFUG00015006286,-,-,XP_015821737.1,ENSNFUP00015012827.1
105023,107389848,ENSNFUG00015006286,-,-,XP_015821738.1,ENSNFUP00015012846.1
105023,107389849,ENSNFUG00015006365,-,-,XP_015821741.1,ENSNFUP00015013126.1
105023,107389850,ENSNFUG00015006483,-,-,XP_015821742.1,ENSNFUP00015013197.1
105023,107389855,ENSNFUG00015006601,-,-,XP_015821748.1,ENSNFUP00015013442.1
105023,107389856,ENSNFUG00015006603,-,-,XP_015821749.1,ENSNFUP00015013444.1
105023,107389857,ENSNFUG00015006606,-,-,XP_015821750.1,ENSNFUP00015013454.1
105023,107389858,ENSNFUG00015006612,-,-,XP_015821752.1,ENSNFUP00015013483.1
105023,107389860,ENSNFUG00015006629,-,-,XP_015821754.1,ENSNFUP00015013522.1
105023,107389862,ENSNFUG00015006637,-,-,XP_015821757.1,ENSNFUP00015013535.1
105023,107389866,ENSNFUG00015007541,-,-,XP_015821765.1,ENSNFUP00015015668.1
105023,107389867,ENSNFUG00015006717,-,-,XP_015821766.1,ENSNFUP00015015261.1
105023,107389867,ENSNFUG00015006717,-,-,XP_015821767.1,ENSNFUP00015015335.1
105023,107389868,ENSNFUG00015007547,-,-,XP_015821768.1,ENSNFUP00015015678.1
105023,107389869,ENSNFUG00015007573,-,-,XP_015821769.1,ENSNFUP00015015833.1
105023,107389882,ENSNFUG00015001050,-,-,XP_015821786.1,ENSNFUP00015002171.1
105023,107389882,ENSNFUG00015001050,-,-,XP_015821792.1,ENSNFUP00015002420.1
105023,107389885,ENSNFUG00015023958,-,-,XP_015821785.1,ENSNFUP00015051065.1
105023,107389887,ENSNFUG00015008486,-,-,-,-
105023,107389888,ENSNFUG00015010152,-,-,XP_015821789.1,ENSNFUP00015020932.1
105023,107389890,ENSNFUG00015010176,-,-,-,-
105023,107389891,ENSNFUG00015010185,-,-,XP_015821791.1,ENSNFUP00015021004.1
105023,107389901,ENSNFUG00015000953,-,-,XP_015821796.1,ENSNFUP00015001703.1
105023,107389904,ENSNFUG00015007663,-,-,XP_015821797.1,ENSNFUP00015015930.1
105023,107389907,ENSNFUG00015007668,-,-,XP_015821803.1,ENSNFUP00015015975.1
105023,107389909,ENSNFUG00015000814,-,-,-,-
105023,107389910,ENSNFUG00015007708,-,-,XP_015821806.1,ENSNFUP00015016090.1
105023,107389912,ENSNFUG00015007730,-,-,XP_015821809.1,ENSNFUP00015016118.1
105023,107389915,ENSNFUG00015007757,-,-,XP_015821814.1,ENSNFUP00015016159.1
105023,107389916,ENSNFUG00015007835,-,-,XP_015821815.1,ENSNFUP00015017632.1
105023,107389918,ENSNFUG00015000766,-,-,XP_015821821.1,ENSNFUP00015001322.1
105023,107389923,ENSNFUG00015008506,-,-,XP_015821824.1,ENSNFUP00015017804.1
105023,107389924,ENSNFUG00015008515,-,-,XP_015821825.1,ENSNFUP00015017817.1
105023,107389926,ENSNFUG00015008537,-,-,XP_015821828.1,ENSNFUP00015017889.1
105023,107389927,ENSNFUG00015000754,-,-,XP_015821834.1,ENSNFUP00015001262.1
105023,107389928,ENSNFUG00015008537,-,-,XP_015821832.1,ENSNFUP00015017877.1
105023,107389929,ENSNFUG00015008532,-,-,XP_015821836.1,ENSNFUP00015017857.1
105023,107389930,ENSNFUG00015008575,-,-,XP_015821837.1,ENSNFUP00015018244.1
105023,107389931,ENSNFUG00015008718,-,-,XP_015821838.1,ENSNFUP00015018380.1
105023,107389932,ENSNFUG00015008745,-,-,XP_015821839.1,ENSNFUP00015018395.1
105023,107389935,ENSNFUG00015000714,-,-,XP_015821846.1,ENSNFUP00015001221.1
105023,107389936,ENSNFUG00015008752,-,-,XP_015821842.1,ENSNFUP00015018413.1
105023,107389937,ENSNFUG00015008767,-,-,XP_015821844.1,ENSNFUP00015018453.1
105023,107389938,ENSNFUG00015008828,-,-,XP_015821850.1,ENSNFUP00015018953.1
105023,107389939,ENSNFUG00015009194,-,-,XP_015821851.1,ENSNFUP00015019080.1
105023,107389940,ENSNFUG00015008795,-,-,XP_015821854.1,ENSNFUP00015018509.1
105023,107389941,ENSNFUG00015000667,-,-,XP_015821859.1,ENSNFUP00015001105.1
105023,107389942,ENSNFUG00015009186,-,-,XP_015821856.1,ENSNFUP00015019070.1
105023,107389951,ENSNFUG00015000642,-,-,XP_015821870.1,ENSNFUP00015001079.1
105023,107389952,ENSNFUG00015009434,-,-,XP_015821873.1,ENSNFUP00015019579.1
105023,107389953,ENSNFUG00015009545,-,-,XP_015821876.1,ENSNFUP00015020210.1
105023,107389954,ENSNFUG00015009852,-,-,XP_015821877.1,ENSNFUP00015020318.1
105023,107389956,ENSNFUG00015000614,-,-,-,-
105023,107389957,ENSNFUG00015009877,-,-,XP_015821880.1,ENSNFUP00015020345.1
105023,107389958,ENSNFUG00015009545,-,-,XP_015821881.1,ENSNFUP00015020282.1
105023,107389959,ENSNFUG00015009890,-,-,XP_015821882.1,ENSNFUP00015020379.1
105023,107389960,ENSNFUG00015009897,-,-,XP_015821884.1,ENSNFUP00015020387.1
105023,107389963,ENSNFUG00015009920,-,-,XP_015821886.1,ENSNFUP00015020519.1
105023,107389963,ENSNFUG00015009920,-,-,XP_015821887.1,ENSNFUP00015020537.1
105023,107389965,ENSNFUG00015010144,-,-,XP_015821889.1,ENSNFUP00015020893.1
105023,107389966,ENSNFUG00015000571,-,-,XP_015821894.1,ENSNFUP00015000968.1
105023,107389968,ENSNFUG00015011416,-,-,XP_015821895.1,ENSNFUP00015023653.1
105023,107389969,ENSNFUG00015013169,-,-,XP_015821896.1,ENSNFUP00015027154.1
105023,107389970,ENSNFUG00015013182,-,-,XP_015821900.1,ENSNFUP00015027186.1
105023,107389970,ENSNFUG00015013182,-,-,XP_015821904.1,ENSNFUP00015027194.1
105023,107389970,ENSNFUG00015013182,-,-,XP_015821905.1,ENSNFUP00015027196.1
105023,107389971,ENSNFUG00015015865,-,-,-,-
105023,107389972,ENSNFUG00015013191,-,-,XP_015821907.1,ENSNFUP00015027211.1
105023,107389973,ENSNFUG00015013218,-,-,XP_015821908.1,ENSNFUP00015027502.1
105023,107389973,ENSNFUG00015013218,-,-,XP_015821909.1,ENSNFUP00015027547.1
105023,107389973,ENSNFUG00015013218,-,-,XP_015821910.1,ENSNFUP00015027528.1
105023,107389974,ENSNFUG00015013408,-,-,XP_015821916.1,ENSNFUP00015028379.1
105023,107389978,ENSNFUG00015018830,-,-,XP_015821921.1,ENSNFUP00015039034.1
105023,107389980,ENSNFUG00015018878,-,-,XP_015821923.1,ENSNFUP00015039153.1
105023,107389981,ENSNFUG00015018951,-,-,XP_015821924.1,ENSNFUP00015042962.1
105023,107389981,ENSNFUG00015018951,-,-,XP_015821926.1,ENSNFUP00015042950.1
105023,107389981,ENSNFUG00015018951,-,-,XP_015821928.1,ENSNFUP00015042972.1
105023,107389984,ENSNFUG00015020780,-,-,XP_015821931.1,ENSNFUP00015046858.1
105023,107389984,ENSNFUG00015020780,-,-,XP_015821933.1,ENSNFUP00015046890.1
105023,107389985,ENSNFUG00015000517,-,-,XP_015821937.1,ENSNFUP00015000902.1
105023,107389986,ENSNFUG00015022442,-,-,XP_015821934.1,ENSNFUP00015047526.1
105023,107389987,ENSNFUG00015022429,-,-,XP_015821935.1,ENSNFUP00015047448.1
105023,107389988,ENSNFUG00015022506,-,-,XP_015821936.1,ENSNFUP00015049406.1
105023,107389989,ENSNFUG00015023300,-,-,XP_015821938.1,ENSNFUP00015049501.1
105023,107389989,ENSNFUG00015023300,-,-,XP_015821939.1,ENSNFUP00015049503.1
105023,107389990,ENSNFUG00015023301,-,-,XP_015821940.1,ENSNFUP00015049507.1
105023,107389993,ENSNFUG00015023309,-,-,XP_015821943.1,ENSNFUP00015049520.1
105023,107389994,ENSNFUG00015023312,-,-,XP_015821944.1,ENSNFUP00015049524.1
105023,107389996,ENSNFUG00015023313,-,-,XP_015821946.1,ENSNFUP00015049527.1
105023,107389997,ENSNFUG00015023314,-,-,-,-
105023,107389998,ENSNFUG00015023315,-,-,XP_015821948.1,ENSNFUP00015049534.1
105023,107389999,ENSNFUG00015023319,-,-,XP_015821949.1,ENSNFUP00015049540.1
105023,107390000,ENSNFUG00015023321,-,-,XP_015821950.1,ENSNFUP00015049575.1
105023,107390001,ENSNFUG00015023352,-,-,XP_015821953.1,ENSNFUP00015049602.1
105023,107390002,ENSNFUG00015000489,-,-,XP_015821957.1,ENSNFUP00015000784.1
105023,107390003,ENSNFUG00015023349,-,-,XP_015821954.1,ENSNFUP00015049597.1
105023,107390004,ENSNFUG00015023359,-,-,XP_015821956.1,ENSNFUP00015049614.1
105023,107390005,ENSNFUG00015023367,-,-,XP_015821958.1,ENSNFUP00015049646.1
105023,107390006,ENSNFUG00015023391,-,-,XP_015821959.1,ENSNFUP00015049674.1
105023,107390007,ENSNFUG00015023394,-,-,XP_015821960.1,ENSNFUP00015049688.1
105023,107390008,ENSNFUG00015023388,-,-,XP_015821961.1,ENSNFUP00015049665.1
105023,107390009,ENSNFUG00015023399,-,-,XP_015821962.1,ENSNFUP00015049733.1
105023,107390010,ENSNFUG00015023413,-,-,XP_015821963.1,ENSNFUP00015049743.1
105023,107390010,ENSNFUG00015023413,-,-,XP_015821964.1,ENSNFUP00015049744.1
105023,107390012,ENSNFUG00015023419,-,-,XP_015821966.1,ENSNFUP00015049750.1
105023,107390014,ENSNFUG00015023483,-,-,XP_015821970.1,ENSNFUP00015049930.1
105023,107390014,ENSNFUG00015023483,-,-,XP_015821971.1,ENSNFUP00015049916.1
105023,107390016,ENSNFUG00015023494,-,-,-,-
105023,107390017,ENSNFUG00015023502,-,-,XP_015821973.1,ENSNFUP00015049953.1
105023,107390018,ENSNFUG00015023504,-,-,XP_015821974.1,ENSNFUP00015050142.1
105023,107390018,ENSNFUG00015023504,-,-,XP_015821975.1,ENSNFUP00015050158.1
105023,107390019,ENSNFUG00015023590,-,-,XP_015821976.1,ENSNFUP00015050178.1
105023,107390021,ENSNFUG00015023592,-,-,XP_015821977.1,ENSNFUP00015050184.1
105023,107390022,ENSNFUG00015023596,-,-,XP_015821978.1,ENSNFUP00015050202.1
105023,107390023,ENSNFUG00015023625,-,-,XP_015821979.1,ENSNFUP00015050589.1
105023,107390023,ENSNFUG00015023625,-,-,XP_015821981.1,ENSNFUP00015050814.1
105023,107390024,ENSNFUG00015023920,-,-,XP_015821983.1,ENSNFUP00015051876.1
105023,107390024,ENSNFUG00015023920,-,-,XP_015821984.1,ENSNFUP00015051884.1
105023,107390025,ENSNFUG00015024248,-,-,XP_015821985.1,ENSNFUP00015051889.1
105023,107390026,ENSNFUG00015024249,-,-,XP_015821987.1,ENSNFUP00015051901.1
105023,107390027,ENSNFUG00015024252,-,-,XP_015821988.1,ENSNFUP00015051914.1
105023,107390028,ENSNFUG00015000400,-,-,XP_015821992.1,ENSNFUP00015000698.1
105023,107390029,ENSNFUG00015024266,-,-,XP_015821990.1,ENSNFUP00015052067.1
105023,107390030,ENSNFUG00015024389,-,-,XP_015821993.1,ENSNFUP00015052249.1
105023,107390031,ENSNFUG00015024409,-,-,XP_015821995.1,ENSNFUP00015052344.1
105023,107390032,ENSNFUG00015024512,-,-,XP_015821996.1,ENSNFUP00015052545.1
105023,107390033,ENSNFUG00015024514,-,-,-,-
105023,107390034,ENSNFUG00015024544,-,-,XP_015821999.1,ENSNFUP00015052960.1
105023,107390036,ENSNFUG00015024693,-,-,XP_015822004.1,ENSNFUP00015053023.1
105023,107390037,ENSNFUG00015024730,-,-,XP_015822005.1,ENSNFUP00015053101.1
105023,107390038,ENSNFUG00015024740,-,-,XP_015822007.1,ENSNFUP00015053195.1
105023,107390040,ENSNFUG00015000334,-,-,XP_015822013.1,ENSNFUP00015000450.1
105023,107390041,ENSNFUG00015024767,-,-,-,-
105023,107390042,ENSNFUG00015024766,-,-,-,-
105023,107390043,ENSNFUG00015024771,-,-,XP_015822014.1,ENSNFUP00015053238.1
105023,107390044,ENSNFUG00015024779,-,-,XP_015822015.1,ENSNFUP00015053261.1
105023,107390046,ENSNFUG00015024831,-,-,-,-
105023,107390047,ENSNFUG00015024879,-,-,XP_015822019.1,ENSNFUP00015053590.1
105023,107390048,ENSNFUG00015024916,-,-,XP_015822021.1,ENSNFUP00015053686.1
105023,107390049,ENSNFUG00015000324,-,-,XP_015822026.1,ENSNFUP00015000416.1
105023,107390050,ENSNFUG00015024949,-,-,-,-
105023,107390051,ENSNFUG00015025030,-,-,XP_015822024.1,ENSNFUP00015053897.1
105023,107390052,ENSNFUG00015025027,-,-,XP_015822027.1,ENSNFUP00015053891.1
105023,107390054,ENSNFUG00015025041,-,-,XP_015822030.1,ENSNFUP00015053934.1
105023,107390055,ENSNFUG00015025036,-,-,XP_015822031.1,ENSNFUP00015053918.1
105023,107390056,ENSNFUG00015025048,-,-,XP_015822032.1,ENSNFUP00015053942.1
105023,107390059,ENSNFUG00015025059,-,-,XP_015822037.1,ENSNFUP00015053996.1
105023,107390064,ENSNFUG00015000193,-,-,XP_015822052.1,ENSNFUP00015000215.1
105023,107390066,ENSNFUG00015019849,-,-,XP_015822054.1,ENSNFUP00015041516.1
105023,107390070,ENSNFUG00015021249,-,-,-,-
105023,107390071,ENSNFUG00015022598,-,-,-,-
105023,107390072,ENSNFUG00015022612,-,-,XP_015822063.1,ENSNFUP00015047975.1
105023,107390072,ENSNFUG00015022612,-,-,XP_015822064.1,ENSNFUP00015047988.1
105023,107390073,ENSNFUG00015022668,-,-,XP_015822066.1,ENSNFUP00015048082.1
105023,107390076,ENSNFUG00015022816,-,-,XP_015822074.1,ENSNFUP00015048443.1
105023,107390079,ENSNFUG00015022903,-,-,XP_015822086.1,ENSNFUP00015049957.1
105023,107390080,ENSNFUG00015023584,-,-,XP_015822091.1,ENSNFUP00015050159.1
105023,107390081,ENSNFUG00015023600,-,-,XP_015822095.1,ENSNFUP00015050442.1
105023,107390084,ENSNFUG00015023746,-,-,XP_015822100.1,ENSNFUP00015050571.1
105023,107390086,ENSNFUG00015023751,-,-,XP_015822102.1,ENSNFUP00015050591.1
105023,107390087,ENSNFUG00015023758,-,-,XP_015822103.1,ENSNFUP00015050603.1
105023,107390089,ENSNFUG00015023768,-,-,XP_015822105.1,ENSNFUP00015050618.1
105023,107390093,ENSNFUG00015023773,-,-,XP_015822107.1,ENSNFUP00015050627.1
105023,107390094,ENSNFUG00015023774,-,-,XP_015822108.1,ENSNFUP00015050635.1
105023,107390095,ENSNFUG00015016034,-,-,XP_015822150.1,ENSNFUP00015034245.1
105023,107390095,ENSNFUG00015016034,-,-,XP_015822227.1,ENSNFUP00015034230.1
105023,107390097,ENSNFUG00015023778,-,-,XP_015822111.1,ENSNFUP00015050688.1
105023,107390097,ENSNFUG00015023778,-,-,XP_015822114.1,ENSNFUP00015050697.1
105023,107390098,ENSNFUG00015023801,-,-,XP_015822115.1,ENSNFUP00015050724.1
105023,107390099,ENSNFUG00015024257,-,-,XP_015822123.1,ENSNFUP00015052700.1
105023,107390100,ENSNFUG00015023839,-,-,XP_015822124.1,ENSNFUP00015051739.1
105023,107390101,ENSNFUG00015024585,-,-,XP_015822125.1,ENSNFUP00015052731.1
105023,107390102,ENSNFUG00015024578,-,-,XP_015822126.1,ENSNFUP00015052713.1
105023,107390103,ENSNFUG00015024604,-,-,XP_015822129.1,ENSNFUP00015052928.1
105023,107390104,ENSNFUG00015024679,-,-,XP_015822130.1,ENSNFUP00015052977.1
105023,107390105,ENSNFUG00015024672,-,-,-,-
105023,107390106,ENSNFUG00015024876,-,-,-,-
105023,107390107,ENSNFUG00015024804,-,-,XP_015822134.1,ENSNFUP00015053449.1
105023,107390107,ENSNFUG00015024804,-,-,XP_015822136.1,ENSNFUP00015053414.1
105023,107390107,ENSNFUG00015024804,-,-,XP_015822137.1,ENSNFUP00015053404.1
105023,107390108,ENSNFUG00015024872,-,-,XP_015822138.1,ENSNFUP00015053508.1
105023,107390110,ENSNFUG00015024684,-,-,XP_015822140.1,ENSNFUP00015052982.1
105023,107390111,ENSNFUG00015024781,-,-,XP_015822142.1,ENSNFUP00015053271.1
105023,107390114,ENSNFUG00015024888,-,-,XP_015822146.1,ENSNFUP00015053582.1
105023,107390115,ENSNFUG00015024913,-,-,XP_015822148.1,ENSNFUP00015053694.1
105023,107390116,ENSNFUG00015024950,-,-,XP_015822151.1,ENSNFUP00015053729.1
105023,107390117,ENSNFUG00015024954,-,-,XP_015822152.1,ENSNFUP00015053734.1
105023,107390119,ENSNFUG00015024962,-,-,XP_015822154.1,ENSNFUP00015053798.1
105023,107390121,ENSNFUG00015024995,-,-,XP_015822155.1,ENSNFUP00015053845.1
105023,107390122,ENSNFUG00015025012,-,-,XP_015822156.1,ENSNFUP00015053857.1
105023,107390123,ENSNFUG00015025023,-,-,XP_015822158.1,ENSNFUP00015054150.1
105023,107390124,ENSNFUG00015025013,-,-,-,-
105023,107390126,ENSNFUG00015022003,-,-,XP_015822165.1,ENSNFUP00015046387.1
105023,107390129,ENSNFUG00015025173,-,-,XP_015822163.1,ENSNFUP00015054261.1
105023,107390130,ENSNFUG00015025198,-,-,XP_015822164.1,ENSNFUP00015054280.1
105023,107390130,ENSNFUG00015025198,-,-,XP_015822167.1,ENSNFUP00015054283.1
105023,107390131,ENSNFUG00015025201,-,-,XP_015822170.1,ENSNFUP00015054288.1
105023,107390132,ENSNFUG00015025203,-,-,-,-
105023,107390134,ENSNFUG00015021964,-,-,XP_015822177.1,ENSNFUP00015046369.1
105023,107390135,ENSNFUG00015025212,-,-,XP_015822174.1,ENSNFUP00015054321.1
105023,107390136,ENSNFUG00015025211,-,-,XP_015822175.1,ENSNFUP00015054306.1
105023,107390137,ENSNFUG00015025214,-,-,XP_015822176.1,ENSNFUP00015054325.1
105023,107390141,ENSNFUG00015025222,-,-,XP_015822181.1,ENSNFUP00015054337.1
105023,107390142,ENSNFUG00015025224,-,-,XP_015822183.1,ENSNFUP00015054339.1
105023,107390144,ENSNFUG00015025242,-,-,XP_015822186.1,ENSNFUP00015054399.1
105023,107390145,ENSNFUG00015025255,-,-,XP_015822187.1,ENSNFUP00015054410.1
105023,107390146,ENSNFUG00015025257,-,-,XP_015822188.1,ENSNFUP00015054418.1
105023,107390147,ENSNFUG00015025301,-,-,XP_015822189.1,ENSNFUP00015054517.1
105023,107390149,ENSNFUG00015025304,-,-,XP_015822193.1,ENSNFUP00015054524.1
105023,107390150,ENSNFUG00015014057,-,-,XP_015822194.1,ENSNFUP00015029389.1
105023,107390151,ENSNFUG00015014376,-,-,XP_015822195.1,ENSNFUP00015029782.1
105023,107390152,ENSNFUG00015014516,-,-,XP_015822196.1,ENSNFUP00015029800.1
105023,107390153,ENSNFUG00015014649,-,-,XP_015822197.1,ENSNFUP00015030181.1
105023,107390153,ENSNFUG00015014649,-,-,XP_015822198.1,ENSNFUP00015030208.1
105023,107390154,ENSNFUG00015014572,-,-,-,-
105023,107390157,ENSNFUG00015014918,-,-,-,-
105023,107390158,ENSNFUG00015015333,-,-,XP_015822206.1,ENSNFUP00015031381.1
105023,107390159,ENSNFUG00015015479,-,-,XP_015822207.1,ENSNFUP00015036650.1
105023,107390159,ENSNFUG00015015479,-,-,XP_015822208.1,ENSNFUP00015036661.1
105023,107390159,ENSNFUG00015015479,-,-,XP_015822209.1,ENSNFUP00015036675.1
105023,107390159,ENSNFUG00015015479,-,-,XP_015822210.1,ENSNFUP00015036973.1
105023,107390160,ENSNFUG00015017968,-,-,XP_015822211.1,ENSNFUP00015037118.1
105023,107390162,ENSNFUG00015017979,-,-,XP_015822212.1,ENSNFUP00015037344.1
105023,107390168,ENSNFUG00015018257,-,-,XP_015822220.1,ENSNFUP00015038021.1
105023,107390169,ENSNFUG00015018394,-,-,XP_015822221.1,ENSNFUP00015038273.1
105023,107390170,ENSNFUG00015018496,-,-,XP_015822222.1,ENSNFUP00015038292.1
105023,107390173,ENSNFUG00015018503,-,-,XP_015822223.1,ENSNFUP00015038851.1
105023,107390180,ENSNFUG00015018783,-,-,XP_015822230.1,ENSNFUP00015039598.1
105023,107390182,ENSNFUG00015019125,-,-,XP_015822232.1,ENSNFUP00015039696.1
105023,107390183,ENSNFUG00015019139,-,-,XP_015822234.1,ENSNFUP00015039725.1
105023,107390183,ENSNFUG00015019139,-,-,XP_015822235.1,ENSNFUP00015039750.1
105023,107390183,ENSNFUG00015019139,-,-,XP_015822236.1,ENSNFUP00015039780.1
105023,107390185,ENSNFUG00015019291,-,-,XP_015822239.1,ENSNFUP00015042740.1
105023,107390185,ENSNFUG00015019291,-,-,XP_015822241.1,ENSNFUP00015042509.1
105023,107390187,ENSNFUG00015020678,-,-,XP_015822244.1,ENSNFUP00015048022.1
105023,107390188,ENSNFUG00015022850,-,-,XP_015822245.1,ENSNFUP00015048525.1
105023,107390189,ENSNFUG00015022856,-,-,XP_015822246.1,ENSNFUP00015048538.1
105023,107390190,ENSNFUG00015022863,-,-,XP_015822247.1,ENSNFUP00015048549.1
105023,107390192,ENSNFUG00015022875,-,-,XP_015822249.1,ENSNFUP00015048567.1
105023,107390194,ENSNFUG00015022917,-,-,XP_015822252.1,ENSNFUP00015048650.1
105023,107390195,ENSNFUG00015022959,-,-,XP_015822257.1,ENSNFUP00015049052.1
105023,107390196,ENSNFUG00015021929,-,-,-,-
105023,107390197,ENSNFUG00015023133,-,-,XP_015822262.1,ENSNFUP00015049133.1
105023,107390198,ENSNFUG00015023393,-,-,XP_015822263.1,ENSNFUP00015049684.1
105023,107390201,ENSNFUG00015023420,-,-,XP_015822275.1,ENSNFUP00015050245.1
105023,107390201,ENSNFUG00015023420,-,-,XP_015822276.1,ENSNFUP00015050277.1
105023,107390201,ENSNFUG00015023420,-,-,XP_015822279.1,ENSNFUP00015050364.1
105023,107390201,ENSNFUG00015023420,-,-,XP_015822280.1,ENSNFUP00015050308.1
105023,107390207,ENSNFUG00015023658,-,-,XP_015822284.1,ENSNFUP00015050370.1
105023,107390208,ENSNFUG00015023663,-,-,XP_015822286.1,ENSNFUP00015050391.1
105023,107390211,ENSNFUG00015023705,-,-,XP_015822289.1,ENSNFUP00015050465.1
105023,107390212,ENSNFUG00015023706,-,-,XP_015822290.1,ENSNFUP00015050467.1
105023,107390213,ENSNFUG00015023709,-,-,XP_015822292.1,ENSNFUP00015050476.1
105023,107390214,ENSNFUG00015023713,-,-,-,-
105023,107390217,ENSNFUG00015023719,-,-,XP_015822297.1,ENSNFUP00015050583.1
105023,107390218,ENSNFUG00015023775,-,-,XP_015822300.1,ENSNFUP00015050646.1
105023,107390219,ENSNFUG00015023759,-,-,XP_015822302.1,ENSNFUP00015050601.1
105023,107390220,ENSNFUG00015023777,-,-,XP_015822303.1,ENSNFUP00015050650.1
105023,107390222,ENSNFUG00015023779,-,-,XP_015822304.1,ENSNFUP00015050657.1
105023,107390223,ENSNFUG00015023787,-,-,XP_015822305.1,ENSNFUP00015050889.1
105023,107390224,ENSNFUG00015023901,-,-,XP_015822307.1,ENSNFUP00015050968.1
105023,107390225,ENSNFUG00015023919,-,-,XP_015822308.1,ENSNFUP00015050990.1
105023,107390226,ENSNFUG00015023923,-,-,XP_015822309.1,ENSNFUP00015051029.1
105023,107390227,ENSNFUG00015023944,-,-,XP_015822310.1,ENSNFUP00015051038.1
105023,107390231,ENSNFUG00015004847,-,-,XP_015822315.1,ENSNFUP00015009897.1
105023,107390231,ENSNFUG00015004847,-,-,XP_015822317.1,ENSNFUP00015010003.1
105023,107390232,ENSNFUG00015004953,-,-,XP_015822318.1,ENSNFUP00015010066.1
105023,107390234,ENSNFUG00015004978,-,-,XP_015822320.1,ENSNFUP00015010116.1
105023,107390237,ENSNFUG00015005052,-,-,XP_015822325.1,ENSNFUP00015011197.1
105023,107390238,ENSNFUG00015005561,-,-,XP_015822326.1,ENSNFUP00015011385.1
105023,107390240,ENSNFUG00015005653,-,-,XP_015822338.1,ENSNFUP00015011486.1
105023,107390241,ENSNFUG00015020315,-,-,-,-
105023,107390249,ENSNFUG00015014594,-,-,-,-
105023,107390251,ENSNFUG00015020294,-,-,XP_015822350.1,ENSNFUP00015042358.1
105023,107390260,ENSNFUG00015005734,-,-,XP_015822358.1,ENSNFUP00015011666.1
105023,107390261,ENSNFUG00015005809,-,-,XP_015822359.1,ENSNFUP00015011772.1
105023,107390263,ENSNFUG00015005852,-,-,XP_015822365.1,ENSNFUP00015012050.1
105023,107390264,ENSNFUG00015006098,-,-,-,-
105023,107390265,ENSNFUG00015006118,-,-,XP_015822367.1,ENSNFUP00015012459.1
105023,107390266,ENSNFUG00015020292,-,-,-,-
105023,107390267,ENSNFUG00015006129,-,-,XP_015822369.1,ENSNFUP00015012483.1
105023,107390269,ENSNFUG00015012283,-,-,XP_015822371.1,ENSNFUP00015026497.1
105023,107390270,ENSNFUG00015012943,-,-,-,-
105023,107390271,ENSNFUG00015013046,-,-,-,-
105023,107390272,ENSNFUG00015013109,-,-,-,-
105023,107390273,ENSNFUG00015016832,-,-,-,-
105023,107390274,ENSNFUG00015013928,-,-,XP_015822377.1,ENSNFUP00015028879.1
105023,107390275,ENSNFUG00015013902,-,-,XP_015822378.1,ENSNFUP00015028706.1
105023,107390276,ENSNFUG00015020271,-,-,XP_015822390.1,ENSNFUP00015042340.1
105023,107390277,ENSNFUG00015013997,-,-,XP_015822379.1,ENSNFUP00015028937.1
105023,107390279,ENSNFUG00015014015,-,-,XP_015822381.1,ENSNFUP00015029010.1
105023,107390282,ENSNFUG00015014614,-,-,-,-
105023,107390283,ENSNFUG00015014635,-,-,-,-
105023,107390284,ENSNFUG00015014674,-,-,XP_015822391.1,ENSNFUP00015030150.1
105023,107390285,ENSNFUG00015014727,-,-,XP_015822392.1,ENSNFUP00015030455.1
105023,107390287,ENSNFUG00015015217,-,-,-,-
105023,107390288,ENSNFUG00015015324,-,-,-,-
105023,107390291,ENSNFUG00015019303,-,-,XP_015822428.1,ENSNFUP00015042217.1
105023,107390293,ENSNFUG00015016228,-,-,XP_015822401.1,ENSNFUP00015033209.1
105023,107390295,ENSNFUG00015016291,-,-,-,-
105023,107390296,ENSNFUG00015016355,-,-,XP_015822406.1,ENSNFUP00015033401.1
105023,107390296,ENSNFUG00015016355,-,-,XP_015822407.1,ENSNFUP00015033408.1
105023,107390299,ENSNFUG00015016400,-,-,XP_015822413.1,ENSNFUP00015033500.1
105023,107390300,ENSNFUG00015016408,-,-,XP_015822414.1,ENSNFUP00015033542.1
105023,107390301,ENSNFUG00015016445,-,-,XP_015822416.1,ENSNFUP00015034673.1
105023,107390302,ENSNFUG00015016951,-,-,XP_015822417.1,ENSNFUP00015034800.1
105023,107390303,ENSNFUG00015016967,-,-,-,-
105023,107390304,ENSNFUG00015016974,-,-,-,-
105023,107390305,ENSNFUG00015016979,-,-,-,-
105023,107390307,ENSNFUG00015017018,-,-,XP_015822423.1,ENSNFUP00015034948.1
105023,107390307,ENSNFUG00015017018,-,-,XP_015822426.1,ENSNFUP00015034980.1
105023,107390309,ENSNFUG00015017068,-,-,XP_015822429.1,ENSNFUP00015035114.1
105023,107390314,ENSNFUG00015023048,-,-,-,-
105023,107390316,ENSNFUG00015004829,-,-,-,-
105023,107390323,ENSNFUG00015004947,-,-,XP_015822443.1,ENSNFUP00015010056.1
105023,107390327,ENSNFUG00015008763,-,-,-,-
105023,107390328,ENSNFUG00015008740,-,-,-,-
105023,107390330,ENSNFUG00015008724,-,-,XP_015822447.1,ENSNFUP00015018351.1
105023,107390331,ENSNFUG00015008249,-,-,XP_015822450.1,ENSNFUP00015018202.1
105023,107390333,ENSNFUG00015008191,-,-,XP_015822452.1,ENSNFUP00015017178.1
105023,107390334,ENSNFUG00015008185,-,-,XP_015822453.1,ENSNFUP00015017161.1
105023,107390335,ENSNFUG00015008180,-,-,XP_015822454.1,ENSNFUP00015017140.1
105023,107390336,ENSNFUG00015008174,-,-,XP_015822455.1,ENSNFUP00015017131.1
105023,107390337,ENSNFUG00015008172,-,-,-,-
105023,107390339,ENSNFUG00015007390,-,-,XP_015822460.1,ENSNFUP00015016861.1
105023,107390340,ENSNFUG00015007315,-,-,XP_015822462.1,ENSNFUP00015015075.1
105023,107390341,ENSNFUG00015007227,-,-,-,-
105023,107390342,ENSNFUG00015007264,-,-,XP_015822465.1,ENSNFUP00015014966.1
105023,107390343,ENSNFUG00015007139,-,-,XP_015822466.1,ENSNFUP00015014839.1
105023,107390344,ENSNFUG00015006660,-,-,-,-
105023,107390348,ENSNFUG00015006475,-,-,-,-
105023,107390349,ENSNFUG00015006074,-,-,XP_015822478.1,ENSNFUP00015013057.1
105023,107390351,ENSNFUG00015005136,-,-,XP_015822484.1,ENSNFUP00015012019.1
105023,107390351,ENSNFUG00015005136,-,-,XP_015822485.1,ENSNFUP00015011959.1
105023,107390351,ENSNFUG00015005136,-,-,XP_015822486.1,ENSNFUP00015012062.1
105023,107390352,ENSNFUG00015006011,-,-,XP_015822489.1,ENSNFUP00015012191.1
105023,107390353,ENSNFUG00015004934,-,-,-,-
105023,107390355,ENSNFUG00015004561,-,-,-,-
105023,107390356,ENSNFUG00015016929,-,-,-,-
105023,107390358,ENSNFUG00015020813,-,-,XP_015822496.1,ENSNFUP00015043575.1
105023,107390359,ENSNFUG00015019138,-,-,XP_015822501.1,ENSNFUP00015040007.1
105023,107390360,ENSNFUG00015020601,-,-,XP_015822497.1,ENSNFUP00015043499.1
105023,107390362,ENSNFUG00015020575,-,-,-,-
105023,107390363,ENSNFUG00015020322,-,-,XP_015822502.1,ENSNFUP00015042928.1
105023,107390365,ENSNFUG00015020306,-,-,XP_015822503.1,ENSNFUP00015042394.1
105023,107390366,ENSNFUG00015020301,-,-,XP_015822504.1,ENSNFUP00015042371.1
105023,107390367,ENSNFUG00015020293,-,-,XP_015822505.1,ENSNFUP00015042355.1
105023,107390368,ENSNFUG00015020286,-,-,XP_015822509.1,ENSNFUP00015042343.1
105023,107390369,ENSNFUG00015020276,-,-,XP_015822510.1,ENSNFUP00015042320.1
105023,107390370,ENSNFUG00015020036,-,-,XP_015822511.1,ENSNFUP00015042218.1
105023,107390372,ENSNFUG00015019993,-,-,XP_015822514.1,ENSNFUP00015041665.1
105023,107390373,ENSNFUG00015019098,-,-,XP_015822520.1,ENSNFUP00015039629.1
105023,107390374,ENSNFUG00015019927,-,-,-,-
105023,107390375,ENSNFUG00015019874,-,-,XP_015822525.1,ENSNFUP00015041519.1
105023,107390376,ENSNFUG00015019861,-,-,XP_015822526.1,ENSNFUP00015041366.1
105023,107390377,ENSNFUG00015019856,-,-,-,-
105023,107390378,ENSNFUG00015019104,-,-,XP_015822533.1,ENSNFUP00015039683.1
105023,107390378,ENSNFUG00015019104,-,-,XP_015822542.1,ENSNFUP00015039650.1
105023,107390380,ENSNFUG00015019818,-,-,-,-
105023,107390381,ENSNFUG00015019836,-,-,-,-
105023,107390382,ENSNFUG00015019816,-,-,-,-
105023,107390383,ENSNFUG00015019814,-,-,-,-
105023,107390385,ENSNFUG00015017456,-,-,XP_015822540.1,ENSNFUP00015040930.1
105023,107390386,ENSNFUG00015019801,-,-,-,-
105023,107390387,ENSNFUG00015017333,-,-,XP_015822544.1,ENSNFUP00015035730.1
105023,107390388,ENSNFUG00015015891,-,-,XP_015822545.1,ENSNFUP00015035479.1
105023,107390389,ENSNFUG00015015122,-,-,XP_015822546.1,ENSNFUP00015031492.1
105023,107390390,ENSNFUG00015015530,-,-,XP_015822547.1,ENSNFUP00015032233.1
105023,107390391,ENSNFUG00015014861,-,-,XP_015822548.1,ENSNFUP00015030706.1
105023,107390393,ENSNFUG00015014612,-,-,-,-
105023,107390395,ENSNFUG00015014587,-,-,XP_015822556.1,ENSNFUP00015029965.1
105023,107390397,ENSNFUG00015014496,-,-,XP_015822558.1,ENSNFUP00015029797.1
105023,107390398,ENSNFUG00015014480,-,-,-,-
105023,107390400,ENSNFUG00015013187,-,-,XP_015822563.1,ENSNFUP00015029354.1
105023,107390400,ENSNFUG00015013187,-,-,XP_015822564.1,ENSNFUP00015029395.1
105023,107390401,ENSNFUG00015011734,-,-,-,-
105023,107390402,ENSNFUG00015010854,-,-,-,-
105023,107390403,ENSNFUG00015010763,-,-,XP_015822571.1,ENSNFUP00015022223.1
105023,107390405,ENSNFUG00015007792,-,-,-,-
105023,107390406,ENSNFUG00015007582,-,-,-,-
105023,107390411,ENSNFUG00015007522,-,-,-,-
105023,107390416,ENSNFUG00015006872,-,-,XP_015822588.1,ENSNFUP00015014103.1
105023,107390417,ENSNFUG00015006860,-,-,XP_015822589.1,ENSNFUP00015014081.1
105023,107390418,ENSNFUG00015006854,-,-,XP_015822590.1,ENSNFUP00015014051.1
105023,107390419,ENSNFUG00015006847,-,-,XP_015822591.1,ENSNFUP00015014039.1
105023,107390420,ENSNFUG00015006842,-,-,-,-
105023,107390422,ENSNFUG00015006834,-,-,XP_015822594.1,ENSNFUP00015013996.1
105023,107390425,ENSNFUG00015006808,-,-,XP_015822597.1,ENSNFUP00015013943.1
105023,107390426,ENSNFUG00015006339,-,-,XP_015822598.1,ENSNFUP00015013906.1
105023,107390428,ENSNFUG00015006172,-,-,-,-
105023,107390430,ENSNFUG00015013586,-,-,XP_015822612.1,ENSNFUP00015028098.1
105023,107390431,ENSNFUG00015005107,-,-,XP_015822611.1,ENSNFUP00015010373.1
105023,107390432,ENSNFUG00015005094,-,-,XP_015822613.1,ENSNFUP00015010344.1
105023,107390435,ENSNFUG00015005009,-,-,XP_015822620.1,ENSNFUP00015010241.1
105023,107390435,ENSNFUG00015005009,-,-,XP_015822621.1,ENSNFUP00015010267.1
105023,107390436,ENSNFUG00015013573,-,-,XP_015822624.1,ENSNFUP00015028073.1
105023,107390438,ENSNFUG00015004882,-,-,XP_015822625.1,ENSNFUP00015009922.1
105023,107390440,ENSNFUG00015004870,-,-,XP_015822626.1,ENSNFUP00015009899.1
105023,107390442,ENSNFUG00015024009,XM_015967142.1,ENSNFUT00015053390.1,XP_015822628.1,ENSNFUP00015051190.1
105023,107390445,ENSNFUG00015004809,-,-,XP_015822640.1,ENSNFUP00015009813.1
105023,107390447,ENSNFUG00015024007,-,-,XP_015822641.1,ENSNFUP00015051181.1
105023,107390448,ENSNFUG00015023999,-,-,XP_015822642.1,ENSNFUP00015051168.1
105023,107390452,ENSNFUG00015023993,-,-,XP_015822651.1,ENSNFUP00015051159.1
105023,107390453,ENSNFUG00015023852,-,-,XP_015822653.1,ENSNFUP00015050950.1
105023,107390454,ENSNFUG00015023815,-,-,-,-
105023,107390454,ENSNFUG00015023815,-,-,XP_015822654.1,ENSNFUP00015050767.1
105023,107390454,ENSNFUG00015023815,-,-,XP_015822655.1,ENSNFUP00015050764.1
105023,107390455,ENSNFUG00015023810,-,-,XP_015822657.1,ENSNFUP00015050747.1
105023,107390457,ENSNFUG00015013008,-,-,XP_015822662.1,ENSNFUP00015027958.1
105023,107390457,ENSNFUG00015013008,-,-,XP_015822670.1,ENSNFUP00015027920.1
105023,107390459,ENSNFUG00015023322,-,-,XP_015822661.1,ENSNFUP00015049626.1
105023,107390460,ENSNFUG00015023299,-,-,XP_015822664.1,ENSNFUP00015049529.1
105023,107390461,ENSNFUG00015023289,-,-,XP_015822665.1,ENSNFUP00015049494.1
105023,107390462,ENSNFUG00015023024,-,-,XP_015822666.1,ENSNFUP00015048843.1
105023,107390463,ENSNFUG00015022757,-,-,XP_015822668.1,ENSNFUP00015048449.1
105023,107390465,ENSNFUG00015022730,-,-,-,-
105023,107390466,ENSNFUG00015022726,-,-,XP_015822671.1,ENSNFUP00015048214.1
105023,107390467,ENSNFUG00015022699,-,-,XP_015822672.1,ENSNFUP00015048175.1
105023,107390468,ENSNFUG00015022716,-,-,XP_015822673.1,ENSNFUP00015048195.1
105023,107390469,ENSNFUG00015022693,-,-,XP_015822674.1,ENSNFUP00015048130.1
105023,107390470,ENSNFUG00015022687,-,-,XP_015822681.1,ENSNFUP00015048120.1
105023,107390471,ENSNFUG00015022619,-,-,XP_015822682.1,ENSNFUP00015047995.1
105023,107390471,ENSNFUG00015022619,-,-,XP_015822683.1,ENSNFUP00015047973.1
105023,107390471,ENSNFUG00015022619,-,-,XP_015822687.1,ENSNFUP00015047985.1
105023,107390473,ENSNFUG00015022580,-,-,XP_015822690.1,ENSNFUP00015047890.1
105023,107390474,ENSNFUG00015022570,-,-,XP_015822691.1,ENSNFUP00015047808.1
105023,107390475,ENSNFUG00015022557,-,-,XP_015822694.1,ENSNFUP00015047787.1
105023,107390475,ENSNFUG00015022557,-,-,XP_015822695.1,ENSNFUP00015047785.1
105023,107390476,ENSNFUG00015012952,-,-,XP_015822700.1,ENSNFUP00015026726.1
105023,107390477,ENSNFUG00015022538,-,-,XP_015822696.1,ENSNFUP00015047759.1
105023,107390480,ENSNFUG00015022507,-,-,XP_015822704.1,ENSNFUP00015047681.1
105023,107390482,ENSNFUG00015022239,-,-,XP_015822708.1,ENSNFUP00015047149.1
105023,107390482,ENSNFUG00015022239,-,-,XP_015822709.1,ENSNFUP00015047133.1
105023,107390483,ENSNFUG00015012945,-,-,XP_015822713.1,ENSNFUP00015026709.1
105023,107390483,ENSNFUG00015012945,-,-,XP_015822723.1,ENSNFUP00015026715.1
105023,107390484,ENSNFUG00015022239,-,-,XP_015822710.1,ENSNFUP00015047114.1
105023,107390486,ENSNFUG00015021648,-,-,XP_015822716.1,ENSNFUP00015046595.1
105023,107390488,ENSNFUG00015021607,-,-,XP_015822720.1,ENSNFUP00015045457.1
105023,107390490,ENSNFUG00015021604,-,-,XP_015822725.1,ENSNFUP00015045448.1
105023,107390492,ENSNFUG00015021602,-,-,XP_015822726.1,ENSNFUP00015045439.1
105023,107390494,ENSNFUG00015021593,-,-,XP_015822728.1,ENSNFUP00015045423.1
105023,107390496,ENSNFUG00015021567,-,-,XP_015822729.1,ENSNFUP00015045396.1
105023,107390497,ENSNFUG00015012439,-,-,XP_015822733.1,ENSNFUP00015026598.1
105023,107390500,ENSNFUG00015021388,-,-,-,-
105023,107390501,ENSNFUG00015021397,-,-,-,-
105023,107390502,ENSNFUG00015021406,-,-,XP_015822738.1,ENSNFUP00015045045.1
105023,107390504,ENSNFUG00015012216,-,-,XP_015822745.1,ENSNFUP00015025443.1
105023,107390506,ENSNFUG00015020916,-,-,XP_015822747.1,ENSNFUP00015044117.1
105023,107390506,ENSNFUG00015020916,-,-,XP_015822748.1,ENSNFUP00015044129.1
105023,107390507,ENSNFUG00015020898,-,-,-,-
105023,107390509,ENSNFUG00015020872,-,-,XP_015822751.1,ENSNFUP00015043791.1
105023,107390509,ENSNFUG00015020872,-,-,XP_015822756.1,ENSNFUP00015043801.1
105023,107390510,ENSNFUG00015012167,-,-,XP_015822758.1,ENSNFUP00015025188.1
105023,107390512,ENSNFUG00015020741,-,-,XP_015822757.1,ENSNFUP00015043677.1
105023,107390517,ENSNFUG00015012158,-,-,XP_015822768.1,ENSNFUP00015025169.1
105023,107390519,ENSNFUG00015020729,-,-,XP_015822765.1,ENSNFUP00015043327.1
105023,107390521,ENSNFUG00015017871,-,-,XP_015822769.1,ENSNFUP00015036947.1
105023,107390522,ENSNFUG00015017900,-,-,XP_015822777.1,ENSNFUP00015036989.1
105023,107390524,ENSNFUG00015020695,-,-,XP_015822778.1,ENSNFUP00015043256.1
105023,107390525,ENSNFUG00015017972,-,-,XP_015822780.1,ENSNFUP00015042861.1
105023,107390525,ENSNFUG00015017972,-,-,XP_015822786.1,ENSNFUP00015042882.1
105023,107390526,ENSNFUG00015016591,-,-,XP_015822787.1,ENSNFUP00015036649.1
105023,107390528,ENSNFUG00015016529,-,-,XP_015822788.1,ENSNFUP00015033808.1
105023,107390528,ENSNFUG00015016529,-,-,XP_015822793.1,ENSNFUP00015033812.1
105023,107390528,ENSNFUG00015016529,-,-,XP_015822797.1,ENSNFUP00015033820.1
105023,107390529,ENSNFUG00015012135,-,-,XP_015822796.1,ENSNFUP00015025145.1
105023,107390532,ENSNFUG00015016525,-,-,XP_015822800.1,ENSNFUP00015033798.1
105023,107390534,ENSNFUG00015012122,-,-,XP_015822808.1,ENSNFUP00015025099.1
105023,107390535,ENSNFUG00015016485,-,-,XP_015822809.1,ENSNFUP00015033703.1
105023,107390536,ENSNFUG00015016495,-,-,XP_015822810.1,ENSNFUP00015033744.1
105023,107390536,ENSNFUG00015016495,-,-,XP_015822812.1,ENSNFUP00015033751.1
105023,107390537,ENSNFUG00015016512,-,-,XP_015822815.1,ENSNFUP00015033767.1
105023,107390538,ENSNFUG00015016519,-,-,XP_015822817.1,ENSNFUP00015033788.1
105023,107390540,ENSNFUG00015016177,-,-,XP_015822820.1,ENSNFUP00015033023.1
105023,107390541,ENSNFUG00015015941,-,-,XP_015822824.1,ENSNFUP00015033003.1
105023,107390544,ENSNFUG00015012128,-,-,XP_015822828.1,ENSNFUP00015025113.1
105023,107390545,ENSNFUG00015015855,-,-,-,-
105023,107390548,ENSNFUG00015015847,-,-,XP_015822827.1,ENSNFUP00015032345.1
105023,107390549,ENSNFUG00015014537,-,-,-,-
105023,107390552,ENSNFUG00015011264,-,-,XP_015822853.1,ENSNFUP00015024499.1
105023,107390553,ENSNFUG00015014501,-,-,XP_015822835.1,ENSNFUP00015029803.1
105023,107390554,ENSNFUG00015014165,-,-,XP_015822836.1,ENSNFUP00015029604.1
105023,107390556,ENSNFUG00015014077,-,-,-,-
105023,107390558,ENSNFUG00015014060,-,-,XP_015822843.1,ENSNFUP00015029022.1
105023,107390560,ENSNFUG00015017629,-,-,XP_015822847.1,ENSNFUP00015036372.1
105023,107390561,ENSNFUG00015017622,-,-,XP_015822848.1,ENSNFUP00015036362.1
105023,107390573,ENSNFUG00015016543,-,-,XP_015822863.1,ENSNFUP00015033833.1
105023,107390579,ENSNFUG00015021054,-,-,XP_015822876.1,ENSNFUP00015044312.1
105023,107390582,ENSNFUG00015015988,-,-,XP_015822879.1,ENSNFUP00015033013.1
105023,107390583,ENSNFUG00015011143,-,-,XP_015822892.1,ENSNFUP00015023042.1
105023,107390588,ENSNFUG00015018070,-,-,XP_015822887.1,ENSNFUP00015037564.1
105023,107390591,ENSNFUG00015017931,-,-,XP_015822893.1,ENSNFUP00015037289.1
105023,107390592,ENSNFUG00015017901,-,-,XP_015822894.1,ENSNFUP00015036993.1
105023,107390597,ENSNFUG00015000042,-,-,-,-
105023,107390598,ENSNFUG00015011129,-,-,XP_015822906.1,ENSNFUP00015023006.1
105023,107390599,ENSNFUG00015017892,-,-,XP_015822905.1,ENSNFUP00015036972.1
105023,107390605,ENSNFUG00015011122,-,-,XP_015822918.1,ENSNFUP00015022987.1
105023,107390620,ENSNFUG00015023980,-,-,-,-
105023,107390623,ENSNFUG00015011115,-,-,XP_015822934.1,ENSNFUP00015022966.1
105023,107390629,ENSNFUG00015023883,-,-,-,-
105023,107390631,ENSNFUG00015023924,-,-,-,-
105023,107390632,ENSNFUG00015023951,-,-,-,-
105023,107390637,ENSNFUG00015022304,-,-,-,-
105023,107390638,ENSNFUG00015022690,-,-,XP_015822946.1,ENSNFUP00015048136.1
105023,107390640,ENSNFUG00015007942,-,-,XP_015822948.1,ENSNFUP00015016594.1
105023,107390643,ENSNFUG00015008797,-,-,XP_015822949.1,ENSNFUP00015018505.1
105023,107390647,ENSNFUG00015008811,-,-,XP_015822956.1,ENSNFUP00015018530.1
105023,107390650,ENSNFUG00015008967,-,-,-,-
105023,107390652,ENSNFUG00015009221,-,-,-,-
105023,107390653,ENSNFUG00015009045,-,-,XP_015822964.1,ENSNFUP00015019058.1
105023,107390654,ENSNFUG00015009007,-,-,-,-
105023,107390656,ENSNFUG00015009814,-,-,-,-
105023,107390660,ENSNFUG00015010727,-,-,-,-
105023,107390661,ENSNFUG00015010738,-,-,XP_015822978.1,ENSNFUP00015022162.1
105023,107390662,ENSNFUG00015010768,-,-,-,-
105023,107390664,ENSNFUG00015010866,-,-,XP_015822981.1,ENSNFUP00015022436.1
105023,107390668,ENSNFUG00015010935,-,-,XP_015822983.1,ENSNFUP00015023304.1
105023,107390669,ENSNFUG00015011486,-,-,XP_015822984.1,ENSNFUP00015027805.1
105023,107390669,ENSNFUG00015011486,-,-,XP_015822985.1,ENSNFUP00015027735.1
105023,107390670,ENSNFUG00015013494,-,-,XP_015822986.1,ENSNFUP00015027946.1
105023,107390692,ENSNFUG00015023800,-,-,XP_015823016.1,ENSNFUP00015050735.1
105023,107390695,ENSNFUG00015023899,-,-,XP_015823023.1,ENSNFUP00015050951.1
105023,107390696,ENSNFUG00015023917,-,-,XP_015823024.1,ENSNFUP00015050988.1
105023,107390697,ENSNFUG00015023986,-,-,-,-
105023,107390698,ENSNFUG00015024001,-,-,XP_015823026.1,ENSNFUP00015051182.1
105023,107390698,ENSNFUG00015024001,-,-,XP_015823027.1,ENSNFUP00015051176.1
105023,107390699,ENSNFUG00015024018,-,-,-,-
105023,107390700,ENSNFUG00015024218,-,-,XP_015823030.1,ENSNFUP00015051817.1
105023,107390706,ENSNFUG00015024322,-,-,-,-
105023,107390707,ENSNFUG00015024316,-,-,XP_015823054.1,ENSNFUP00015052093.1
105023,107390708,ENSNFUG00015024323,-,-,XP_015823056.1,ENSNFUP00015052108.1
105023,107390714,ENSNFUG00015024363,-,-,XP_015823065.1,ENSNFUP00015052201.1
105023,107390715,ENSNFUG00015024367,-,-,XP_015823066.1,ENSNFUP00015052203.1
105023,107390716,ENSNFUG00015010797,-,-,XP_015823071.1,ENSNFUP00015022305.1
105023,107390717,ENSNFUG00015024369,-,-,-,-
105023,107390718,ENSNFUG00015024385,-,-,XP_015823072.1,ENSNFUP00015052242.1
105023,107390720,ENSNFUG00015024401,-,-,-,-
105023,107390721,ENSNFUG00015024415,-,-,XP_015823076.1,ENSNFUP00015052319.1
105023,107390722,ENSNFUG00015024441,-,-,-,-
105023,107390725,ENSNFUG00015010726,-,-,XP_015823083.1,ENSNFUP00015022210.1
105023,107390728,ENSNFUG00015024540,-,-,XP_015823087.1,ENSNFUP00015052621.1
105023,107390730,ENSNFUG00015024551,-,-,-,-
105023,107390732,ENSNFUG00015010698,-,-,XP_015823096.1,ENSNFUP00015022050.1
105023,107390733,ENSNFUG00015024577,-,-,XP_015823093.1,ENSNFUP00015052708.1
105023,107390734,ENSNFUG00015024589,-,-,-,-
105023,107390735,ENSNFUG00015024634,-,-,-,-
105023,107390738,ENSNFUG00015024864,-,-,-,-
105023,107390739,ENSNFUG00015024944,-,-,-,-
105023,107390740,ENSNFUG00015024965,-,-,XP_015823111.1,ENSNFUP00015053764.1
105023,107390742,ENSNFUG00015024974,-,-,-,-
105023,107390743,ENSNFUG00015010231,-,-,XP_015823117.1,ENSNFUP00015021823.1
105023,107390744,ENSNFUG00015024980,-,-,-,-
105023,107390745,ENSNFUG00015014024,-,-,-,-
105023,107390746,ENSNFUG00015014072,-,-,-,-
105023,107390751,ENSNFUG00015014382,-,-,-,-
105023,107390752,ENSNFUG00015000043,-,-,XP_015823180.1,ENSNFUP00015000021.1
105023,107390753,ENSNFUG00015010106,-,-,XP_015823139.1,ENSNFUP00015020890.1
105023,107390754,ENSNFUG00015014934,-,-,-,-
105023,107390755,ENSNFUG00015017022,-,-,-,-
105023,107390756,ENSNFUG00015017112,-,-,XP_015823148.1,ENSNFUP00015035190.1
105023,107390757,ENSNFUG00015017249,-,-,-,-
105023,107390758,ENSNFUG00015020262,-,-,XP_015823152.1,ENSNFUP00015042261.1
105023,107390759,ENSNFUG00015020352,-,-,XP_015823153.1,ENSNFUP00015045896.1
105023,107390760,ENSNFUG00015021981,-,-,-,-
105023,107390761,ENSNFUG00015021992,-,-,XP_015823158.1,ENSNFUP00015046366.1
105023,107390763,ENSNFUG00015021998,-,-,XP_015823160.1,ENSNFUP00015046377.1
105023,107390765,ENSNFUG00015022000,-,-,-,-
105023,107390766,ENSNFUG00015022002,-,-,-,-
105023,107390767,ENSNFUG00015022033,-,-,-,-
105023,107390768,ENSNFUG00015022013,-,-,XP_015823168.1,ENSNFUP00015046410.1
105023,107390768,ENSNFUG00015022013,-,-,XP_015823169.1,ENSNFUP00015046404.1
105023,107390769,ENSNFUG00015022112,-,-,-,-
105023,107390770,ENSNFUG00015022123,-,-,-,-
105023,107390771,ENSNFUG00015022140,-,-,XP_015823178.1,ENSNFUP00015046916.1
105023,107390771,ENSNFUG00015022140,-,-,XP_015823179.1,ENSNFUP00015046907.1
105023,107390772,ENSNFUG00015022203,-,-,XP_015823181.1,ENSNFUP00015046948.1
105023,107390774,ENSNFUG00015022233,-,-,XP_015823183.1,ENSNFUP00015047028.1
105023,107390777,ENSNFUG00015022252,-,-,-,-
105023,107390779,ENSNFUG00015022245,-,-,-,-
105023,107390782,ENSNFUG00015022265,-,-,XP_015823192.1,ENSNFUP00015047104.1
105023,107390785,ENSNFUG00015022272,-,-,XP_015823197.1,ENSNFUP00015047122.1
105023,107390786,ENSNFUG00015022289,-,-,XP_015823198.1,ENSNFUP00015047174.1
105023,107390787,ENSNFUG00015009412,-,-,XP_015823202.1,ENSNFUP00015020653.1
105023,107390787,ENSNFUG00015009412,-,-,XP_015823211.1,ENSNFUP00015020694.1
105023,107390787,ENSNFUG00015009412,-,-,XP_015823219.1,ENSNFUP00015020731.1
105023,107390790,ENSNFUG00015022385,-,-,XP_015823201.1,ENSNFUP00015047349.1
105023,107390791,ENSNFUG00015022390,-,-,XP_015823203.1,ENSNFUP00015047364.1
105023,107390793,ENSNFUG00015022395,-,-,-,-
105023,107390794,ENSNFUG00015022396,-,-,-,-
105023,107390796,ENSNFUG00015022402,-,-,XP_015823210.1,ENSNFUP00015047380.1
105023,107390797,ENSNFUG00015022428,-,-,-,-
105023,107390798,ENSNFUG00015022460,-,-,-,-
105023,107390800,ENSNFUG00015022433,-,-,XP_015823221.1,ENSNFUP00015047469.1
105023,107390801,ENSNFUG00015022655,-,-,-,-
105023,107390803,ENSNFUG00015022669,-,-,XP_015823224.1,ENSNFUP00015048081.1
105023,107390806,ENSNFUG00015022679,-,-,-,-
105023,107390807,ENSNFUG00015022683,-,-,-,-
105023,107390808,ENSNFUG00015022684,-,-,-,-
105023,107390809,ENSNFUG00015022689,-,-,XP_015823232.1,ENSNFUP00015048122.1
105023,107390811,ENSNFUG00015022709,-,-,-,-
105023,107390812,ENSNFUG00015022858,-,-,-,-
105023,107390813,ENSNFUG00015009298,-,-,XP_015823241.1,ENSNFUP00015019217.1
105023,107390815,ENSNFUG00015023000,-,-,-,-
105023,107390816,ENSNFUG00015023021,-,-,XP_015823240.1,ENSNFUP00015049055.1
105023,107390816,ENSNFUG00015023021,-,-,XP_015823242.1,ENSNFUP00015049065.1
105023,107390817,ENSNFUG00015023169,-,-,XP_015823243.1,ENSNFUP00015049228.1
105023,107390817,ENSNFUG00015023169,-,-,XP_015823244.1,ENSNFUP00015049241.1
105023,107390818,ENSNFUG00015023250,-,-,XP_015823246.1,ENSNFUP00015050185.1
105023,107390818,ENSNFUG00015023250,-,-,XP_015823247.1,ENSNFUP00015050193.1
105023,107390819,ENSNFUG00015023649,-,-,-,-
105023,107390820,ENSNFUG00015023676,-,-,-,-
105023,107390823,ENSNFUG00015023806,-,-,-,-
105023,107390824,ENSNFUG00015023817,-,-,-,-
105023,107390825,ENSNFUG00015023820,-,-,XP_015823255.1,ENSNFUP00015050766.1
105023,107390826,ENSNFUG00015023812,-,-,XP_015823257.1,ENSNFUP00015050751.1
105023,107390828,ENSNFUG00015023827,-,-,-,-
105023,107390829,ENSNFUG00015023835,-,-,-,-
105023,107390830,ENSNFUG00015023856,-,-,XP_015823263.1,ENSNFUP00015050902.1
105023,107390831,ENSNFUG00015023846,-,-,-,-
105023,107390832,ENSNFUG00015023911,-,-,-,-
105023,107390834,ENSNFUG00015009285,-,-,XP_015823284.1,ENSNFUP00015019205.1
105023,107390835,ENSNFUG00015023946,-,-,-,-
105023,107390836,ENSNFUG00015023971,-,-,XP_015823276.1,ENSNFUP00015051236.1
105023,107390837,ENSNFUG00015024028,-,-,-,-
105023,107390841,ENSNFUG00015024084,-,-,XP_015823291.1,ENSNFUP00015051414.1
105023,107390842,ENSNFUG00015004816,-,-,XP_015823294.1,ENSNFUP00015009832.1
105023,107390843,ENSNFUG00015004846,-,-,XP_015823295.1,ENSNFUP00015009860.1
105023,107390844,ENSNFUG00015004853,-,-,XP_015823297.1,ENSNFUP00015009873.1
105023,107390845,ENSNFUG00015004862,-,-,XP_015823298.1,ENSNFUP00015009890.1
105023,107390847,ENSNFUG00015005287,-,-,-,-
105023,107390848,ENSNFUG00015005752,-,-,-,-
105023,107390849,ENSNFUG00015009078,-,-,XP_015823306.1,ENSNFUP00015019082.1
105023,107390850,ENSNFUG00015005784,-,-,-,-
105023,107390851,ENSNFUG00015005758,-,-,-,-
105023,107390853,ENSNFUG00015005801,-,-,XP_015823307.1,ENSNFUP00015011840.1
105023,107390854,ENSNFUG00015005857,-,-,XP_015823308.1,ENSNFUP00015011893.1
105023,107390855,ENSNFUG00015005888,-,-,-,-
105023,107390856,ENSNFUG00015005905,-,-,-,-
105023,107390857,ENSNFUG00015005930,-,-,XP_015823311.1,ENSNFUP00015012021.1
105023,107390858,ENSNFUG00015005943,-,-,-,-
105023,107390860,ENSNFUG00015006087,-,-,XP_015823329.1,ENSNFUP00015012674.1
105023,107390862,ENSNFUG00015007284,-,-,XP_015823332.1,ENSNFUP00015016256.1
105023,107390864,ENSNFUG00015006519,-,-,XP_015823337.1,ENSNFUP00015014607.1
105023,107390865,ENSNFUG00015005976,-,-,-,-
105023,107390866,ENSNFUG00015007865,-,-,XP_015823340.1,ENSNFUP00015016401.1
105023,107390870,ENSNFUG00015007883,-,-,-,-
105023,107390871,ENSNFUG00015007939,-,-,XP_015823346.1,ENSNFUP00015016569.1
105023,107390872,ENSNFUG00015007954,-,-,-,-
105023,107390875,ENSNFUG00015008005,-,-,-,-
105023,107390876,ENSNFUG00015007969,-,-,XP_015823352.1,ENSNFUP00015016724.1
105023,107390877,ENSNFUG00015008053,-,-,XP_015823356.1,ENSNFUP00015016857.1
105023,107390879,ENSNFUG00015008038,-,-,XP_015823361.1,ENSNFUP00015016834.1
105023,107390881,ENSNFUG00015008914,-,-,XP_015823365.1,ENSNFUP00015018718.1
105023,107390882,ENSNFUG00015008071,-,-,XP_015823362.1,ENSNFUP00015016896.1
105023,107390884,ENSNFUG00015008109,-,-,XP_015823366.1,ENSNFUP00015017050.1
105023,107390886,ENSNFUG00015008215,-,-,-,-
105023,107390887,ENSNFUG00015008252,-,-,XP_015823373.1,ENSNFUP00015017881.1
105023,107390888,ENSNFUG00015010582,-,-,-,-
105023,107390889,ENSNFUG00015008563,-,-,-,-
105023,107390890,ENSNFUG00015008580,-,-,-,-
105023,107390891,ENSNFUG00015008592,-,-,-,-
105023,107390892,ENSNFUG00015008600,-,-,XP_015823378.1,ENSNFUP00015018015.1
105023,107390894,ENSNFUG00015008835,-,-,XP_015823381.1,ENSNFUP00015030079.1
105023,107390896,ENSNFUG00015015456,-,-,-,-
105023,107390898,ENSNFUG00015010549,-,-,XP_015823389.1,ENSNFUP00015021759.1
105023,107390899,ENSNFUG00015015763,-,-,-,-
105023,107390900,ENSNFUG00015016194,-,-,-,-
105023,107390902,ENSNFUG00015017171,-,-,XP_015823391.1,ENSNFUP00015035629.1
105023,107390903,ENSNFUG00015017326,-,-,XP_015823393.1,ENSNFUP00015035801.1
105023,107390904,ENSNFUG00015017377,-,-,-,-
105023,107390905,ENSNFUG00015017385,-,-,-,-
105023,107390906,ENSNFUG00015017410,-,-,XP_015823398.1,ENSNFUP00015035971.1
105023,107390907,ENSNFUG00015010531,-,-,XP_015823401.1,ENSNFUP00015021695.1
105023,107390908,ENSNFUG00015017451,-,-,-,-
105023,107390910,ENSNFUG00015017464,-,-,XP_015823402.1,ENSNFUP00015036023.1
105023,107390911,ENSNFUG00015017502,-,-,XP_015823403.1,ENSNFUP00015036094.1
105023,107390912,ENSNFUG00015017483,-,-,XP_015823404.1,ENSNFUP00015036063.1
105023,107390913,ENSNFUG00015017473,-,-,XP_015823405.1,ENSNFUP00015036046.1
105023,107390914,ENSNFUG00015017469,-,-,XP_015823406.1,ENSNFUP00015036035.1
105023,107390915,ENSNFUG00015017504,-,-,XP_015823407.1,ENSNFUP00015036107.1
105023,107390916,ENSNFUG00015017487,-,-,XP_015823408.1,ENSNFUP00015036073.1
105023,107390917,ENSNFUG00015010479,-,-,XP_015823412.1,ENSNFUP00015021666.1
105023,107390918,ENSNFUG00015017494,-,-,XP_015823409.1,ENSNFUP00015036083.1
105023,107390919,ENSNFUG00015017499,-,-,XP_015823411.1,ENSNFUP00015036090.1
105023,107390921,ENSNFUG00015017513,-,-,-,-
105023,107390924,ENSNFUG00015017528,-,-,XP_015823417.1,ENSNFUP00015036164.1
105023,107390925,ENSNFUG00015017566,-,-,XP_015823419.1,ENSNFUP00015036553.1
105023,107390927,ENSNFUG00015017714,-,-,-,-
105023,107390928,ENSNFUG00015017729,-,-,XP_015823423.1,ENSNFUP00015036751.1
105023,107390930,ENSNFUG00015017821,-,-,XP_015823428.1,ENSNFUP00015036827.1
105023,107390931,ENSNFUG00015017875,-,-,-,-
105023,107390932,ENSNFUG00015017830,-,-,XP_015823430.1,ENSNFUP00015036845.1
105023,107390934,ENSNFUG00015010479,-,-,XP_015823436.1,ENSNFUP00015021640.1
105023,107390935,ENSNFUG00015018189,-,-,XP_015823432.1,ENSNFUP00015037650.1
105023,107390936,ENSNFUG00015018195,-,-,-,-
105023,107390937,ENSNFUG00015018200,-,-,-,-
105023,107390938,ENSNFUG00015018203,-,-,-,-
105023,107390939,ENSNFUG00015018208,-,-,-,-
105023,107390940,ENSNFUG00015018220,-,-,-,-
105023,107390941,ENSNFUG00015018212,-,-,-,-
105023,107390942,ENSNFUG00015010441,-,-,-,-
105023,107390945,ENSNFUG00015018271,-,-,XP_015823448.1,ENSNFUP00015037821.1
105023,107390948,ENSNFUG00015004844,-,-,-,-
105023,107390954,ENSNFUG00015004997,-,-,-,-
105023,107390955,ENSNFUG00015005033,-,-,XP_015823461.1,ENSNFUP00015010545.1
105023,107390957,ENSNFUG00015005250,-,-,XP_015823465.1,ENSNFUP00015010616.1
105023,107390958,ENSNFUG00015005236,-,-,-,-
105023,107390962,ENSNFUG00015009898,-,-,XP_015823474.1,ENSNFUP00015021410.1
105023,107390962,ENSNFUG00015009898,-,-,XP_015823483.1,ENSNFUP00015021424.1
105023,107390962,ENSNFUG00015009898,-,-,XP_015823487.1,ENSNFUP00015021460.1
105023,107390962,ENSNFUG00015009898,-,-,XP_015823493.1,ENSNFUP00015021395.1
105023,107390965,ENSNFUG00015005407,-,-,XP_015823473.1,ENSNFUP00015011314.1
105023,107390966,ENSNFUG00015005658,-,-,-,-
105023,107390967,ENSNFUG00015005859,-,-,XP_015823477.1,ENSNFUP00015014656.1
105023,107390968,ENSNFUG00015005713,-,-,XP_015823479.1,ENSNFUP00015011564.1
105023,107390969,ENSNFUG00015007276,-,-,-,-
105023,107390991,ENSNFUG00015009839,-,-,XP_015823500.1,ENSNFUP00015020280.1
105023,107391003,ENSNFUG00015007363,-,-,XP_015823506.1,ENSNFUP00015015210.1
105023,107391006,ENSNFUG00015009599,-,-,XP_015823511.1,ENSNFUP00015020179.1
105023,107391006,ENSNFUG00015009599,-,-,XP_015823530.1,ENSNFUP00015020200.1
105023,107391009,ENSNFUG00015007425,-,-,-,-
105023,107391010,ENSNFUG00015007565,-,-,XP_015823513.1,ENSNFUP00015015901.1
105023,107391010,ENSNFUG00015007565,-,-,XP_015823515.1,ENSNFUP00015015917.1
105023,107391010,ENSNFUG00015007565,-,-,XP_015823516.1,ENSNFUP00015015927.1
105023,107391010,ENSNFUG00015007565,-,-,XP_015823517.1,ENSNFUP00015016019.1
105023,107391012,ENSNFUG00015007763,-,-,-,-
105023,107391013,ENSNFUG00015007710,-,-,XP_015823523.1,ENSNFUP00015016048.1
105023,107391015,ENSNFUG00015009573,-,-,-,-
105023,107391016,ENSNFUG00015009537,-,-,-,-
105023,107391017,ENSNFUG00015010563,-,-,-,-
105023,107391018,ENSNFUG00015009751,-,-,-,-
105023,107391021,ENSNFUG00015010750,-,-,XP_015823537.1,ENSNFUP00015024948.1
105023,107391021,ENSNFUG00015010750,-,-,XP_015823538.1,ENSNFUP00015024714.1
105023,107391022,ENSNFUG00015009599,-,-,XP_015823543.1,ENSNFUP00015020011.1
105023,107391023,ENSNFUG00015010579,-,-,-,-
105023,107391024,ENSNFUG00015013038,-,-,-,-
105023,107391025,ENSNFUG00015012115,-,-,-,-
105023,107391026,ENSNFUG00015013068,-,-,XP_015823545.1,ENSNFUP00015027029.1
105023,107391029,ENSNFUG00015013138,-,-,XP_015823551.1,ENSNFUP00015027101.1
105023,107391030,ENSNFUG00015009508,-,-,XP_015823555.1,ENSNFUP00015019711.1
105023,107391032,ENSNFUG00015013203,-,-,XP_015823553.1,ENSNFUP00015027240.1
105023,107391033,ENSNFUG00015013208,-,-,-,-
105023,107391034,ENSNFUG00015013211,-,-,-,-
105023,107391035,ENSNFUG00015013214,-,-,-,-
105023,107391036,ENSNFUG00015013254,-,-,-,-
105023,107391037,ENSNFUG00015014653,-,-,XP_015823559.1,ENSNFUP00015030454.1
105023,107391038,ENSNFUG00015014905,-,-,-,-
105023,107391039,ENSNFUG00015014920,-,-,-,-
105023,107391040,ENSNFUG00015014972,-,-,XP_015823562.1,ENSNFUP00015031551.1
105023,107391042,ENSNFUG00015015458,-,-,XP_015823564.1,ENSNFUP00015031621.1
105023,107391044,ENSNFUG00015015546,-,-,XP_015823567.1,ENSNFUP00015032254.1
105023,107391044,ENSNFUG00015015546,-,-,XP_015823568.1,ENSNFUP00015032404.1
105023,107391044,ENSNFUG00015015546,-,-,XP_015823569.1,ENSNFUP00015032274.1
105023,107391044,ENSNFUG00015015546,-,-,XP_015823570.1,ENSNFUP00015032289.1
105023,107391044,ENSNFUG00015015546,-,-,XP_015823571.1,ENSNFUP00015032307.1
105023,107391046,ENSNFUG00015015952,-,-,XP_015823573.1,ENSNFUP00015032555.1
105023,107391047,ENSNFUG00015005947,-,-,XP_015823578.1,ENSNFUP00015018938.1
105023,107391050,ENSNFUG00015015973,-,-,XP_015823580.1,ENSNFUP00015032590.1
105023,107391051,ENSNFUG00015015998,-,-,-,-
105023,107391052,ENSNFUG00015016018,-,-,XP_015823584.1,ENSNFUP00015032669.1
105023,107391054,ENSNFUG00015016085,-,-,XP_015823586.1,ENSNFUP00015032842.1
105023,107391054,ENSNFUG00015016085,-,-,XP_015823587.1,ENSNFUP00015032834.1
105023,107391059,ENSNFUG00015016234,-,-,-,-
105023,107391060,ENSNFUG00015016680,-,-,XP_015823593.1,ENSNFUP00015047273.1
105023,107391060,ENSNFUG00015016680,-,-,XP_015823594.1,ENSNFUP00015047330.1
105023,107391061,ENSNFUG00015016240,-,-,XP_015823595.1,ENSNFUP00015033168.1
105023,107391062,ENSNFUG00015022532,-,-,-,-
105023,107391063,ENSNFUG00015022560,-,-,-,-
105023,107391066,ENSNFUG00015014254,-,-,XP_015823603.1,ENSNFUP00015034365.1
105023,107391067,ENSNFUG00015014027,-,-,XP_015823604.1,ENSNFUP00015028983.1
105023,107391069,ENSNFUG00015000051,-,-,XP_015823646.1,ENSNFUP00015000037.1
105023,107391070,ENSNFUG00015005610,-,-,XP_015823609.1,ENSNFUP00015011402.1
105023,107391072,ENSNFUG00015016810,-,-,-,-
105023,107391073,ENSNFUG00015016822,-,-,XP_015823610.1,ENSNFUP00015034554.1
105023,107391074,ENSNFUG00015016829,-,-,XP_015823612.1,ENSNFUP00015034579.1
105023,107391075,ENSNFUG00015016843,-,-,XP_015823613.1,ENSNFUP00015034593.1
105023,107391077,ENSNFUG00015016889,-,-,XP_015823615.1,ENSNFUP00015035332.1
105023,107391078,ENSNFUG00015017277,-,-,XP_015823616.1,ENSNFUP00015035753.1
105023,107391080,ENSNFUG00015016859,-,-,XP_015823617.1,ENSNFUP00015034616.1
105023,107391082,ENSNFUG00015017358,-,-,XP_015823619.1,ENSNFUP00015035775.1
105023,107391083,ENSNFUG00015017462,-,-,-,-
105023,107391084,ENSNFUG00015020168,-,-,-,-
105023,107391085,ENSNFUG00015020287,-,-,-,-
105023,107391087,ENSNFUG00015023221,-,-,XP_015823630.1,ENSNFUP00015049318.1
105023,107391089,ENSNFUG00015023222,-,-,XP_015823634.1,ENSNFUP00015049324.1
105023,107391090,ENSNFUG00015023261,-,-,-,-
105023,107391091,ENSNFUG00015023280,-,-,XP_015823637.1,ENSNFUP00015050190.1
105023,107391093,ENSNFUG00015005588,-,-,XP_015823647.1,ENSNFUP00015011341.1
105023,107391095,ENSNFUG00015023652,-,-,XP_015823643.1,ENSNFUP00015050361.1
105023,107391097,ENSNFUG00015023693,-,-,XP_015823650.1,ENSNFUP00015050461.1
105023,107391097,ENSNFUG00015023693,-,-,XP_015823651.1,ENSNFUP00015050466.1
105023,107391097,ENSNFUG00015023693,-,-,XP_015823652.1,ENSNFUP00015050490.1
105023,107391098,ENSNFUG00015005582,-,-,XP_015823660.1,ENSNFUP00015011318.1
105023,107391099,ENSNFUG00015023752,-,-,-,-
105023,107391100,ENSNFUG00015024178,-,-,-,-
105023,107391102,ENSNFUG00015024195,-,-,-,-
105023,107391103,ENSNFUG00015024192,-,-,-,-
105023,107391104,ENSNFUG00015024202,-,-,-,-
105023,107391105,ENSNFUG00015024228,-,-,-,-
105023,107391107,ENSNFUG00015024268,-,-,-,-
105023,107391109,ENSNFUG00015024277,-,-,-,-
105023,107391110,ENSNFUG00015024300,-,-,-,-
105023,107391111,ENSNFUG00015024419,-,-,XP_015823679.1,ENSNFUP00015052334.1
105023,107391112,ENSNFUG00015024429,-,-,-,-
105023,107391116,ENSNFUG00015024483,-,-,XP_015823682.1,ENSNFUP00015052625.1
105023,107391117,ENSNFUG00015024442,-,-,XP_015823683.1,ENSNFUP00015052382.1
105023,107391117,ENSNFUG00015024442,-,-,XP_015823684.1,ENSNFUP00015052393.1
105023,107391118,ENSNFUG00015024563,-,-,XP_015823686.1,ENSNFUP00015052689.1
105023,107391120,ENSNFUG00015024566,-,-,-,-
105023,107391121,ENSNFUG00015024579,-,-,XP_015823690.1,ENSNFUP00015052710.1
105023,107391124,ENSNFUG00015024600,-,-,XP_015823695.1,ENSNFUP00015052763.1
105023,107391125,ENSNFUG00015024596,-,-,XP_015823696.1,ENSNFUP00015052753.1
105023,107391127,ENSNFUG00015024605,-,-,-,-
105023,107391129,ENSNFUG00015024609,-,-,XP_015823701.1,ENSNFUP00015052799.1
105023,107391130,ENSNFUG00015024628,-,-,-,-
105023,107391131,ENSNFUG00015003066,-,-,XP_015823710.1,ENSNFUP00015006131.1
105023,107391133,ENSNFUG00015024807,-,-,-,-
105023,107391134,ENSNFUG00015024811,-,-,XP_015823712.1,ENSNFUP00015053352.1
105023,107391135,ENSNFUG00015024812,-,-,-,-
105023,107391136,ENSNFUG00015024819,-,-,-,-
105023,107391138,ENSNFUG00015024839,-,-,-,-
105023,107391139,ENSNFUG00015024867,-,-,XP_015823729.1,ENSNFUP00015053495.1
105023,107391140,ENSNFUG00015024870,-,-,XP_015823730.1,ENSNFUP00015053502.1
105023,107391140,ENSNFUG00015024870,-,-,XP_015823731.1,ENSNFUP00015053500.1
105023,107391141,ENSNFUG00015024874,-,-,-,-
105023,107391143,ENSNFUG00015003057,-,-,XP_015823737.1,ENSNFUP00015006086.1
105023,107391145,ENSNFUG00015024878,-,-,XP_015823746.1,ENSNFUP00015053529.1
105023,107391146,ENSNFUG00015003053,-,-,XP_015823751.1,ENSNFUP00015006081.1
105023,107391147,ENSNFUG00015024897,-,-,-,-
105023,107391148,ENSNFUG00015024943,-,-,-,-
105023,107391150,ENSNFUG00015024951,-,-,XP_015823752.1,ENSNFUP00015053741.1
105023,107391153,ENSNFUG00015024959,-,-,-,-
105023,107391154,ENSNFUG00015025000,-,-,XP_015823766.1,ENSNFUP00015054052.1
105023,107391155,ENSNFUG00015003023,-,-,XP_015823764.1,ENSNFUP00015006050.1
105023,107391156,ENSNFUG00015025097,-,-,-,-
105023,107391159,ENSNFUG00015025110,-,-,-,-
105023,107391161,ENSNFUG00015014045,-,-,-,-
105023,107391163,ENSNFUG00015014433,-,-,-,-
105023,107391166,ENSNFUG00015014764,-,-,XP_015823788.1,ENSNFUP00015030310.1
105023,107391169,ENSNFUG00015014764,-,-,XP_015823792.1,ENSNFUP00015030332.1
105023,107391170,ENSNFUG00015014817,-,-,XP_015823796.1,ENSNFUP00015030370.1
105023,107391173,ENSNFUG00015014844,-,-,-,-
105023,107391174,ENSNFUG00015003001,-,-,XP_015823804.1,ENSNFUP00015006005.1
105023,107391177,ENSNFUG00015015026,-,-,-,-
105023,107391178,ENSNFUG00015015039,-,-,-,-
105023,107391186,ENSNFUG00015015534,-,-,-,-
105023,107391187,ENSNFUG00015015520,-,-,XP_015823813.1,ENSNFUP00015031714.1
105023,107391188,ENSNFUG00015015651,-,-,-,-
105023,107391189,ENSNFUG00015015739,-,-,-,-
105023,107391190,ENSNFUG00015015661,-,-,-,-
105023,107391191,ENSNFUG00015016747,-,-,-,-
105023,107391193,ENSNFUG00015016753,-,-,-,-
105023,107391198,ENSNFUG00015016801,-,-,XP_015823833.1,ENSNFUP00015034556.1
105023,107391199,ENSNFUG00015016834,-,-,-,-
105023,107391200,ENSNFUG00015016851,-,-,XP_015823836.1,ENSNFUP00015034609.1
105023,107391201,ENSNFUG00015016845,-,-,-,-
105023,107391202,ENSNFUG00015016888,-,-,-,-
105023,107391203,ENSNFUG00015016866,-,-,XP_015823841.1,ENSNFUP00015034645.1
105023,107391204,ENSNFUG00015016928,-,-,-,-
105023,107391205,ENSNFUG00015017019,-,-,-,-
105023,107391206,ENSNFUG00015017215,-,-,-,-
105023,107391209,ENSNFUG00015018020,-,-,XP_015823848.1,ENSNFUP00015038208.1
105023,107391211,ENSNFUG00015018465,-,-,-,-
105023,107391211,ENSNFUG00015018465,-,-,XP_015823859.1,ENSNFUP00015038320.1
105023,107391216,ENSNFUG00015021669,-,-,-,-
105023,107391217,ENSNFUG00015020935,-,-,-,-
105023,107391218,ENSNFUG00015021714,-,-,XP_015823871.1,ENSNFUP00015045688.1
105023,107391219,ENSNFUG00015021717,-,-,-,-
105023,107391221,ENSNFUG00015021731,-,-,-,-
105023,107391223,ENSNFUG00015021734,-,-,-,-
105023,107391224,ENSNFUG00015021745,-,-,-,-
105023,107391226,ENSNFUG00015021858,-,-,-,-
105023,107391227,ENSNFUG00015021850,-,-,-,-
105023,107391228,ENSNFUG00015021896,-,-,-,-
105023,107391230,ENSNFUG00015021913,-,-,-,-
105023,107391232,ENSNFUG00015022257,-,-,-,-
105023,107391233,ENSNFUG00015022237,-,-,-,-
105023,107391234,ENSNFUG00015022452,-,-,XP_015823903.1,ENSNFUP00015047504.1
105023,107391235,ENSNFUG00015022454,-,-,XP_015823905.1,ENSNFUP00015047509.1
105023,107391239,ENSNFUG00015022478,-,-,XP_015823913.1,ENSNFUP00015047589.1
105023,107391240,ENSNFUG00015022482,-,-,XP_015823914.1,ENSNFUP00015047595.1
105023,107391241,ENSNFUG00015022487,-,-,-,-
105023,107391242,ENSNFUG00015022489,-,-,XP_015823916.1,ENSNFUP00015047607.1
105023,107391243,ENSNFUG00015022494,-,-,-,-
105023,107391245,ENSNFUG00015022508,-,-,-,-
105023,107391246,ENSNFUG00015022504,-,-,XP_015823922.1,ENSNFUP00015047650.1
105023,107391247,ENSNFUG00015022520,-,-,-,-
105023,107391248,ENSNFUG00015022519,-,-,-,-
105023,107391250,ENSNFUG00015022528,-,-,XP_015823929.1,ENSNFUP00015047716.1
105023,107391251,ENSNFUG00015004845,-,-,XP_015823932.1,ENSNFUP00015009955.1
105023,107391254,ENSNFUG00015005026,-,-,XP_015823938.1,ENSNFUP00015010436.1
105023,107391254,ENSNFUG00015005026,-,-,XP_015823939.1,ENSNFUP00015010445.1
105023,107391257,ENSNFUG00015005243,-,-,-,-
105023,107391260,ENSNFUG00015005340,-,-,-,-
105023,107391263,ENSNFUG00015005290,-,-,XP_015823954.1,ENSNFUP00015010777.1
105023,107391264,ENSNFUG00015005331,-,-,XP_015823956.1,ENSNFUP00015010797.1
105023,107391265,ENSNFUG00015005349,-,-,-,-
105023,107391266,ENSNFUG00015005360,-,-,-,-
105023,107391268,ENSNFUG00015005376,-,-,XP_015823961.1,ENSNFUP00015010894.1
105023,107391269,ENSNFUG00015005436,-,-,-,-
105023,107391271,ENSNFUG00015005581,-,-,-,-
105023,107391272,ENSNFUG00015005616,-,-,-,-
105023,107391273,ENSNFUG00015002333,-,-,XP_015823976.1,ENSNFUP00015004642.1
105023,107391276,ENSNFUG00015007064,-,-,XP_015823980.1,ENSNFUP00015014645.1
105023,107391277,ENSNFUG00015007123,-,-,-,-
105023,107391278,ENSNFUG00015007135,-,-,-,-
105023,107391281,ENSNFUG00015007145,-,-,XP_015823987.1,ENSNFUP00015014729.1
105023,107391282,ENSNFUG00015007295,-,-,-,-
105023,107391283,ENSNFUG00015007150,-,-,XP_015823999.1,ENSNFUP00015014737.1
105023,107391284,ENSNFUG00015008539,-,-,-,-
105023,107391285,ENSNFUG00015001977,-,-,XP_015824005.1,ENSNFUP00015004358.1
105023,107391286,ENSNFUG00015015285,-,-,XP_015824009.1,ENSNFUP00015031530.1
105023,107391287,ENSNFUG00015015497,-,-,XP_015824010.1,ENSNFUP00015031698.1
105023,107391290,ENSNFUG00015002260,-,-,XP_015824026.1,ENSNFUP00015004589.1
105023,107391291,ENSNFUG00015015639,-,-,-,-
105023,107391292,ENSNFUG00015015554,-,-,XP_015824015.1,ENSNFUP00015031830.1
105023,107391294,ENSNFUG00015015704,-,-,-,-
105023,107391295,ENSNFUG00015015725,-,-,-,-
105023,107391297,ENSNFUG00015015737,-,-,XP_015824023.1,ENSNFUP00015032187.1
105023,107391299,ENSNFUG00015015773,-,-,XP_015824025.1,ENSNFUP00015032198.1
105023,107391301,ENSNFUG00015015811,-,-,XP_015824029.1,ENSNFUP00015032279.1
105023,107391302,ENSNFUG00015015829,-,-,XP_015824032.1,ENSNFUP00015032306.1
105023,107391304,ENSNFUG00015019337,-,-,-,-
105023,107391308,ENSNFUG00015019420,-,-,XP_015824040.1,ENSNFUP00015040422.1
105023,107391309,ENSNFUG00015019423,-,-,XP_015824042.1,ENSNFUP00015040430.1
105023,107391310,ENSNFUG00015019425,-,-,XP_015824044.1,ENSNFUP00015040457.1
105023,107391311,ENSNFUG00015019481,-,-,-,-
105023,107391312,ENSNFUG00015020058,-,-,XP_015824050.1,ENSNFUP00015042551.1
105023,107391313,ENSNFUG00015020389,-,-,XP_015824051.1,ENSNFUP00015042586.1
105023,107391315,ENSNFUG00015020428,-,-,-,-
105023,107391316,ENSNFUG00015020434,-,-,-,-
105023,107391317,ENSNFUG00015020454,-,-,-,-
105023,107391318,ENSNFUG00015020448,-,-,-,-
105023,107391319,ENSNFUG00015020682,-,-,-,-
105023,107391320,ENSNFUG00015024400,-,-,XP_015824065.1,ENSNFUP00015052280.1
105023,107391321,ENSNFUG00015024414,-,-,-,-
105023,107391324,ENSNFUG00015024475,-,-,XP_015824074.1,ENSNFUP00015052453.1
105023,107391327,ENSNFUG00015024480,-,-,-,-
105023,107391328,ENSNFUG00015024485,-,-,-,-
105023,107391330,ENSNFUG00015024699,-,-,XP_015824081.1,ENSNFUP00015053047.1
105023,107391331,ENSNFUG00015024735,-,-,-,-
105023,107391332,ENSNFUG00015001801,-,-,XP_015824091.1,ENSNFUP00015003673.1
105023,107391333,ENSNFUG00015024786,-,-,-,-
105023,107391334,ENSNFUG00015024820,-,-,XP_015824089.1,ENSNFUP00015053524.1
105023,107391334,ENSNFUG00015024820,-,-,XP_015824090.1,ENSNFUP00015053548.1
105023,107391337,ENSNFUG00015024909,-,-,-,-
105023,107391338,ENSNFUG00015024994,-,-,XP_015824096.1,ENSNFUP00015053954.1
105023,107391339,ENSNFUG00015025064,-,-,-,-
105023,107391340,ENSNFUG00015025064,-,-,-,-
105023,107391341,ENSNFUG00015025107,-,-,-,-
105023,107391342,ENSNFUG00015025107,-,-,-,-
105023,107391345,ENSNFUG00015025134,-,-,XP_015824105.1,ENSNFUP00015054146.1
105023,107391346,ENSNFUG00015025138,-,-,XP_015824107.1,ENSNFUP00015054153.1
105023,107391348,ENSNFUG00015009461,-,-,XP_015824110.1,ENSNFUP00015019631.1
105023,107391349,ENSNFUG00015009551,-,-,XP_015824111.1,ENSNFUP00015020949.1
105023,107391350,ENSNFUG00015010268,-,-,XP_015824112.1,ENSNFUP00015021730.1
105023,107391352,ENSNFUG00015010765,-,-,-,-
105023,107391353,ENSNFUG00015010712,-,-,XP_015824120.1,ENSNFUP00015022113.1
105023,107391354,ENSNFUG00015011265,-,-,XP_015824121.1,ENSNFUP00015023325.1
105023,107391355,ENSNFUG00015011312,-,-,-,-
105023,107391358,ENSNFUG00015006206,-,-,-,-
105023,107391359,ENSNFUG00015006036,-,-,XP_015824126.1,ENSNFUP00015012555.1
105023,107391361,ENSNFUG00015006216,-,-,XP_015824128.1,ENSNFUP00015012646.1
105023,107391362,ENSNFUG00015001779,-,-,XP_015824130.1,ENSNFUP00015003491.1
105023,107391363,ENSNFUG00015006257,-,-,-,-
105023,107391366,ENSNFUG00015006266,-,-,-,-
105023,107391367,ENSNFUG00015006276,-,-,-,-
105023,107391368,ENSNFUG00015006261,-,-,XP_015824136.1,ENSNFUP00015012734.1
105023,107391371,ENSNFUG00015006285,-,-,XP_015824141.1,ENSNFUP00015012863.1
105023,107391372,ENSNFUG00015006416,-,-,-,-
105023,107391373,ENSNFUG00015006970,-,-,-,-
105023,107391374,ENSNFUG00015006979,-,-,XP_015824149.1,ENSNFUP00015014368.1
105023,107391377,ENSNFUG00015007003,-,-,XP_015824151.1,ENSNFUP00015014463.1
105023,107391378,ENSNFUG00015007034,-,-,XP_015824154.1,ENSNFUP00015014477.1
105023,107391379,ENSNFUG00015007044,-,-,-,-
105023,107391380,ENSNFUG00015007055,-,-,-,-
105023,107391389,ENSNFUG00015007341,-,-,-,-
105023,107391390,ENSNFUG00015000366,-,-,XP_015824177.1,ENSNFUP00015000529.1
105023,107391393,ENSNFUG00015008082,-,-,-,-
105023,107391395,ENSNFUG00015000314,-,-,XP_015824195.1,ENSNFUP00015000415.1
105023,107391397,ENSNFUG00015008099,-,-,-,-
105023,107391401,ENSNFUG00015008150,-,-,-,-
105023,107391413,ENSNFUG00015000248,-,-,XP_015824205.1,ENSNFUP00015000322.1
105023,107391421,ENSNFUG00015011351,-,-,XP_015824211.1,ENSNFUP00015023458.1
105023,107391422,ENSNFUG00015011430,-,-,-,-
105023,107391424,ENSNFUG00015012483,-,-,-,-
105023,107391426,ENSNFUG00015019715,-,-,-,-
105023,107391427,ENSNFUG00015021100,-,-,-,-
105023,107391428,ENSNFUG00015021120,-,-,XP_015824222.1,ENSNFUP00015044379.1
105023,107391432,ENSNFUG00015021131,-,-,-,-
105023,107391433,ENSNFUG00015021169,-,-,-,-
105023,107391434,ENSNFUG00015021332,-,-,-,-
105023,107391437,ENSNFUG00015021172,-,-,-,-
105023,107391438,ENSNFUG00015021338,-,-,XP_015824241.1,ENSNFUP00015044901.1
105023,107391438,ENSNFUG00015021338,-,-,XP_015824242.1,ENSNFUP00015044912.1
105023,107391441,ENSNFUG00015021164,-,-,-,-
105023,107391442,ENSNFUG00015021329,-,-,-,-
105023,107391443,ENSNFUG00015021354,-,-,XP_015824249.1,ENSNFUP00015044929.1
105023,107391445,ENSNFUG00015021380,-,-,-,-
105023,107391448,ENSNFUG00015021444,-,-,XP_015824253.1,ENSNFUP00015046764.1
105023,107391449,ENSNFUG00015022227,-,-,XP_015824255.1,ENSNFUP00015047017.1
105023,107391450,ENSNFUG00015022221,-,-,XP_015824256.1,ENSNFUP00015046991.1
105023,107391451,ENSNFUG00015022231,-,-,-,-
105023,107391452,ENSNFUG00015022247,-,-,-,-
105023,107391454,ENSNFUG00015022285,-,-,-,-
105023,107391455,ENSNFUG00015022296,-,-,XP_015824261.1,ENSNFUP00015047201.1
105023,107391457,ENSNFUG00015022367,-,-,-,-
105023,107391461,ENSNFUG00015022436,-,-,-,-
105023,107391463,ENSNFUG00015022882,-,-,-,-
105023,107391465,ENSNFUG00015022848,-,-,-,-
105023,107391468,ENSNFUG00015022843,-,-,-,-
105023,107391480,ENSNFUG00015023528,-,-,XP_015824287.1,ENSNFUP00015050034.1
105023,107391481,ENSNFUG00015023531,-,-,XP_015824288.1,ENSNFUP00015050050.1
105023,107391482,ENSNFUG00015023537,-,-,-,-
105023,107391485,ENSNFUG00015023549,-,-,XP_015824293.1,ENSNFUP00015050091.1
105023,107391491,ENSNFUG00015023587,-,-,XP_015824301.1,ENSNFUP00015050191.1
105023,107391494,ENSNFUG00015023602,-,-,-,-
105023,107391495,ENSNFUG00015023603,-,-,-,-
105023,107391497,ENSNFUG00015023608,-,-,-,-
105023,107391502,ENSNFUG00015023743,-,-,XP_015824313.1,ENSNFUP00015050568.1
105023,107391506,ENSNFUG00015023781,-,-,XP_015824319.1,ENSNFUP00015050999.1
105023,107391507,ENSNFUG00015023767,-,-,-,-
105023,107391513,ENSNFUG00015005217,-,-,-,-
105023,107391515,ENSNFUG00015005278,-,-,-,-
105023,107391521,ENSNFUG00015005728,-,-,-,-
105023,107391522,ENSNFUG00015005775,-,-,-,-
105023,107391527,ENSNFUG00015008321,-,-,-,-
105023,107391529,ENSNFUG00015008333,-,-,XP_015824349.1,ENSNFUP00015017484.1
105023,107391531,ENSNFUG00015008399,-,-,-,-
105023,107391532,ENSNFUG00015005015,-,-,XP_015824354.1,ENSNFUP00015010829.1
105023,107391533,ENSNFUG00015008882,-,-,-,-
105023,107391535,ENSNFUG00015008930,-,-,XP_015824355.1,ENSNFUP00015018744.1
105023,107391536,ENSNFUG00015008960,-,-,XP_015824357.1,ENSNFUP00015018769.1
105023,107391541,ENSNFUG00015009521,-,-,-,-
105023,107391542,ENSNFUG00015009549,-,-,-,-
105023,107391543,ENSNFUG00015009699,-,-,-,-
105023,107391545,ENSNFUG00015009650,-,-,-,-
105023,107391546,ENSNFUG00015009774,-,-,XP_015824379.1,ENSNFUP00015020240.1
105023,107391548,ENSNFUG00015009829,-,-,-,-
105023,107391552,ENSNFUG00015018338,-,-,-,-
105023,107391561,ENSNFUG00015009889,-,-,-,-
105023,107391562,ENSNFUG00015003316,-,-,XP_015824407.1,ENSNFUP00015007389.1
105023,107391563,ENSNFUG00015009997,-,-,XP_015824395.1,ENSNFUP00015020602.1
105023,107391565,ENSNFUG00015010028,-,-,XP_015824399.1,ENSNFUP00015020716.1
105023,107391566,ENSNFUG00015010124,-,-,XP_015824405.1,ENSNFUP00015020841.1
105023,107391567,ENSNFUG00015010131,-,-,XP_015824406.1,ENSNFUP00015020882.1
105023,107391571,ENSNFUG00015010210,-,-,XP_015824411.1,ENSNFUP00015021015.1
105023,107391573,ENSNFUG00015010395,-,-,-,-
105023,107391574,ENSNFUG00015010230,-,-,XP_015824414.1,ENSNFUP00015021075.1
105023,107391575,ENSNFUG00015004387,-,-,XP_015824418.1,ENSNFUP00015009022.1
105023,107391577,ENSNFUG00015004841,-,-,XP_015824417.1,ENSNFUP00015009875.1
105023,107391580,ENSNFUG00015005071,-,-,XP_015824420.1,ENSNFUP00015010654.1
105023,107391581,ENSNFUG00015005314,-,-,XP_015824421.1,ENSNFUP00015010758.1
105023,107391583,ENSNFUG00015005381,-,-,-,-
105023,107391584,ENSNFUG00015004518,-,-,XP_015824428.1,ENSNFUP00015009849.1
105023,107391585,ENSNFUG00015005714,-,-,-,-
105023,107391590,ENSNFUG00015005881,-,-,XP_015824433.1,ENSNFUP00015011905.1
105023,107391591,ENSNFUG00015005860,-,-,XP_015824435.1,ENSNFUP00015011880.1
105023,107391593,ENSNFUG00015003707,-,-,XP_015824447.1,ENSNFUP00015007564.1
105023,107391594,ENSNFUG00015005894,-,-,XP_015824436.1,ENSNFUP00015011921.1
105023,107391595,ENSNFUG00015005917,-,-,XP_015824437.1,ENSNFUP00015012172.1
105023,107391596,ENSNFUG00015006079,-,-,XP_015824438.1,ENSNFUP00015012403.1
105023,107391597,ENSNFUG00015006106,-,-,XP_015824440.1,ENSNFUP00015012462.1
105023,107391598,ENSNFUG00015006060,-,-,XP_015824441.1,ENSNFUP00015012356.1
105023,107391599,ENSNFUG00015006130,-,-,-,-
105023,107391600,ENSNFUG00015006158,-,-,XP_015824443.1,ENSNFUP00015012534.1
105023,107391601,ENSNFUG00015006186,-,-,-,-
105023,107391602,ENSNFUG00015006210,-,-,-,-
105023,107391603,ENSNFUG00015006224,-,-,XP_015824449.1,ENSNFUP00015012783.1
105023,107391604,ENSNFUG00015006307,-,-,-,-
105023,107391607,ENSNFUG00015006385,-,-,-,-
105023,107391608,ENSNFUG00015006859,-,-,-,-
105023,107391614,ENSNFUG00015007326,-,-,-,-
105023,107391615,ENSNFUG00015005442,-,-,XP_015824473.1,ENSNFUP00015011068.1
105023,107391617,ENSNFUG00015007649,-,-,XP_015824478.1,ENSNFUP00015022004.1
105023,107391617,ENSNFUG00015007649,-,-,XP_015824484.1,ENSNFUP00015022362.1
105023,107391617,ENSNFUG00015007649,-,-,XP_015824486.1,ENSNFUP00015022036.1
105023,107391617,ENSNFUG00015007649,-,-,XP_015824487.1,ENSNFUP00015022020.1
105023,107391617,ENSNFUG00015007649,-,-,XP_015824489.1,ENSNFUP00015022251.1
105023,107391619,ENSNFUG00015007362,-,-,XP_015824491.1,ENSNFUP00015015316.1
105023,107391620,ENSNFUG00015007342,-,-,-,-
105023,107391623,ENSNFUG00015010938,-,-,XP_015824495.1,ENSNFUP00015022681.1
105023,107391624,ENSNFUG00015004180,-,-,-,-
105023,107391626,ENSNFUG00015010997,-,-,XP_015824496.1,ENSNFUP00015022779.1
105023,107391627,ENSNFUG00015011178,-,-,-,-
105023,107391630,ENSNFUG00015011340,-,-,XP_015824505.1,ENSNFUP00015023462.1
105023,107391632,ENSNFUG00015004413,-,-,XP_015824512.1,ENSNFUP00015009070.1
105023,107391633,ENSNFUG00015013317,-,-,-,-
105023,107391634,ENSNFUG00015013348,-,-,XP_015824510.1,ENSNFUP00015027584.1
105023,107391636,ENSNFUG00015013355,-,-,XP_015824514.1,ENSNFUP00015027594.1
105023,107391637,ENSNFUG00015013367,-,-,-,-
105023,107391638,ENSNFUG00015013376,-,-,XP_015824516.1,ENSNFUP00015027645.1
105023,107391639,ENSNFUG00015013384,-,-,-,-
105023,107391641,ENSNFUG00015004413,-,-,XP_015824523.1,ENSNFUP00015009049.1
105023,107391642,ENSNFUG00015013404,-,-,XP_015824521.1,ENSNFUP00015027693.1
105023,107391643,ENSNFUG00015013406,-,-,-,-
105023,107391645,ENSNFUG00015017949,-,-,XP_015824531.1,ENSNFUP00015037767.1
105023,107391647,ENSNFUG00015005479,-,-,XP_015824536.1,ENSNFUP00015011123.1
105023,107391652,ENSNFUG00015018519,-,-,-,-
105023,107391654,ENSNFUG00015019054,-,-,-,-
105023,107391657,ENSNFUG00015004905,-,-,XP_015824552.1,ENSNFUP00015009971.1
105023,107391658,ENSNFUG00015019081,-,-,XP_015824549.1,ENSNFUP00015039608.1
105023,107391664,ENSNFUG00015004899,-,-,XP_015824560.1,ENSNFUP00015009957.1
105023,107391665,ENSNFUG00015020241,-,-,XP_015824558.1,ENSNFUP00015047654.1
105023,107391665,ENSNFUG00015020241,-,-,XP_015824561.1,ENSNFUP00015047979.1
105023,107391665,ENSNFUG00015020241,-,-,XP_015824562.1,ENSNFUP00015048192.1
105023,107391667,ENSNFUG00015014042,-,-,XP_015824563.1,ENSNFUP00015029004.1
105023,107391679,ENSNFUG00015015189,-,-,XP_015824578.1,ENSNFUP00015031144.1
105023,107391681,ENSNFUG00015005422,-,-,XP_015824583.1,ENSNFUP00015010990.1
105023,107391684,ENSNFUG00015017611,-,-,-,-
105023,107391685,ENSNFUG00015017813,-,-,XP_015824586.1,ENSNFUP00015037149.1
105023,107391687,ENSNFUG00015017584,-,-,XP_015824588.1,ENSNFUP00015036259.1
105023,107391688,ENSNFUG00015017804,-,-,-,-
105023,107391689,ENSNFUG00015017571,-,-,XP_015824590.1,ENSNFUP00015036246.1
105023,107391690,ENSNFUG00015017983,-,-,-,-
105023,107391692,ENSNFUG00015018008,-,-,XP_015824592.1,ENSNFUP00015037257.1
105023,107391694,ENSNFUG00015018029,-,-,XP_015824594.1,ENSNFUP00015037261.1
105023,107391697,ENSNFUG00015018076,-,-,-,-
105023,107391700,ENSNFUG00015018084,-,-,-,-
105023,107391701,ENSNFUG00015018087,-,-,-,-
105023,107391713,ENSNFUG00015021084,-,-,-,-
105023,107391714,ENSNFUG00015021265,-,-,-,-
105023,107391717,ENSNFUG00015021270,-,-,-,-
105023,107391718,ENSNFUG00015003148,-,-,XP_015801489.1,ENSNFUP00015006298.1
105023,107391719,ENSNFUG00015021297,-,-,-,-
105023,107391721,ENSNFUG00015021294,-,-,XP_015824630.1,ENSNFUP00015044750.1
105023,107391723,ENSNFUG00015021300,-,-,-,-
105023,107391724,ENSNFUG00015021460,-,-,-,-
105023,107391725,ENSNFUG00015021502,-,-,-,-
105023,107391729,ENSNFUG00015021510,-,-,-,-
105023,107391731,ENSNFUG00015006319,-,-,-,-
105023,107391733,ENSNFUG00015011847,-,-,XP_015824652.1,ENSNFUP00015024979.1
105023,107391734,ENSNFUG00015007099,-,-,-,-
105023,107391736,ENSNFUG00015007102,-,-,-,-
105023,107391737,ENSNFUG00015007235,-,-,XP_015824658.1,ENSNFUP00015018081.1
105023,107391737,ENSNFUG00015007235,-,-,XP_015824660.1,ENSNFUP00015018041.1
105023,107391737,ENSNFUG00015007235,-,-,XP_015824661.1,ENSNFUP00015018245.1
105023,107391737,ENSNFUG00015007235,-,-,XP_015824662.1,ENSNFUP00015018069.1
105023,107391738,ENSNFUG00015012360,-,-,-,-
105023,107391740,ENSNFUG00015008910,-,-,-,-
105023,107391741,ENSNFUG00015008705,-,-,-,-
105023,107391742,ENSNFUG00015006640,-,-,XP_015824676.1,ENSNFUP00015013794.1
105023,107391743,ENSNFUG00015006778,-,-,XP_015824677.1,ENSNFUP00015014319.1
105023,107391749,ENSNFUG00015012168,-,-,-,-
105023,107391750,ENSNFUG00015007037,-,-,-,-
105023,107391753,ENSNFUG00015015132,-,-,-,-
105023,107391754,ENSNFUG00015011711,-,-,XP_015824689.1,ENSNFUP00015024209.1
105023,107391755,ENSNFUG00015012235,-,-,XP_015824690.1,ENSNFUP00015025316.1
105023,107391756,ENSNFUG00015006969,-,-,-,-
105023,107391758,ENSNFUG00015011665,-,-,-,-
105023,107391759,ENSNFUG00015007087,-,-,XP_015824695.1,ENSNFUP00015014590.1
105023,107391760,ENSNFUG00015007097,-,-,XP_015824697.1,ENSNFUP00015014595.1
105023,107391763,ENSNFUG00015007002,-,-,-,-
105023,107391764,ENSNFUG00015012231,-,-,-,-
105023,107391768,ENSNFUG00015011703,-,-,XP_015824706.1,ENSNFUP00015024187.1
105023,107391769,ENSNFUG00015007105,-,-,XP_015824707.1,ENSNFUP00015014631.1
105023,107391785,ENSNFUG00015023012,-,-,XP_015824715.1,ENSNFUP00015048819.1
105023,107391788,ENSNFUG00015005836,-,-,XP_015824718.1,ENSNFUP00015011821.1
105023,107391793,ENSNFUG00015020590,-,-,-,-
105023,107391795,ENSNFUG00015021520,-,-,XP_015824723.1,ENSNFUP00015045278.1
105023,107391796,ENSNFUG00015021535,-,-,-,-
105023,107391803,ENSNFUG00015021693,-,-,-,-
105023,107391804,ENSNFUG00015021700,-,-,XP_015824732.1,ENSNFUP00015045640.1
105023,107391804,ENSNFUG00015021700,-,-,XP_015824733.1,ENSNFUP00015045647.1
105023,107391805,ENSNFUG00015021721,-,-,XP_015824734.1,ENSNFUP00015046962.1
105023,107391805,ENSNFUG00015021721,-,-,XP_015824735.1,ENSNFUP00015046947.1
105023,107391807,ENSNFUG00015021706,-,-,XP_015824736.1,ENSNFUP00015045659.1
105023,107391810,ENSNFUG00015022830,-,-,XP_015824741.1,ENSNFUP00015048483.1
105023,107391811,ENSNFUG00015022844,-,-,-,-
105023,107391814,ENSNFUG00015022964,-,-,XP_015824745.1,ENSNFUP00015048727.1
105023,107391815,ENSNFUG00015022977,-,-,XP_015824747.1,ENSNFUP00015048773.1
105023,107391815,ENSNFUG00015022977,-,-,XP_015824749.1,ENSNFUP00015048793.1
105023,107391817,ENSNFUG00015023008,-,-,XP_015824753.1,ENSNFUP00015048811.1
105023,107391821,ENSNFUG00015023025,-,-,XP_015824759.1,ENSNFUP00015048846.1
105023,107391822,ENSNFUG00015003106,-,-,XP_015824762.1,ENSNFUP00015006215.1
105023,107391824,ENSNFUG00015005121,-,-,-,-
105023,107391826,ENSNFUG00015005204,-,-,-,-
105023,107391830,ENSNFUG00015005847,-,-,XP_015824772.1,ENSNFUP00015011870.1
105023,107391831,ENSNFUG00015005891,-,-,-,-
105023,107391832,ENSNFUG00015005869,-,-,XP_015824774.1,ENSNFUP00015011903.1
105023,107391833,ENSNFUG00015005908,-,-,-,-
105023,107391834,ENSNFUG00015005951,-,-,XP_015824778.1,ENSNFUP00015012263.1
105023,107391836,ENSNFUG00015006068,-,-,-,-
105023,107391838,ENSNFUG00015006080,-,-,XP_015824783.1,ENSNFUP00015012378.1
105023,107391841,ENSNFUG00015006109,-,-,XP_015824786.1,ENSNFUP00015012520.1
105023,107391847,ENSNFUG00015006205,-,-,-,-
105023,107391854,ENSNFUG00015006372,-,-,XP_015824808.1,ENSNFUP00015013260.1
105023,107391855,ENSNFUG00015006546,-,-,XP_015824809.1,ENSNFUP00015013328.1
105023,107391857,ENSNFUG00015006631,-,-,-,-
105023,107391858,ENSNFUG00015006557,-,-,XP_015824817.1,ENSNFUP00015013487.1
105023,107391858,ENSNFUG00015006557,-,-,XP_015824819.1,ENSNFUP00015013480.1
105023,107391862,ENSNFUG00015006695,-,-,-,-
105023,107391863,ENSNFUG00015006711,-,-,XP_015824825.1,ENSNFUP00015013789.1
105023,107391865,ENSNFUG00015009744,-,-,-,-
105023,107391866,ENSNFUG00015007052,-,-,XP_015824831.1,ENSNFUP00015019412.1
105023,107391867,ENSNFUG00015009779,-,-,-,-
105023,107391869,ENSNFUG00015009824,-,-,-,-
105023,107391870,ENSNFUG00015009832,-,-,-,-
105023,107391871,ENSNFUG00015009847,-,-,XP_015824836.1,ENSNFUP00015020301.1
105023,107391872,ENSNFUG00015009870,-,-,-,-
105023,107391873,ENSNFUG00015009949,-,-,-,-
105023,107391874,ENSNFUG00015009896,-,-,XP_015824839.1,ENSNFUP00015020458.1
105023,107391875,ENSNFUG00015010267,-,-,-,-
105023,107391877,ENSNFUG00015010056,-,-,XP_015824844.1,ENSNFUP00015021078.1
105023,107391880,ENSNFUG00015010290,-,-,-,-
105023,107391881,ENSNFUG00015010298,-,-,XP_015824859.1,ENSNFUP00015021212.1
105023,107391882,ENSNFUG00015010305,-,-,XP_015824860.1,ENSNFUP00015021229.1
105023,107391884,ENSNFUG00015010572,-,-,-,-
105023,107391886,ENSNFUG00015010598,-,-,-,-
105023,107391888,ENSNFUG00015000482,-,-,-,-
105023,107391889,ENSNFUG00015010816,-,-,-,-
105023,107391890,ENSNFUG00015010859,-,-,-,-
105023,107391895,ENSNFUG00015010902,-,-,XP_015824879.1,ENSNFUP00015022576.1
105023,107391896,ENSNFUG00015010949,-,-,-,-
105023,107391900,ENSNFUG00015011241,-,-,-,-
105023,107391901,ENSNFUG00015011192,-,-,-,-
105023,107391904,ENSNFUG00015012475,-,-,XP_015824895.1,ENSNFUP00015025768.1
105023,107391906,ENSNFUG00015012518,-,-,-,-
105023,107391908,ENSNFUG00015012796,-,-,XP_015824901.1,ENSNFUP00015026451.1
105023,107391910,ENSNFUG00015012868,-,-,XP_015824905.1,ENSNFUP00015027215.1
105023,107391914,ENSNFUG00015013309,-,-,-,-
105023,107391915,ENSNFUG00015014986,-,-,-,-
105023,107391916,ENSNFUG00015015073,-,-,XP_015824912.1,ENSNFUP00015032117.1
105023,107391917,ENSNFUG00015015910,-,-,XP_015824913.1,ENSNFUP00015032523.1
105023,107391921,ENSNFUG00015004831,-,-,XP_015824920.1,ENSNFUP00015009996.1
105023,107391922,ENSNFUG00015015955,-,-,XP_015824921.1,ENSNFUP00015032566.1
105023,107391923,ENSNFUG00015004931,-,-,-,-
105023,107391925,ENSNFUG00015005092,-,-,-,-
105023,107391935,ENSNFUG00015005291,-,-,-,-
105023,107391936,ENSNFUG00015005463,-,-,XP_015824935.1,ENSNFUP00015011647.1
105023,107391937,ENSNFUG00015005806,-,-,XP_015824936.1,ENSNFUP00015011773.1
105023,107391938,ENSNFUG00015005365,-,-,XP_015824937.1,ENSNFUP00015010935.1
105023,107391940,ENSNFUG00015005818,-,-,XP_015824938.1,ENSNFUP00015011797.1
105023,107391941,ENSNFUG00015005830,-,-,-,-
105023,107391942,ENSNFUG00015005851,-,-,-,-
105023,107391944,ENSNFUG00015006049,-,-,XP_015824944.1,ENSNFUP00015012315.1
105023,107391945,ENSNFUG00015006059,-,-,-,-
105023,107391946,ENSNFUG00015006069,-,-,XP_015824946.1,ENSNFUP00015012370.1
105023,107391947,ENSNFUG00015015397,-,-,XP_015824947.1,ENSNFUP00015034534.1
105023,107391948,ENSNFUG00015015190,-,-,-,-
105023,107391950,ENSNFUG00015016904,-,-,-,-
105023,107391951,ENSNFUG00015016940,-,-,XP_015824950.1,ENSNFUP00015034784.1
105023,107391952,ENSNFUG00015016958,-,-,XP_015824951.1,ENSNFUP00015034895.1
105023,107391953,ENSNFUG00015017006,-,-,XP_015824952.1,ENSNFUP00015034924.1
105023,107391954,ENSNFUG00015017017,-,-,-,-
105023,107391956,ENSNFUG00015017057,-,-,XP_015824956.1,ENSNFUP00015035120.1
105023,107391957,ENSNFUG00015017090,-,-,-,-
105023,107391959,ENSNFUG00015017149,-,-,-,-
105023,107391960,ENSNFUG00015017128,-,-,XP_015824963.1,ENSNFUP00015035223.1
105023,107391961,ENSNFUG00015017133,-,-,-,-
105023,107391962,ENSNFUG00015017160,-,-,-,-
105023,107391963,ENSNFUG00015017191,-,-,XP_015824971.1,ENSNFUP00015035388.1
105023,107391964,ENSNFUG00015017211,-,-,XP_015824973.1,ENSNFUP00015035505.1
105023,107391964,ENSNFUG00015017211,-,-,XP_015824974.1,ENSNFUP00015035483.1
105023,107391966,ENSNFUG00015017503,-,-,-,-
105023,107391970,ENSNFUG00015019360,-,-,XP_015824988.1,ENSNFUP00015040433.1
105023,107391972,ENSNFUG00015019434,-,-,-,-
105023,107391973,ENSNFUG00015019432,-,-,-,-
105023,107391974,ENSNFUG00015019440,-,-,-,-
105023,107391977,ENSNFUG00015019530,-,-,-,-
105023,107391981,ENSNFUG00015002198,-,-,-,-
105023,107391994,ENSNFUG00015014149,-,-,XP_015825026.1,ENSNFUP00015029390.1
105023,107391995,ENSNFUG00015014339,-,-,-,-
105023,107391996,ENSNFUG00015014348,-,-,XP_015825032.1,ENSNFUP00015029532.1
105023,107391998,ENSNFUG00015002188,-,-,XP_015825037.1,ENSNFUP00015004345.1
105023,107391999,ENSNFUG00015014514,-,-,XP_015825034.1,ENSNFUP00015033606.1
105023,107392001,ENSNFUG00015016988,-,-,XP_015825039.1,ENSNFUP00015034885.1
105023,107392002,ENSNFUG00015017015,-,-,-,-
105023,107392003,ENSNFUG00015017367,-,-,-,-
105023,107392003,ENSNFUG00015017367,-,-,XP_015825047.1,ENSNFUP00015041640.1
105023,107392004,ENSNFUG00015002183,-,-,XP_015825051.1,ENSNFUP00015004335.1
105023,107392006,ENSNFUG00015020028,-,-,-,-
105023,107392007,ENSNFUG00015020037,-,-,-,-
105023,107392009,ENSNFUG00015020356,-,-,-,-
105023,107392010,ENSNFUG00015020050,-,-,-,-
105023,107392011,ENSNFUG00015020574,-,-,-,-
105023,107392012,ENSNFUG00015020587,-,-,-,-
105023,107392014,ENSNFUG00015020598,-,-,XP_015825069.1,ENSNFUP00015043014.1
105023,107392015,ENSNFUG00015000802,-,-,-,-
105023,107392017,ENSNFUG00015020720,-,-,XP_015825071.1,ENSNFUP00015043308.1
105023,107392018,ENSNFUG00015020722,-,-,-,-
105023,107392020,ENSNFUG00015020737,-,-,-,-
105023,107392021,ENSNFUG00015020834,-,-,XP_015825075.1,ENSNFUP00015043619.1
105023,107392024,ENSNFUG00015020866,-,-,-,-
105023,107392025,ENSNFUG00015020864,-,-,-,-
105023,107392032,ENSNFUG00015002167,-,-,XP_015825098.1,ENSNFUP00015004310.1
105023,107392048,ENSNFUG00015002160,-,-,-,-
105023,107392050,ENSNFUG00015019961,-,-,-,-
105023,107392056,ENSNFUG00015024170,-,-,-,-
105023,107392059,ENSNFUG00015020955,-,-,-,-
105023,107392063,ENSNFUG00015020977,-,-,-,-
105023,107392064,ENSNFUG00015022035,-,-,-,-
105023,107392065,ENSNFUG00015021432,-,-,-,-
105023,107392066,ENSNFUG00015022044,-,-,-,-
105023,107392067,ENSNFUG00015022072,-,-,-,-
105023,107392069,ENSNFUG00015022095,-,-,-,-
105023,107392069,ENSNFUG00015022095,-,-,XP_015825119.1,ENSNFUP00015046604.1
105023,107392071,ENSNFUG00015022164,-,-,-,-
105023,107392072,ENSNFUG00015023215,-,-,XP_015825126.1,ENSNFUP00015052782.1
105023,107392074,ENSNFUG00015024933,-,-,-,-
105023,107392075,ENSNFUG00015025010,-,-,XP_015825129.1,ENSNFUP00015053852.1
105023,107392077,ENSNFUG00015025015,-,-,XP_015825130.1,ENSNFUP00015053863.1
105023,107392078,ENSNFUG00015025017,-,-,XP_015825131.1,ENSNFUP00015053868.1
105023,107392080,ENSNFUG00015025020,-,-,-,-
105023,107392084,ENSNFUG00015025081,-,-,XP_015825136.1,ENSNFUP00015054364.1
105023,107392084,ENSNFUG00015025081,-,-,XP_015825139.1,ENSNFUP00015054382.1
105023,107392087,ENSNFUG00015025285,-,-,-,-
105023,107392088,ENSNFUG00015025250,-,-,XP_015825148.1,ENSNFUP00015054388.1
105023,107392091,ENSNFUG00015025323,-,-,-,-
105023,107392092,ENSNFUG00015025326,-,-,-,-
105023,107392093,ENSNFUG00015025341,-,-,XP_015825155.1,ENSNFUP00015054651.1
105023,107392094,ENSNFUG00015025355,-,-,-,-
105023,107392095,ENSNFUG00015025357,-,-,-,-
105023,107392097,ENSNFUG00015025362,-,-,XP_015825161.1,ENSNFUP00015054696.1
105023,107392099,ENSNFUG00015025367,-,-,XP_015825165.1,ENSNFUP00015054706.1
105023,107392100,ENSNFUG00015025370,-,-,XP_015825166.1,ENSNFUP00015054709.1
105023,107392101,ENSNFUG00015025373,-,-,XP_015825168.1,ENSNFUP00015054712.1
105023,107392102,ENSNFUG00015025372,-,-,XP_015825169.1,ENSNFUP00015054711.1
105023,107392104,ENSNFUG00015025378,-,-,-,-
105023,107392107,ENSNFUG00015025383,-,-,-,-
105023,107392110,ENSNFUG00015025387,-,-,-,-
105023,107392111,ENSNFUG00015025386,-,-,XP_015825187.1,ENSNFUP00015054753.1
105023,107392112,ENSNFUG00015001624,-,-,XP_015825191.1,ENSNFUP00015003237.1
105023,107392113,ENSNFUG00015014626,-,-,XP_015825188.1,ENSNFUP00015030206.1
105023,107392114,ENSNFUG00015014755,-,-,XP_015825189.1,ENSNFUP00015030255.1
105023,107392115,ENSNFUG00015014955,-,-,-,-
105023,107392116,ENSNFUG00015014845,-,-,XP_015825192.1,ENSNFUP00015030612.1
105023,107392117,ENSNFUG00015014779,-,-,XP_015825193.1,ENSNFUP00015030378.1
105023,107392119,ENSNFUG00015015082,-,-,XP_015825195.1,ENSNFUP00015033598.1
105023,107392122,ENSNFUG00015016783,-,-,XP_015825201.1,ENSNFUP00015034458.1
105023,107392123,ENSNFUG00015016809,-,-,-,-
105023,107392125,ENSNFUG00015016805,-,-,-,-
105023,107392128,ENSNFUG00015017003,-,-,-,-
105023,107392129,ENSNFUG00015019956,-,-,XP_015825213.1,ENSNFUP00015041612.1
105023,107392130,ENSNFUG00015019977,-,-,XP_015825214.1,ENSNFUP00015041676.1
105023,107392131,ENSNFUG00015020013,-,-,XP_015825215.1,ENSNFUP00015041725.1
105023,107392132,ENSNFUG00015020029,-,-,-,-
105023,107392133,ENSNFUG00015020034,-,-,-,-
105023,107392134,ENSNFUG00015020047,-,-,XP_015825218.1,ENSNFUP00015041838.1
105023,107392134,ENSNFUG00015020047,-,-,XP_015825220.1,ENSNFUP00015041843.1
105023,107392134,ENSNFUG00015020047,-,-,XP_015825221.1,ENSNFUP00015041845.1
105023,107392135,ENSNFUG00015020083,-,-,XP_015825222.1,ENSNFUP00015041857.1
105023,107392136,ENSNFUG00015020095,-,-,XP_015825223.1,ENSNFUP00015041867.1
105023,107392137,ENSNFUG00015020103,-,-,-,-
105023,107392139,ENSNFUG00015020113,-,-,-,-
105023,107392140,ENSNFUG00015020119,-,-,-,-
105023,107392141,ENSNFUG00015020125,-,-,-,-
105023,107392142,ENSNFUG00015020120,-,-,XP_015825237.1,ENSNFUP00015041925.1
105023,107392143,ENSNFUG00015020141,-,-,-,-
105023,107392145,ENSNFUG00015020217,-,-,XP_015825244.1,ENSNFUP00015042163.1
105023,107392146,ENSNFUG00015020224,-,-,-,-
105023,107392148,ENSNFUG00015020247,-,-,-,-
105023,107392150,ENSNFUG00015020380,-,-,XP_015825252.1,ENSNFUP00015048046.1
105023,107392151,ENSNFUG00015022785,-,-,-,-
105023,107392152,ENSNFUG00015022787,-,-,-,-
105023,107392154,ENSNFUG00015022793,-,-,-,-
105023,107392157,ENSNFUG00015022810,-,-,-,-
105023,107392158,ENSNFUG00015001514,-,-,XP_015825273.1,ENSNFUP00015002955.1
105023,107392159,ENSNFUG00015022823,-,-,XP_015825270.1,ENSNFUP00015048472.1
105023,107392161,ENSNFUG00015022915,-,-,-,-
105023,107392162,ENSNFUG00015022909,-,-,XP_015825274.1,ENSNFUP00015048630.1
105023,107392164,ENSNFUG00015022927,-,-,XP_015825276.1,ENSNFUP00015048661.1
105023,107392165,ENSNFUG00015022955,-,-,XP_015825278.1,ENSNFUP00015048967.1
105023,107392165,ENSNFUG00015022955,-,-,XP_015825279.1,ENSNFUP00015049058.1
105023,107392166,ENSNFUG00015023170,-,-,XP_015825280.1,ENSNFUP00015049582.1
105023,107392166,ENSNFUG00015023170,-,-,XP_015825281.1,ENSNFUP00015049474.1
105023,107392166,ENSNFUG00015023170,-,-,XP_015825282.1,ENSNFUP00015049482.1
105023,107392166,ENSNFUG00015023170,-,-,XP_015825283.1,ENSNFUP00015049604.1
105023,107392167,ENSNFUG00015001511,-,-,-,-
105023,107392168,ENSNFUG00015023377,-,-,XP_015825287.1,ENSNFUP00015049635.1
105023,107392170,ENSNFUG00015023386,-,-,XP_015825288.1,ENSNFUP00015049702.1
105023,107392171,ENSNFUG00015023383,-,-,XP_015825289.1,ENSNFUP00015049639.1
105023,107392172,ENSNFUG00015023434,-,-,-,-
105023,107392174,ENSNFUG00015024037,-,-,-,-
105023,107392176,ENSNFUG00015024054,-,-,XP_015825294.1,ENSNFUP00015051318.1
105023,107392178,ENSNFUG00015024093,-,-,-,-
105023,107392179,ENSNFUG00015024121,-,-,XP_015825305.1,ENSNFUP00015051572.1
105023,107392179,ENSNFUG00015024121,-,-,XP_015825306.1,ENSNFUP00015051583.1
105023,107392182,ENSNFUG00015024099,-,-,-,-
105023,107392183,ENSNFUG00015024152,-,-,-,-
105023,107392187,ENSNFUG00015001466,-,-,-,-
105023,107392191,ENSNFUG00015024179,-,-,XP_015825323.1,ENSNFUP00015051705.1
105023,107392192,ENSNFUG00015024198,-,-,-,-
105023,107392193,ENSNFUG00015024246,-,-,-,-
105023,107392196,ENSNFUG00015024205,-,-,XP_015825329.1,ENSNFUP00015051826.1
105023,107392199,ENSNFUG00015024377,-,-,-,-
105023,107392200,ENSNFUG00015004811,-,-,XP_015825335.1,ENSNFUP00015009824.1
105023,107392201,ENSNFUG00015004877,-,-,XP_015825338.1,ENSNFUP00015010477.1
105023,107392205,ENSNFUG00015005231,-,-,-,-
105023,107392205,ENSNFUG00015005231,-,-,XP_015825349.1,ENSNFUP00015010590.1
105023,107392206,ENSNFUG00015005265,-,-,XP_015825355.1,ENSNFUP00015010779.1
105023,107392208,ENSNFUG00015005352,-,-,XP_015825357.1,ENSNFUP00015010843.1
105023,107392209,ENSNFUG00015005379,-,-,XP_015825358.1,ENSNFUP00015010936.1
105023,107392210,ENSNFUG00015005403,-,-,XP_015825359.1,ENSNFUP00015010947.1
105023,107392211,ENSNFUG00015005413,-,-,XP_015825360.1,ENSNFUP00015010965.1
105023,107392212,ENSNFUG00015005641,-,-,-,-
105023,107392213,ENSNFUG00015001460,-,-,XP_015825366.1,ENSNFUP00015002881.1
105023,107392215,ENSNFUG00015008170,-,-,-,-
105023,107392216,ENSNFUG00015008173,-,-,-,-
105023,107392217,ENSNFUG00015008177,-,-,XP_015825373.1,ENSNFUP00015017136.1
105023,107392219,ENSNFUG00015008186,-,-,-,-
105023,107392220,ENSNFUG00015008199,-,-,XP_015825375.1,ENSNFUP00015017210.1
105023,107392222,ENSNFUG00015008258,-,-,-,-
105023,107392223,ENSNFUG00015008237,-,-,XP_015825379.1,ENSNFUP00015017297.1
105023,107392225,ENSNFUG00015001444,-,-,-,-
105023,107392227,ENSNFUG00015008226,-,-,-,-
105023,107392228,ENSNFUG00015008224,-,-,XP_015825389.1,ENSNFUP00015017241.1
105023,107392230,ENSNFUG00015008205,-,-,XP_015825392.1,ENSNFUP00015017214.1
105023,107392231,ENSNFUG00015008261,-,-,-,-
105023,107392232,ENSNFUG00015001424,-,-,-,-
105023,107392234,ENSNFUG00015008310,-,-,-,-
105023,107392234,ENSNFUG00015008310,-,-,XP_015825396.1,ENSNFUP00015017605.1
105023,107392236,ENSNFUG00015008455,-,-,-,-
105023,107392237,ENSNFUG00015008479,-,-,XP_015825401.1,ENSNFUP00015017746.1
105023,107392238,ENSNFUG00015008460,-,-,-,-
105023,107392239,ENSNFUG00015008473,-,-,XP_015825403.1,ENSNFUP00015017725.1
105023,107392240,ENSNFUG00015008487,-,-,-,-
105023,107392241,ENSNFUG00015008490,-,-,-,-
105023,107392242,ENSNFUG00015001435,-,-,-,-
105023,107392243,ENSNFUG00015008495,-,-,-,-
105023,107392245,ENSNFUG00015008519,-,-,-,-
105023,107392248,ENSNFUG00015008533,-,-,-,-
105023,107392249,ENSNFUG00015001418,-,-,XP_015825432.1,ENSNFUP00015002801.1
105023,107392250,ENSNFUG00015008594,-,-,XP_015825418.1,ENSNFUP00015018127.1
105023,107392250,ENSNFUG00015008594,-,-,XP_015825419.1,ENSNFUP00015018122.1
105023,107392251,ENSNFUG00015008716,-,-,-,-
105023,107392252,ENSNFUG00015008746,-,-,-,-
105023,107392253,ENSNFUG00015008723,-,-,-,-
105023,107392256,ENSNFUG00015009489,-,-,XP_015825430.1,ENSNFUP00015019922.1
105023,107392256,ENSNFUG00015009489,-,-,XP_015825431.1,ENSNFUP00015019957.1
105023,107392257,ENSNFUG00015008875,-,-,XP_015825433.1,ENSNFUP00015019426.1
105023,107392258,ENSNFUG00015009723,-,-,XP_015825435.1,ENSNFUP00015020059.1
105023,107392259,ENSNFUG00015009735,-,-,-,-
105023,107392260,ENSNFUG00015009873,-,-,-,-
105023,107392261,ENSNFUG00015010183,-,-,-,-
105023,107392264,ENSNFUG00015010294,-,-,XP_015825448.1,ENSNFUP00015021203.1
105023,107392266,ENSNFUG00015001395,-,-,XP_015825453.1,ENSNFUP00015002763.1
105023,107392266,ENSNFUG00015001395,-,-,XP_015825462.1,ENSNFUP00015002739.1
105023,107392267,ENSNFUG00015010312,-,-,-,-
105023,107392268,ENSNFUG00015010324,-,-,-,-
105023,107392269,ENSNFUG00015010375,-,-,-,-
105023,107392270,ENSNFUG00015010505,-,-,-,-
105023,107392271,ENSNFUG00015010343,-,-,XP_015825461.1,ENSNFUP00015021294.1
105023,107392272,ENSNFUG00015011782,-,-,XP_015825466.1,ENSNFUP00015040798.1
105023,107392273,ENSNFUG00015019899,-,-,XP_015825468.1,ENSNFUP00015041506.1
105023,107392274,ENSNFUG00015019885,-,-,XP_015825469.1,ENSNFUP00015041459.1
105023,107392275,ENSNFUG00015019957,-,-,XP_015825470.1,ENSNFUP00015041617.1
105023,107392276,ENSNFUG00015019960,-,-,-,-
105023,107392278,ENSNFUG00015019964,-,-,-,-
105023,107392279,ENSNFUG00015019980,-,-,-,-
105023,107392280,ENSNFUG00015020025,-,-,-,-
105023,107392281,ENSNFUG00015020035,-,-,-,-
105023,107392282,ENSNFUG00015020139,-,-,XP_015825479.1,ENSNFUP00015041987.1
105023,107392283,ENSNFUG00015020170,-,-,-,-
105023,107392284,ENSNFUG00015014075,-,-,-,-
105023,107392286,ENSNFUG00015014926,-,-,-,-
105023,107392287,ENSNFUG00015015956,-,-,XP_015825486.1,ENSNFUP00015032589.1
105023,107392288,ENSNFUG00015014802,-,-,-,-
105023,107392290,ENSNFUG00015016123,-,-,-,-
105023,107392291,ENSNFUG00015016119,-,-,XP_015825492.1,ENSNFUP00015032885.1
105023,107392292,ENSNFUG00015016091,-,-,XP_015825494.1,ENSNFUP00015032870.1
105023,107392293,ENSNFUG00015016077,-,-,XP_015825497.1,ENSNFUP00015032812.1
105023,107392295,ENSNFUG00015016181,-,-,-,-
105023,107392297,ENSNFUG00015016684,-,-,XP_015825514.1,ENSNFUP00015034170.1
105023,107392298,ENSNFUG00015016676,-,-,XP_015825515.1,ENSNFUP00015034163.1
105023,107392300,ENSNFUG00015016704,-,-,-,-
105023,107392303,ENSNFUG00015016892,-,-,-,-
105023,107392306,ENSNFUG00015018740,-,-,-,-
105023,107392307,ENSNFUG00015018735,-,-,-,-
105023,107392308,ENSNFUG00015018566,-,-,XP_015825528.1,ENSNFUP00015038761.1
105023,107392309,ENSNFUG00015018737,-,-,-,-
105023,107392310,ENSNFUG00015018742,-,-,XP_015825531.1,ENSNFUP00015038861.1
105023,107392311,ENSNFUG00015018745,-,-,XP_015825532.1,ENSNFUP00015038867.1
105023,107392312,ENSNFUG00015018747,-,-,XP_015825533.1,ENSNFUP00015038871.1
105023,107392312,ENSNFUG00015018747,-,-,XP_015825534.1,ENSNFUP00015038875.1
105023,107392314,ENSNFUG00015018756,-,-,-,-
105023,107392315,ENSNFUG00015018749,-,-,XP_015825540.1,ENSNFUP00015038882.1
105023,107392316,ENSNFUG00015018916,-,-,-,-
105023,107392317,ENSNFUG00015018823,-,-,-,-
105023,107392317,ENSNFUG00015018823,-,-,XP_015825543.1,ENSNFUP00015039207.1
105023,107392317,ENSNFUG00015018823,-,-,XP_015825544.1,ENSNFUP00015039210.1
105023,107392318,ENSNFUG00015001299,-,-,-,-
105023,107392320,ENSNFUG00015018987,-,-,-,-
105023,107392322,ENSNFUG00015019058,-,-,-,-
105023,107392323,ENSNFUG00015019072,-,-,-,-
105023,107392324,ENSNFUG00015019159,-,-,-,-
105023,107392326,ENSNFUG00015001341,-,-,-,-
105023,107392328,ENSNFUG00015019177,-,-,XP_015825562.1,ENSNFUP00015039826.1
105023,107392329,ENSNFUG00015019191,-,-,XP_015825563.1,ENSNFUP00015039851.1
105023,107392330,ENSNFUG00015019206,-,-,-,-
105023,107392338,ENSNFUG00015019872,-,-,-,-
105023,107392343,ENSNFUG00015019935,-,-,-,-
105023,107392344,ENSNFUG00015019882,-,-,-,-
105023,107392345,ENSNFUG00015019893,-,-,-,-
105023,107392347,ENSNFUG00015019879,-,-,XP_015825584.1,ENSNFUP00015041421.1
105023,107392352,ENSNFUG00015020307,-,-,-,-
105023,107392354,ENSNFUG00015020347,-,-,XP_015825592.1,ENSNFUP00015044116.1
105023,107392354,ENSNFUG00015020347,-,-,XP_015825594.1,ENSNFUP00015044180.1
105023,107392354,ENSNFUG00015020347,-,-,XP_015825597.1,ENSNFUP00015044107.1
105023,107392356,ENSNFUG00015021058,-,-,-,-
105023,107392357,ENSNFUG00015021037,-,-,-,-
105023,107392358,ENSNFUG00015021033,-,-,XP_015825608.1,ENSNFUP00015044225.1
105023,107392360,ENSNFUG00015021080,-,-,XP_015825609.1,ENSNFUP00015044304.1
105023,107392362,ENSNFUG00015021094,-,-,XP_015825612.1,ENSNFUP00015044325.1
105023,107392363,ENSNFUG00015001286,-,-,XP_015825615.1,ENSNFUP00015002451.1
105023,107392365,ENSNFUG00015021095,-,-,XP_015825613.1,ENSNFUP00015044330.1
105023,107392366,ENSNFUG00015021098,-,-,XP_015825614.1,ENSNFUP00015044337.1
105023,107392367,ENSNFUG00015021102,-,-,XP_015825616.1,ENSNFUP00015044345.1
105023,107392371,ENSNFUG00015021140,-,-,-,-
105023,107392372,ENSNFUG00015021626,-,-,XP_015825624.1,ENSNFUP00015045485.1
105023,107392373,ENSNFUG00015001270,-,-,-,-
105023,107392375,ENSNFUG00015021720,-,-,XP_015825626.1,ENSNFUP00015045796.1
105023,107392376,ENSNFUG00015021634,-,-,-,-
105023,107392379,ENSNFUG00015021782,-,-,XP_015825631.1,ENSNFUP00015046390.1
105023,107392380,ENSNFUG00015022022,-,-,XP_015825632.1,ENSNFUP00015046437.1
105023,107392380,ENSNFUG00015022022,-,-,XP_015825633.1,ENSNFUP00015046444.1
105023,107392381,ENSNFUG00015022048,-,-,-,-
105023,107392382,ENSNFUG00015001242,-,-,-,-
105023,107392383,ENSNFUG00015022039,-,-,XP_015825639.1,ENSNFUP00015046471.1
105023,107392384,ENSNFUG00015022080,-,-,XP_015825641.1,ENSNFUP00015046534.1
105023,107392386,ENSNFUG00015022087,-,-,-,-
105023,107392388,ENSNFUG00015022102,-,-,-,-
105023,107392390,ENSNFUG00015022143,-,-,XP_015825657.1,ENSNFUP00015046830.1
105023,107392390,ENSNFUG00015022143,-,-,XP_015825659.1,ENSNFUP00015046832.1
105023,107392392,ENSNFUG00015022179,-,-,-,-
105023,107392396,ENSNFUG00015022220,-,-,XP_015825667.1,ENSNFUP00015046989.1
105023,107392397,ENSNFUG00015022229,-,-,-,-
105023,107392398,ENSNFUG00015012556,-,-,-,-
105023,107392399,ENSNFUG00015012380,-,-,-,-
105023,107392401,ENSNFUG00015012547,-,-,-,-
105023,107392402,ENSNFUG00015012618,-,-,XP_015825678.1,ENSNFUP00015026042.1
105023,107392404,ENSNFUG00015012658,-,-,XP_015825679.1,ENSNFUP00015026126.1
105023,107392405,ENSNFUG00015001227,-,-,XP_015825682.1,ENSNFUP00015002300.1
105023,107392406,ENSNFUG00015012668,-,-,-,-
105023,107392409,ENSNFUG00015012693,-,-,XP_015825685.1,ENSNFUP00015026230.1
105023,107392409,ENSNFUG00015012693,-,-,XP_015825686.1,ENSNFUP00015026234.1
105023,107392412,ENSNFUG00015012758,-,-,XP_015825693.1,ENSNFUP00015026529.1
105023,107392413,ENSNFUG00015012901,-,-,XP_015825694.1,ENSNFUP00015026791.1
105023,107392414,ENSNFUG00015012994,-,-,-,-
105023,107392415,ENSNFUG00015013003,-,-,XP_015825697.1,ENSNFUP00015026830.1
105023,107392416,ENSNFUG00015013027,-,-,-,-
105023,107392417,ENSNFUG00015001224,-,-,-,-
105023,107392418,ENSNFUG00015013013,-,-,XP_015825700.1,ENSNFUP00015026854.1
105023,107392419,ENSNFUG00015016585,-,-,-,-
105023,107392420,ENSNFUG00015016673,-,-,XP_015825702.1,ENSNFUP00015034160.1
105023,107392422,ENSNFUG00015016681,-,-,-,-
105023,107392426,ENSNFUG00015017304,-,-,-,-
105023,107392427,ENSNFUG00015001107,-,-,XP_015825715.1,ENSNFUP00015002041.1
105023,107392428,ENSNFUG00015017851,-,-,XP_015825711.1,ENSNFUP00015036903.1
105023,107392429,ENSNFUG00015017881,-,-,-,-
105023,107392431,ENSNFUG00015017946,-,-,-,-
105023,107392433,ENSNFUG00015019171,-,-,XP_015825719.1,ENSNFUP00015039822.1
105023,107392435,ENSNFUG00015019185,-,-,XP_015825722.1,ENSNFUP00015039852.1
105023,107392436,ENSNFUG00015019208,-,-,-,-
105023,107392437,ENSNFUG00015001141,-,-,-,-
105023,107392441,ENSNFUG00015019301,-,-,XP_015825728.1,ENSNFUP00015044233.1
105023,107392444,ENSNFUG00015021180,-,-,-,-
105023,107392445,ENSNFUG00015021179,-,-,-,-
105023,107392450,ENSNFUG00015021470,-,-,-,-
105023,107392451,ENSNFUG00015021498,-,-,-,-
105023,107392452,ENSNFUG00015001005,-,-,XP_015825763.1,ENSNFUP00015001932.1
105023,107392453,ENSNFUG00015021495,-,-,XP_015825752.1,ENSNFUP00015045211.1
105023,107392454,ENSNFUG00015021536,-,-,XP_015825753.1,ENSNFUP00015046038.1
105023,107392455,ENSNFUG00015021878,-,-,-,-
105023,107392461,ENSNFUG00015022108,-,-,XP_015825768.1,ENSNFUP00015047125.1
105023,107392463,ENSNFUG00015022412,-,-,XP_015825776.1,ENSNFUP00015047410.1
105023,107392464,ENSNFUG00015022446,-,-,XP_015825778.1,ENSNFUP00015048440.1
105023,107392465,ENSNFUG00015022885,-,-,-,-
105023,107392466,ENSNFUG00015022415,-,-,XP_015825780.1,ENSNFUP00015047416.1
105023,107392467,ENSNFUG00015001093,-,-,-,-
105023,107392468,ENSNFUG00015022907,-,-,XP_015825781.1,ENSNFUP00015048627.1
105023,107392470,ENSNFUG00015022918,-,-,-,-
105023,107392474,ENSNFUG00015022928,-,-,XP_015825786.1,ENSNFUP00015048663.1
105023,107392476,ENSNFUG00015000845,-,-,XP_015825795.1,ENSNFUP00015001469.1
105023,107392477,ENSNFUG00015022954,-,-,XP_015825793.1,ENSNFUP00015048716.1
105023,107392478,ENSNFUG00015022967,-,-,-,-
105023,107392479,ENSNFUG00015001127,-,-,XP_015825916.1,ENSNFUP00015002083.1
105023,107392480,ENSNFUG00015022972,-,-,XP_015825796.1,ENSNFUP00015048738.1
105023,107392481,ENSNFUG00015022962,-,-,XP_015825797.1,ENSNFUP00015048724.1
105023,107392482,ENSNFUG00015022978,-,-,-,-
105023,107392487,ENSNFUG00015023003,-,-,-,-
105023,107392488,ENSNFUG00015023005,-,-,-,-
105023,107392490,ENSNFUG00015023007,-,-,-,-
105023,107392491,ENSNFUG00015023034,-,-,-,-
105023,107392492,ENSNFUG00015023038,-,-,XP_015825811.1,ENSNFUP00015048886.1
105023,107392494,ENSNFUG00015023056,-,-,XP_015825816.1,ENSNFUP00015048906.1
105023,107392496,ENSNFUG00015023095,-,-,-,-
105023,107392498,ENSNFUG00015023435,-,-,-,-
105023,107392499,ENSNFUG00015023437,-,-,-,-
105023,107392502,ENSNFUG00015000834,-,-,-,-
105023,107392503,ENSNFUG00015023508,-,-,XP_015825837.1,ENSNFUP00015049986.1
105023,107392504,ENSNFUG00015023538,-,-,-,-
105023,107392505,ENSNFUG00015023907,-,-,-,-
105023,107392507,ENSNFUG00015023942,-,-,-,-
105023,107392509,ENSNFUG00015000712,-,-,-,-
105023,107392512,ENSNFUG00015014074,-,-,-,-
105023,107392514,ENSNFUG00015014098,-,-,XP_015825848.1,ENSNFUP00015029143.1
105023,107392515,ENSNFUG00015014190,-,-,-,-
105023,107392517,ENSNFUG00015014213,-,-,XP_015825853.1,ENSNFUP00015029791.1
105023,107392520,ENSNFUG00015014531,-,-,XP_015825858.1,ENSNFUP00015029860.1
105023,107392521,ENSNFUG00015014558,-,-,XP_015825860.1,ENSNFUP00015029905.1
105023,107392523,ENSNFUG00015014575,-,-,XP_015825862.1,ENSNFUP00015029987.1
105023,107392524,ENSNFUG00015014642,-,-,XP_015825866.1,ENSNFUP00015030707.1
105023,107392525,ENSNFUG00015000761,-,-,-,-
105023,107392526,ENSNFUG00015015155,-,-,-,-
105023,107392527,ENSNFUG00015015087,-,-,XP_015825873.1,ENSNFUP00015030980.1
105023,107392529,ENSNFUG00015015246,-,-,-,-
105023,107392531,ENSNFUG00015018284,-,-,-,-
105023,107392534,ENSNFUG00015015524,-,-,XP_015825882.1,ENSNFUP00015036261.1
105023,107392535,ENSNFUG00015017673,-,-,-,-
105023,107392536,ENSNFUG00015017640,-,-,-,-
105023,107392537,ENSNFUG00015000682,-,-,-,-
105023,107392538,ENSNFUG00015018437,-,-,XP_015825888.1,ENSNFUP00015038201.1
105023,107392541,ENSNFUG00015018462,-,-,-,-
105023,107392549,ENSNFUG00015022550,-,-,-,-
105023,107392551,ENSNFUG00015022577,-,-,-,-
105023,107392553,ENSNFUG00015022548,-,-,XP_015825915.1,ENSNFUP00015047752.1
105023,107392554,ENSNFUG00015022574,-,-,XP_015825917.1,ENSNFUP00015047819.1
105023,107392555,ENSNFUG00015022542,-,-,XP_015825918.1,ENSNFUP00015047747.1
105023,107392559,ENSNFUG00015022618,-,-,-,-
105023,107392560,ENSNFUG00015022562,-,-,XP_015825927.1,ENSNFUP00015047801.1
105023,107392563,ENSNFUG00015022621,-,-,-,-
105023,107392564,ENSNFUG00015022624,-,-,XP_015825929.1,ENSNFUP00015047952.1
105023,107392570,ENSNFUG00015022647,-,-,-,-
105023,107392572,ENSNFUG00015022722,-,-,XP_015825938.1,ENSNFUP00015048230.1
105023,107392573,ENSNFUG00015022715,-,-,-,-
105023,107392575,ENSNFUG00015022767,-,-,-,-
105023,107392576,ENSNFUG00015022780,-,-,XP_015825946.1,ENSNFUP00015048375.1
105023,107392576,ENSNFUG00015022780,-,-,XP_015825947.1,ENSNFUP00015048377.1
105023,107392577,ENSNFUG00015022789,-,-,XP_015825948.1,ENSNFUP00015048385.1
105023,107392578,ENSNFUG00015022798,-,-,XP_015825949.1,ENSNFUP00015048405.1
105023,107392580,ENSNFUG00015022804,-,-,-,-
105023,107392584,ENSNFUG00015022952,-,-,XP_015825953.1,ENSNFUP00015048707.1
105023,107392586,ENSNFUG00015022945,-,-,XP_015825956.1,ENSNFUP00015048692.1
105023,107392587,ENSNFUG00015022939,-,-,XP_015825957.1,ENSNFUP00015048676.1
105023,107392588,ENSNFUG00015022934,-,-,-,-
105023,107392590,ENSNFUG00015022942,-,-,XP_015825960.1,ENSNFUP00015048687.1
105023,107392593,ENSNFUG00015022864,-,-,-,-
105023,107392594,ENSNFUG00015022852,-,-,-,-
105023,107392595,ENSNFUG00015022849,-,-,XP_015825967.1,ENSNFUP00015048515.1
105023,107392596,ENSNFUG00015022838,-,-,XP_015825968.1,ENSNFUP00015048509.1
105023,107392600,ENSNFUG00015023782,-,-,-,-
105023,107392601,ENSNFUG00015023316,-,-,-,-
105023,107392602,ENSNFUG00015023275,-,-,XP_015825973.1,ENSNFUP00015049443.1
105023,107392606,ENSNFUG00015023239,-,-,-,-
105023,107392608,ENSNFUG00015023236,-,-,-,-
105023,107392610,ENSNFUG00015023076,-,-,-,-
105023,107392613,ENSNFUG00015023042,-,-,-,-
105023,107392644,ENSNFUG00015025450,-,-,XP_015826020.1,ENSNFUP00015054891.1
105023,107392646,ENSNFUG00015025447,-,-,XP_015826022.1,ENSNFUP00015054886.1
105023,107392647,ENSNFUG00015025446,-,-,XP_015826024.1,ENSNFUP00015054885.1
105023,107392648,ENSNFUG00015025443,-,-,XP_015826025.1,ENSNFUP00015054882.1
105023,107392649,ENSNFUG00015025442,-,-,-,-
105023,107392650,ENSNFUG00015025441,-,-,-,-
105023,107392651,ENSNFUG00015025440,-,-,-,-
105023,107392655,ENSNFUG00015025436,-,-,XP_015826033.1,ENSNFUP00015054867.1
105023,107392656,ENSNFUG00015025438,-,-,-,-
105023,107392658,ENSNFUG00015025433,-,-,XP_015826039.1,ENSNFUP00015054862.1
105023,107392659,ENSNFUG00015025431,-,-,-,-
105023,107392662,ENSNFUG00015025429,-,-,-,-
105023,107392663,ENSNFUG00015025428,-,-,XP_015826047.1,ENSNFUP00015054855.1
105023,107392664,ENSNFUG00015025427,-,-,XP_015826049.1,ENSNFUP00015054852.1
105023,107392665,ENSNFUG00015025426,-,-,-,-
105023,107392667,ENSNFUG00015025424,-,-,-,-
105023,107392669,ENSNFUG00015025423,-,-,-,-
105023,107392670,ENSNFUG00015025422,-,-,-,-
105023,107392672,ENSNFUG00015025420,-,-,-,-
105023,107392682,ENSNFUG00015025413,-,-,-,-
105023,107392684,ENSNFUG00015025411,-,-,XP_015826071.1,ENSNFUP00015054821.1
105023,107392686,ENSNFUG00015025412,-,-,XP_015826072.1,ENSNFUP00015054829.1
105023,107392688,ENSNFUG00015025408,-,-,-,-
105023,107392689,ENSNFUG00015025407,-,-,XP_015826078.1,ENSNFUP00015054808.1
105023,107392690,ENSNFUG00015025406,-,-,-,-
105023,107392691,ENSNFUG00015025405,-,-,-,-
105023,107392692,ENSNFUG00015025404,-,-,XP_015826082.1,ENSNFUP00015054798.1
105023,107392693,ENSNFUG00015025402,-,-,XP_015826083.1,ENSNFUP00015054795.1
105023,107392695,ENSNFUG00015025401,-,-,XP_015826084.1,ENSNFUP00015054793.1
105023,107392697,ENSNFUG00015024186,-,-,-,-
105023,107392698,ENSNFUG00015024021,-,-,-,-
105023,107392699,ENSNFUG00015024017,-,-,XP_015826092.1,ENSNFUP00015051215.1
105023,107392701,ENSNFUG00015024016,-,-,XP_015826094.1,ENSNFUP00015051214.1
105023,107392702,ENSNFUG00015024006,-,-,XP_015826095.1,ENSNFUP00015051183.1
105023,107392702,ENSNFUG00015024006,-,-,XP_015826096.1,ENSNFUP00015051185.1
105023,107392704,ENSNFUG00015023976,-,-,-,-
105023,107392705,ENSNFUG00015023967,-,-,XP_015826098.1,ENSNFUP00015051083.1
105023,107392706,ENSNFUG00015015794,-,-,-,-
105023,107392711,ENSNFUG00015014127,-,-,XP_015826135.1,ENSNFUP00015029492.1
105023,107392711,ENSNFUG00015014127,-,-,XP_015826137.1,ENSNFUP00015029474.1
105023,107392713,ENSNFUG00015025381,-,-,XP_015826139.1,ENSNFUP00015054738.1
105023,107392716,ENSNFUG00015025377,-,-,XP_015826144.1,ENSNFUP00015054733.1
105023,107392717,ENSNFUG00015025377,-,-,XP_015826147.1,ENSNFUP00015054731.1
105023,107392718,ENSNFUG00015025376,-,-,XP_015826148.1,ENSNFUP00015054718.1
105023,107392720,ENSNFUG00015025371,-,-,-,-
105023,107392721,ENSNFUG00015020660,-,-,-,-
105023,107392723,ENSNFUG00015025369,-,-,XP_015826152.1,ENSNFUP00015054707.1
105023,107392725,ENSNFUG00015025366,-,-,-,-
105023,107392726,ENSNFUG00015025364,-,-,XP_015826158.1,ENSNFUP00015054700.1
105023,107392727,ENSNFUG00015025361,-,-,-,-
105023,107392728,ENSNFUG00015025349,-,-,XP_015826161.1,ENSNFUP00015054660.1
105023,107392728,ENSNFUG00015025349,-,-,XP_015826162.1,ENSNFUP00015054661.1
105023,107392728,ENSNFUG00015025349,-,-,XP_015826163.1,ENSNFUP00015054663.1
105023,107392728,ENSNFUG00015025349,-,-,XP_015826164.1,ENSNFUP00015054669.1
105023,107392731,ENSNFUG00015025337,-,-,-,-
105023,107392735,ENSNFUG00015025191,-,-,-,-
105023,107392737,ENSNFUG00015025104,-,-,-,-
105023,107392738,ENSNFUG00015025100,-,-,XP_015826176.1,ENSNFUP00015054068.1
105023,107392740,ENSNFUG00015025098,-,-,-,-
105023,107392741,ENSNFUG00015025094,-,-,-,-
105023,107392743,ENSNFUG00015025086,-,-,-,-
105023,107392744,ENSNFUG00015020651,-,-,-,-
105023,107392748,ENSNFUG00015025076,-,-,-,-
105023,107392751,ENSNFUG00015025057,-,-,-,-
105023,107392751,ENSNFUG00015025057,-,-,XP_015826194.1,ENSNFUP00015053970.1
105023,107392751,ENSNFUG00015025057,-,-,XP_015826197.1,ENSNFUP00015053961.1
105023,107392751,ENSNFUG00015025057,-,-,XP_015826198.1,ENSNFUP00015053984.1
105023,107392752,ENSNFUG00015020608,-,-,-,-
105023,107392755,ENSNFUG00015025042,-,-,XP_015826204.1,ENSNFUP00015053933.1
105023,107392756,ENSNFUG00015025040,-,-,XP_015826205.1,ENSNFUP00015053931.1
105023,107392757,ENSNFUG00015025037,-,-,-,-
105023,107392758,ENSNFUG00015020618,-,-,-,-
105023,107392759,ENSNFUG00015025033,-,-,-,-
105023,107392760,ENSNFUG00015025029,-,-,-,-
105023,107392761,ENSNFUG00015025028,-,-,XP_015826216.1,ENSNFUP00015053894.1
105023,107392763,ENSNFUG00015025018,-,-,-,-
105023,107392764,ENSNFUG00015025002,-,-,-,-
105023,107392765,ENSNFUG00015024998,-,-,-,-
105023,107392766,ENSNFUG00015020606,-,-,XP_015826224.1,ENSNFUP00015043040.1
105023,107392768,ENSNFUG00015024991,-,-,XP_015826223.1,ENSNFUP00015053822.1
105023,107392769,ENSNFUG00015024956,-,-,-,-
105023,107392770,ENSNFUG00015024946,-,-,-,-
105023,107392771,ENSNFUG00015024863,-,-,-,-
105023,107392772,ENSNFUG00015024850,-,-,-,-
105023,107392773,ENSNFUG00015024848,-,-,-,-
105023,107392775,ENSNFUG00015024849,-,-,XP_015826245.1,ENSNFUP00015053439.1
105023,107392776,ENSNFUG00015024847,-,-,XP_015826246.1,ENSNFUP00015053429.1
105023,107392781,ENSNFUG00015017458,-,-,-,-
105023,107392782,ENSNFUG00015017028,-,-,-,-
105023,107392783,ENSNFUG00015017248,-,-,XP_015826273.1,ENSNFUP00015035913.1
105023,107392783,ENSNFUG00015017248,-,-,XP_015826274.1,ENSNFUP00015035622.1
105023,107392784,ENSNFUG00015017013,-,-,XP_015826275.1,ENSNFUP00015034944.1
105023,107392787,ENSNFUG00015016987,-,-,-,-
105023,107392789,ENSNFUG00015016970,-,-,XP_015826281.1,ENSNFUP00015034837.1
105023,107392790,ENSNFUG00015016945,-,-,-,-
105023,107392791,ENSNFUG00015016930,-,-,-,-
105023,107392792,ENSNFUG00015016923,-,-,XP_015826284.1,ENSNFUP00015034756.1
105023,107392794,ENSNFUG00015016915,-,-,XP_015826286.1,ENSNFUP00015034745.1
105023,107392795,ENSNFUG00015016421,-,-,XP_015826287.1,ENSNFUP00015034046.1
105023,107392796,ENSNFUG00015018348,-,-,-,-
105023,107392797,ENSNFUG00015016373,-,-,-,-
105023,107392798,ENSNFUG00015016360,-,-,XP_015826290.1,ENSNFUP00015033418.1
105023,107392799,ENSNFUG00015016325,-,-,-,-
105023,107392801,ENSNFUG00015015695,-,-,-,-
105023,107392802,ENSNFUG00015018112,-,-,-,-
105023,107392803,ENSNFUG00015015618,-,-,XP_015826301.1,ENSNFUP00015031894.1
105023,107392807,ENSNFUG00015014189,-,-,-,-
105023,107392809,ENSNFUG00015023500,-,-,-,-
105023,107392810,ENSNFUG00015023470,-,-,-,-
105023,107392812,ENSNFUG00015023454,-,-,-,-
105023,107392815,ENSNFUG00015018334,-,-,XP_015826323.1,ENSNFUP00015037963.1
105023,107392816,ENSNFUG00015023443,-,-,XP_015826319.1,ENSNFUP00015049831.1
105023,107392817,ENSNFUG00015022961,-,-,-,-
105023,107392819,ENSNFUG00015023417,-,-,-,-
105023,107392820,ENSNFUG00015022899,-,-,-,-
105023,107392822,ENSNFUG00015018333,-,-,XP_015826335.1,ENSNFUP00015037955.1
105023,107392824,ENSNFUG00015022893,-,-,-,-
105023,107392825,ENSNFUG00015021812,-,-,-,-
105023,107392826,ENSNFUG00015021776,-,-,-,-
105023,107392827,ENSNFUG00015021768,-,-,XP_015826342.1,ENSNFUP00015045823.1
105023,107392828,ENSNFUG00015021771,-,-,XP_015826343.1,ENSNFUP00015045826.1
105023,107392830,ENSNFUG00015021681,-,-,-,-
105023,107392831,ENSNFUG00015021666,-,-,XP_015826345.1,ENSNFUP00015045575.1
105023,107392835,ENSNFUG00015021445,-,-,XP_015826353.1,ENSNFUP00015045117.1
105023,107392836,ENSNFUG00015021433,-,-,XP_015826354.1,ENSNFUP00015045099.1
105023,107392836,ENSNFUG00015021433,-,-,XP_015826355.1,ENSNFUP00015045097.1
105023,107392837,ENSNFUG00015009311,-,-,-,-
105023,107392840,ENSNFUG00015021276,-,-,XP_015826360.1,ENSNFUP00015044917.1
105023,107392841,ENSNFUG00015018299,-,-,-,-
105023,107392842,ENSNFUG00015021268,-,-,-,-
105023,107392844,ENSNFUG00015018223,-,-,XP_015826365.1,ENSNFUP00015037712.1
105023,107392846,ENSNFUG00015008736,-,-,XP_015826371.1,ENSNFUP00015018381.1
105023,107392849,ENSNFUG00015018172,-,-,XP_015826376.1,ENSNFUP00015037629.1
105023,107392850,ENSNFUG00015018168,-,-,-,-
105023,107392852,ENSNFUG00015018164,-,-,-,-
105023,107392853,ENSNFUG00015018152,-,-,XP_015826383.1,ENSNFUP00015037583.1
105023,107392853,ENSNFUG00015018152,-,-,XP_015826386.1,ENSNFUP00015037576.1
105023,107392856,ENSNFUG00015017479,-,-,-,-
105023,107392857,ENSNFUG00015017467,-,-,-,-
105023,107392860,ENSNFUG00015017307,-,-,-,-
105023,107392862,ENSNFUG00015017286,-,-,XP_015826395.1,ENSNFUP00015035602.1
105023,107392864,ENSNFUG00015017275,-,-,-,-
105023,107392865,ENSNFUG00015017280,-,-,XP_015826401.1,ENSNFUP00015035582.1
105023,107392867,ENSNFUG00015008721,-,-,XP_015826409.1,ENSNFUP00015018341.1
105023,107392869,ENSNFUG00015017144,-,-,-,-
105023,107392870,ENSNFUG00015016990,-,-,XP_015826411.1,ENSNFUP00015035141.1
105023,107392871,ENSNFUG00015016965,-,-,XP_015826412.1,ENSNFUP00015034831.1
105023,107392876,ENSNFUG00015016402,-,-,-,-
105023,107392877,ENSNFUG00015013614,-,-,-,-
105023,107392878,ENSNFUG00015010713,-,-,-,-
105023,107392879,ENSNFUG00015010944,-,-,XP_015826425.1,ENSNFUP00015027636.1
105023,107392879,ENSNFUG00015010944,-,-,XP_015826426.1,ENSNFUP00015027440.1
105023,107392880,ENSNFUG00015008680,-,-,-,-
105023,107392882,ENSNFUG00015016328,-,-,-,-
105023,107392883,ENSNFUG00015016342,-,-,-,-
105023,107392884,ENSNFUG00015008068,-,-,XP_015826434.1,ENSNFUP00015016882.1
105023,107392885,ENSNFUG00015007867,-,-,XP_015826435.1,ENSNFUP00015016782.1
105023,107392886,ENSNFUG00015007513,-,-,XP_015826437.1,ENSNFUP00015015760.1
105023,107392889,ENSNFUG00015007367,-,-,-,-
105023,107392890,ENSNFUG00015007376,-,-,-,-
105023,107392891,ENSNFUG00015007356,-,-,-,-
105023,107392892,ENSNFUG00015008659,-,-,XP_015826447.1,ENSNFUP00015018169.1
105023,107392901,ENSNFUG00015007038,-,-,XP_015826462.1,ENSNFUP00015014481.1
105023,107392902,ENSNFUG00015007033,-,-,-,-
105023,107392903,ENSNFUG00015007007,-,-,-,-
105023,107392905,ENSNFUG00015006925,-,-,-,-
105023,107392906,ENSNFUG00015007092,-,-,-,-
105023,107392907,ENSNFUG00015006920,-,-,XP_015826468.1,ENSNFUP00015014224.1
105023,107392908,ENSNFUG00015005454,-,-,-,-
105023,107392909,ENSNFUG00015005190,-,-,-,-
105023,107392911,ENSNFUG00015025400,-,-,XP_015826472.1,ENSNFUP00015054782.1
105023,107392913,ENSNFUG00015025398,-,-,-,-
105023,107392914,ENSNFUG00015025397,-,-,-,-
105023,107392915,ENSNFUG00015025394,-,-,-,-
105023,107392918,ENSNFUG00015025393,-,-,-,-
105023,107392919,ENSNFUG00015025392,-,-,-,-
105023,107392919,ENSNFUG00015025392,-,-,XP_015826479.1,ENSNFUP00015054766.1
105023,107392922,ENSNFUG00015025389,-,-,XP_015826482.1,ENSNFUP00015054758.1
105023,107392924,ENSNFUG00015025388,-,-,XP_015826483.1,ENSNFUP00015054756.1
105023,107392926,ENSNFUG00015025385,-,-,-,-
105023,107392927,ENSNFUG00015025344,-,-,-,-
105023,107392930,ENSNFUG00015025316,-,-,-,-
105023,107392932,ENSNFUG00015025312,-,-,XP_015826494.1,ENSNFUP00015054540.1
105023,107392933,ENSNFUG00015008644,-,-,XP_015826498.1,ENSNFUP00015018136.1
105023,107392936,ENSNFUG00015025305,-,-,XP_015826499.1,ENSNFUP00015054528.1
105023,107392938,ENSNFUG00015025290,-,-,-,-
105023,107392939,ENSNFUG00015025288,-,-,XP_015826503.1,ENSNFUP00015054471.1
105023,107392940,ENSNFUG00015025284,-,-,XP_015826504.1,ENSNFUP00015054468.1
105023,107392941,ENSNFUG00015025287,-,-,XP_015826505.1,ENSNFUP00015054470.1
105023,107392942,ENSNFUG00015025282,-,-,-,-
105023,107392944,ENSNFUG00015025279,-,-,-,-
105023,107392945,ENSNFUG00015025277,-,-,-,-
105023,107392946,ENSNFUG00015025275,-,-,-,-
105023,107392947,ENSNFUG00015007040,-,-,-,-
105023,107392948,ENSNFUG00015025273,-,-,-,-
105023,107392951,ENSNFUG00015025268,-,-,XP_015826520.1,ENSNFUP00015054436.1
105023,107392952,ENSNFUG00015025264,-,-,-,-
105023,107392954,ENSNFUG00015025199,-,-,XP_015826523.1,ENSNFUP00015054278.1
105023,107392960,ENSNFUG00015024260,-,-,-,-
105023,107392960,ENSNFUG00015024260,-,-,XP_015826544.1,ENSNFUP00015054128.1
105023,107392963,ENSNFUG00015023093,-,-,-,-
105023,107392964,ENSNFUG00015017152,-,-,-,-
105023,107392965,ENSNFUG00015021159,-,-,XP_015826554.1,ENSNFUP00015048746.1
105023,107392965,ENSNFUG00015021159,-,-,XP_015826555.1,ENSNFUP00015048612.1
105023,107392966,ENSNFUG00015019503,-,-,XP_015826556.1,ENSNFUP00015040698.1
105023,107392968,ENSNFUG00015020481,-,-,-,-
105023,107392969,ENSNFUG00015024114,-,-,XP_015826563.1,ENSNFUP00015051510.1
105023,107392973,ENSNFUG00015021086,-,-,-,-
105023,107392975,ENSNFUG00015019542,-,-,XP_015826571.1,ENSNFUP00015040726.1
105023,107392977,ENSNFUG00015020514,-,-,-,-
105023,107392979,ENSNFUG00015019491,-,-,XP_015826577.1,ENSNFUP00015040608.1
105023,107392981,ENSNFUG00015021076,-,-,-,-
105023,107392983,ENSNFUG00015021079,-,-,-,-
105023,107392984,ENSNFUG00015021091,-,-,XP_015826584.1,ENSNFUP00015044319.1
105023,107392986,ENSNFUG00015024102,-,-,-,-
105023,107392987,ENSNFUG00015001198,-,-,XP_015826620.1,ENSNFUP00015002277.1
105023,107392988,ENSNFUG00015007027,-,-,-,-
105023,107392997,ENSNFUG00015017077,-,-,-,-
105023,107392999,ENSNFUG00015015365,-,-,-,-
105023,107393000,ENSNFUG00015015133,-,-,-,-
105023,107393003,ENSNFUG00015015037,-,-,-,-
105023,107393004,ENSNFUG00015014883,-,-,XP_015826611.1,ENSNFUP00015030593.1
105023,107393006,ENSNFUG00015014722,-,-,-,-
105023,107393007,ENSNFUG00015014334,-,-,-,-
105023,107393008,ENSNFUG00015014246,-,-,-,-
105023,107393011,ENSNFUG00015014069,-,-,-,-
105023,107393017,ENSNFUG00015009999,-,-,-,-
105023,107393017,ENSNFUG00015009999,-,-,XP_015826631.1,ENSNFUP00015020604.1
105023,107393018,ENSNFUG00015009918,-,-,XP_015826635.1,ENSNFUP00015020532.1
105023,107393019,ENSNFUG00015009895,-,-,-,-
105023,107393020,ENSNFUG00015009888,-,-,-,-
105023,107393021,ENSNFUG00015009879,-,-,-,-
105023,107393022,ENSNFUG00015009869,-,-,-,-
105023,107393023,ENSNFUG00015009745,-,-,XP_015826642.1,ENSNFUP00015020268.1
105023,107393024,ENSNFUG00015009712,-,-,-,-
105023,107393025,ENSNFUG00015006949,-,-,-,-
105023,107393026,ENSNFUG00015009677,-,-,XP_015826644.1,ENSNFUP00015019965.1
105023,107393027,ENSNFUG00015009655,-,-,XP_015826645.1,ENSNFUP00015019946.1
105023,107393028,ENSNFUG00015009639,-,-,-,-
105023,107393029,ENSNFUG00015009620,-,-,-,-
105023,107393030,ENSNFUG00015009598,-,-,-,-
105023,107393033,ENSNFUG00015009239,-,-,-,-
105023,107393035,ENSNFUG00015009228,-,-,-,-
105023,107393036,ENSNFUG00015006564,-,-,-,-
105023,107393037,ENSNFUG00015009202,-,-,-,-
105023,107393040,ENSNFUG00015008632,-,-,-,-
105023,107393041,ENSNFUG00015008628,-,-,-,-
105023,107393042,ENSNFUG00015008625,-,-,XP_015826669.1,ENSNFUP00015018050.1
105023,107393043,ENSNFUG00015008262,-,-,-,-
105023,107393047,ENSNFUG00015008208,-,-,-,-
105023,107393051,ENSNFUG00015008145,-,-,XP_015826678.1,ENSNFUP00015017056.1
105023,107393052,ENSNFUG00015007621,-,-,-,-
105023,107393053,ENSNFUG00015008101,-,-,-,-
105023,107393055,ENSNFUG00015008085,-,-,-,-
105023,107393059,ENSNFUG00015007536,-,-,-,-
105023,107393061,ENSNFUG00015007531,-,-,XP_015826692.1,ENSNFUP00015015642.1
105023,107393064,ENSNFUG00015001182,-,-,-,-
105023,107393065,ENSNFUG00015007458,-,-,XP_015826696.1,ENSNFUP00015015459.1
105023,107393069,ENSNFUG00015006555,-,-,XP_015826701.1,ENSNFUP00015015027.1
105023,107393071,ENSNFUG00015006453,-,-,XP_015826702.1,ENSNFUP00015013154.1
105023,107393071,ENSNFUG00015006453,-,-,XP_015826704.1,ENSNFUP00015013167.1
105023,107393077,ENSNFUG00015006418,-,-,XP_015826710.1,ENSNFUP00015013091.1
105023,107393085,ENSNFUG00015006101,-,-,XP_015826719.1,ENSNFUP00015012468.1
105023,107393086,ENSNFUG00015006096,-,-,XP_015826721.1,ENSNFUP00015012419.1
105023,107393087,ENSNFUG00015006091,-,-,XP_015826722.1,ENSNFUP00015012402.1
105023,107393088,ENSNFUG00015006070,-,-,XP_015826723.1,ENSNFUP00015012355.1
105023,107393088,ENSNFUG00015006070,-,-,XP_015826724.1,ENSNFUP00015012368.1
105023,107393090,ENSNFUG00015006536,-,-,-,-
105023,107393091,ENSNFUG00015005624,-,-,XP_015826740.1,ENSNFUP00015011434.1
105023,107393093,ENSNFUG00015005617,-,-,-,-
105023,107393096,ENSNFUG00015005260,-,-,XP_015826745.1,ENSNFUP00015011354.1
105023,107393097,ENSNFUG00015005197,-,-,XP_015826748.1,ENSNFUP00015010557.1
105023,107393099,ENSNFUG00015023808,-,-,XP_015826752.1,ENSNFUP00015050796.1
105023,107393100,ENSNFUG00015023798,-,-,XP_015826756.1,ENSNFUP00015050721.1
105023,107393103,ENSNFUG00015006528,-,-,-,-
105023,107393104,ENSNFUG00015023788,-,-,XP_015826760.1,ENSNFUP00015050687.1
105023,107393113,ENSNFUG00015025452,-,-,-,-
105023,107393114,ENSNFUG00015025453,-,-,-,-
105023,107393114,ENSNFUG00015025453,-,-,XP_015826777.1,ENSNFUP00015054904.1
105023,107393117,ENSNFUG00015025458,-,-,XP_015826780.1,ENSNFUP00015054913.1
105023,107393117,ENSNFUG00015025458,-,-,XP_015826782.1,ENSNFUP00015054912.1
105023,107393118,ENSNFUG00015025459,-,-,-,-
105023,107393119,ENSNFUG00015025460,-,-,-,-
105023,107393120,ENSNFUG00015025461,-,-,XP_015826786.1,ENSNFUP00015054923.1
105023,107393124,ENSNFUG00015025464,-,-,-,-
105023,107393126,ENSNFUG00015025465,-,-,XP_015826792.1,ENSNFUP00015054929.1
105023,107393128,ENSNFUG00015025468,-,-,XP_015826795.1,ENSNFUP00015054937.1
105023,107393128,ENSNFUG00015025468,-,-,XP_015826796.1,ENSNFUP00015054936.1
105023,107393129,ENSNFUG00015025470,-,-,XP_015826798.1,ENSNFUP00015054941.1
105023,107393130,ENSNFUG00015025472,-,-,-,-
105023,107393132,ENSNFUG00015025473,-,-,XP_015826800.1,ENSNFUP00015054957.1
105023,107393133,ENSNFUG00015025471,-,-,-,-
105023,107393134,ENSNFUG00015025474,-,-,XP_015826802.1,ENSNFUP00015054962.1
105023,107393136,ENSNFUG00015005268,-,-,-,-
105023,107393137,ENSNFUG00015005341,-,-,-,-
105023,107393146,ENSNFUG00015023242,-,-,-,-
105023,107393147,ENSNFUG00015006487,-,-,-,-
105023,107393148,ENSNFUG00015023570,-,-,XP_015826820.1,ENSNFUP00015050152.1
105023,107393150,ENSNFUG00015023638,-,-,-,-
105023,107393151,ENSNFUG00015024175,-,-,-,-
105023,107393152,ENSNFUG00015024275,-,-,XP_015826827.1,ENSNFUP00015051989.1
105023,107393153,ENSNFUG00015024279,-,-,-,-
105023,107393154,ENSNFUG00015024311,-,-,-,-
105023,107393155,ENSNFUG00015024570,-,-,XP_015826831.1,ENSNFUP00015052701.1
105023,107393156,ENSNFUG00015024586,-,-,XP_015826835.1,ENSNFUP00015052768.1
105023,107393157,ENSNFUG00015024617,-,-,XP_015826839.1,ENSNFUP00015052800.1
105023,107393158,ENSNFUG00015006496,-,-,XP_015826842.1,ENSNFUP00015013245.1
105023,107393162,ENSNFUG00015024627,-,-,-,-
105023,107393164,ENSNFUG00015024629,-,-,-,-
105023,107393165,ENSNFUG00015024630,-,-,XP_015826847.1,ENSNFUP00015052826.1
105023,107393167,ENSNFUG00015024661,-,-,XP_015826849.1,ENSNFUP00015052991.1
105023,107393167,ENSNFUG00015024661,-,-,XP_015826850.1,ENSNFUP00015053008.1
105023,107393169,ENSNFUG00015024635,-,-,XP_015826853.1,ENSNFUP00015052835.1
105023,107393170,ENSNFUG00015024646,-,-,-,-
105023,107393172,ENSNFUG00015024777,-,-,-,-
105023,107393173,ENSNFUG00015006361,-,-,XP_015826861.1,ENSNFUP00015012975.1
105023,107393174,ENSNFUG00015024799,-,-,-,-
105023,107393176,ENSNFUG00015024823,-,-,-,-
105023,107393177,ENSNFUG00015024838,-,-,-,-
105023,107393179,ENSNFUG00015024829,-,-,XP_015826867.1,ENSNFUP00015053381.1
105023,107393180,ENSNFUG00015024832,-,-,XP_015826868.1,ENSNFUP00015053386.1
105023,107393181,ENSNFUG00015024840,-,-,-,-
105023,107393182,ENSNFUG00015006376,-,-,-,-
105023,107393183,ENSNFUG00015024854,-,-,XP_015826876.1,ENSNFUP00015053465.1
105023,107393184,ENSNFUG00015024856,-,-,XP_015826877.1,ENSNFUP00015053468.1
105023,107393185,ENSNFUG00015024859,-,-,XP_015826878.1,ENSNFUP00015053471.1
105023,107393186,ENSNFUG00015024862,-,-,-,-
105023,107393188,ENSNFUG00015024869,-,-,XP_015826882.1,ENSNFUP00015053499.1
105023,107393190,ENSNFUG00015024883,-,-,XP_015826884.1,ENSNFUP00015053566.1
105023,107393190,ENSNFUG00015024883,-,-,XP_015826886.1,ENSNFUP00015053567.1
105023,107393193,ENSNFUG00015006345,-,-,-,-
105023,107393195,ENSNFUG00015024904,-,-,-,-
105023,107393196,ENSNFUG00015024905,-,-,-,-
105023,107393196,ENSNFUG00015024905,-,-,XP_015826893.1,ENSNFUP00015053595.1
105023,107393197,ENSNFUG00015024911,-,-,XP_015826896.1,ENSNFUP00015053610.1
105023,107393198,ENSNFUG00015024914,-,-,-,-
105023,107393199,ENSNFUG00015024938,-,-,-,-
105023,107393202,ENSNFUG00015024978,-,-,XP_015826906.1,ENSNFUP00015053780.1
105023,107393203,ENSNFUG00015024975,-,-,-,-
105023,107393204,ENSNFUG00015024966,-,-,-,-
105023,107393205,ENSNFUG00015024976,-,-,-,-
105023,107393209,ENSNFUG00015024930,-,-,XP_015826912.1,ENSNFUP00015053645.1
105023,107393214,ENSNFUG00015024990,-,-,-,-
105023,107393215,ENSNFUG00015024984,-,-,XP_015826917.1,ENSNFUP00015053793.1
105023,107393216,ENSNFUG00015024996,-,-,-,-
105023,107393217,ENSNFUG00015006283,-,-,-,-
105023,107393218,ENSNFUG00015024999,-,-,-,-
105023,107393220,ENSNFUG00015025021,-,-,XP_015826922.1,ENSNFUP00015053966.1
105023,107393223,ENSNFUG00015025080,-,-,-,-
105023,107393224,ENSNFUG00015025065,-,-,-,-
105023,107393225,ENSNFUG00015025087,-,-,-,-
105023,107393229,ENSNFUG00015025095,-,-,-,-
105023,107393231,ENSNFUG00015025111,-,-,-,-
105023,107393232,ENSNFUG00015025121,-,-,XP_015826944.1,ENSNFUP00015054127.1
105023,107393233,ENSNFUG00015025129,-,-,-,-
105023,107393235,ENSNFUG00015025130,-,-,XP_015826950.1,ENSNFUP00015054139.1
105023,107393239,ENSNFUG00015025176,-,-,-,-
105023,107393242,ENSNFUG00015014173,-,-,-,-
105023,107393245,ENSNFUG00015014840,-,-,-,-
105023,107393246,ENSNFUG00015014857,-,-,-,-
105023,107393247,ENSNFUG00015015137,-,-,XP_015826969.1,ENSNFUP00015031020.1
105023,107393249,ENSNFUG00015015185,-,-,XP_015826974.1,ENSNFUP00015031166.1
105023,107393251,ENSNFUG00015015266,-,-,-,-
105023,107393252,ENSNFUG00015015291,-,-,XP_015826978.1,ENSNFUP00015031463.1
105023,107393253,ENSNFUG00015015291,-,-,-,-
105023,107393254,ENSNFUG00015015467,-,-,-,-
105023,107393255,ENSNFUG00015015510,-,-,XP_015826983.1,ENSNFUP00015031795.1
105023,107393256,ENSNFUG00015015601,-,-,XP_015826984.1,ENSNFUP00015032110.1
105023,107393258,ENSNFUG00015015922,-,-,XP_015826986.1,ENSNFUP00015032613.1
105023,107393259,ENSNFUG00015016083,-,-,XP_015826987.1,ENSNFUP00015033353.1
105023,107393259,ENSNFUG00015016083,-,-,XP_015826988.1,ENSNFUP00015033366.1
105023,107393260,ENSNFUG00015016403,-,-,-,-
105023,107393261,ENSNFUG00015005489,-,-,-,-
105023,107393264,ENSNFUG00015016431,-,-,-,-
105023,107393265,ENSNFUG00015016526,-,-,-,-
105023,107393266,ENSNFUG00015016578,-,-,XP_015826997.1,ENSNFUP00015033922.1
105023,107393270,ENSNFUG00015016609,-,-,XP_015827003.1,ENSNFUP00015034022.1
105023,107393271,ENSNFUG00015016699,-,-,-,-
105023,107393273,ENSNFUG00015019100,-,-,XP_015827007.1,ENSNFUP00015039643.1
105023,107393274,ENSNFUG00015019110,-,-,XP_015827008.1,ENSNFUP00015039658.1
105023,107393276,ENSNFUG00015019118,-,-,XP_015827010.1,ENSNFUP00015039679.1
105023,107393277,ENSNFUG00015019145,-,-,-,-
105023,107393279,ENSNFUG00015019157,-,-,XP_015827012.1,ENSNFUP00015039785.1
105023,107393280,ENSNFUG00015019178,-,-,XP_015827013.1,ENSNFUP00015039839.1
105023,107393281,ENSNFUG00015019193,-,-,-,-
105023,107393284,ENSNFUG00015010453,-,-,-,-
105023,107393286,ENSNFUG00015005473,-,-,-,-
105023,107393287,ENSNFUG00015019237,-,-,-,-
105023,107393292,ENSNFUG00015019230,-,-,XP_015827023.1,ENSNFUP00015039921.1
105023,107393293,ENSNFUG00015019242,-,-,-,-
105023,107393294,ENSNFUG00015019263,-,-,XP_015827025.1,ENSNFUP00015040700.1
105023,107393295,ENSNFUG00015019585,-,-,-,-
105023,107393298,ENSNFUG00015019783,-,-,-,-
105023,107393299,ENSNFUG00015019742,-,-,XP_015827033.1,ENSNFUP00015041176.1
105023,107393299,ENSNFUG00015019742,-,-,XP_015827037.1,ENSNFUP00015041181.1
105023,107393299,ENSNFUG00015019742,-,-,XP_015827039.1,ENSNFUP00015041190.1
105023,107393299,ENSNFUG00015019742,-,-,XP_015827043.1,ENSNFUP00015041152.1
105023,107393300,ENSNFUG00015019731,-,-,XP_015827044.1,ENSNFUP00015041113.1
105023,107393301,ENSNFUG00015005458,-,-,-,-
105023,107393302,ENSNFUG00015020116,-,-,-,-
105023,107393303,ENSNFUG00015023495,-,-,XP_015827054.1,ENSNFUP00015050033.1
105023,107393306,ENSNFUG00015023556,-,-,-,-
105023,107393308,ENSNFUG00015023562,-,-,XP_015827069.1,ENSNFUP00015050111.1
105023,107393309,ENSNFUG00015023562,-,-,-,-
105023,107393310,ENSNFUG00015023568,-,-,XP_015827071.1,ENSNFUP00015050128.1
105023,107393311,ENSNFUG00015023564,-,-,XP_015827073.1,ENSNFUP00015050122.1
105023,107393313,ENSNFUG00015023589,-,-,-,-
105023,107393314,ENSNFUG00015005447,-,-,-,-
105023,107393315,ENSNFUG00015023601,-,-,-,-
105023,107393319,ENSNFUG00015023650,-,-,XP_015827081.1,ENSNFUP00015050350.1
105023,107393320,ENSNFUG00015023655,-,-,-,-
105023,107393321,ENSNFUG00015023659,-,-,-,-
105023,107393323,ENSNFUG00015005351,-,-,-,-
105023,107393325,ENSNFUG00015023661,-,-,-,-
105023,107393327,ENSNFUG00015023668,-,-,XP_015827093.1,ENSNFUP00015050399.1
105023,107393328,ENSNFUG00015023675,-,-,-,-
105023,107393330,ENSNFUG00015023689,-,-,-,-
105023,107393331,ENSNFUG00015023692,-,-,-,-
105023,107393332,ENSNFUG00015023696,-,-,XP_015827099.1,ENSNFUP00015050439.1
105023,107393333,ENSNFUG00015023699,-,-,XP_015827100.1,ENSNFUP00015050451.1
105023,107393333,ENSNFUG00015023699,-,-,XP_015827102.1,ENSNFUP00015050457.1
105023,107393334,ENSNFUG00015023708,-,-,XP_015827103.1,ENSNFUP00015050514.1
105023,107393335,ENSNFUG00015023720,-,-,-,-
105023,107393336,ENSNFUG00015005304,-,-,XP_015827108.1,ENSNFUP00015010775.1
105023,107393338,ENSNFUG00015023724,-,-,-,-
105023,107393339,ENSNFUG00015023728,-,-,-,-
105023,107393340,ENSNFUG00015023742,-,-,-,-
105023,107393342,ENSNFUG00015023757,-,-,XP_015827111.1,ENSNFUP00015050593.1
105023,107393343,ENSNFUG00015007703,-,-,-,-
105023,107393344,ENSNFUG00015007804,-,-,-,-
105023,107393346,ENSNFUG00015008738,-,-,XP_015827119.1,ENSNFUP00015018387.1
105023,107393346,ENSNFUG00015008738,-,-,XP_015827120.1,ENSNFUP00015018383.1
105023,107393347,ENSNFUG00015001267,-,-,-,-
105023,107393348,ENSNFUG00015008747,-,-,XP_015827123.1,ENSNFUP00015018396.1
105023,107393349,ENSNFUG00015008755,-,-,XP_015827124.1,ENSNFUP00015018421.1
105023,107393349,ENSNFUG00015008755,-,-,XP_015827125.1,ENSNFUP00015018434.1
105023,107393350,ENSNFUG00015008870,-,-,XP_015827126.1,ENSNFUP00015018666.1
105023,107393351,ENSNFUG00015008809,-,-,XP_015827128.1,ENSNFUP00015018615.1
105023,107393352,ENSNFUG00015008936,-,-,XP_015827129.1,ENSNFUP00015018944.1
105023,107393354,ENSNFUG00015008781,-,-,XP_015827132.1,ENSNFUP00015018504.1
105023,107393356,ENSNFUG00015009142,-,-,XP_015827135.1,ENSNFUP00015018988.1
105023,107393357,ENSNFUG00015009164,-,-,XP_015827136.1,ENSNFUP00015019027.1
105023,107393358,ENSNFUG00015005244,-,-,-,-
105023,107393359,ENSNFUG00015009179,-,-,XP_015827137.1,ENSNFUP00015019056.1
105023,107393360,ENSNFUG00015009225,-,-,XP_015827138.1,ENSNFUP00015019461.1
105023,107393360,ENSNFUG00015009225,-,-,XP_015827139.1,ENSNFUP00015019481.1
105023,107393361,ENSNFUG00015009448,-,-,XP_015827140.1,ENSNFUP00015019637.1
105023,107393361,ENSNFUG00015009448,-,-,XP_015827142.1,ENSNFUP00015019662.1
105023,107393362,ENSNFUG00015009566,-,-,XP_015827143.1,ENSNFUP00015021014.1
105023,107393362,ENSNFUG00015009566,-,-,XP_015827144.1,ENSNFUP00015021233.1
105023,107393363,ENSNFUG00015010348,-,-,-,-
105023,107393364,ENSNFUG00015010402,-,-,XP_015827148.1,ENSNFUP00015021448.1
105023,107393365,ENSNFUG00015010436,-,-,-,-
105023,107393367,ENSNFUG00015010519,-,-,XP_015827150.1,ENSNFUP00015021863.1
105023,107393368,ENSNFUG00015010470,-,-,-,-
105023,107393369,ENSNFUG00015010621,-,-,XP_015827152.1,ENSNFUP00015021886.1
105023,107393370,ENSNFUG00015010658,-,-,XP_015827154.1,ENSNFUP00015022462.1
105023,107393370,ENSNFUG00015010658,-,-,XP_015827156.1,ENSNFUP00015022473.1
105023,107393371,ENSNFUG00015010904,-,-,-,-
105023,107393373,ENSNFUG00015005198,-,-,-,-
105023,107393382,ENSNFUG00015011936,-,-,-,-
105023,107393383,ENSNFUG00015011799,-,-,-,-
105023,107393386,ENSNFUG00015011845,-,-,XP_015827178.1,ENSNFUP00015024480.1
105023,107393391,ENSNFUG00015013792,-,-,XP_015827187.1,ENSNFUP00015028508.1
105023,107393395,ENSNFUG00015017328,-,-,XP_015827194.1,ENSNFUP00015035754.1
105023,107393396,ENSNFUG00015017361,-,-,-,-
105023,107393398,ENSNFUG00015017279,-,-,XP_015827201.1,ENSNFUP00015035667.1
105023,107393398,ENSNFUG00015017279,-,-,XP_015827202.1,ENSNFUP00015035684.1
105023,107393398,ENSNFUG00015017279,-,-,XP_015827204.1,ENSNFUP00015035655.1
105023,107393399,ENSNFUG00015013952,-,-,XP_015827207.1,ENSNFUP00015035285.1
105023,107393399,ENSNFUG00015013952,-,-,XP_015827209.1,ENSNFUP00015035047.1
105023,107393405,ENSNFUG00015017384,-,-,XP_015827218.1,ENSNFUP00015035875.1
105023,107393406,ENSNFUG00015017355,-,-,XP_015827219.1,ENSNFUP00015035770.1
105023,107393407,ENSNFUG00015013799,-,-,XP_015827220.1,ENSNFUP00015028523.1
105023,107393410,ENSNFUG00015017259,-,-,XP_015827225.1,ENSNFUP00015035528.1
105023,107393413,ENSNFUG00015018513,-,-,XP_015827227.1,ENSNFUP00015038516.1
105023,107393420,ENSNFUG00015020452,-,-,XP_015827236.1,ENSNFUP00015043866.1
105023,107393421,ENSNFUG00015020410,-,-,XP_015827237.1,ENSNFUP00015042660.1
105023,107393422,ENSNFUG00015020976,-,-,XP_015827238.1,ENSNFUP00015044036.1
105023,107393423,ENSNFUG00015020957,-,-,XP_015827240.1,ENSNFUP00015043984.1
105023,107393424,ENSNFUG00015004104,-,-,-,-
105023,107393425,ENSNFUG00015020953,-,-,XP_015827241.1,ENSNFUP00015043975.1
105023,107393426,ENSNFUG00015020974,-,-,XP_015827243.1,ENSNFUP00015044030.1
105023,107393427,ENSNFUG00015020982,-,-,XP_015827246.1,ENSNFUP00015044080.1
105023,107393429,ENSNFUG00015021000,-,-,XP_015827248.1,ENSNFUP00015044089.1
105023,107393430,ENSNFUG00015021009,-,-,XP_015827249.1,ENSNFUP00015044258.1
105023,107393431,ENSNFUG00015021074,-,-,XP_015827250.1,ENSNFUP00015044590.1
105023,107393434,ENSNFUG00015021230,-,-,XP_015827254.1,ENSNFUP00015044603.1
105023,107393435,ENSNFUG00015021252,-,-,XP_015827255.1,ENSNFUP00015044935.1
105023,107393436,ENSNFUG00015021403,-,-,XP_015827257.1,ENSNFUP00015045035.1
105023,107393437,ENSNFUG00015021408,-,-,XP_015827260.1,ENSNFUP00015045049.1
105023,107393438,ENSNFUG00015021465,-,-,XP_015827262.1,ENSNFUP00015045156.1
105023,107393439,ENSNFUG00015021418,-,-,XP_015827265.1,ENSNFUP00015045108.1
105023,107393441,ENSNFUG00015005008,-,-,XP_015827273.1,ENSNFUP00015010401.1
105023,107393442,ENSNFUG00015021477,-,-,XP_015827271.1,ENSNFUP00015045222.1
105023,107393443,ENSNFUG00015021518,-,-,XP_015827276.1,ENSNFUP00015045272.1
105023,107393444,ENSNFUG00015021526,-,-,XP_015827277.1,ENSNFUP00015045280.1
105023,107393445,ENSNFUG00015021534,-,-,XP_015827282.1,ENSNFUP00015045306.1
105023,107393445,ENSNFUG00015021534,-,-,XP_015827284.1,ENSNFUP00015045314.1
105023,107393446,ENSNFUG00015021558,-,-,XP_015827288.1,ENSNFUP00015045358.1
105023,107393447,ENSNFUG00015021559,-,-,XP_015827289.1,ENSNFUP00015045359.1
105023,107393448,ENSNFUG00015011682,-,-,XP_015827295.1,ENSNFUP00015024281.1
105023,107393449,ENSNFUG00015011829,-,-,XP_015827297.1,ENSNFUP00015024482.1
105023,107393450,ENSNFUG00015011871,-,-,XP_015827298.1,ENSNFUP00015024556.1
105023,107393454,ENSNFUG00015011998,-,-,XP_015827302.1,ENSNFUP00015024854.1
105023,107393456,ENSNFUG00015012038,-,-,XP_015827305.1,ENSNFUP00015024906.1
105023,107393458,ENSNFUG00015012060,-,-,-,-
105023,107393460,ENSNFUG00015004963,-,-,XP_015827313.1,ENSNFUP00015010084.1
105023,107393461,ENSNFUG00015012186,-,-,-,-
105023,107393462,ENSNFUG00015012172,-,-,XP_015827312.1,ENSNFUP00015025212.1
105023,107393464,ENSNFUG00015012236,-,-,-,-
105023,107393465,ENSNFUG00015012214,-,-,XP_015827317.1,ENSNFUP00015025276.1
105023,107393465,ENSNFUG00015012214,-,-,XP_015827318.1,ENSNFUP00015025258.1
105023,107393465,ENSNFUG00015012214,-,-,XP_015827320.1,ENSNFUP00015025284.1
105023,107393466,ENSNFUG00015012244,-,-,-,-
105023,107393467,ENSNFUG00015001283,-,-,XP_015827360.1,ENSNFUP00015002441.1
105023,107393473,ENSNFUG00015013231,-,-,XP_015827328.1,ENSNFUP00015027518.1
105023,107393474,ENSNFUG00015004854,-,-,XP_015827333.1,ENSNFUP00015009876.1
105023,107393474,ENSNFUG00015004854,-,-,XP_015827340.1,ENSNFUP00015009871.1
105023,107393475,ENSNFUG00015013219,-,-,-,-
105023,107393476,ENSNFUG00015013349,-,-,XP_015827330.1,ENSNFUP00015027601.1
105023,107393477,ENSNFUG00015013366,-,-,-,-
105023,107393479,ENSNFUG00015013402,-,-,XP_015827336.1,ENSNFUP00015027719.1
105023,107393480,ENSNFUG00015013418,-,-,XP_015827337.1,ENSNFUP00015027741.1
105023,107393481,ENSNFUG00015013543,-,-,-,-
105023,107393482,ENSNFUG00015015260,-,-,-,-
105023,107393483,ENSNFUG00015015305,-,-,XP_015827344.1,ENSNFUP00015031810.1
105023,107393484,ENSNFUG00015015620,-,-,-,-
105023,107393486,ENSNFUG00015021133,-,-,XP_015827350.1,ENSNFUP00015044411.1
105023,107393488,ENSNFUG00015021147,-,-,XP_015827352.1,ENSNFUP00015044431.1
105023,107393490,ENSNFUG00015021173,-,-,-,-
105023,107393491,ENSNFUG00015021672,-,-,XP_015827357.1,ENSNFUP00015048340.1
105023,107393491,ENSNFUG00015021672,-,-,XP_015827358.1,ENSNFUP00015048352.1
105023,107393492,ENSNFUG00015022937,-,-,-,-
105023,107393493,ENSNFUG00015023141,-,-,-,-
105023,107393494,ENSNFUG00015023217,-,-,XP_015827364.1,ENSNFUP00015049319.1
105023,107393495,ENSNFUG00015004804,-,-,-,-
105023,107393496,ENSNFUG00015023228,-,-,XP_015827365.1,ENSNFUP00015049338.1
105023,107393498,ENSNFUG00015023258,-,-,XP_015827367.1,ENSNFUP00015049396.1
105023,107393499,ENSNFUG00015023252,-,-,XP_015827369.1,ENSNFUP00015049382.1
105023,107393500,ENSNFUG00015023269,-,-,XP_015827370.1,ENSNFUP00015049428.1
105023,107393503,ENSNFUG00015023350,-,-,-,-
105023,107393504,ENSNFUG00015023978,-,-,XP_015827383.1,ENSNFUP00015051109.1
105023,107393505,ENSNFUG00015023983,-,-,-,-
105023,107393507,ENSNFUG00015004420,-,-,-,-
105023,107393509,ENSNFUG00015023990,-,-,XP_015827389.1,ENSNFUP00015051139.1
105023,107393511,ENSNFUG00015023992,-,-,XP_015827393.1,ENSNFUP00015051217.1
105023,107393512,ENSNFUG00015024027,-,-,-,-
105023,107393514,ENSNFUG00015024031,-,-,XP_015827398.1,ENSNFUP00015051290.1
105023,107393515,ENSNFUG00015024050,-,-,-,-
105023,107393516,ENSNFUG00015024056,-,-,XP_015827404.1,ENSNFUP00015051325.1
105023,107393517,ENSNFUG00015024051,-,-,XP_015827405.1,ENSNFUP00015051315.1
105023,107393518,ENSNFUG00015024058,-,-,-,-
105023,107393519,ENSNFUG00015024073,-,-,XP_015827408.1,ENSNFUP00015051735.1
105023,107393520,ENSNFUG00015024216,-,-,-,-
105023,107393521,ENSNFUG00015024219,-,-,-,-
105023,107393522,ENSNFUG00015024221,-,-,XP_015827412.1,ENSNFUP00015051804.1
105023,107393523,ENSNFUG00015024247,-,-,-,-
105023,107393525,ENSNFUG00015024259,-,-,XP_015827430.1,ENSNFUP00015051956.1
105023,107393527,ENSNFUG00015024278,-,-,-,-
105023,107393529,ENSNFUG00015024318,-,-,-,-
105023,107393530,ENSNFUG00015024447,-,-,-,-
105023,107393531,ENSNFUG00015024450,-,-,XP_015827444.1,ENSNFUP00015052406.1
105023,107393533,ENSNFUG00015005263,-,-,XP_015827447.1,ENSNFUP00015010668.1
105023,107393537,ENSNFUG00015005792,-,-,-,-
105023,107393541,ENSNFUG00015005924,-,-,XP_015827464.1,ENSNFUP00015012027.1
105023,107393541,ENSNFUG00015005924,-,-,XP_015827465.1,ENSNFUP00015012038.1
105023,107393542,ENSNFUG00015005964,-,-,XP_015827468.1,ENSNFUP00015012229.1
105023,107393543,ENSNFUG00015006052,-,-,XP_015827469.1,ENSNFUP00015012586.1
105023,107393544,ENSNFUG00015006369,-,-,-,-
105023,107393545,ENSNFUG00015006277,-,-,XP_015827475.1,ENSNFUP00015012769.1
105023,107393546,ENSNFUG00015006222,-,-,XP_015827477.1,ENSNFUP00015012687.1
105023,107393547,ENSNFUG00015006260,-,-,XP_015827478.1,ENSNFUP00015012753.1
105023,107393547,ENSNFUG00015006260,-,-,XP_015827479.1,ENSNFUP00015012740.1
105023,107393548,ENSNFUG00015006202,-,-,XP_015827480.1,ENSNFUP00015012619.1
105023,107393550,ENSNFUG00015007062,-,-,XP_015827482.1,ENSNFUP00015014598.1
105023,107393550,ENSNFUG00015007062,-,-,XP_015827483.1,ENSNFUP00015014563.1
105023,107393552,ENSNFUG00015004267,-,-,XP_015827488.1,ENSNFUP00015008895.1
105023,107393554,ENSNFUG00015007281,-,-,-,-
105023,107393555,ENSNFUG00015007294,-,-,XP_015827489.1,ENSNFUP00015015038.1
105023,107393556,ENSNFUG00015007302,-,-,XP_015827490.1,ENSNFUP00015015047.1
105023,107393557,ENSNFUG00015007323,-,-,-,-
105023,107393560,ENSNFUG00015004244,-,-,XP_015827500.1,ENSNFUP00015008708.1
105023,107393562,ENSNFUG00015007673,-,-,XP_015827499.1,ENSNFUP00015015954.1
105023,107393563,ENSNFUG00015007676,-,-,XP_015827501.1,ENSNFUP00015015976.1
105023,107393565,ENSNFUG00015007699,-,-,-,-
105023,107393565,ENSNFUG00015007699,-,-,XP_015827508.1,ENSNFUP00015016034.1
105023,107393566,ENSNFUG00015004239,-,-,-,-
105023,107393567,ENSNFUG00015007725,-,-,XP_015827510.1,ENSNFUP00015016101.1
105023,107393569,ENSNFUG00015007736,-,-,XP_015827513.1,ENSNFUP00015016130.1
105023,107393570,ENSNFUG00015007745,-,-,-,-
105023,107393571,ENSNFUG00015007751,-,-,-,-
105023,107393572,ENSNFUG00015007771,-,-,XP_015827518.1,ENSNFUP00015016195.1
105023,107393573,ENSNFUG00015007758,-,-,XP_015827519.1,ENSNFUP00015016164.1
105023,107393574,ENSNFUG00015007782,-,-,XP_015827520.1,ENSNFUP00015016223.1
105023,107393576,ENSNFUG00015004229,-,-,XP_015827524.1,ENSNFUP00015008682.1
105023,107393581,ENSNFUG00015007871,-,-,XP_015827527.1,ENSNFUP00015016412.1
105023,107393582,ENSNFUG00015007878,-,-,XP_015827529.1,ENSNFUP00015016450.1
105023,107393583,ENSNFUG00015007893,-,-,-,-
105023,107393584,ENSNFUG00015001274,-,-,XP_015827572.1,ENSNFUP00015002424.1
105023,107393587,ENSNFUG00015007915,-,-,XP_015827534.1,ENSNFUP00015016506.1
105023,107393588,ENSNFUG00015007920,-,-,-,-
105023,107393591,ENSNFUG00015007974,-,-,-,-
105023,107393592,ENSNFUG00015008059,-,-,XP_015827546.1,ENSNFUP00015016867.1
105023,107393593,ENSNFUG00015008088,-,-,-,-
105023,107393594,ENSNFUG00015008159,-,-,XP_015827548.1,ENSNFUP00015017082.1
105023,107393595,ENSNFUG00015008161,-,-,XP_015827549.1,ENSNFUP00015017086.1
105023,107393596,ENSNFUG00015008164,-,-,-,-
105023,107393599,ENSNFUG00015015786,-,-,-,-
105023,107393602,ENSNFUG00015015916,-,-,-,-
105023,107393603,ENSNFUG00015015934,-,-,-,-
105023,107393604,ENSNFUG00015016038,-,-,XP_015827563.1,ENSNFUP00015032886.1
105023,107393604,ENSNFUG00015016038,-,-,XP_015827565.1,ENSNFUP00015032903.1
105023,107393605,ENSNFUG00015016140,-,-,XP_015827567.1,ENSNFUP00015032978.1
105023,107393607,ENSNFUG00015016655,-,-,XP_015827571.1,ENSNFUP00015051928.1
105023,107393607,ENSNFUG00015016655,-,-,XP_015827573.1,ENSNFUP00015051894.1
105023,107393608,ENSNFUG00015024256,-,-,-,-
105023,107393609,ENSNFUG00015024263,-,-,-,-
105023,107393611,ENSNFUG00015024270,-,-,XP_015827576.1,ENSNFUP00015051974.1
105023,107393612,ENSNFUG00015024283,-,-,-,-
105023,107393613,ENSNFUG00015024272,-,-,XP_015827583.1,ENSNFUP00015051982.1
105023,107393615,ENSNFUG00015024319,-,-,XP_015827590.1,ENSNFUP00015052104.1
105023,107393617,ENSNFUG00015024328,-,-,XP_015827591.1,ENSNFUP00015052127.1
105023,107393619,ENSNFUG00015024350,-,-,XP_015827594.1,ENSNFUP00015052206.1
105023,107393619,ENSNFUG00015024350,-,-,XP_015827595.1,ENSNFUP00015052217.1
105023,107393619,ENSNFUG00015024350,-,-,XP_015827596.1,ENSNFUP00015052243.1
105023,107393619,ENSNFUG00015024350,-,-,XP_015827599.1,ENSNFUP00015052253.1
105023,107393620,ENSNFUG00015024395,-,-,XP_015827600.1,ENSNFUP00015052266.1
105023,107393621,ENSNFUG00015024417,-,-,XP_015827601.1,ENSNFUP00015052469.1
105023,107393621,ENSNFUG00015024417,-,-,XP_015827602.1,ENSNFUP00015052455.1
105023,107393623,ENSNFUG00015024508,-,-,XP_015827603.1,ENSNFUP00015052755.1
105023,107393625,ENSNFUG00015024780,-,-,-,-
105023,107393626,ENSNFUG00015024970,-,-,-,-
105023,107393627,ENSNFUG00015003576,-,-,-,-
105023,107393629,ENSNFUG00015024983,-,-,-,-
105023,107393630,ENSNFUG00015024977,-,-,-,-
105023,107393634,ENSNFUG00015017009,-,-,-,-
105023,107393635,ENSNFUG00015014244,-,-,-,-
105023,107393637,ENSNFUG00015017043,-,-,XP_015827627.1,ENSNFUP00015035019.1
105023,107393638,ENSNFUG00015017056,-,-,-,-
105023,107393639,ENSNFUG00015017233,-,-,XP_015827629.1,ENSNFUP00015035469.1
105023,107393641,ENSNFUG00015017244,-,-,XP_015827635.1,ENSNFUP00015035516.1
105023,107393644,ENSNFUG00015017284,-,-,-,-
105023,107393644,ENSNFUG00015017284,-,-,XP_015827641.1,ENSNFUP00015035726.1
105023,107393644,ENSNFUG00015017284,-,-,XP_015827643.1,ENSNFUP00015035732.1
105023,107393645,ENSNFUG00015003570,-,-,XP_015827646.1,ENSNFUP00015007215.1
105023,107393646,ENSNFUG00015017373,-,-,-,-
105023,107393647,ENSNFUG00015001285,-,-,XP_015827694.1,ENSNFUP00015002446.1
105023,107393649,ENSNFUG00015017468,-,-,-,-
105023,107393651,ENSNFUG00015017493,-,-,-,-
105023,107393652,ENSNFUG00015017500,-,-,-,-
105023,107393653,ENSNFUG00015017534,-,-,-,-
105023,107393654,ENSNFUG00015017575,-,-,XP_015827670.1,ENSNFUP00015036382.1
105023,107393654,ENSNFUG00015017575,-,-,XP_015827671.1,ENSNFUP00015036420.1
105023,107393657,ENSNFUG00015017656,-,-,-,-
105023,107393660,ENSNFUG00015017662,-,-,-,-
105023,107393661,ENSNFUG00015017703,-,-,-,-
105023,107393663,ENSNFUG00015017769,-,-,XP_015827683.1,ENSNFUP00015036734.1
105023,107393664,ENSNFUG00015017840,-,-,XP_015827684.1,ENSNFUP00015036856.1
105023,107393666,ENSNFUG00015017845,-,-,-,-
105023,107393667,ENSNFUG00015017853,-,-,-,-
105023,107393668,ENSNFUG00015017870,-,-,XP_015827691.1,ENSNFUP00015036926.1
105023,107393669,ENSNFUG00015017929,-,-,-,-
105023,107393671,ENSNFUG00015018206,-,-,-,-
105023,107393672,ENSNFUG00015018199,-,-,-,-
105023,107393676,ENSNFUG00015018225,-,-,XP_015827704.1,ENSNFUP00015037836.1
105023,107393677,ENSNFUG00015018286,-,-,XP_015827705.1,ENSNFUP00015037846.1
105023,107393678,ENSNFUG00015018287,-,-,-,-
105023,107393678,ENSNFUG00015018287,-,-,XP_015827707.1,ENSNFUP00015037854.1
105023,107393680,ENSNFUG00015018292,-,-,XP_015827709.1,ENSNFUP00015037860.1
105023,107393681,ENSNFUG00015018293,-,-,-,-
105023,107393684,ENSNFUG00015018320,-,-,-,-
105023,107393685,ENSNFUG00015018972,-,-,-,-
105023,107393688,ENSNFUG00015020354,-,-,-,-
105023,107393689,ENSNFUG00015019117,-,-,-,-
105023,107393690,ENSNFUG00015019151,-,-,-,-
105023,107393692,ENSNFUG00015020857,-,-,XP_015827724.1,ENSNFUP00015043664.1
105023,107393693,ENSNFUG00015020867,-,-,-,-
105023,107393694,ENSNFUG00015021101,-,-,XP_015827726.1,ENSNFUP00015044339.1
105023,107393695,ENSNFUG00015021104,-,-,XP_015827727.1,ENSNFUP00015044351.1
105023,107393696,ENSNFUG00015021103,-,-,XP_015827729.1,ENSNFUP00015044344.1
105023,107393697,ENSNFUG00015021110,-,-,-,-
105023,107393698,ENSNFUG00015021124,-,-,XP_015827733.1,ENSNFUP00015044386.1
105023,107393699,ENSNFUG00015021130,-,-,-,-
105023,107393700,ENSNFUG00015021139,-,-,-,-
105023,107393701,ENSNFUG00015021267,-,-,XP_015827736.1,ENSNFUP00015044699.1
105023,107393702,ENSNFUG00015021273,-,-,XP_015827737.1,ENSNFUP00015044799.1
105023,107393703,ENSNFUG00015021326,-,-,-,-
105023,107393704,ENSNFUG00015021340,-,-,-,-
105023,107393710,ENSNFUG00015021841,-,-,-,-
105023,107393713,ENSNFUG00015022334,-,-,-,-
105023,107393715,ENSNFUG00015022349,-,-,-,-
105023,107393717,ENSNFUG00015022363,-,-,-,-
105023,107393719,ENSNFUG00015022630,-,-,-,-
105023,107393719,ENSNFUG00015022630,-,-,XP_015827763.1,ENSNFUP00015047971.1
105023,107393720,ENSNFUG00015022426,-,-,XP_015827764.1,ENSNFUP00015047868.1
105023,107393722,ENSNFUG00015022662,-,-,XP_015827766.1,ENSNFUP00015048073.1
105023,107393723,ENSNFUG00015022670,-,-,-,-
105023,107393724,ENSNFUG00015001288,-,-,-,-
105023,107393725,ENSNFUG00015022673,-,-,-,-
105023,107393727,ENSNFUG00015022700,-,-,XP_015827776.1,ENSNFUP00015048601.1
105023,107393728,ENSNFUG00015022932,-,-,-,-
105023,107393729,ENSNFUG00015022680,-,-,-,-
105023,107393732,ENSNFUG00015022953,-,-,XP_015827780.1,ENSNFUP00015048708.1
105023,107393736,ENSNFUG00015022970,-,-,-,-
105023,107393737,ENSNFUG00015005114,-,-,-,-
105023,107393739,ENSNFUG00015005309,-,-,-,-
105023,107393742,ENSNFUG00015003200,-,-,-,-
105023,107393756,ENSNFUG00015008424,-,-,XP_015827835.1,ENSNFUP00015017639.1
105023,107393758,ENSNFUG00015008437,-,-,-,-
105023,107393759,ENSNFUG00015008442,-,-,XP_015827839.1,ENSNFUP00015017665.1
105023,107393760,ENSNFUG00015003104,-,-,XP_015827853.1,ENSNFUP00015006223.1
105023,107393762,ENSNFUG00015008452,-,-,XP_015827842.1,ENSNFUP00015017723.1
105023,107393762,ENSNFUG00015008452,-,-,XP_015827843.1,ENSNFUP00015017747.1
105023,107393762,ENSNFUG00015008452,-,-,XP_015827845.1,ENSNFUP00015017749.1
105023,107393763,ENSNFUG00015008488,-,-,XP_015827846.1,ENSNFUP00015017758.1
105023,107393764,ENSNFUG00015008491,-,-,XP_015827847.1,ENSNFUP00015017770.1
105023,107393765,ENSNFUG00015008499,-,-,XP_015827849.1,ENSNFUP00015017787.1
105023,107393766,ENSNFUG00015008496,-,-,XP_015827850.1,ENSNFUP00015017773.1
105023,107393769,ENSNFUG00015008517,-,-,XP_015827857.1,ENSNFUP00015017816.1
105023,107393770,ENSNFUG00015008520,-,-,-,-
105023,107393773,ENSNFUG00015003101,-,-,-,-
105023,107393774,ENSNFUG00015008527,-,-,XP_015827863.1,ENSNFUP00015017871.1
105023,107393775,ENSNFUG00015008553,-,-,XP_015827866.1,ENSNFUP00015017924.1
105023,107393776,ENSNFUG00015008574,-,-,XP_015827867.1,ENSNFUP00015017956.1
105023,107393777,ENSNFUG00015008568,-,-,XP_015827868.1,ENSNFUP00015017943.1
105023,107393779,ENSNFUG00015008662,-,-,-,-
105023,107393780,ENSNFUG00015011339,-,-,XP_015827872.1,ENSNFUP00015039652.1
105023,107393781,ENSNFUG00015003082,-,-,XP_015827875.1,ENSNFUP00015006185.1
105023,107393782,ENSNFUG00015019120,-,-,-,-
105023,107393783,ENSNFUG00015019123,-,-,-,-
105023,107393786,ENSNFUG00015019162,-,-,-,-
105023,107393790,ENSNFUG00015003061,-,-,-,-
105023,107393791,ENSNFUG00015019274,-,-,XP_015827881.1,ENSNFUP00015040040.1
105023,107393792,ENSNFUG00015019284,-,-,XP_015827883.1,ENSNFUP00015040052.1
105023,107393794,ENSNFUG00015019292,-,-,-,-
105023,107393796,ENSNFUG00015019442,-,-,-,-
105023,107393799,ENSNFUG00015019492,-,-,XP_015827897.1,ENSNFUP00015040621.1
105023,107393800,ENSNFUG00015019506,-,-,-,-
105023,107393803,ENSNFUG00015003042,-,-,-,-
105023,107393805,ENSNFUG00015019883,-,-,-,-
105023,107393806,ENSNFUG00015019904,-,-,XP_015827910.1,ENSNFUP00015041499.1
105023,107393812,ENSNFUG00015019916,-,-,XP_015827912.1,ENSNFUP00015041593.1
105023,107393822,ENSNFUG00015015907,-,-,-,-
105023,107393826,ENSNFUG00015020371,-,-,-,-
105023,107393835,ENSNFUG00015024434,-,-,-,-
105023,107393843,ENSNFUG00015002990,-,-,-,-
105023,107393844,ENSNFUG00015019976,-,-,-,-
105023,107393845,ENSNFUG00015019987,-,-,-,-
105023,107393847,ENSNFUG00015019996,-,-,-,-
105023,107393848,ENSNFUG00015020010,-,-,XP_015827941.1,ENSNFUP00015041734.1
105023,107393849,ENSNFUG00015020059,-,-,-,-
105023,107393851,ENSNFUG00015020289,-,-,-,-
105023,107393854,ENSNFUG00015020311,-,-,-,-
105023,107393855,ENSNFUG00015002973,-,-,-,-
105023,107393856,ENSNFUG00015020339,-,-,-,-
105023,107393863,ENSNFUG00015015945,-,-,XP_015827964.1,ENSNFUP00015032639.1
105023,107393873,ENSNFUG00015025327,-,-,XP_015827968.1,ENSNFUP00015054587.1
105023,107393874,ENSNFUG00015020490,-,-,XP_015827969.1,ENSNFUP00015042802.1
105023,107393875,ENSNFUG00015002591,-,-,-,-
105023,107393876,ENSNFUG00015020594,-,-,XP_015827971.1,ENSNFUP00015047572.1
105023,107393877,ENSNFUG00015020508,-,-,XP_015827972.1,ENSNFUP00015042828.1
105023,107393878,ENSNFUG00015022752,-,-,XP_015827973.1,ENSNFUP00015048271.1
105023,107393881,ENSNFUG00015022777,-,-,XP_015827976.1,ENSNFUP00015048923.1
105023,107393885,ENSNFUG00015014079,-,-,XP_015827980.1,ENSNFUP00015029056.1
105023,107393886,ENSNFUG00015002472,-,-,XP_015827984.1,ENSNFUP00015005083.1
105023,107393887,ENSNFUG00015014101,-,-,XP_015827981.1,ENSNFUP00015029078.1
105023,107393888,ENSNFUG00015014113,-,-,-,-
105023,107393890,ENSNFUG00015014565,-,-,-,-
105023,107393891,ENSNFUG00015014465,-,-,-,-
105023,107393893,ENSNFUG00015014251,-,-,XP_015827990.1,ENSNFUP00015029421.1
105023,107393893,ENSNFUG00015014251,-,-,XP_015827991.1,ENSNFUP00015029460.1
105023,107393894,ENSNFUG00015014455,-,-,-,-
105023,107393895,ENSNFUG00015014441,-,-,-,-
105023,107393896,ENSNFUG00015018393,-,-,-,-
105023,107393897,ENSNFUG00015018463,-,-,-,-
105023,107393898,ENSNFUG00015018438,-,-,-,-
105023,107393899,ENSNFUG00015018449,-,-,-,-
105023,107393900,ENSNFUG00015018510,-,-,-,-
105023,107393900,ENSNFUG00015018510,-,-,XP_015828002.1,ENSNFUP00015038919.1
105023,107393900,ENSNFUG00015018510,-,-,XP_015828003.1,ENSNFUP00015038951.1
105023,107393902,ENSNFUG00015018824,-,-,XP_015828007.1,ENSNFUP00015039181.1
105023,107393903,ENSNFUG00015019001,-,-,XP_015828009.1,ENSNFUP00015041486.1
105023,107393904,ENSNFUG00015020023,-,-,XP_015828010.1,ENSNFUP00015044421.1
105023,107393906,ENSNFUG00015021156,-,-,-,-
105023,107393907,ENSNFUG00015021161,-,-,-,-
105023,107393908,ENSNFUG00015002449,-,-,-,-
105023,107393909,ENSNFUG00015021165,-,-,XP_015828015.1,ENSNFUP00015044481.1
105023,107393910,ENSNFUG00015021178,-,-,XP_015828017.1,ENSNFUP00015044522.1
105023,107393910,ENSNFUG00015021178,-,-,XP_015828019.1,ENSNFUP00015044517.1
105023,107393910,ENSNFUG00015021178,-,-,XP_015828020.1,ENSNFUP00015044512.1
105023,107393911,ENSNFUG00015021197,-,-,-,-
105023,107393913,ENSNFUG00015021215,-,-,-,-
105023,107393914,ENSNFUG00015021218,-,-,XP_015828029.1,ENSNFUP00015045207.1
105023,107393916,ENSNFUG00015021503,-,-,XP_015828031.1,ENSNFUP00015045268.1
105023,107393916,ENSNFUG00015021503,-,-,XP_015828032.1,ENSNFUP00015045240.1
105023,107393917,ENSNFUG00015021524,-,-,-,-
105023,107393918,ENSNFUG00015021537,-,-,-,-
105023,107393919,ENSNFUG00015021617,-,-,XP_015828035.1,ENSNFUP00015047444.1
105023,107393920,ENSNFUG00015002455,-,-,-,-
105023,107393921,ENSNFUG00015022515,-,-,-,-
105023,107393922,ENSNFUG00015022517,-,-,-,-
105023,107393923,ENSNFUG00015022553,-,-,-,-
105023,107393925,ENSNFUG00015022711,-,-,XP_015828041.1,ENSNFUP00015048348.1
105023,107393926,ENSNFUG00015022836,-,-,-,-
105023,107393927,ENSNFUG00015022847,-,-,-,-
105023,107393928,ENSNFUG00015022825,-,-,-,-
105023,107393929,ENSNFUG00015022636,-,-,-,-
105023,107393930,ENSNFUG00015022694,-,-,-,-
105023,107393931,ENSNFUG00015022997,-,-,-,-
105023,107393932,ENSNFUG00015002208,-,-,-,-
105023,107393934,ENSNFUG00015023033,-,-,-,-
105023,107393939,ENSNFUG00015023400,-,-,-,-
105023,107393943,ENSNFUG00015023372,-,-,XP_015828081.1,ENSNFUP00015049630.1
105023,107393944,ENSNFUG00015023646,-,-,-,-
105023,107393945,ENSNFUG00015023729,-,-,-,-
105023,107393946,ENSNFUG00015001986,-,-,-,-
105023,107393950,ENSNFUG00015023838,-,-,XP_015828088.1,ENSNFUP00015050892.1
105023,107393952,ENSNFUG00015023870,-,-,XP_015828091.1,ENSNFUP00015050904.1
105023,107393953,ENSNFUG00015023966,-,-,XP_015828092.1,ENSNFUP00015051384.1
105023,107393954,ENSNFUG00015024106,-,-,-,-
105023,107393956,ENSNFUG00015024119,-,-,XP_015828096.1,ENSNFUP00015051536.1
105023,107393957,ENSNFUG00015024136,-,-,-,-
105023,107393958,ENSNFUG00015024426,-,-,-,-
105023,107393958,ENSNFUG00015024426,-,-,XP_015828101.1,ENSNFUP00015054501.1
105023,107393958,ENSNFUG00015024426,-,-,XP_015828102.1,ENSNFUP00015054521.1
105023,107393960,ENSNFUG00015025310,-,-,-,-
105023,107393961,ENSNFUG00015025309,-,-,XP_015828108.1,ENSNFUP00015054531.1
105023,107393962,ENSNFUG00015025319,-,-,XP_015828109.1,ENSNFUP00015054548.1
105023,107393966,ENSNFUG00015025325,-,-,XP_015828113.1,ENSNFUP00015054576.1
105023,107393967,ENSNFUG00015025335,-,-,-,-
105023,107393968,ENSNFUG00015025333,-,-,-,-
105023,107393969,ENSNFUG00015025347,-,-,-,-
105023,107393971,ENSNFUG00015025356,-,-,XP_015828130.1,ENSNFUP00015054665.1
105023,107393974,ENSNFUG00015014118,-,-,XP_015828134.1,ENSNFUP00015029105.1
105023,107393977,ENSNFUG00015014137,-,-,-,-
105023,107393980,ENSNFUG00015014328,-,-,-,-
105023,107393981,ENSNFUG00015015016,-,-,XP_015828143.1,ENSNFUP00015030904.1
105023,107393982,ENSNFUG00015015143,-,-,-,-
105023,107393983,ENSNFUG00015015488,-,-,XP_015828148.1,ENSNFUP00015032026.1
105023,107393984,ENSNFUG00015001918,-,-,XP_015828150.1,ENSNFUP00015003778.1
105023,107393988,ENSNFUG00015015820,-,-,-,-
105023,107393989,ENSNFUG00015015707,-,-,XP_015828153.1,ENSNFUP00015032083.1
105023,107393990,ENSNFUG00015017290,-,-,-,-
105023,107393992,ENSNFUG00015024134,-,-,-,-
105023,107393994,ENSNFUG00015024156,-,-,-,-
105023,107393995,ENSNFUG00015001912,-,-,XP_015828172.1,ENSNFUP00015003766.1
105023,107393996,ENSNFUG00015024199,-,-,-,-
105023,107393997,ENSNFUG00015024187,-,-,-,-
105023,107393998,ENSNFUG00015024177,-,-,XP_015828178.1,ENSNFUP00015051689.1
105023,107393999,ENSNFUG00015024196,-,-,-,-
105023,107394000,ENSNFUG00015024201,-,-,XP_015828182.1,ENSNFUP00015051737.1
105023,107394001,ENSNFUG00015001899,-,-,-,-
105023,107394002,ENSNFUG00015024223,-,-,-,-
105023,107394003,ENSNFUG00015024393,-,-,XP_015828192.1,ENSNFUP00015052269.1
105023,107394004,ENSNFUG00015001437,-,-,XP_015828318.1,ENSNFUP00015002841.1
105023,107394005,ENSNFUG00015024398,-,-,-,-
105023,107394006,ENSNFUG00015024404,-,-,XP_015828194.1,ENSNFUP00015052287.1
105023,107394007,ENSNFUG00015001821,-,-,-,-
105023,107394010,ENSNFUG00015024430,-,-,-,-
105023,107394012,ENSNFUG00015024587,-,-,XP_015828205.1,ENSNFUP00015052738.1
105023,107394018,ENSNFUG00015024795,-,-,XP_015828215.1,ENSNFUP00015053405.1
105023,107394019,ENSNFUG00015014100,-,-,-,-
105023,107394020,ENSNFUG00015014193,-,-,XP_015828218.1,ENSNFUP00015029321.1
105023,107394021,ENSNFUG00015014257,-,-,-,-
105023,107394022,ENSNFUG00015014310,-,-,-,-
105023,107394023,ENSNFUG00015014707,-,-,-,-
105023,107394025,ENSNFUG00015001777,-,-,XP_015828228.1,ENSNFUP00015003535.1
105023,107394026,ENSNFUG00015014878,-,-,XP_015828224.1,ENSNFUP00015031095.1
105023,107394027,ENSNFUG00015015252,-,-,XP_015828227.1,ENSNFUP00015031337.1
105023,107394028,ENSNFUG00015015373,-,-,-,-
105023,107394029,ENSNFUG00015015655,-,-,XP_015828230.1,ENSNFUP00015031974.1
105023,107394030,ENSNFUG00015015683,-,-,XP_015828233.1,ENSNFUP00015032101.1
105023,107394031,ENSNFUG00015015782,-,-,XP_015828234.1,ENSNFUP00015032271.1
105023,107394031,ENSNFUG00015015782,-,-,XP_015828236.1,ENSNFUP00015032513.1
105023,107394041,ENSNFUG00015016499,-,-,XP_015828254.1,ENSNFUP00015033743.1
105023,107394042,ENSNFUG00015016538,-,-,XP_015828256.1,ENSNFUP00015034093.1
105023,107394042,ENSNFUG00015016538,-,-,XP_015828260.1,ENSNFUP00015034104.1
105023,107394042,ENSNFUG00015016538,-,-,XP_015828261.1,ENSNFUP00015033938.1
105023,107394043,ENSNFUG00015016517,-,-,XP_015828262.1,ENSNFUP00015033777.1
105023,107394044,ENSNFUG00015016668,-,-,XP_015828263.1,ENSNFUP00015034145.1
105023,107394045,ENSNFUG00015016714,-,-,XP_015828265.1,ENSNFUP00015036064.1
105023,107394047,ENSNFUG00015017604,-,-,XP_015828269.1,ENSNFUP00015036311.1
105023,107394048,ENSNFUG00015017609,-,-,XP_015828270.1,ENSNFUP00015036337.1
105023,107394049,ENSNFUG00015017616,-,-,XP_015828271.1,ENSNFUP00015036352.1
105023,107394051,ENSNFUG00015001729,-,-,-,-
105023,107394052,ENSNFUG00015017630,-,-,XP_015828275.1,ENSNFUP00015036425.1
105023,107394053,ENSNFUG00015017700,-,-,XP_015828279.1,ENSNFUP00015036745.1
105023,107394054,ENSNFUG00015017848,-,-,XP_015828280.1,ENSNFUP00015036874.1
105023,107394059,ENSNFUG00015018326,-,-,XP_015828292.1,ENSNFUP00015038139.1
105023,107394065,ENSNFUG00015018482,-,-,XP_015828298.1,ENSNFUP00015038259.1
105023,107394066,ENSNFUG00015018491,-,-,XP_015828299.1,ENSNFUP00015038272.1
105023,107394068,ENSNFUG00015018485,-,-,XP_015828302.1,ENSNFUP00015038263.1
105023,107394071,ENSNFUG00015018497,-,-,-,-
105023,107394072,ENSNFUG00015018840,-,-,XP_015828307.1,ENSNFUP00015039062.1
105023,107394073,ENSNFUG00015018849,-,-,XP_015828308.1,ENSNFUP00015040122.1
105023,107394074,ENSNFUG00015019345,-,-,XP_015828311.1,ENSNFUP00015040217.1
105023,107394075,ENSNFUG00015019347,-,-,XP_015828313.1,ENSNFUP00015040226.1
105023,107394076,ENSNFUG00015019362,-,-,-,-
105023,107394076,ENSNFUG00015019362,-,-,XP_015828314.1,ENSNFUP00015042045.1
105023,107394078,ENSNFUG00015020198,-,-,XP_015828320.1,ENSNFUP00015042112.1
105023,107394079,ENSNFUG00015020188,-,-,XP_015828321.1,ENSNFUP00015042096.1
105023,107394080,ENSNFUG00015020209,-,-,XP_015828322.1,ENSNFUP00015042136.1
105023,107394083,ENSNFUG00015020655,-,-,XP_015828325.1,ENSNFUP00015043601.1
105023,107394084,ENSNFUG00015001714,-,-,-,-
105023,107394085,ENSNFUG00015020859,-,-,XP_015828326.1,ENSNFUP00015043670.1
105023,107394087,ENSNFUG00015020906,-,-,XP_015828335.1,ENSNFUP00015045597.1
105023,107394088,ENSNFUG00015021951,-,-,XP_015828336.1,ENSNFUP00015046314.1
105023,107394089,ENSNFUG00015021977,-,-,-,-
105023,107394091,ENSNFUG00015022126,-,-,-,-
105023,107394092,ENSNFUG00015022134,-,-,XP_015828342.1,ENSNFUP00015046686.1
105023,107394093,ENSNFUG00015022139,-,-,-,-
105023,107394094,ENSNFUG00015022152,-,-,-,-
105023,107394096,ENSNFUG00015022162,-,-,-,-
105023,107394097,ENSNFUG00015022159,-,-,-,-
105023,107394099,ENSNFUG00015022198,-,-,XP_015828351.1,ENSNFUP00015049641.1
105023,107394101,ENSNFUG00015001695,-,-,XP_015828356.1,ENSNFUP00015003333.1
105023,107394102,ENSNFUG00015009864,-,-,XP_015828353.1,ENSNFUP00015020322.1
105023,107394103,ENSNFUG00015009857,-,-,XP_015828355.1,ENSNFUP00015020312.1
105023,107394104,ENSNFUG00015009884,-,-,-,-
105023,107394107,ENSNFUG00015010059,-,-,-,-
105023,107394108,ENSNFUG00015001684,-,-,-,-
105023,107394109,ENSNFUG00015010048,-,-,XP_015828365.1,ENSNFUP00015020729.1
105023,107394110,ENSNFUG00015010070,-,-,XP_015828366.1,ENSNFUP00015020779.1
105023,107394115,ENSNFUG00015010206,-,-,-,-
105023,107394117,ENSNFUG00015001671,-,-,-,-
105023,107394118,ENSNFUG00015010306,-,-,XP_015828379.1,ENSNFUP00015021273.1
105023,107394121,ENSNFUG00015010353,-,-,XP_015828382.1,ENSNFUP00015021321.1
105023,107394125,ENSNFUG00015010420,-,-,XP_015828387.1,ENSNFUP00015022275.1
105023,107394125,ENSNFUG00015010420,-,-,XP_015828388.1,ENSNFUP00015022285.1
105023,107394126,ENSNFUG00015001656,-,-,XP_015828392.1,ENSNFUP00015003217.1
105023,107394127,ENSNFUG00015010813,-,-,XP_015828390.1,ENSNFUP00015022335.1
105023,107394128,ENSNFUG00015010807,-,-,XP_015828391.1,ENSNFUP00015022323.1
105023,107394131,ENSNFUG00015010865,-,-,-,-
105023,107394133,ENSNFUG00015001467,-,-,XP_015828438.1,ENSNFUP00015002892.1
105023,107394134,ENSNFUG00015010995,-,-,XP_015828398.1,ENSNFUP00015023374.1
105023,107394135,ENSNFUG00015010960,-,-,XP_015828400.1,ENSNFUP00015022689.1
105023,107394137,ENSNFUG00015011355,-,-,-,-
105023,107394138,ENSNFUG00015011365,-,-,XP_015828402.1,ENSNFUP00015023499.1
105023,107394139,ENSNFUG00015011373,-,-,XP_015828403.1,ENSNFUP00015023518.1
105023,107394140,ENSNFUG00015011394,-,-,XP_015828406.1,ENSNFUP00015023644.1
105023,107394142,ENSNFUG00015011566,-,-,-,-
105023,107394143,ENSNFUG00015011487,-,-,XP_015828411.1,ENSNFUP00015023846.1
105023,107394144,ENSNFUG00015011645,-,-,-,-
105023,107394148,ENSNFUG00015012584,-,-,-,-
105023,107394151,ENSNFUG00015012748,-,-,-,-
105023,107394153,ENSNFUG00015012824,-,-,XP_015828426.1,ENSNFUP00015026462.1
105023,107394153,ENSNFUG00015012824,-,-,XP_015828428.1,ENSNFUP00015026491.1
105023,107394154,ENSNFUG00015012843,-,-,XP_015828429.1,ENSNFUP00015026499.1
105023,107394155,ENSNFUG00015012851,-,-,-,-
105023,107394156,ENSNFUG00015012860,-,-,-,-
105023,107394157,ENSNFUG00015001633,-,-,XP_015828439.1,ENSNFUP00015003169.1
105023,107394160,ENSNFUG00015012917,-,-,XP_015828440.1,ENSNFUP00015026657.1
105023,107394161,ENSNFUG00015012923,-,-,XP_015828441.1,ENSNFUP00015026663.1
105023,107394162,ENSNFUG00015012931,-,-,XP_015828442.1,ENSNFUP00015026901.1
105023,107394163,ENSNFUG00015013122,-,-,XP_015828443.1,ENSNFUP00015027059.1
105023,107394164,ENSNFUG00015013128,-,-,-,-
105023,107394165,ENSNFUG00015013153,-,-,XP_015828446.1,ENSNFUP00015027126.1
105023,107394167,ENSNFUG00015001583,-,-,-,-
105023,107394168,ENSNFUG00015013170,-,-,XP_015828448.1,ENSNFUP00015027179.1
105023,107394174,ENSNFUG00015014422,-,-,-,-
105023,107394176,ENSNFUG00015014438,-,-,-,-
105023,107394177,ENSNFUG00015014444,-,-,XP_015828461.1,ENSNFUP00015029661.1
105023,107394179,ENSNFUG00015014502,-,-,XP_015828467.1,ENSNFUP00015029824.1
105023,107394182,ENSNFUG00015014749,-,-,-,-
105023,107394184,ENSNFUG00015024107,-,-,-,-
105023,107394185,ENSNFUG00015024072,-,-,-,-
105023,107394189,ENSNFUG00015023755,-,-,-,-
105023,107394193,ENSNFUG00015020983,-,-,-,-
105023,107394195,ENSNFUG00015019388,-,-,-,-
105023,107394196,ENSNFUG00015022862,-,-,-,-
105023,107394200,ENSNFUG00015017381,-,-,XP_015828526.1,ENSNFUP00015039772.1
105023,107394202,ENSNFUG00015001478,-,-,-,-
105023,107394205,ENSNFUG00015023496,-,-,XP_015828537.1,ENSNFUP00015050045.1
105023,107394205,ENSNFUG00015023496,-,-,XP_015828539.1,ENSNFUP00015050040.1
105023,107394205,ENSNFUG00015023496,-,-,XP_015828540.1,ENSNFUP00015050030.1
105023,107394207,ENSNFUG00015023541,-,-,XP_015828545.1,ENSNFUP00015050175.1
105023,107394209,ENSNFUG00015023925,-,-,-,-
105023,107394210,ENSNFUG00015023018,-,-,-,-
105023,107394212,ENSNFUG00015023031,-,-,XP_015828551.1,ENSNFUP00015048888.1
105023,107394213,ENSNFUG00015024089,-,-,XP_015828552.1,ENSNFUP00015051439.1
105023,107394214,ENSNFUG00015023611,-,-,XP_015828553.1,ENSNFUP00015050239.1
105023,107394216,ENSNFUG00015023532,-,-,-,-
105023,107394218,ENSNFUG00015023681,-,-,XP_015828559.1,ENSNFUP00015050512.1
105023,107394225,ENSNFUG00015019346,-,-,XP_015828570.1,ENSNFUP00015040222.1
105023,107394227,ENSNFUG00015023666,-,-,XP_015828573.1,ENSNFUP00015050400.1
105023,107394229,ENSNFUG00015023908,-,-,XP_015828575.1,ENSNFUP00015050966.1
105023,107394230,ENSNFUG00015001422,-,-,XP_015828579.1,ENSNFUP00015002813.1
105023,107394232,ENSNFUG00015023604,-,-,XP_015828577.1,ENSNFUP00015050219.1
105023,107394233,ENSNFUG00015023067,-,-,XP_015828578.1,ENSNFUP00015048985.1
105023,107394238,ENSNFUG00015015319,-,-,-,-
105023,107394239,ENSNFUG00015015175,-,-,-,-
105023,107394240,ENSNFUG00015015166,-,-,-,-
105023,107394243,ENSNFUG00015016758,-,-,-,-
105023,107394244,ENSNFUG00015016893,-,-,XP_015828592.1,ENSNFUP00015034695.1
105023,107394245,ENSNFUG00015014443,-,-,XP_015828593.1,ENSNFUP00015029767.1
105023,107394246,ENSNFUG00015014125,-,-,XP_015828596.1,ENSNFUP00015029309.1
105023,107394249,ENSNFUG00015015193,-,-,XP_015828600.1,ENSNFUP00015031192.1
105023,107394251,ENSNFUG00015001368,-,-,XP_015828605.1,ENSNFUP00015002668.1
105023,107394252,ENSNFUG00015015276,-,-,XP_015828602.1,ENSNFUP00015031278.1
105023,107394253,ENSNFUG00015015302,-,-,XP_015828603.1,ENSNFUP00015031419.1
105023,107394254,ENSNFUG00015015428,-,-,XP_015828604.1,ENSNFUP00015031568.1
105023,107394257,ENSNFUG00015015440,-,-,XP_015828608.1,ENSNFUP00015031603.1
105023,107394258,ENSNFUG00015015582,-,-,XP_015828610.1,ENSNFUP00015031989.1
105023,107394258,ENSNFUG00015015582,-,-,XP_015828612.1,ENSNFUP00015031976.1
105023,107394259,ENSNFUG00015015755,-,-,XP_015828613.1,ENSNFUP00015033795.1
105023,107394260,ENSNFUG00015001363,-,-,XP_015828618.1,ENSNFUP00015002656.1
105023,107394261,ENSNFUG00015016559,-,-,XP_015828615.1,ENSNFUP00015033881.1
105023,107394263,ENSNFUG00015016594,-,-,-,-
105023,107394264,ENSNFUG00015016764,-,-,-,-
105023,107394265,ENSNFUG00015001357,-,-,-,-
105023,107394267,ENSNFUG00015016997,-,-,-,-
105023,107394268,ENSNFUG00015016817,-,-,XP_015828634.1,ENSNFUP00015034552.1
105023,107394272,ENSNFUG00015017060,-,-,XP_015828638.1,ENSNFUP00015035072.1
105023,107394277,ENSNFUG00015017130,-,-,XP_015828645.1,ENSNFUP00015035238.1
105023,107394278,ENSNFUG00015017155,-,-,XP_015828647.1,ENSNFUP00015036487.1
105023,107394280,ENSNFUG00015017695,-,-,-,-
105023,107394292,ENSNFUG00015018435,-,-,XP_015828662.1,ENSNFUP00015038178.1
105023,107394294,ENSNFUG00015018444,-,-,-,-
105023,107394296,ENSNFUG00015018457,-,-,-,-
105023,107394298,ENSNFUG00015018477,-,-,XP_015828671.1,ENSNFUP00015038323.1
105023,107394298,ENSNFUG00015018477,-,-,XP_015828673.1,ENSNFUP00015038338.1
105023,107394301,ENSNFUG00015018527,-,-,-,-
105023,107394302,ENSNFUG00015018534,-,-,XP_015828682.1,ENSNFUP00015038384.1
105023,107394306,ENSNFUG00015018549,-,-,-,-
105023,107394307,ENSNFUG00015018574,-,-,XP_015828684.1,ENSNFUP00015039144.1
105023,107394309,ENSNFUG00015018899,-,-,XP_015828688.1,ENSNFUP00015039193.1
105023,107394310,ENSNFUG00015018914,-,-,-,-
105023,107394311,ENSNFUG00015019257,-,-,-,-
105023,107394312,ENSNFUG00015001108,-,-,-,-
105023,107394313,ENSNFUG00015021504,-,-,-,-
105023,107394314,ENSNFUG00015021531,-,-,-,-
105023,107394318,ENSNFUG00015021971,-,-,-,-
105023,107394321,ENSNFUG00015022470,-,-,-,-
105023,107394325,ENSNFUG00015022602,-,-,-,-
105023,107394328,ENSNFUG00015024039,-,-,-,-
105023,107394329,ENSNFUG00015024088,-,-,-,-
105023,107394330,ENSNFUG00015001595,-,-,-,-
105023,107394331,ENSNFUG00015024123,-,-,XP_015828728.1,ENSNFUP00015051893.1
105023,107394332,ENSNFUG00015024302,-,-,-,-
105023,107394333,ENSNFUG00015024282,-,-,-,-
105023,107394334,ENSNFUG00015000257,-,-,-,-
105023,107394335,ENSNFUG00015024303,-,-,-,-
105023,107394337,ENSNFUG00015024305,-,-,-,-
105023,107394338,ENSNFUG00015024309,-,-,XP_015828738.1,ENSNFUP00015052078.1
105023,107394338,ENSNFUG00015024309,-,-,XP_015828739.1,ENSNFUP00015052084.1
105023,107394338,ENSNFUG00015024309,-,-,XP_015828741.1,ENSNFUP00015052094.1
105023,107394339,ENSNFUG00015014261,-,-,-,-
105023,107394340,ENSNFUG00015024330,-,-,-,-
105023,107394341,ENSNFUG00015024325,-,-,-,-
105023,107394342,ENSNFUG00015016595,-,-,-,-
105023,107394343,ENSNFUG00015024331,-,-,-,-
105023,107394344,ENSNFUG00015016643,-,-,XP_015828751.1,ENSNFUP00015035057.1
105023,107394344,ENSNFUG00015016643,-,-,XP_015828752.1,ENSNFUP00015035066.1
105023,107394351,ENSNFUG00015017085,-,-,-,-
105023,107394353,ENSNFUG00015000550,-,-,-,-
105023,107394356,ENSNFUG00015017162,-,-,XP_015828760.1,ENSNFUP00015037185.1
105023,107394356,ENSNFUG00015017162,-,-,XP_015828765.1,ENSNFUP00015037216.1
105023,107394357,ENSNFUG00015018242,-,-,XP_015828769.1,ENSNFUP00015037750.1
105023,107394358,ENSNFUG00015018254,-,-,XP_015828772.1,ENSNFUP00015037773.1
105023,107394359,ENSNFUG00015001135,-,-,-,-
105023,107394360,ENSNFUG00015018245,-,-,XP_015828773.1,ENSNFUP00015037756.1
105023,107394364,ENSNFUG00015018262,-,-,XP_015828776.1,ENSNFUP00015037801.1
105023,107394366,ENSNFUG00015018267,-,-,XP_015828777.1,ENSNFUP00015037815.1
105023,107394367,ENSNFUG00015018272,-,-,XP_015828778.1,ENSNFUP00015037823.1
105023,107394369,ENSNFUG00015001094,-,-,-,-
105023,107394369,ENSNFUG00015001094,-,-,XP_015828789.1,ENSNFUP00015002013.1
105023,107394370,ENSNFUG00015018294,-,-,XP_015828780.1,ENSNFUP00015038082.1
105023,107394371,ENSNFUG00015018276,-,-,XP_015828781.1,ENSNFUP00015037831.1
105023,107394373,ENSNFUG00015018562,-,-,XP_015828783.1,ENSNFUP00015039284.1
105023,107394376,ENSNFUG00015019166,-,-,XP_015828786.1,ENSNFUP00015039859.1
105023,107394376,ENSNFUG00015019166,-,-,XP_015828787.1,ENSNFUP00015039961.1
105023,107394377,ENSNFUG00015019309,-,-,XP_015828788.1,ENSNFUP00015040137.1
105023,107394379,ENSNFUG00015019311,-,-,XP_015828790.1,ENSNFUP00015040143.1
105023,107394380,ENSNFUG00015019336,-,-,XP_015828791.1,ENSNFUP00015041244.1
105023,107394380,ENSNFUG00015019336,-,-,XP_015828792.1,ENSNFUP00015041260.1
105023,107394381,ENSNFUG00015019313,-,-,XP_015828793.1,ENSNFUP00015040146.1
105023,107394382,ENSNFUG00015019890,-,-,XP_015828794.1,ENSNFUP00015041914.1
105023,107394384,ENSNFUG00015020318,-,-,XP_015828796.1,ENSNFUP00015042574.1
105023,107394385,ENSNFUG00015020283,-,-,XP_015828797.1,ENSNFUP00015042367.1
105023,107394387,ENSNFUG00015020399,-,-,XP_015828798.1,ENSNFUP00015042604.1
105023,107394388,ENSNFUG00015020400,-,-,XP_015828799.1,ENSNFUP00015042622.1
105023,107394389,ENSNFUG00015020407,-,-,XP_015828800.1,ENSNFUP00015042629.1
105023,107394390,ENSNFUG00015020409,-,-,XP_015828803.1,ENSNFUP00015042634.1
105023,107394391,ENSNFUG00015020431,-,-,XP_015828804.1,ENSNFUP00015042701.1
105023,107394394,ENSNFUG00015020419,-,-,XP_015828807.1,ENSNFUP00015042663.1
105023,107394395,ENSNFUG00015020470,-,-,XP_015828808.1,ENSNFUP00015042753.1
105023,107394396,ENSNFUG00015000313,-,-,-,-
105023,107394404,ENSNFUG00015020495,-,-,XP_015828812.1,ENSNFUP00015042791.1
105023,107394406,ENSNFUG00015020501,-,-,XP_015828814.1,ENSNFUP00015042800.1
105023,107394407,ENSNFUG00015020512,-,-,-,-
105023,107394408,ENSNFUG00015020833,-,-,-,-
105023,107394409,ENSNFUG00015020861,-,-,-,-
105023,107394410,ENSNFUG00015020837,-,-,-,-
105023,107394412,ENSNFUG00015020973,-,-,-,-
105023,107394413,ENSNFUG00015020965,-,-,-,-
105023,107394414,ENSNFUG00015021025,-,-,XP_015828828.1,ENSNFUP00015044169.1
105023,107394417,ENSNFUG00015021081,-,-,-,-
105023,107394418,ENSNFUG00015021886,-,-,-,-
105023,107394422,ENSNFUG00015022588,-,-,-,-
105023,107394424,ENSNFUG00015001130,-,-,-,-
105023,107394433,ENSNFUG00015014450,-,-,-,-
105023,107394435,ENSNFUG00015014595,-,-,-,-
105023,107394436,ENSNFUG00015014597,-,-,-,-
105023,107394441,ENSNFUG00015015130,-,-,-,-
105023,107394442,ENSNFUG00015015089,-,-,-,-
105023,107394447,ENSNFUG00015015914,-,-,-,-
105023,107394449,ENSNFUG00015015979,-,-,-,-
105023,107394452,ENSNFUG00015016020,-,-,XP_015828866.1,ENSNFUP00015032668.1
105023,107394453,ENSNFUG00015016050,-,-,-,-
105023,107394455,ENSNFUG00015001080,-,-,-,-
105023,107394457,ENSNFUG00015016269,-,-,-,-
105023,107394459,ENSNFUG00015016436,-,-,-,-
105023,107394460,ENSNFUG00015016443,-,-,XP_015828878.1,ENSNFUP00015033624.1
105023,107394461,ENSNFUG00015016455,-,-,XP_015828879.1,ENSNFUP00015033634.1
105023,107394463,ENSNFUG00015001170,-,-,XP_015828886.1,ENSNFUP00015002167.1
105023,107394464,ENSNFUG00015016506,-,-,XP_015828885.1,ENSNFUP00015033756.1
105023,107394466,ENSNFUG00015016464,-,-,XP_015828889.1,ENSNFUP00015033679.1
105023,107394467,ENSNFUG00015016514,-,-,-,-
105023,107394468,ENSNFUG00015016518,-,-,-,-
105023,107394470,ENSNFUG00015001062,-,-,XP_015828897.1,ENSNFUP00015001929.1
105023,107394471,ENSNFUG00015017541,-,-,-,-
105023,107394481,ENSNFUG00015017696,-,-,XP_015828911.1,ENSNFUP00015037161.1
105023,107394482,ENSNFUG00015018033,-,-,-,-
105023,107394483,ENSNFUG00015001057,-,-,XP_015828920.1,ENSNFUP00015001921.1
105023,107394484,ENSNFUG00015017988,-,-,XP_015828918.1,ENSNFUP00015037243.1
105023,107394486,ENSNFUG00015018467,-,-,XP_015828922.1,ENSNFUP00015038564.1
105023,107394487,ENSNFUG00015018088,-,-,-,-
105023,107394488,ENSNFUG00015018637,-,-,XP_015828924.1,ENSNFUP00015038625.1
105023,107394489,ENSNFUG00015018639,-,-,XP_015828925.1,ENSNFUP00015038634.1
105023,107394492,ENSNFUG00015018744,-,-,-,-
105023,107394493,ENSNFUG00015018992,-,-,XP_015828931.1,ENSNFUP00015039426.1
105023,107394494,ENSNFUG00015018996,-,-,XP_015828933.1,ENSNFUP00015039466.1
105023,107394495,ENSNFUG00015019023,-,-,-,-
105023,107394497,ENSNFUG00015024520,-,-,-,-
105023,107394499,ENSNFUG00015019059,-,-,-,-
105023,107394502,ENSNFUG00015019092,-,-,-,-
105023,107394503,ENSNFUG00015011564,-,-,-,-
105023,107394505,ENSNFUG00015019439,-,-,-,-
105023,107394506,ENSNFUG00015019290,-,-,-,-
105023,107394508,ENSNFUG00015019148,-,-,-,-
105023,107394509,ENSNFUG00015019116,-,-,XP_015828964.1,ENSNFUP00015039694.1
105023,107394510,ENSNFUG00015019411,-,-,XP_015828965.1,ENSNFUP00015040397.1
105023,107394511,ENSNFUG00015019103,-,-,-,-
105023,107394512,ENSNFUG00015011419,-,-,-,-
105023,107394513,ENSNFUG00015011554,-,-,XP_015828969.1,ENSNFUP00015023878.1
105023,107394514,ENSNFUG00015019477,-,-,XP_015828971.1,ENSNFUP00015040577.1
105023,107394515,ENSNFUG00015019416,-,-,XP_015828972.1,ENSNFUP00015040472.1
105023,107394516,ENSNFUG00015019130,-,-,XP_015828973.1,ENSNFUP00015039702.1
105023,107394518,ENSNFUG00015011601,-,-,XP_015828975.1,ENSNFUP00015024019.1
105023,107394520,ENSNFUG00015019142,-,-,XP_015828979.1,ENSNFUP00015039735.1
105023,107394523,ENSNFUG00015011692,-,-,-,-
105023,107394529,ENSNFUG00015011730,-,-,-,-
105023,107394531,ENSNFUG00015011760,-,-,XP_015828989.1,ENSNFUP00015024324.1
105023,107394532,ENSNFUG00015011780,-,-,XP_015828991.1,ENSNFUP00015024492.1
105023,107394533,ENSNFUG00015013164,-,-,XP_015828992.1,ENSNFUP00015028668.1
105023,107394534,ENSNFUG00015011938,-,-,-,-
105023,107394537,ENSNFUG00015013904,-,-,-,-
105023,107394538,ENSNFUG00015013915,-,-,-,-
105023,107394540,ENSNFUG00015013926,-,-,-,-
105023,107394541,ENSNFUG00015013930,-,-,XP_015829001.1,ENSNFUP00015028777.1
105023,107394543,ENSNFUG00015024080,-,-,-,-
105023,107394548,ENSNFUG00015015040,-,-,-,-
105023,107394549,ENSNFUG00015015151,-,-,-,-
105023,107394550,ENSNFUG00015015647,-,-,XP_015829014.1,ENSNFUP00015031991.1
105023,107394550,ENSNFUG00015015647,-,-,XP_015829015.1,ENSNFUP00015031975.1
105023,107394553,ENSNFUG00015016703,-,-,-,-
105023,107394554,ENSNFUG00015016730,-,-,-,-
105023,107394555,ENSNFUG00015017206,-,-,XP_015829027.1,ENSNFUP00015035484.1
105023,107394556,ENSNFUG00015017431,-,-,XP_015829031.1,ENSNFUP00015040428.1
105023,107394557,ENSNFUG00015017303,-,-,XP_015829032.1,ENSNFUP00015035635.1
105023,107394558,ENSNFUG00015017174,-,-,-,-
105023,107394559,ENSNFUG00015019511,-,-,-,-
105023,107394560,ENSNFUG00015019525,-,-,XP_015829035.1,ENSNFUP00015040688.1
105023,107394561,ENSNFUG00015019553,-,-,-,-
105023,107394562,ENSNFUG00015019613,-,-,-,-
105023,107394563,ENSNFUG00015019604,-,-,-,-
105023,107394566,ENSNFUG00015019622,-,-,XP_015829046.1,ENSNFUP00015040893.1
105023,107394567,ENSNFUG00015019628,-,-,-,-
105023,107394568,ENSNFUG00015019643,-,-,-,-
105023,107394569,ENSNFUG00015019695,-,-,XP_015829052.1,ENSNFUP00015041205.1
105023,107394572,ENSNFUG00015019804,-,-,XP_015829056.1,ENSNFUP00015041256.1
105023,107394573,ENSNFUG00015019823,-,-,XP_015829059.1,ENSNFUP00015041356.1
105023,107394574,ENSNFUG00015019877,-,-,XP_015829060.1,ENSNFUP00015041532.1
105023,107394591,ENSNFUG00015019925,-,-,XP_015829068.1,ENSNFUP00015041553.1
105023,107394592,ENSNFUG00015020015,-,-,-,-
105023,107394593,ENSNFUG00015004251,-,-,XP_015829074.1,ENSNFUP00015008719.1
105023,107394594,ENSNFUG00015020767,-,-,XP_015829070.1,ENSNFUP00015043461.1
105023,107394597,ENSNFUG00015020781,-,-,XP_015829077.1,ENSNFUP00015043492.1
105023,107394598,ENSNFUG00015020784,-,-,XP_015829078.1,ENSNFUP00015043498.1
105023,107394599,ENSNFUG00015020786,-,-,XP_015829080.1,ENSNFUP00015043505.1
105023,107394600,ENSNFUG00015020789,-,-,XP_015829081.1,ENSNFUP00015043524.1
105023,107394601,ENSNFUG00015020854,-,-,XP_015829087.1,ENSNFUP00015045512.1
105023,107394601,ENSNFUG00015020854,-,-,XP_015829088.1,ENSNFUP00015045308.1
105023,107394602,ENSNFUG00015021646,-,-,-,-
105023,107394603,ENSNFUG00015021684,-,-,XP_015829090.1,ENSNFUP00015045614.1
105023,107394608,ENSNFUG00015021711,-,-,-,-
105023,107394609,ENSNFUG00015021764,-,-,XP_015829094.1,ENSNFUP00015045816.1
105023,107394610,ENSNFUG00015021772,-,-,XP_015829095.1,ENSNFUP00015045827.1
105023,107394611,ENSNFUG00015021780,-,-,XP_015829096.1,ENSNFUP00015045837.1
105023,107394612,ENSNFUG00015003518,-,-,-,-
105023,107394613,ENSNFUG00015021784,-,-,-,-
105023,107394615,ENSNFUG00015021851,-,-,XP_015829101.1,ENSNFUP00015046789.1
105023,107394616,ENSNFUG00015021804,-,-,XP_015829103.1,ENSNFUP00015045992.1
105023,107394617,ENSNFUG00015022166,-,-,-,-
105023,107394618,ENSNFUG00015022173,-,-,-,-
105023,107394621,ENSNFUG00015022236,-,-,XP_015829110.1,ENSNFUP00015047105.1
105023,107394622,ENSNFUG00015022280,-,-,XP_015829111.1,ENSNFUP00015047151.1
105023,107394623,ENSNFUG00015022292,-,-,XP_015829112.1,ENSNFUP00015047161.1
105023,107394624,ENSNFUG00015022293,-,-,XP_015829113.1,ENSNFUP00015047163.1
105023,107394625,ENSNFUG00015022302,-,-,-,-
105023,107394626,ENSNFUG00015022295,-,-,XP_015829116.1,ENSNFUP00015047169.1
105023,107394629,ENSNFUG00015022310,-,-,XP_015829119.1,ENSNFUP00015047199.1
105023,107394632,ENSNFUG00015022324,-,-,-,-
105023,107394640,ENSNFUG00015009972,-,-,XP_015829149.1,ENSNFUP00015020657.1
105023,107394642,ENSNFUG00015010078,-,-,XP_015829154.1,ENSNFUP00015020809.1
105023,107394643,ENSNFUG00015002222,-,-,XP_015829158.1,ENSNFUP00015004412.1
105023,107394646,ENSNFUG00015010236,-,-,-,-
105023,107394647,ENSNFUG00015011109,-,-,-,-
105023,107394648,ENSNFUG00015010186,-,-,-,-
105023,107394649,ENSNFUG00015011057,-,-,-,-
105023,107394650,ENSNFUG00015010295,-,-,-,-
105023,107394653,ENSNFUG00015011204,-,-,XP_015829170.1,ENSNFUP00015023187.1
105023,107394654,ENSNFUG00015011242,-,-,-,-
105023,107394655,ENSNFUG00015011267,-,-,-,-
105023,107394656,ENSNFUG00015011276,-,-,-,-
105023,107394659,ENSNFUG00015011315,-,-,XP_015829184.1,ENSNFUP00015023399.1
105023,107394660,ENSNFUG00015011302,-,-,-,-
105023,107394661,ENSNFUG00015002283,-,-,XP_015829193.1,ENSNFUP00015004714.1
105023,107394662,ENSNFUG00015011322,-,-,XP_015829190.1,ENSNFUP00015023422.1
105023,107394663,ENSNFUG00015011453,-,-,XP_015829191.1,ENSNFUP00015026062.1
105023,107394666,ENSNFUG00015012747,-,-,-,-
105023,107394671,ENSNFUG00015002406,-,-,-,-
105023,107394694,ENSNFUG00015013698,-,-,-,-
105023,107394700,ENSNFUG00015002643,-,-,XP_015829257.1,ENSNFUP00015005292.1
105023,107394703,ENSNFUG00015014860,-,-,-,-
105023,107394705,ENSNFUG00015014942,-,-,XP_015829255.1,ENSNFUP00015030614.1
105023,107394706,ENSNFUG00015014962,-,-,XP_015829258.1,ENSNFUP00015030893.1
105023,107394708,ENSNFUG00015015124,-,-,XP_015829260.1,ENSNFUP00015031127.1
105023,107394710,ENSNFUG00015015253,-,-,XP_015829263.1,ENSNFUP00015031231.1
105023,107394711,ENSNFUG00015015259,-,-,XP_015829264.1,ENSNFUP00015031262.1
105023,107394712,ENSNFUG00015015282,-,-,XP_015829265.1,ENSNFUP00015031307.1
105023,107394717,ENSNFUG00015014120,-,-,-,-
105023,107394718,ENSNFUG00015014092,-,-,XP_015829275.1,ENSNFUP00015029068.1
105023,107394719,ENSNFUG00015002658,-,-,-,-
105023,107394728,ENSNFUG00015015394,-,-,-,-
105023,107394730,ENSNFUG00015015414,-,-,-,-
105023,107394731,ENSNFUG00015015498,-,-,-,-
105023,107394735,ENSNFUG00015002676,-,-,XP_015829312.1,ENSNFUP00015005346.1
105023,107394736,ENSNFUG00015016874,-,-,-,-
105023,107394737,ENSNFUG00015016863,-,-,-,-
105023,107394738,ENSNFUG00015017337,-,-,XP_015829302.1,ENSNFUP00015035734.1
105023,107394739,ENSNFUG00015016931,-,-,-,-
105023,107394740,ENSNFUG00015017341,-,-,XP_015829305.1,ENSNFUP00015035745.1
105023,107394741,ENSNFUG00015017343,-,-,-,-
105023,107394742,ENSNFUG00015017344,-,-,XP_015829307.1,ENSNFUP00015035756.1
105023,107394744,ENSNFUG00015017353,-,-,-,-
105023,107394749,ENSNFUG00015002730,-,-,-,-
105023,107394751,ENSNFUG00015017368,-,-,-,-
105023,107394752,ENSNFUG00015017387,-,-,-,-
105023,107394753,ENSNFUG00015017376,-,-,XP_015829325.1,ENSNFUP00015035826.1
105023,107394755,ENSNFUG00015002825,-,-,XP_015829333.1,ENSNFUP00015005669.1
105023,107394757,ENSNFUG00015017422,-,-,XP_015829330.1,ENSNFUP00015035965.1
105023,107394758,ENSNFUG00015017505,-,-,-,-
105023,107394759,ENSNFUG00015018354,-,-,-,-
105023,107394760,ENSNFUG00015018351,-,-,XP_015829335.1,ENSNFUP00015038005.1
105023,107394761,ENSNFUG00015018355,-,-,XP_015829336.1,ENSNFUP00015038013.1
105023,107394762,ENSNFUG00015018373,-,-,-,-
105023,107394763,ENSNFUG00015018725,-,-,XP_015829339.1,ENSNFUP00015038831.1
105023,107394764,ENSNFUG00015018758,-,-,XP_015829340.1,ENSNFUP00015039842.1
105023,107394767,ENSNFUG00015018732,-,-,XP_015829343.1,ENSNFUP00015038845.1
105023,107394767,ENSNFUG00015018732,-,-,XP_015829344.1,ENSNFUP00015038857.1
105023,107394771,ENSNFUG00015022431,-,-,XP_015829348.1,ENSNFUP00015047462.1
105023,107394772,ENSNFUG00015022373,-,-,-,-
105023,107394781,ENSNFUG00015002830,-,-,-,-
105023,107394782,ENSNFUG00015022287,-,-,-,-
105023,107394783,ENSNFUG00015022291,-,-,XP_015829364.1,ENSNFUP00015047216.1
105023,107394784,ENSNFUG00015022282,-,-,XP_015829365.1,ENSNFUP00015047136.1
105023,107394786,ENSNFUG00015022277,-,-,-,-
105023,107394788,ENSNFUG00015021931,-,-,-,-
105023,107394789,ENSNFUG00015021920,-,-,XP_015829370.1,ENSNFUP00015046228.1
105023,107394792,ENSNFUG00015021917,-,-,XP_015829374.1,ENSNFUP00015046210.1
105023,107394793,ENSNFUG00015021713,-,-,-,-
105023,107394794,ENSNFUG00015021722,-,-,XP_015829378.1,ENSNFUP00015045707.1
105023,107394795,ENSNFUG00015021638,-,-,-,-
105023,107394798,ENSNFUG00015002885,-,-,-,-
105023,107394800,ENSNFUG00015002897,-,-,-,-
105023,107394803,ENSNFUG00015020158,-,-,-,-
105023,107394804,ENSNFUG00015020111,-,-,-,-
105023,107394805,ENSNFUG00015002903,-,-,-,-
105023,107394806,ENSNFUG00015020100,-,-,-,-
105023,107394809,ENSNFUG00015002911,-,-,XP_015829432.1,ENSNFUP00015005836.1
105023,107394810,ENSNFUG00015020075,-,-,-,-
105023,107394811,ENSNFUG00015020073,-,-,XP_015829433.1,ENSNFUP00015041835.1
105023,107394813,ENSNFUG00015019359,-,-,XP_015829438.1,ENSNFUP00015041569.1
105023,107394814,ENSNFUG00015020051,-,-,-,-
105023,107394816,ENSNFUG00015019344,-,-,XP_015829453.1,ENSNFUP00015040208.1
105023,107394819,ENSNFUG00015019332,-,-,-,-
105023,107394822,ENSNFUG00015019223,-,-,-,-
105023,107394823,ENSNFUG00015019204,-,-,XP_015829459.1,ENSNFUP00015039882.1
105023,107394828,ENSNFUG00015014809,-,-,-,-
105023,107394829,ENSNFUG00015014874,-,-,XP_015829469.1,ENSNFUP00015030765.1
105023,107394830,ENSNFUG00015015240,-,-,-,-
105023,107394832,ENSNFUG00015017527,-,-,-,-
105023,107394834,ENSNFUG00015000254,-,-,XP_015829479.1,ENSNFUP00015000308.1
105023,107394835,ENSNFUG00015017686,-,-,XP_015829475.1,ENSNFUP00015036538.1
105023,107394836,ENSNFUG00015017612,-,-,XP_015829477.1,ENSNFUP00015036435.1
105023,107394840,ENSNFUG00015017728,-,-,-,-
105023,107394844,ENSNFUG00015017743,-,-,-,-
105023,107394848,ENSNFUG00015017778,-,-,XP_015829492.1,ENSNFUP00015037915.1
105023,107394848,ENSNFUG00015017778,-,-,XP_015829494.1,ENSNFUP00015037952.1
105023,107394853,ENSNFUG00015018409,-,-,-,-
105023,107394855,ENSNFUG00015018964,-,-,-,-
105023,107394856,ENSNFUG00015018960,-,-,-,-
105023,107394857,ENSNFUG00015000283,-,-,-,-
105023,107394858,ENSNFUG00015018946,-,-,-,-
105023,107394859,ENSNFUG00015018952,-,-,-,-
105023,107394861,ENSNFUG00015018409,-,-,XP_015829508.1,ENSNFUP00015039286.1
105023,107394862,ENSNFUG00015018986,-,-,XP_015829509.1,ENSNFUP00015040295.1
105023,107394863,ENSNFUG00015019402,-,-,XP_015829512.1,ENSNFUP00015042425.1
105023,107394865,ENSNFUG00015000325,-,-,XP_015829518.1,ENSNFUP00015000493.1
105023,107394866,ENSNFUG00015020359,-,-,XP_015829516.1,ENSNFUP00015042524.1
105023,107394869,ENSNFUG00015020368,-,-,XP_015829519.1,ENSNFUP00015042539.1
105023,107394873,ENSNFUG00015020393,-,-,-,-
105023,107394879,ENSNFUG00015021012,-,-,XP_015829532.1,ENSNFUP00015044125.1
105023,107394884,ENSNFUG00015022936,-,-,XP_015829535.1,ENSNFUP00015048678.1
105023,107394885,ENSNFUG00015022916,-,-,XP_015829536.1,ENSNFUP00015048641.1
105023,107394886,ENSNFUG00015022957,-,-,XP_015829545.1,ENSNFUP00015048931.1
105023,107394887,ENSNFUG00015023080,-,-,XP_015829546.1,ENSNFUP00015048952.1
105023,107394888,ENSNFUG00015000293,-,-,-,-
105023,107394889,ENSNFUG00015023091,-,-,XP_015829548.1,ENSNFUP00015049168.1
105023,107394890,ENSNFUG00015023211,-,-,-,-
105023,107394892,ENSNFUG00015023218,-,-,XP_015829555.1,ENSNFUP00015049321.1
105023,107394896,ENSNFUG00015000412,-,-,-,-
105023,107394900,ENSNFUG00015014096,-,-,XP_015829572.1,ENSNFUP00015029072.1
105023,107394906,ENSNFUG00015016054,-,-,XP_015829578.1,ENSNFUP00015032758.1
105023,107394908,ENSNFUG00015016062,-,-,XP_015829580.1,ENSNFUP00015032770.1
105023,107394910,ENSNFUG00015016068,-,-,XP_015829582.1,ENSNFUP00015032781.1
105023,107394912,ENSNFUG00015000552,-,-,XP_015829589.1,ENSNFUP00015001118.1
105023,107394912,ENSNFUG00015000552,-,-,XP_015829600.1,ENSNFUP00015001013.1
105023,107394918,ENSNFUG00015021442,-,-,XP_015829616.1,ENSNFUP00015045101.1
105023,107394920,ENSNFUG00015021475,-,-,XP_015829620.1,ENSNFUP00015045186.1
105023,107394923,ENSNFUG00015001578,-,-,XP_015829629.1,ENSNFUP00015003083.1
105023,107394924,ENSNFUG00015021494,-,-,XP_015829628.1,ENSNFUP00015045223.1
105023,107394926,ENSNFUG00015021508,-,-,-,-
105023,107394927,ENSNFUG00015021525,-,-,XP_015829631.1,ENSNFUP00015045377.1
105023,107394928,ENSNFUG00015021569,-,-,XP_015829632.1,ENSNFUP00015045382.1
105023,107394929,ENSNFUG00015021574,-,-,XP_015829633.1,ENSNFUP00015045390.1
105023,107394930,ENSNFUG00015021584,-,-,XP_015829634.1,ENSNFUP00015045407.1
105023,107394931,ENSNFUG00015021595,-,-,XP_015829637.1,ENSNFUP00015045434.1
105023,107394932,ENSNFUG00015021615,-,-,XP_015829638.1,ENSNFUP00015045478.1
105023,107394935,ENSNFUG00015021631,-,-,XP_015829641.1,ENSNFUP00015045497.1
105023,107394938,ENSNFUG00015001654,-,-,-,-
105023,107394940,ENSNFUG00015021633,-,-,XP_015829644.1,ENSNFUP00015045511.1
105023,107394942,ENSNFUG00015021640,-,-,XP_015829647.1,ENSNFUP00015045528.1
105023,107394944,ENSNFUG00015022480,-,-,XP_015829649.1,ENSNFUP00015048060.1
105023,107394951,ENSNFUG00015022846,-,-,XP_015829665.1,ENSNFUP00015048512.1
105023,107394952,ENSNFUG00015022857,-,-,XP_015829666.1,ENSNFUP00015048534.1
105023,107394952,ENSNFUG00015022857,-,-,XP_015829667.1,ENSNFUP00015048531.1
105023,107394954,ENSNFUG00015022859,-,-,XP_015829668.1,ENSNFUP00015048544.1
105023,107394955,ENSNFUG00015022868,-,-,XP_015829669.1,ENSNFUP00015048554.1
105023,107394958,ENSNFUG00015022908,-,-,XP_015829671.1,ENSNFUP00015048624.1
105023,107394962,ENSNFUG00015016579,-,-,XP_015829680.1,ENSNFUP00015034271.1
105023,107394965,ENSNFUG00015016736,-,-,XP_015829685.1,ENSNFUP00015034319.1
105023,107394968,ENSNFUG00015016746,-,-,XP_015829693.1,ENSNFUP00015034338.1
105023,107394969,ENSNFUG00015016803,-,-,XP_015829695.1,ENSNFUP00015034504.1
105023,107394971,ENSNFUG00015001720,-,-,XP_015829700.1,ENSNFUP00015003410.1
105023,107394971,ENSNFUG00015001720,-,-,XP_015829708.1,ENSNFUP00015003425.1
105023,107394974,ENSNFUG00015016896,-,-,XP_015829701.1,ENSNFUP00015034738.1
105023,107394979,ENSNFUG00015016955,-,-,XP_015829709.1,ENSNFUP00015035063.1
105023,107394984,ENSNFUG00015020325,-,-,XP_015829714.1,ENSNFUP00015042445.1
105023,107394986,ENSNFUG00015020332,-,-,XP_015829717.1,ENSNFUP00015042476.1
105023,107394989,ENSNFUG00015020350,-,-,XP_015829719.1,ENSNFUP00015042520.1
105023,107394989,ENSNFUG00015020350,-,-,XP_015829720.1,ENSNFUP00015042514.1
105023,107394992,ENSNFUG00015020370,-,-,XP_015829723.1,ENSNFUP00015042536.1
105023,107394994,ENSNFUG00015020912,-,-,-,-
105023,107394996,ENSNFUG00015020922,-,-,-,-
105023,107394999,ENSNFUG00015002385,-,-,XP_015829739.1,ENSNFUP00015006993.1
105023,107394999,ENSNFUG00015002385,-,-,XP_015829747.1,ENSNFUP00015007156.1
105023,107395001,ENSNFUG00015021262,-,-,-,-
105023,107395010,ENSNFUG00015022208,-,-,-,-
105023,107395011,ENSNFUG00015001806,-,-,-,-
105023,107395012,ENSNFUG00015022215,-,-,XP_015829756.1,ENSNFUP00015046966.1
105023,107395013,ENSNFUG00015022217,-,-,-,-
105023,107395014,ENSNFUG00015022228,-,-,XP_015829758.1,ENSNFUP00015047011.1
105023,107395015,ENSNFUG00015022223,-,-,XP_015829760.1,ENSNFUP00015047004.1
105023,107395017,ENSNFUG00015022230,-,-,-,-
105023,107395021,ENSNFUG00015014124,-,-,XP_015829765.1,ENSNFUP00015029161.1
105023,107395024,ENSNFUG00015014206,-,-,XP_015829767.1,ENSNFUP00015029299.1
105023,107395026,ENSNFUG00015014320,-,-,XP_015829772.1,ENSNFUP00015029731.1
105023,107395028,ENSNFUG00015014599,-,-,XP_015829775.1,ENSNFUP00015030263.1
105023,107395029,ENSNFUG00015014798,-,-,XP_015829776.1,ENSNFUP00015030349.1
105023,107395033,ENSNFUG00015014868,-,-,-,-
105023,107395034,ENSNFUG00015014886,-,-,-,-
105023,107395035,ENSNFUG00015003670,-,-,-,-
105023,107395037,ENSNFUG00015014959,-,-,XP_015829786.1,ENSNFUP00015030647.1
105023,107395038,ENSNFUG00015014977,-,-,XP_015829787.1,ENSNFUP00015030769.1
105023,107395042,ENSNFUG00015015046,-,-,-,-
105023,107395043,ENSNFUG00015015118,-,-,XP_015829793.1,ENSNFUP00015032506.1
105023,107395044,ENSNFUG00015016029,-,-,-,-
105023,107395048,ENSNFUG00015016397,-,-,-,-
105023,107395049,ENSNFUG00015016427,-,-,XP_015829806.1,ENSNFUP00015034793.1
105023,107395050,ENSNFUG00015017079,-,-,-,-
105023,107395052,ENSNFUG00015019297,-,-,-,-
105023,107395054,ENSNFUG00015019558,-,-,-,-
105023,107395057,ENSNFUG00015003692,-,-,-,-
105023,107395066,ENSNFUG00015019940,-,-,XP_015829827.1,ENSNFUP00015042379.1
105023,107395066,ENSNFUG00015019940,-,-,XP_015829828.1,ENSNFUP00015042396.1
105023,107395067,ENSNFUG00015020321,-,-,XP_015829829.1,ENSNFUP00015042439.1
105023,107395068,ENSNFUG00015020329,-,-,XP_015829831.1,ENSNFUP00015042479.1
105023,107395070,ENSNFUG00015020351,-,-,XP_015829833.1,ENSNFUP00015042582.1
105023,107395072,ENSNFUG00015020406,-,-,XP_015829837.1,ENSNFUP00015042627.1
105023,107395074,ENSNFUG00015020421,-,-,XP_015829840.1,ENSNFUP00015042683.1
105023,107395076,ENSNFUG00015003737,-,-,XP_015829847.1,ENSNFUP00015007595.1
105023,107395079,ENSNFUG00015020453,-,-,XP_015829845.1,ENSNFUP00015042722.1
105023,107395083,ENSNFUG00015020499,-,-,-,-
105023,107395084,ENSNFUG00015020503,-,-,-,-
105023,107395086,ENSNFUG00015020536,-,-,-,-
105023,107395087,ENSNFUG00015021479,-,-,-,-
105023,107395090,ENSNFUG00015003740,-,-,-,-
105023,107395100,ENSNFUG00015003741,-,-,XP_015829872.1,ENSNFUP00015007605.1
105023,107395101,ENSNFUG00015021552,-,-,-,-
105023,107395102,ENSNFUG00015021555,-,-,-,-
105023,107395105,ENSNFUG00015021565,-,-,-,-
105023,107395107,ENSNFUG00015021609,-,-,-,-
105023,107395109,ENSNFUG00015022036,-,-,-,-
105023,107395110,ENSNFUG00015022055,-,-,XP_015829883.1,ENSNFUP00015046501.1
105023,107395111,ENSNFUG00015022067,-,-,-,-
105023,107395114,ENSNFUG00015003745,-,-,-,-
105023,107395118,ENSNFUG00015022147,-,-,XP_015829890.1,ENSNFUP00015046736.1
105023,107395120,ENSNFUG00015022264,-,-,-,-
105023,107395122,ENSNFUG00015003752,-,-,-,-
105023,107395123,ENSNFUG00015009204,-,-,-,-
105023,107395124,ENSNFUG00015009015,-,-,-,-
105023,107395125,ENSNFUG00015009257,-,-,XP_015829899.1,ENSNFUP00015019166.1
105023,107395126,ENSNFUG00015009299,-,-,-,-
105023,107395128,ENSNFUG00015009330,-,-,XP_015829903.1,ENSNFUP00015019778.1
105023,107395129,ENSNFUG00015002030,-,-,-,-
105023,107395130,ENSNFUG00015009721,-,-,-,-
105023,107395131,ENSNFUG00015010455,-,-,XP_015829910.1,ENSNFUP00015021528.1
105023,107395132,ENSNFUG00015010478,-,-,-,-
105023,107395133,ENSNFUG00015010564,-,-,-,-
105023,107395134,ENSNFUG00015010597,-,-,-,-
105023,107395135,ENSNFUG00015009591,-,-,-,-
105023,107395141,ENSNFUG00015011742,-,-,-,-
105023,107395145,ENSNFUG00015011895,-,-,-,-
105023,107395146,ENSNFUG00015011966,-,-,-,-
105023,107395149,ENSNFUG00015012088,-,-,XP_015829941.1,ENSNFUP00015025014.1
105023,107395150,ENSNFUG00015012112,-,-,XP_015829945.1,ENSNFUP00015025075.1
105023,107395151,ENSNFUG00015012101,-,-,XP_015829947.1,ENSNFUP00015025046.1
105023,107395152,ENSNFUG00015012127,-,-,XP_015829948.1,ENSNFUP00015025110.1
105023,107395153,ENSNFUG00015012134,-,-,XP_015829949.1,ENSNFUP00015025137.1
105023,107395154,ENSNFUG00015003754,-,-,-,-
105023,107395155,ENSNFUG00015012175,-,-,XP_015829950.1,ENSNFUP00015025255.1
105023,107395159,ENSNFUG00015012359,-,-,XP_015829954.1,ENSNFUP00015028252.1
105023,107395162,ENSNFUG00015013843,-,-,-,-
105023,107395164,ENSNFUG00015003759,-,-,-,-
105023,107395170,ENSNFUG00015015671,-,-,-,-
105023,107395172,ENSNFUG00015015926,-,-,XP_015829967.1,ENSNFUP00015032518.1
105023,107395174,ENSNFUG00015003764,-,-,XP_015829971.1,ENSNFUP00015007643.1
105023,107395184,ENSNFUG00015016137,-,-,XP_015829984.1,ENSNFUP00015035272.1
105023,107395189,ENSNFUG00015017995,-,-,XP_015829991.1,ENSNFUP00015037209.1
105023,107395190,ENSNFUG00015017887,-,-,XP_015829992.1,ENSNFUP00015036956.1
105023,107395192,ENSNFUG00015003789,-,-,-,-
105023,107395193,ENSNFUG00015017952,-,-,XP_015829995.1,ENSNFUP00015037093.1
105023,107395199,ENSNFUG00015018032,-,-,-,-
105023,107395201,ENSNFUG00015018235,-,-,-,-
105023,107395202,ENSNFUG00015018229,-,-,XP_015830010.1,ENSNFUP00015037725.1
105023,107395210,ENSNFUG00015018255,-,-,XP_015830018.1,ENSNFUP00015037793.1
105023,107395213,ENSNFUG00015018263,-,-,XP_015830020.1,ENSNFUP00015037803.1
105023,107395214,ENSNFUG00015018303,-,-,XP_015830021.1,ENSNFUP00015040568.1
105023,107395215,ENSNFUG00015019510,-,-,XP_015830023.1,ENSNFUP00015040984.1
105023,107395216,ENSNFUG00015019500,-,-,XP_015830024.1,ENSNFUP00015040629.1
105023,107395221,ENSNFUG00015019830,-,-,XP_015830031.1,ENSNFUP00015041406.1
105023,107395225,ENSNFUG00015022267,-,-,XP_015830037.1,ENSNFUP00015047100.1
105023,107395229,ENSNFUG00015014203,-,-,XP_015830042.1,ENSNFUP00015029271.1
105023,107395231,ENSNFUG00015014166,-,-,XP_015830044.1,ENSNFUP00015029203.1
105023,107395236,ENSNFUG00015003779,-,-,XP_015830048.1,ENSNFUP00015007686.1
105023,107395239,ENSNFUG00015014364,-,-,-,-
105023,107395243,ENSNFUG00015014423,-,-,-,-
105023,107395245,ENSNFUG00015014468,-,-,XP_015830058.1,ENSNFUP00015029855.1
105023,107395246,ENSNFUG00015014579,-,-,XP_015830059.1,ENSNFUP00015029937.1
105023,107395249,ENSNFUG00015014608,-,-,-,-
105023,107395253,ENSNFUG00015014668,-,-,-,-
105023,107395254,ENSNFUG00015015200,-,-,-,-
105023,107395256,ENSNFUG00015017748,-,-,XP_015830077.1,ENSNFUP00015036644.1
105023,107395259,ENSNFUG00015003828,-,-,-,-
105023,107395266,ENSNFUG00015023075,-,-,-,-
105023,107395268,ENSNFUG00015023087,-,-,XP_015830099.1,ENSNFUP00015049007.1
105023,107395270,ENSNFUG00015023126,-,-,XP_015830112.1,ENSNFUP00015049083.1
105023,107395273,ENSNFUG00015003835,-,-,-,-
105023,107395276,ENSNFUG00015023139,-,-,-,-
105023,107395285,ENSNFUG00015023147,-,-,-,-
105023,107395286,ENSNFUG00015003929,-,-,-,-
105023,107395288,ENSNFUG00015023149,-,-,-,-
105023,107395289,ENSNFUG00015023155,-,-,-,-
105023,107395290,ENSNFUG00015023156,-,-,-,-
105023,107395298,ENSNFUG00015023193,-,-,XP_015830139.1,ENSNFUP00015049332.1
105023,107395299,ENSNFUG00015023240,-,-,-,-
105023,107395300,ENSNFUG00015023244,-,-,-,-
105023,107395301,ENSNFUG00015023272,-,-,XP_015830143.1,ENSNFUP00015049466.1
105023,107395302,ENSNFUG00015023326,-,-,-,-
105023,107395303,ENSNFUG00015002876,-,-,XP_015830148.1,ENSNFUP00015005775.1
105023,107395307,ENSNFUG00015023351,-,-,XP_015830149.1,ENSNFUP00015049610.1
105023,107395310,ENSNFUG00015023344,-,-,-,-
105023,107395316,ENSNFUG00015023364,-,-,XP_015830155.1,ENSNFUP00015049621.1
105023,107395318,ENSNFUG00015023375,-,-,-,-
105023,107395319,ENSNFUG00015023401,-,-,-,-
105023,107395323,ENSNFUG00015023445,-,-,XP_015830172.1,ENSNFUP00015049833.1
105023,107395326,ENSNFUG00015023447,-,-,-,-
105023,107395327,ENSNFUG00015023453,-,-,XP_015830175.1,ENSNFUP00015049847.1
105023,107395329,ENSNFUG00015023469,-,-,XP_015830178.1,ENSNFUP00015049902.1
105023,107395332,ENSNFUG00015023493,-,-,XP_015830185.1,ENSNFUP00015049933.1
105023,107395334,ENSNFUG00015023489,-,-,XP_015830186.1,ENSNFUP00015049922.1
105023,107395336,ENSNFUG00015023485,-,-,-,-
105023,107395337,ENSNFUG00015023492,-,-,XP_015830191.1,ENSNFUP00015049929.1
105023,107395344,ENSNFUG00015002028,-,-,XP_015830302.1,ENSNFUP00015004036.1
105023,107395346,ENSNFUG00015008888,-,-,-,-
105023,107395348,ENSNFUG00015009208,-,-,XP_015830200.1,ENSNFUP00015019113.1
105023,107395352,ENSNFUG00015009587,-,-,-,-
105023,107395356,ENSNFUG00015009503,-,-,-,-
105023,107395360,ENSNFUG00015009693,-,-,-,-
105023,107395362,ENSNFUG00015009708,-,-,-,-
105023,107395364,ENSNFUG00015009749,-,-,XP_015830225.1,ENSNFUP00015020395.1
105023,107395366,ENSNFUG00015009937,-,-,-,-
105023,107395367,ENSNFUG00015009961,-,-,-,-
105023,107395368,ENSNFUG00015010510,-,-,-,-
105023,107395370,ENSNFUG00015010510,-,-,XP_015830229.1,ENSNFUP00015022011.1
105023,107395372,ENSNFUG00015010705,-,-,XP_015830231.1,ENSNFUP00015022155.1
105023,107395373,ENSNFUG00015010705,-,-,XP_015830234.1,ENSNFUP00015022880.1
105023,107395375,ENSNFUG00015011153,-,-,-,-
105023,107395376,ENSNFUG00015011097,-,-,-,-
105023,107395391,ENSNFUG00015011450,-,-,XP_015830248.1,ENSNFUP00015023816.1
105023,107395391,ENSNFUG00015011450,-,-,XP_015830251.1,ENSNFUP00015023851.1
105023,107395391,ENSNFUG00015011450,-,-,XP_015830254.1,ENSNFUP00015024003.1
105023,107395393,ENSNFUG00015011638,-,-,XP_015830255.1,ENSNFUP00015024110.1
105023,107395394,ENSNFUG00015011391,-,-,XP_015830256.1,ENSNFUP00015023584.1
105023,107395395,ENSNFUG00015011423,-,-,XP_015830257.1,ENSNFUP00015023609.1
105023,107395396,ENSNFUG00015011433,-,-,XP_015830258.1,ENSNFUP00015023616.1
105023,107395400,ENSNFUG00015011385,-,-,XP_015830261.1,ENSNFUP00015023539.1
105023,107395401,ENSNFUG00015011719,-,-,-,-
105023,107395401,ENSNFUG00015011719,-,-,XP_015830262.1,ENSNFUP00015024325.1
105023,107395404,ENSNFUG00015013311,-,-,-,-
105023,107395410,ENSNFUG00015013466,-,-,XP_015830274.1,ENSNFUP00015027840.1
105023,107395412,ENSNFUG00015013460,-,-,-,-
105023,107395420,ENSNFUG00015013786,-,-,XP_015830283.1,ENSNFUP00015028503.1
105023,107395421,ENSNFUG00015014023,-,-,XP_015830286.1,ENSNFUP00015035678.1
105023,107395421,ENSNFUG00015014023,-,-,XP_015830287.1,ENSNFUP00015035697.1
105023,107395422,ENSNFUG00015013817,-,-,XP_015830288.1,ENSNFUP00015028736.1
105023,107395422,ENSNFUG00015013817,-,-,XP_015830289.1,ENSNFUP00015028764.1
105023,107395426,ENSNFUG00015017536,-,-,-,-
105023,107395427,ENSNFUG00015017533,-,-,-,-
105023,107395428,ENSNFUG00015017543,-,-,-,-
105023,107395429,ENSNFUG00015019936,-,-,-,-
105023,107395430,ENSNFUG00015017626,-,-,-,-
105023,107395431,ENSNFUG00015017897,-,-,-,-
105023,107395433,ENSNFUG00015017817,-,-,XP_015830304.1,ENSNFUP00015036838.1
105023,107395436,ENSNFUG00015019954,-,-,-,-
105023,107395440,ENSNFUG00015020221,-,-,XP_015830314.1,ENSNFUP00015042521.1
105023,107395442,ENSNFUG00015020423,-,-,XP_015830318.1,ENSNFUP00015042668.1
105023,107395443,ENSNFUG00015020435,-,-,XP_015830320.1,ENSNFUP00015042691.1
105023,107395443,ENSNFUG00015020435,-,-,XP_015830322.1,ENSNFUP00015042708.1
105023,107395443,ENSNFUG00015020435,-,-,XP_015830323.1,ENSNFUP00015042720.1
105023,107395446,ENSNFUG00015020460,-,-,XP_015830327.1,ENSNFUP00015042736.1
105023,107395448,ENSNFUG00015020493,-,-,-,-
105023,107395449,ENSNFUG00015020511,-,-,XP_015830330.1,ENSNFUP00015042999.1
105023,107395451,ENSNFUG00015020482,-,-,-,-
105023,107395453,ENSNFUG00015020602,-,-,XP_015830337.1,ENSNFUP00015043028.1
105023,107395460,ENSNFUG00015008959,-,-,XP_015830342.1,ENSNFUP00015018812.1
105023,107395463,ENSNFUG00015009066,-,-,-,-
105023,107395470,ENSNFUG00015009274,-,-,XP_015830352.1,ENSNFUP00015019196.1
105023,107395472,ENSNFUG00015009306,-,-,-,-
105023,107395475,ENSNFUG00015009390,-,-,-,-
105023,107395484,ENSNFUG00015009442,-,-,-,-
105023,107395485,ENSNFUG00015009433,-,-,XP_015830366.1,ENSNFUP00015019476.1
105023,107395489,ENSNFUG00015009555,-,-,-,-
105023,107395495,ENSNFUG00015009589,-,-,XP_015830378.1,ENSNFUP00015019818.1
105023,107395503,ENSNFUG00015009701,-,-,XP_015830383.1,ENSNFUP00015020366.1
105023,107395503,ENSNFUG00015009701,-,-,XP_015830384.1,ENSNFUP00015020391.1
105023,107395504,ENSNFUG00015009953,-,-,XP_015830385.1,ENSNFUP00015020833.1
105023,107395504,ENSNFUG00015009953,-,-,XP_015830386.1,ENSNFUP00015020865.1
105023,107395505,ENSNFUG00015010182,-,-,-,-
105023,107395507,ENSNFUG00015009933,-,-,XP_015830388.1,ENSNFUP00015020455.1
105023,107395508,ENSNFUG00015009909,-,-,XP_015830390.1,ENSNFUP00015020443.1
105023,107395524,ENSNFUG00015010595,-,-,-,-
105023,107395525,ENSNFUG00015010605,-,-,-,-
105023,107395531,ENSNFUG00015010724,-,-,XP_015830409.1,ENSNFUP00015022119.1
105023,107395538,ENSNFUG00015010890,-,-,XP_015830415.1,ENSNFUP00015022500.1
105023,107395539,ENSNFUG00015010887,-,-,XP_015830416.1,ENSNFUP00015022490.1
105023,107395547,ENSNFUG00015010955,-,-,XP_015830424.1,ENSNFUP00015022670.1
105023,107395550,ENSNFUG00015010977,-,-,-,-
105023,107395553,ENSNFUG00015011044,-,-,XP_015830430.1,ENSNFUP00015023028.1
105023,107395553,ENSNFUG00015011044,-,-,XP_015830433.1,ENSNFUP00015023097.1
105023,107395553,ENSNFUG00015011044,-,-,XP_015830434.1,ENSNFUP00015022999.1
105023,107395557,ENSNFUG00015011012,-,-,XP_015830438.1,ENSNFUP00015022801.1
105023,107395558,ENSNFUG00015011189,-,-,-,-
105023,107395560,ENSNFUG00015011194,-,-,-,-
105023,107395562,ENSNFUG00015011181,-,-,-,-
105023,107395563,ENSNFUG00015011181,-,-,-,-
105023,107395566,ENSNFUG00015011293,-,-,XP_015830454.1,ENSNFUP00015023318.1
105023,107395567,ENSNFUG00015011218,-,-,-,-
105023,107395568,ENSNFUG00015013970,-,-,-,-
105023,107395571,ENSNFUG00015013982,-,-,-,-
105023,107395572,ENSNFUG00015014006,-,-,XP_015830463.1,ENSNFUP00015030430.1
105023,107395588,ENSNFUG00015010530,-,-,XP_015830484.1,ENSNFUP00015023843.1
105023,107395588,ENSNFUG00015010530,-,-,XP_015830485.1,ENSNFUP00015023833.1
105023,107395589,ENSNFUG00015011689,-,-,XP_015830487.1,ENSNFUP00015024157.1
105023,107395593,ENSNFUG00015011710,-,-,XP_015830489.1,ENSNFUP00015024202.1
105023,107395595,ENSNFUG00015007292,-,-,XP_015830494.1,ENSNFUP00015015034.1
105023,107395603,ENSNFUG00015007316,-,-,XP_015830516.1,ENSNFUP00015015096.1
105023,107395610,ENSNFUG00015013866,-,-,-,-
105023,107395611,ENSNFUG00015012536,-,-,-,-
105023,107395612,ENSNFUG00015012465,-,-,XP_015830508.1,ENSNFUP00015025746.1
105023,107395612,ENSNFUG00015012465,-,-,XP_015830509.1,ENSNFUP00015025750.1
105023,107395612,ENSNFUG00015012465,-,-,XP_015830510.1,ENSNFUP00015025754.1
105023,107395612,ENSNFUG00015012465,-,-,XP_015830511.1,ENSNFUP00015025758.1
105023,107395629,ENSNFUG00015013907,-,-,XP_015830531.1,ENSNFUP00015028710.1
105023,107395633,ENSNFUG00015013917,-,-,-,-
105023,107395637,ENSNFUG00015007331,-,-,-,-
105023,107395639,ENSNFUG00015017650,-,-,XP_015830541.1,ENSNFUP00015037403.1
105023,107395640,ENSNFUG00015017621,-,-,-,-
105023,107395646,ENSNFUG00015018136,-,-,XP_015830548.1,ENSNFUP00015037527.1
105023,107395651,ENSNFUG00015018198,-,-,-,-
105023,107395652,ENSNFUG00015018162,-,-,-,-
105023,107395653,ENSNFUG00015019268,-,-,XP_015830558.1,ENSNFUP00015040043.1
105023,107395658,ENSNFUG00015020233,-,-,-,-
105023,107395659,ENSNFUG00015020238,-,-,XP_015830566.1,ENSNFUP00015042199.1
105023,107395663,ENSNFUG00015007737,-,-,XP_015830572.1,ENSNFUP00015016678.1
105023,107395663,ENSNFUG00015007737,-,-,XP_015830579.1,ENSNFUP00015016664.1
105023,107395665,ENSNFUG00015020563,-,-,-,-
105023,107395670,ENSNFUG00015020576,-,-,-,-
105023,107395673,ENSNFUG00015020597,-,-,-,-
105023,107395677,ENSNFUG00015020841,-,-,-,-
105023,107395678,ENSNFUG00015020856,-,-,-,-
105023,107395679,ENSNFUG00015020886,-,-,-,-
105023,107395680,ENSNFUG00015014141,-,-,-,-
105023,107395683,ENSNFUG00015020888,-,-,-,-
105023,107395690,ENSNFUG00015014485,-,-,XP_015830608.1,ENSNFUP00015030391.1
105023,107395692,ENSNFUG00015015337,-,-,-,-
105023,107395693,ENSNFUG00015015370,-,-,-,-
105023,107395696,ENSNFUG00015002052,-,-,-,-
105023,107395697,ENSNFUG00015008046,-,-,-,-
105023,107395698,ENSNFUG00015015928,-,-,XP_015830615.1,ENSNFUP00015033618.1
105023,107395701,ENSNFUG00015016492,-,-,-,-
105023,107395703,ENSNFUG00015016456,-,-,-,-
105023,107395720,ENSNFUG00015008100,-,-,XP_015830647.1,ENSNFUP00015016944.1
105023,107395723,ENSNFUG00015018611,-,-,XP_015830645.1,ENSNFUP00015038562.1
105023,107395727,ENSNFUG00015018602,-,-,XP_015830650.1,ENSNFUP00015038527.1
105023,107395728,ENSNFUG00015018663,-,-,XP_015830652.1,ENSNFUP00015038687.1
105023,107395730,ENSNFUG00015008111,-,-,-,-
105023,107395732,ENSNFUG00015018691,-,-,XP_015830656.1,ENSNFUP00015038738.1
105023,107395735,ENSNFUG00015018702,-,-,-,-
105023,107395736,ENSNFUG00015018709,-,-,XP_015830661.1,ENSNFUP00015038789.1
105023,107395739,ENSNFUG00015018724,-,-,-,-
105023,107395740,ENSNFUG00015008106,-,-,-,-
105023,107395745,ENSNFUG00015018734,-,-,XP_015830680.1,ENSNFUP00015038846.1
105023,107395748,ENSNFUG00015018743,-,-,XP_015830683.1,ENSNFUP00015038864.1
105023,107395749,ENSNFUG00015019326,-,-,XP_015830684.1,ENSNFUP00015040169.1
105023,107395752,ENSNFUG00015019391,-,-,XP_015830689.1,ENSNFUP00015040331.1
105023,107395753,ENSNFUG00015019385,-,-,XP_015830690.1,ENSNFUP00015040315.1
105023,107395761,ENSNFUG00015008227,-,-,XP_015830699.1,ENSNFUP00015020326.1
105023,107395764,ENSNFUG00015019452,-,-,-,-
105023,107395767,ENSNFUG00015019457,-,-,XP_015830704.1,ENSNFUP00015040524.1
105023,107395769,ENSNFUG00015019478,-,-,XP_015830706.1,ENSNFUP00015040580.1
105023,107395771,ENSNFUG00015019475,-,-,-,-
105023,107395775,ENSNFUG00015021568,-,-,-,-
105023,107395776,ENSNFUG00015010050,-,-,XP_015830718.1,ENSNFUP00015021068.1
105023,107395781,ENSNFUG00015021610,-,-,-,-
105023,107395783,ENSNFUG00015002056,-,-,XP_015830759.1,ENSNFUP00015004094.1
105023,107395786,ENSNFUG00015021622,-,-,XP_015830723.1,ENSNFUP00015045474.1
105023,107395789,ENSNFUG00015014235,-,-,-,-
105023,107395790,ENSNFUG00015014204,-,-,-,-
105023,107395793,ENSNFUG00015014273,-,-,XP_015830731.1,ENSNFUP00015029387.1
105023,107395797,ENSNFUG00015010366,-,-,-,-
105023,107395798,ENSNFUG00015014332,-,-,XP_015830734.1,ENSNFUP00015029461.1
105023,107395799,ENSNFUG00015014369,-,-,XP_015830736.1,ENSNFUP00015029553.1
105023,107395800,ENSNFUG00015014396,-,-,XP_015830737.1,ENSNFUP00015029580.1
105023,107395807,ENSNFUG00015015165,-,-,-,-
105023,107395808,ENSNFUG00015015247,-,-,XP_015830749.1,ENSNFUP00015031366.1
105023,107395809,ENSNFUG00015015223,-,-,-,-
105023,107395810,ENSNFUG00015010493,-,-,-,-
105023,107395813,ENSNFUG00015015346,-,-,XP_015830763.1,ENSNFUP00015031418.1
105023,107395823,ENSNFUG00015015693,-,-,-,-
105023,107395824,ENSNFUG00015016478,-,-,XP_015830780.1,ENSNFUP00015033690.1
105023,107395829,ENSNFUG00015016536,-,-,XP_015830783.1,ENSNFUP00015034381.1
105023,107395848,ENSNFUG00015017048,-,-,-,-
105023,107395851,ENSNFUG00015017091,-,-,XP_015830811.1,ENSNFUP00015035179.1
105023,107395852,ENSNFUG00015017080,-,-,-,-
105023,107395855,ENSNFUG00015017127,-,-,XP_015830815.1,ENSNFUP00015035218.1
105023,107395856,ENSNFUG00015017121,-,-,-,-
105023,107395858,ENSNFUG00015017146,-,-,-,-
105023,107395862,ENSNFUG00015017185,-,-,XP_015830824.1,ENSNFUP00015035354.1
105023,107395864,ENSNFUG00015017195,-,-,XP_015830826.1,ENSNFUP00015035390.1
105023,107395865,ENSNFUG00015017210,-,-,XP_015830827.1,ENSNFUP00015035411.1
105023,107395867,ENSNFUG00015017222,-,-,XP_015830829.1,ENSNFUP00015035501.1
105023,107395868,ENSNFUG00015017250,-,-,-,-
105023,107395869,ENSNFUG00015002106,-,-,XP_015831084.1,ENSNFUP00015004276.1
105023,107395869,ENSNFUG00015002106,-,-,XP_015831315.1,ENSNFUP00015004301.1
105023,107395870,ENSNFUG00015011217,-,-,-,-
105023,107395871,ENSNFUG00015017281,-,-,XP_015830831.1,ENSNFUP00015035579.1
105023,107395873,ENSNFUG00015017213,-,-,-,-
105023,107395876,ENSNFUG00015017300,-,-,XP_015830840.1,ENSNFUP00015035621.1
105023,107395879,ENSNFUG00015011030,-,-,-,-
105023,107395888,ENSNFUG00015012047,-,-,-,-
105023,107395899,ENSNFUG00015012040,-,-,-,-
105023,107395901,ENSNFUG00015018122,-,-,-,-
105023,107395902,ENSNFUG00015018620,-,-,XP_015830866.1,ENSNFUP00015038609.1
105023,107395904,ENSNFUG00015018646,-,-,XP_015830868.1,ENSNFUP00015038650.1
105023,107395910,ENSNFUG00015018650,-,-,XP_015830871.1,ENSNFUP00015038662.1
105023,107395916,ENSNFUG00015018755,-,-,-,-
105023,107395917,ENSNFUG00015018658,-,-,-,-
105023,107395926,ENSNFUG00015017190,-,-,-,-
105023,107395930,ENSNFUG00015019698,-,-,XP_015830883.1,ENSNFUP00015041161.1
105023,107395933,ENSNFUG00015019774,-,-,XP_015830887.1,ENSNFUP00015041197.1
105023,107395939,ENSNFUG00015019828,-,-,XP_015830894.1,ENSNFUP00015041299.1
105023,107395945,ENSNFUG00015019851,-,-,XP_015830898.1,ENSNFUP00015041373.1
105023,107395948,ENSNFUG00015019891,-,-,-,-
105023,107395953,ENSNFUG00015017635,-,-,XP_015830905.1,ENSNFUP00015036393.1
105023,107395954,ENSNFUG00015017542,-,-,XP_015830920.1,ENSNFUP00015036199.1
105023,107395957,ENSNFUG00015017610,-,-,-,-
105023,107395958,ENSNFUG00015017598,-,-,-,-
105023,107395962,ENSNFUG00015017573,-,-,-,-
105023,107395963,ENSNFUG00015017465,-,-,-,-
105023,107395964,ENSNFUG00015017590,-,-,-,-
105023,107395965,ENSNFUG00015017478,-,-,-,-
105023,107395966,ENSNFUG00015017485,-,-,XP_015830931.1,ENSNFUP00015036182.1
105023,107395975,ENSNFUG00015015250,-,-,-,-
105023,107395976,ENSNFUG00015014219,-,-,-,-
105023,107395977,ENSNFUG00015017555,-,-,XP_015830948.1,ENSNFUP00015036222.1
105023,107395983,ENSNFUG00015017802,-,-,XP_015830959.1,ENSNFUP00015036773.1
105023,107395988,ENSNFUG00015017883,-,-,-,-
105023,107395989,ENSNFUG00015017993,-,-,XP_015830967.1,ENSNFUP00015037285.1
105023,107395992,ENSNFUG00015017876,-,-,XP_015830972.1,ENSNFUP00015036924.1
105023,107395996,ENSNFUG00015018109,-,-,XP_015830976.1,ENSNFUP00015037554.1
105023,107395997,ENSNFUG00015017406,-,-,XP_015830978.1,ENSNFUP00015035905.1
105023,107396007,ENSNFUG00015017600,-,-,-,-
105023,107396008,ENSNFUG00015017898,-,-,-,-
105023,107396010,ENSNFUG00015018197,-,-,-,-
105023,107396010,ENSNFUG00015018197,-,-,XP_015830994.1,ENSNFUP00015037669.1
105023,107396011,ENSNFUG00015018218,-,-,-,-
105023,107396012,ENSNFUG00015018270,-,-,-,-
105023,107396013,ENSNFUG00015018261,-,-,-,-
105023,107396014,ENSNFUG00015017942,-,-,XP_015831004.1,ENSNFUP00015037169.1
105023,107396016,ENSNFUG00015017461,-,-,-,-
105023,107396017,ENSNFUG00015017425,-,-,XP_015831005.1,ENSNFUP00015035942.1
105023,107396021,ENSNFUG00015017639,-,-,XP_015831009.1,ENSNFUP00015036731.1
105023,107396023,ENSNFUG00015018006,-,-,-,-
105023,107396025,ENSNFUG00015017865,-,-,-,-
105023,107396026,ENSNFUG00015017878,-,-,-,-
105023,107396029,ENSNFUG00015018016,-,-,XP_015831018.1,ENSNFUP00015037239.1
105023,107396030,ENSNFUG00015018277,-,-,-,-
105023,107396033,ENSNFUG00015018030,-,-,-,-
105023,107396034,ENSNFUG00015018187,-,-,XP_015831025.1,ENSNFUP00015037644.1
105023,107396040,ENSNFUG00015017999,-,-,XP_015831041.1,ENSNFUP00015037202.1
105023,107396043,ENSNFUG00015018723,-,-,-,-
105023,107396045,ENSNFUG00015018668,-,-,-,-
105023,107396046,ENSNFUG00015018577,-,-,-,-
105023,107396047,ENSNFUG00015018509,-,-,-,-
105023,107396050,ENSNFUG00015018619,-,-,-,-
105023,107396051,ENSNFUG00015018022,-,-,XP_015831054.1,ENSNFUP00015037455.1
105023,107396052,ENSNFUG00015018631,-,-,-,-
105023,107396054,ENSNFUG00015018600,-,-,-,-
105023,107396056,ENSNFUG00015018608,-,-,XP_015831062.1,ENSNFUP00015038535.1
105023,107396057,ENSNFUG00015018127,-,-,-,-
105023,107396059,ENSNFUG00015018571,-,-,-,-
105023,107396061,ENSNFUG00015018558,-,-,-,-
105023,107396062,ENSNFUG00015018654,-,-,XP_015831072.1,ENSNFUP00015038676.1
105023,107396065,ENSNFUG00015018297,-,-,-,-
105023,107396067,ENSNFUG00015020361,-,-,XP_015831077.1,ENSNFUP00015044405.1
105023,107396067,ENSNFUG00015020361,-,-,XP_015831081.1,ENSNFUP00015044357.1
105023,107396069,ENSNFUG00015021145,-,-,-,-
105023,107396069,ENSNFUG00015021145,-,-,XP_015831085.1,ENSNFUP00015044426.1
105023,107396071,ENSNFUG00015018774,-,-,-,-
105023,107396072,ENSNFUG00015019109,-,-,XP_015831087.1,ENSNFUP00015041859.1
105023,107396075,ENSNFUG00015020314,-,-,XP_015831088.1,ENSNFUP00015042412.1
105023,107396076,ENSNFUG00015020310,-,-,XP_015831089.1,ENSNFUP00015042405.1
105023,107396077,ENSNFUG00015021155,-,-,XP_015831091.1,ENSNFUP00015044856.1
105023,107396078,ENSNFUG00015021349,-,-,-,-
105023,107396079,ENSNFUG00015021335,-,-,XP_015831094.1,ENSNFUP00015044878.1
105023,107396082,ENSNFUG00015020319,-,-,XP_015831098.1,ENSNFUP00015042436.1
105023,107396084,ENSNFUG00015021391,-,-,-,-
105023,107396086,ENSNFUG00015021358,-,-,XP_015831102.1,ENSNFUP00015044938.1
105023,107396087,ENSNFUG00015022124,-,-,-,-
105023,107396090,ENSNFUG00015014099,-,-,XP_015831115.1,ENSNFUP00015029099.1
105023,107396091,ENSNFUG00015022153,-,-,XP_015831116.1,ENSNFUP00015046772.1
105023,107396091,ENSNFUG00015022153,-,-,XP_015831117.1,ENSNFUP00015046769.1
105023,107396092,ENSNFUG00015022197,-,-,-,-
105023,107396094,ENSNFUG00015022101,-,-,-,-
105023,107396095,ENSNFUG00015022094,-,-,-,-
105023,107396096,ENSNFUG00015022382,-,-,-,-
105023,107396097,ENSNFUG00015021629,-,-,XP_015831127.1,ENSNFUP00015046516.1
105023,107396099,ENSNFUG00015022163,-,-,-,-
105023,107396100,ENSNFUG00015022150,-,-,-,-
105023,107396104,ENSNFUG00015014970,-,-,-,-
105023,107396107,ENSNFUG00015015484,-,-,-,-
105023,107396109,ENSNFUG00015015030,-,-,XP_015831143.1,ENSNFUP00015030823.1
105023,107396110,ENSNFUG00015015622,-,-,XP_015831144.1,ENSNFUP00015031950.1
105023,107396111,ENSNFUG00015015657,-,-,XP_015831145.1,ENSNFUP00015031987.1
105023,107396114,ENSNFUG00015014519,-,-,-,-
105023,107396115,ENSNFUG00015014583,-,-,-,-
105023,107396116,ENSNFUG00015014621,-,-,-,-
105023,107396117,ENSNFUG00015014607,-,-,XP_015831153.1,ENSNFUP00015029998.1
105023,107396120,ENSNFUG00015014593,-,-,-,-
105023,107396123,ENSNFUG00015014163,-,-,-,-
105023,107396126,ENSNFUG00015014346,-,-,XP_015831165.1,ENSNFUP00015029529.1
105023,107396129,ENSNFUG00015015678,-,-,XP_015831167.1,ENSNFUP00015032030.1
105023,107396133,ENSNFUG00015014785,-,-,XP_015831170.1,ENSNFUP00015030307.1
105023,107396135,ENSNFUG00015015741,-,-,XP_015831171.1,ENSNFUP00015032140.1
105023,107396137,ENSNFUG00015015764,-,-,XP_015831173.1,ENSNFUP00015032211.1
105023,107396138,ENSNFUG00015015749,-,-,XP_015831176.1,ENSNFUP00015032167.1
105023,107396141,ENSNFUG00015015825,-,-,XP_015831181.1,ENSNFUP00015032678.1
105023,107396142,ENSNFUG00015006236,-,-,XP_015831184.1,ENSNFUP00015013105.1
105023,107396143,ENSNFUG00015016035,-,-,XP_015831182.1,ENSNFUP00015032796.1
105023,107396147,ENSNFUG00015016118,-,-,XP_015831186.1,ENSNFUP00015033202.1
105023,107396150,ENSNFUG00015006460,-,-,XP_015831194.1,ENSNFUP00015013153.1
105023,107396151,ENSNFUG00015016791,-,-,-,-
105023,107396152,ENSNFUG00015016566,-,-,XP_015831192.1,ENSNFUP00015034343.1
105023,107396153,ENSNFUG00015016772,-,-,XP_015831193.1,ENSNFUP00015034429.1
105023,107396157,ENSNFUG00015016899,-,-,XP_015831198.1,ENSNFUP00015037643.1
105023,107396159,ENSNFUG00015006476,-,-,XP_015831205.1,ENSNFUP00015013209.1
105023,107396168,ENSNFUG00015006499,-,-,XP_015831215.1,ENSNFUP00015013239.1
105023,107396172,ENSNFUG00015021443,-,-,-,-
105023,107396175,ENSNFUG00015021472,-,-,-,-
105023,107396176,ENSNFUG00015021301,-,-,-,-
105023,107396180,ENSNFUG00015021426,-,-,-,-
105023,107396184,ENSNFUG00015021072,-,-,-,-
105023,107396186,ENSNFUG00015021790,-,-,XP_015831255.1,ENSNFUP00015045956.1
105023,107396187,ENSNFUG00015021832,-,-,-,-
105023,107396188,ENSNFUG00015006648,-,-,-,-
105023,107396189,ENSNFUG00015021835,-,-,-,-
105023,107396190,ENSNFUG00015021829,-,-,XP_015831259.1,ENSNFUP00015045978.1
105023,107396191,ENSNFUG00015021705,-,-,XP_015831260.1,ENSNFUP00015045841.1
105023,107396193,ENSNFUG00015021697,-,-,XP_015831265.1,ENSNFUP00015045633.1
105023,107396194,ENSNFUG00015021497,-,-,XP_015831267.1,ENSNFUP00015045260.1
105023,107396195,ENSNFUG00015021521,-,-,-,-
105023,107396196,ENSNFUG00015022070,-,-,-,-
105023,107396197,ENSNFUG00015006553,-,-,XP_015831282.1,ENSNFUP00015013377.1
105023,107396201,ENSNFUG00015014134,-,-,-,-
105023,107396206,ENSNFUG00015022090,-,-,-,-
105023,107396207,ENSNFUG00015022092,-,-,-,-
105023,107396211,ENSNFUG00015014762,-,-,XP_015831288.1,ENSNFUP00015030352.1
105023,107396215,ENSNFUG00015015048,-,-,-,-
105023,107396216,ENSNFUG00015015005,-,-,XP_015831295.1,ENSNFUP00015030761.1
105023,107396217,ENSNFUG00015015025,-,-,XP_015831296.1,ENSNFUP00015030802.1
105023,107396218,ENSNFUG00015014976,-,-,-,-
105023,107396219,ENSNFUG00015007904,-,-,XP_015831302.1,ENSNFUP00015018901.1
105023,107396221,ENSNFUG00015014938,-,-,XP_015831303.1,ENSNFUP00015030605.1
105023,107396222,ENSNFUG00015014930,-,-,XP_015831305.1,ENSNFUP00015030577.1
105023,107396223,ENSNFUG00015014947,-,-,XP_015831306.1,ENSNFUP00015030641.1
105023,107396224,ENSNFUG00015015244,-,-,XP_015831308.1,ENSNFUP00015031465.1
105023,107396225,ENSNFUG00015015451,-,-,-,-
105023,107396226,ENSNFUG00015009284,-,-,-,-
105023,107396227,ENSNFUG00015015457,-,-,-,-
105023,107396228,ENSNFUG00015015131,-,-,-,-
105023,107396229,ENSNFUG00015015168,-,-,XP_015831319.1,ENSNFUP00015031133.1
105023,107396230,ENSNFUG00015015478,-,-,-,-
105023,107396231,ENSNFUG00015015088,-,-,-,-
105023,107396232,ENSNFUG00015015528,-,-,-,-
105023,107396234,ENSNFUG00015009496,-,-,XP_015831327.1,ENSNFUP00015027493.1
105023,107396234,ENSNFUG00015009496,-,-,XP_015831333.1,ENSNFUP00015027509.1
105023,107396237,ENSNFUG00015015114,-,-,XP_015831326.1,ENSNFUP00015030977.1
105023,107396242,ENSNFUG00015015766,-,-,XP_015831330.1,ENSNFUP00015039399.1
105023,107396243,ENSNFUG00015019129,-,-,-,-
105023,107396244,ENSNFUG00015019106,-,-,XP_015831334.1,ENSNFUP00015039655.1
105023,107396246,ENSNFUG00015019149,-,-,-,-
105023,107396247,ENSNFUG00015019728,-,-,-,-
105023,107396248,ENSNFUG00015013428,-,-,-,-
105023,107396249,ENSNFUG00015019720,-,-,XP_015831340.1,ENSNFUP00015041079.1
105023,107396252,ENSNFUG00015019745,-,-,XP_015831346.1,ENSNFUP00015041134.1
105023,107396257,ENSNFUG00015013474,-,-,-,-
105023,107396260,ENSNFUG00015020968,-,-,XP_015831353.1,ENSNFUP00015044158.1
105023,107396261,ENSNFUG00015021031,-,-,XP_015831356.1,ENSNFUP00015044738.1
105023,107396264,ENSNFUG00015021305,-,-,-,-
105023,107396267,ENSNFUG00015019750,-,-,XP_015831367.1,ENSNFUP00015041146.1
105023,107396269,ENSNFUG00015021396,-,-,XP_015831371.1,ENSNFUP00015045021.1
105023,107396272,ENSNFUG00015021522,-,-,XP_015831373.1,ENSNFUP00015045284.1
105023,107396274,ENSNFUG00015021379,-,-,-,-
105023,107396275,ENSNFUG00015021390,-,-,XP_015831380.1,ENSNFUP00015045014.1
105023,107396276,ENSNFUG00015013680,-,-,XP_015831384.1,ENSNFUP00015036886.1
105023,107396276,ENSNFUG00015013680,-,-,XP_015831409.1,ENSNFUP00015036930.1
105023,107396276,ENSNFUG00015013680,-,-,XP_015831417.1,ENSNFUP00015036906.1
105023,107396276,ENSNFUG00015013680,-,-,XP_015831436.1,ENSNFUP00015037164.1
105023,107396276,ENSNFUG00015013680,-,-,XP_015831447.1,ENSNFUP00015036963.1
105023,107396276,ENSNFUG00015013680,-,-,XP_015831464.1,ENSNFUP00015037250.1
105023,107396278,ENSNFUG00015021544,-,-,XP_015831381.1,ENSNFUP00015045318.1
105023,107396279,ENSNFUG00015021549,-,-,-,-
105023,107396282,ENSNFUG00015021908,-,-,-,-
105023,107396283,ENSNFUG00015021905,-,-,-,-
105023,107396284,ENSNFUG00015002231,-,-,-,-
105023,107396285,ENSNFUG00015021898,-,-,-,-
105023,107396288,ENSNFUG00015021582,-,-,-,-
105023,107396291,ENSNFUG00015022060,-,-,-,-
105023,107396292,ENSNFUG00015021980,-,-,-,-
105023,107396293,ENSNFUG00015022074,-,-,-,-
105023,107396295,ENSNFUG00015022107,-,-,-,-
105023,107396296,ENSNFUG00015022084,-,-,-,-
105023,107396299,ENSNFUG00015014283,-,-,XP_015831418.1,ENSNFUP00015029396.1
105023,107396300,ENSNFUG00015022077,-,-,-,-
105023,107396301,ENSNFUG00015014768,-,-,-,-
105023,107396302,ENSNFUG00015014807,-,-,-,-
105023,107396303,ENSNFUG00015014795,-,-,-,-
105023,107396304,ENSNFUG00015014853,-,-,-,-
105023,107396306,ENSNFUG00015015050,-,-,-,-
105023,107396308,ENSNFUG00015014352,-,-,XP_015831457.1,ENSNFUP00015029565.1
105023,107396309,ENSNFUG00015014345,-,-,-,-
105023,107396312,ENSNFUG00015014333,-,-,-,-
105023,107396314,ENSNFUG00015015078,-,-,XP_015831463.1,ENSNFUP00015030945.1
105023,107396319,ENSNFUG00015016238,-,-,XP_015831468.1,ENSNFUP00015033195.1
105023,107396320,ENSNFUG00015016223,-,-,XP_015831469.1,ENSNFUP00015033135.1
105023,107396321,ENSNFUG00015016207,-,-,XP_015831472.1,ENSNFUP00015033089.1
105023,107396322,ENSNFUG00015016271,-,-,-,-
105023,107396323,ENSNFUG00015016187,-,-,XP_015831476.1,ENSNFUP00015033074.1
105023,107396325,ENSNFUG00015016214,-,-,-,-
105023,107396327,ENSNFUG00015018173,-,-,-,-
105023,107396331,ENSNFUG00015018052,-,-,-,-
105023,107396335,ENSNFUG00015018065,-,-,XP_015831486.1,ENSNFUP00015037333.1
105023,107396336,ENSNFUG00015018061,-,-,XP_015831487.1,ENSNFUP00015037325.1
105023,107396337,ENSNFUG00015018085,-,-,XP_015831489.1,ENSNFUP00015037375.1
105023,107396339,ENSNFUG00015018074,-,-,XP_015831494.1,ENSNFUP00015037351.1
105023,107396340,ENSNFUG00015018214,-,-,-,-
105023,107396343,ENSNFUG00015019328,-,-,-,-
105023,107396344,ENSNFUG00015019321,-,-,XP_015831499.1,ENSNFUP00015040162.1
105023,107396350,ENSNFUG00015019341,-,-,XP_015831506.1,ENSNFUP00015040194.1
105023,107396351,ENSNFUG00015019357,-,-,-,-
105023,107396352,ENSNFUG00015002239,-,-,XP_015831550.1,ENSNFUP00015004435.1
105023,107396353,ENSNFUG00015019338,-,-,XP_015831516.1,ENSNFUP00015040189.1
105023,107396361,ENSNFUG00015018190,-,-,XP_015831534.1,ENSNFUP00015037647.1
105023,107396362,ENSNFUG00015019548,-,-,-,-
105023,107396363,ENSNFUG00015019559,-,-,-,-
105023,107396364,ENSNFUG00015019573,-,-,-,-
105023,107396369,ENSNFUG00015019656,-,-,-,-
105023,107396370,ENSNFUG00015019526,-,-,XP_015831553.1,ENSNFUP00015040692.1
105023,107396374,ENSNFUG00015019531,-,-,XP_015831560.1,ENSNFUP00015040701.1
105023,107396378,ENSNFUG00015019941,-,-,-,-
105023,107396382,ENSNFUG00015019952,-,-,-,-
105023,107396383,ENSNFUG00015020006,-,-,XP_015831569.1,ENSNFUP00015041694.1
105023,107396384,ENSNFUG00015020033,-,-,-,-
105023,107396385,ENSNFUG00015020044,-,-,-,-
105023,107396387,ENSNFUG00015019676,-,-,-,-
105023,107396394,ENSNFUG00015018670,-,-,XP_015831589.1,ENSNFUP00015038702.1
105023,107396398,ENSNFUG00015014091,-,-,-,-
105023,107396399,ENSNFUG00015020376,-,-,XP_015831593.1,ENSNFUP00015043364.1
105023,107396399,ENSNFUG00015020376,-,-,XP_015831594.1,ENSNFUP00015043554.1
105023,107396401,ENSNFUG00015020308,-,-,-,-
105023,107396409,ENSNFUG00015015443,-,-,XP_015831607.1,ENSNFUP00015031605.1
105023,107396412,ENSNFUG00015015810,-,-,-,-
105023,107396414,ENSNFUG00015015810,-,-,-,-
105023,107396417,ENSNFUG00015015513,-,-,XP_015831618.1,ENSNFUP00015031703.1
105023,107396418,ENSNFUG00015015540,-,-,XP_015831620.1,ENSNFUP00015031750.1
105023,107396419,ENSNFUG00015015883,-,-,XP_015831621.1,ENSNFUP00015032655.1
105023,107396419,ENSNFUG00015015883,-,-,XP_015831623.1,ENSNFUP00015032670.1
105023,107396419,ENSNFUG00015015883,-,-,XP_015831625.1,ENSNFUP00015032677.1
105023,107396428,ENSNFUG00015016046,-,-,XP_015831635.1,ENSNFUP00015032743.1
105023,107396428,ENSNFUG00015016046,-,-,XP_015831639.1,ENSNFUP00015032754.1
105023,107396430,ENSNFUG00015016059,-,-,XP_015831642.1,ENSNFUP00015032773.1
105023,107396431,ENSNFUG00015016040,-,-,-,-
105023,107396433,ENSNFUG00015018683,-,-,-,-
105023,107396434,ENSNFUG00015016209,-,-,XP_015831646.1,ENSNFUP00015035176.1
105023,107396435,ENSNFUG00015016145,-,-,XP_015831648.1,ENSNFUP00015032948.1
105023,107396436,ENSNFUG00015017209,-,-,XP_015831656.1,ENSNFUP00015035422.1
105023,107396436,ENSNFUG00015017209,-,-,XP_015831657.1,ENSNFUP00015035464.1
105023,107396437,ENSNFUG00015017241,-,-,XP_015831658.1,ENSNFUP00015035491.1
105023,107396439,ENSNFUG00015017196,-,-,XP_015831662.1,ENSNFUP00015035375.1
105023,107396440,ENSNFUG00015017175,-,-,XP_015831663.1,ENSNFUP00015035336.1
105023,107396442,ENSNFUG00015017187,-,-,XP_015831665.1,ENSNFUP00015035355.1
105023,107396443,ENSNFUG00015017164,-,-,XP_015831667.1,ENSNFUP00015035325.1
105023,107396448,ENSNFUG00015017547,-,-,XP_015831672.1,ENSNFUP00015036197.1
105023,107396450,ENSNFUG00015018689,-,-,-,-
105023,107396451,ENSNFUG00015017607,-,-,XP_015831688.1,ENSNFUP00015037133.1
105023,107396454,ENSNFUG00015017560,-,-,XP_015831692.1,ENSNFUP00015036231.1
105023,107396455,ENSNFUG00015019516,-,-,XP_015831693.1,ENSNFUP00015040679.1
105023,107396458,ENSNFUG00015018692,-,-,XP_015831698.1,ENSNFUP00015038742.1
105023,107396459,ENSNFUG00015019504,-,-,XP_015831696.1,ENSNFUP00015040636.1
105023,107396460,ENSNFUG00015019509,-,-,XP_015831697.1,ENSNFUP00015040647.1
105023,107396462,ENSNFUG00015019524,-,-,-,-
105023,107396463,ENSNFUG00015019527,-,-,XP_015831700.1,ENSNFUP00015040691.1
105023,107396474,ENSNFUG00015021167,-,-,-,-
105023,107396475,ENSNFUG00015021171,-,-,-,-
105023,107396476,ENSNFUG00015021174,-,-,-,-
105023,107396478,ENSNFUG00015021410,-,-,-,-
105023,107396479,ENSNFUG00015018703,-,-,XP_015831722.1,ENSNFUP00015038790.1
105023,107396481,ENSNFUG00015021434,-,-,-,-
105023,107396485,ENSNFUG00015021422,-,-,-,-
105023,107396488,ENSNFUG00015018719,-,-,XP_015831733.1,ENSNFUP00015038826.1
105023,107396491,ENSNFUG00015021969,-,-,XP_015831732.1,ENSNFUP00015046329.1
105023,107396493,ENSNFUG00015021974,-,-,XP_015831734.1,ENSNFUP00015046344.1
105023,107396494,ENSNFUG00015021953,-,-,-,-
105023,107396495,ENSNFUG00015022025,-,-,XP_015831737.1,ENSNFUP00015046450.1
105023,107396495,ENSNFUG00015022025,-,-,XP_015831738.1,ENSNFUP00015046457.1
105023,107396496,ENSNFUG00015021983,-,-,XP_015831739.1,ENSNFUP00015046355.1
105023,107396501,ENSNFUG00015021988,-,-,-,-
105023,107396505,ENSNFUG00015022106,-,-,-,-
105023,107396507,ENSNFUG00015022051,-,-,-,-
105023,107396509,ENSNFUG00015022593,-,-,-,-
105023,107396512,ENSNFUG00015022633,-,-,XP_015831753.1,ENSNFUP00015048330.1
105023,107396516,ENSNFUG00015014343,-,-,XP_015831758.1,ENSNFUP00015029508.1
105023,107396517,ENSNFUG00015014380,-,-,-,-
105023,107396518,ENSNFUG00015014312,-,-,XP_015831764.1,ENSNFUP00015029434.1
105023,107396524,ENSNFUG00015014839,-,-,-,-
105023,107396525,ENSNFUG00015015080,-,-,-,-
105023,107396528,ENSNFUG00015014839,-,-,XP_015831775.1,ENSNFUP00015030770.1
105023,107396532,ENSNFUG00015015364,-,-,-,-
105023,107396534,ENSNFUG00015015146,-,-,-,-
105023,107396535,ENSNFUG00015015121,-,-,-,-
105023,107396536,ENSNFUG00015015103,-,-,-,-
105023,107396538,ENSNFUG00015016039,-,-,-,-
105023,107396539,ENSNFUG00015016015,-,-,XP_015831788.1,ENSNFUP00015032671.1
105023,107396545,ENSNFUG00015016167,-,-,XP_015831796.1,ENSNFUP00015033000.1
105023,107396550,ENSNFUG00015016279,-,-,XP_015831799.1,ENSNFUP00015033250.1
105023,107396553,ENSNFUG00015016195,-,-,XP_015831803.1,ENSNFUP00015033136.1
105023,107396561,ENSNFUG00015019334,-,-,XP_015831828.1,ENSNFUP00015040231.1
105023,107396561,ENSNFUG00015019334,-,-,XP_015831833.1,ENSNFUP00015040235.1
105023,107396564,ENSNFUG00015002251,-,-,XP_015831850.1,ENSNFUP00015004457.1
105023,107396566,ENSNFUG00015016435,-,-,XP_015831813.1,ENSNFUP00015033589.1
105023,107396569,ENSNFUG00015016831,-,-,-,-
105023,107396570,ENSNFUG00015016471,-,-,XP_015831822.1,ENSNFUP00015034129.1
105023,107396570,ENSNFUG00015016471,-,-,XP_015831823.1,ENSNFUP00015034116.1
105023,107396570,ENSNFUG00015016471,-,-,XP_015831824.1,ENSNFUP00015034124.1
105023,107396570,ENSNFUG00015016471,-,-,XP_015831825.1,ENSNFUP00015034139.1
105023,107396571,ENSNFUG00015016448,-,-,-,-
105023,107396576,ENSNFUG00015016932,-,-,XP_015831831.1,ENSNFUP00015034767.1
105023,107396581,ENSNFUG00015017103,-,-,XP_015831837.1,ENSNFUP00015035575.1
105023,107396582,ENSNFUG00015017306,-,-,XP_015831838.1,ENSNFUP00015035633.1
105023,107396582,ENSNFUG00015017306,-,-,XP_015831839.1,ENSNFUP00015035645.1
105023,107396583,ENSNFUG00015016969,-,-,-,-
105023,107396584,ENSNFUG00015018352,-,-,XP_015831841.1,ENSNFUP00015038026.1
105023,107396586,ENSNFUG00015017348,-,-,-,-
105023,107396594,ENSNFUG00015019363,-,-,-,-
105023,107396602,ENSNFUG00015019061,-,-,XP_015831861.1,ENSNFUP00015040563.1
105023,107396604,ENSNFUG00015019515,-,-,XP_015831862.1,ENSNFUP00015040668.1
105023,107396605,ENSNFUG00015012649,-,-,XP_015831863.1,ENSNFUP00015026157.1
105023,107396606,ENSNFUG00015019584,-,-,-,-
105023,107396608,ENSNFUG00015012706,-,-,-,-
105023,107396609,ENSNFUG00015020900,-,-,XP_015831870.1,ENSNFUP00015043833.1
105023,107396610,ENSNFUG00015012631,-,-,-,-
105023,107396622,ENSNFUG00015019680,-,-,XP_015831881.1,ENSNFUP00015041007.1
105023,107396624,ENSNFUG00015012862,-,-,XP_015831879.1,ENSNFUP00015027658.1
105023,107396625,ENSNFUG00015013643,-,-,-,-
105023,107396626,ENSNFUG00015013621,-,-,XP_015831882.1,ENSNFUP00015028159.1
105023,107396628,ENSNFUG00015013937,-,-,-,-
105023,107396631,ENSNFUG00015014788,-,-,-,-
105023,107396635,ENSNFUG00015014704,-,-,-,-
105023,107396639,ENSNFUG00015019738,-,-,XP_015831922.1,ENSNFUP00015041120.1
105023,107396640,ENSNFUG00015015173,-,-,-,-
105023,107396641,ENSNFUG00015015150,-,-,-,-
105023,107396642,ENSNFUG00015015211,-,-,-,-
105023,107396646,ENSNFUG00015015135,-,-,-,-
105023,107396647,ENSNFUG00015015129,-,-,-,-
105023,107396650,ENSNFUG00015015558,-,-,-,-
105023,107396651,ENSNFUG00015015420,-,-,XP_015831948.1,ENSNFUP00015031616.1
105023,107396652,ENSNFUG00015015515,-,-,XP_015831949.1,ENSNFUP00015031702.1
105023,107396653,ENSNFUG00015015521,-,-,XP_015831953.1,ENSNFUP00015031717.1
105023,107396654,ENSNFUG00015015624,-,-,XP_015831954.1,ENSNFUP00015031928.1
105023,107396654,ENSNFUG00015015624,-,-,XP_015831955.1,ENSNFUP00015031923.1
105023,107396659,ENSNFUG00015019754,-,-,-,-
105023,107396660,ENSNFUG00015015644,-,-,XP_015831956.1,ENSNFUP00015031964.1
105023,107396661,ENSNFUG00015015783,-,-,-,-
105023,107396662,ENSNFUG00015015734,-,-,XP_015831959.1,ENSNFUP00015032130.1
105023,107396663,ENSNFUG00015016441,-,-,-,-
105023,107396665,ENSNFUG00015016286,-,-,XP_015831962.1,ENSNFUP00015033559.1
105023,107396666,ENSNFUG00015015716,-,-,-,-
105023,107396669,ENSNFUG00015015691,-,-,XP_015831966.1,ENSNFUP00015032039.1
105023,107396671,ENSNFUG00015015673,-,-,XP_015831970.1,ENSNFUP00015032023.1
105023,107396677,ENSNFUG00015016556,-,-,XP_015831974.1,ENSNFUP00015033859.1
105023,107396680,ENSNFUG00015016898,-,-,-,-
105023,107396681,ENSNFUG00015016749,-,-,-,-
105023,107396682,ENSNFUG00015016631,-,-,-,-
105023,107396685,ENSNFUG00015017643,-,-,-,-
105023,107396687,ENSNFUG00015017681,-,-,XP_015831987.1,ENSNFUP00015036493.1
105023,107396688,ENSNFUG00015017620,-,-,XP_015831988.1,ENSNFUP00015036349.1
105023,107396689,ENSNFUG00015017735,-,-,XP_015831989.1,ENSNFUP00015037152.1
105023,107396690,ENSNFUG00015017691,-,-,XP_015831991.1,ENSNFUP00015036542.1
105023,107396696,ENSNFUG00015002257,-,-,-,-
105023,107396699,ENSNFUG00015018027,-,-,-,-
105023,107396703,ENSNFUG00015018055,-,-,XP_015832002.1,ENSNFUP00015037330.1
105023,107396711,ENSNFUG00015020647,-,-,-,-
105023,107396712,ENSNFUG00015019160,-,-,XP_015832023.1,ENSNFUP00015039793.1
105023,107396714,ENSNFUG00015019168,-,-,XP_015832027.1,ENSNFUP00015039811.1
105023,107396717,ENSNFUG00015019288,-,-,-,-
105023,107396719,ENSNFUG00015019285,-,-,-,-
105023,107396720,ENSNFUG00015019307,-,-,-,-
105023,107396721,ENSNFUG00015019299,-,-,-,-
105023,107396723,ENSNFUG00015019302,-,-,XP_015832037.1,ENSNFUP00015040112.1
105023,107396724,ENSNFUG00015019280,-,-,-,-
105023,107396725,ENSNFUG00015019317,-,-,XP_015832039.1,ENSNFUP00015040155.1
105023,107396727,ENSNFUG00015014097,-,-,-,-
105023,107396730,ENSNFUG00015014457,-,-,-,-
105023,107396731,ENSNFUG00015014753,-,-,-,-
105023,107396732,ENSNFUG00015019898,-,-,-,-
105023,107396734,ENSNFUG00015014411,-,-,-,-
105023,107396736,ENSNFUG00015014402,-,-,-,-
105023,107396738,ENSNFUG00015014162,-,-,-,-
105023,107396741,ENSNFUG00015014637,-,-,-,-
105023,107396742,ENSNFUG00015019863,-,-,-,-
105023,107396743,ENSNFUG00015014613,-,-,-,-
105023,107396745,ENSNFUG00015014805,-,-,-,-
105023,107396745,ENSNFUG00015015075,-,-,XP_015832066.1,ENSNFUP00015032182.1
105023,107396749,ENSNFUG00015020686,-,-,-,-
105023,107396750,ENSNFUG00015015944,-,-,-,-
105023,107396751,ENSNFUG00015015940,-,-,-,-
105023,107396752,ENSNFUG00015015902,-,-,-,-
105023,107396762,ENSNFUG00015018113,-,-,XP_015832086.1,ENSNFUP00015037436.1
105023,107396763,ENSNFUG00015020666,-,-,XP_015832090.1,ENSNFUP00015043179.1
105023,107396769,ENSNFUG00015018490,-,-,XP_015832092.1,ENSNFUP00015038270.1
105023,107396769,ENSNFUG00015018490,-,-,XP_015832093.1,ENSNFUP00015038275.1
105023,107396771,ENSNFUG00015018495,-,-,XP_015832097.1,ENSNFUP00015038347.1
105023,107396771,ENSNFUG00015018495,-,-,XP_015832098.1,ENSNFUP00015038372.1
105023,107396773,ENSNFUG00015018479,-,-,XP_015832099.1,ENSNFUP00015038246.1
105023,107396776,ENSNFUG00015018578,-,-,XP_015832103.1,ENSNFUP00015038475.1
105023,107396778,ENSNFUG00015002268,-,-,-,-
105023,107396779,ENSNFUG00015020662,-,-,-,-
105023,107396781,ENSNFUG00015018573,-,-,XP_015832109.1,ENSNFUP00015038460.1
105023,107396784,ENSNFUG00015018588,-,-,-,-
105023,107396785,ENSNFUG00015018759,-,-,XP_015832113.1,ENSNFUP00015038901.1
105023,107396786,ENSNFUG00015020665,-,-,-,-
105023,107396789,ENSNFUG00015018775,-,-,XP_015832118.1,ENSNFUP00015038936.1
105023,107396793,ENSNFUG00015018797,-,-,XP_015832123.1,ENSNFUP00015038974.1
105023,107396796,ENSNFUG00015020652,-,-,XP_015832128.1,ENSNFUP00015043143.1
105023,107396797,ENSNFUG00015018818,-,-,-,-
105023,107396800,ENSNFUG00015020919,-,-,-,-
105023,107396802,ENSNFUG00015020927,-,-,-,-
105023,107396804,ENSNFUG00015020920,-,-,-,-
105023,107396808,ENSNFUG00015021041,-,-,XP_015832143.1,ENSNFUP00015044240.1
105023,107396811,ENSNFUG00015021427,-,-,XP_015832145.1,ENSNFUP00015045076.1
105023,107396823,ENSNFUG00015021528,-,-,-,-
105023,107396832,ENSNFUG00015014336,-,-,-,-
105023,107396840,ENSNFUG00015014409,-,-,XP_015832174.1,ENSNFUP00015029633.1
105023,107396842,ENSNFUG00015014437,-,-,-,-
105023,107396843,ENSNFUG00015014491,-,-,-,-
105023,107396844,ENSNFUG00015014679,-,-,-,-
105023,107396868,ENSNFUG00015002274,-,-,XP_015832232.1,ENSNFUP00015004533.1
105023,107396868,ENSNFUG00015002274,-,-,XP_015832294.1,ENSNFUP00015004541.1
105023,107396880,ENSNFUG00015021420,-,-,XP_015832214.1,ENSNFUP00015045066.1
105023,107396897,ENSNFUG00015021425,-,-,-,-
105023,107396907,ENSNFUG00015021429,-,-,XP_015832240.1,ENSNFUP00015045078.1
105023,107396911,ENSNFUG00015015995,-,-,-,-
105023,107396912,ENSNFUG00015016206,-,-,XP_015832243.1,ENSNFUP00015034382.1
105023,107396912,ENSNFUG00015016206,-,-,XP_015832244.1,ENSNFUP00015034419.1
105023,107396916,ENSNFUG00015021453,-,-,-,-
105023,107396917,ENSNFUG00015016902,-,-,XP_015832247.1,ENSNFUP00015034759.1
105023,107396920,ENSNFUG00015016957,-,-,-,-
105023,107396925,ENSNFUG00015017012,-,-,XP_015832258.1,ENSNFUP00015034938.1
105023,107396927,ENSNFUG00015017058,-,-,XP_015832259.1,ENSNFUP00015035079.1
105023,107396928,ENSNFUG00015017024,-,-,XP_015832260.1,ENSNFUP00015035022.1
105023,107396929,ENSNFUG00015017054,-,-,XP_015832263.1,ENSNFUP00015035050.1
105023,107396936,ENSNFUG00015017111,-,-,XP_015832271.1,ENSNFUP00015035198.1
105023,107396939,ENSNFUG00015017814,-,-,XP_015832277.1,ENSNFUP00015039691.1
105023,107396941,ENSNFUG00015017750,-,-,XP_015832278.1,ENSNFUP00015036646.1
105023,107396943,ENSNFUG00015017687,-,-,XP_015832279.1,ENSNFUP00015036622.1
105023,107396948,ENSNFUG00015019787,-,-,-,-
105023,107396949,ENSNFUG00015012355,-,-,XP_015832286.1,ENSNFUP00015025543.1
105023,107396954,ENSNFUG00015012384,-,-,-,-
105023,107396958,ENSNFUG00015009271,-,-,XP_015832298.1,ENSNFUP00015019271.1
105023,107396965,ENSNFUG00015012490,-,-,-,-
105023,107396969,ENSNFUG00015012515,-,-,XP_015832305.1,ENSNFUP00015025827.1
105023,107396971,ENSNFUG00015012544,-,-,XP_015832308.1,ENSNFUP00015025970.1
105023,107396973,ENSNFUG00015009773,-,-,-,-
105023,107396977,ENSNFUG00015012652,-,-,XP_015832314.1,ENSNFUP00015027068.1
105023,107396978,ENSNFUG00015012603,-,-,XP_015832315.1,ENSNFUP00015026006.1
105023,107396979,ENSNFUG00015012652,-,-,-,-
105023,107396986,ENSNFUG00015013307,-,-,-,-
105023,107396989,ENSNFUG00015009789,-,-,-,-
105023,107396991,ENSNFUG00015013320,-,-,XP_015832328.1,ENSNFUP00015027513.1
105023,107396994,ENSNFUG00015013335,-,-,XP_015832335.1,ENSNFUP00015027538.1
105023,107396995,ENSNFUG00015013341,-,-,-,-
105023,107396996,ENSNFUG00015013363,-,-,-,-
105023,107397001,ENSNFUG00015013371,-,-,XP_015832339.1,ENSNFUP00015027635.1
105023,107397007,ENSNFUG00015013429,-,-,XP_015832346.1,ENSNFUP00015027781.1
105023,107397013,ENSNFUG00015013467,-,-,-,-
105023,107397014,ENSNFUG00015013492,-,-,-,-
105023,107397015,ENSNFUG00015013473,-,-,-,-
105023,107397017,ENSNFUG00015016159,-,-,XP_015832359.1,ENSNFUP00015033007.1
105023,107397018,ENSNFUG00015016136,-,-,-,-
105023,107397019,ENSNFUG00015013659,-,-,-,-
105023,107397024,ENSNFUG00015016738,-,-,-,-
105023,107397026,ENSNFUG00015016728,-,-,XP_015832374.1,ENSNFUP00015034298.1
105023,107397033,ENSNFUG00015009838,-,-,XP_015832390.1,ENSNFUP00015020276.1
105023,107397034,ENSNFUG00015016827,-,-,-,-
105023,107397039,ENSNFUG00015017089,-,-,XP_015832388.1,ENSNFUP00015035138.1
105023,107397045,ENSNFUG00015014179,-,-,XP_015832395.1,ENSNFUP00015029219.1
105023,107397048,ENSNFUG00015014202,-,-,XP_015832401.1,ENSNFUP00015029247.1
105023,107397049,ENSNFUG00015017205,-,-,XP_015832402.1,ENSNFUP00015035389.1
105023,107397049,ENSNFUG00015017205,-,-,XP_015832404.1,ENSNFUP00015035408.1
105023,107397051,ENSNFUG00015014304,-,-,-,-
105023,107397052,ENSNFUG00015015353,-,-,XP_015832407.1,ENSNFUP00015031591.1
105023,107397054,ENSNFUG00015015504,-,-,XP_015832409.1,ENSNFUP00015031748.1
105023,107397055,ENSNFUG00015009859,-,-,XP_015832411.1,ENSNFUP00015020316.1
105023,107397057,ENSNFUG00015016027,-,-,XP_015832414.1,ENSNFUP00015032679.1
105023,107397060,ENSNFUG00015009865,-,-,-,-
105023,107397061,ENSNFUG00015016166,-,-,XP_015832443.1,ENSNFUP00015032997.1
105023,107397065,ENSNFUG00015016182,-,-,XP_015832448.1,ENSNFUP00015033058.1
105023,107397066,ENSNFUG00015009934,-,-,-,-
105023,107397070,ENSNFUG00015016323,-,-,XP_015832456.1,ENSNFUP00015036004.1
105023,107397072,ENSNFUG00015016237,-,-,XP_015832457.1,ENSNFUP00015033156.1
105023,107397085,ENSNFUG00015019701,-,-,-,-
105023,107397093,ENSNFUG00015019761,-,-,XP_015832476.1,ENSNFUP00015041160.1
105023,107397094,ENSNFUG00015019751,-,-,XP_015832477.1,ENSNFUP00015041144.1
105023,107397095,ENSNFUG00015019773,-,-,-,-
105023,107397097,ENSNFUG00015019837,-,-,-,-
105023,107397100,ENSNFUG00015019748,-,-,XP_015832487.1,ENSNFUP00015041140.1
105023,107397104,ENSNFUG00015010773,-,-,XP_015832495.1,ENSNFUP00015022247.1
105023,107397112,ENSNFUG00015020244,-,-,XP_015832501.1,ENSNFUP00015042233.1
105023,107397113,ENSNFUG00015002561,-,-,XP_015796009.1,ENSNFUP00015005112.1
105023,107397114,ENSNFUG00015010832,-,-,-,-
105023,107397115,ENSNFUG00015020235,-,-,-,-
105023,107397118,ENSNFUG00015020231,-,-,-,-
105023,107397122,ENSNFUG00015020300,-,-,XP_015832509.1,ENSNFUP00015042908.1
105023,107397123,ENSNFUG00015020546,-,-,-,-
105023,107397125,ENSNFUG00015020547,-,-,-,-
105023,107397127,ENSNFUG00015020561,-,-,-,-
105023,107397128,ENSNFUG00015020569,-,-,-,-
105023,107397135,ENSNFUG00015020704,-,-,-,-
105023,107397138,ENSNFUG00015020619,-,-,XP_015832533.1,ENSNFUP00015043074.1
105023,107397138,ENSNFUG00015020619,-,-,XP_015832534.1,ENSNFUP00015043085.1
105023,107397139,ENSNFUG00015011233,-,-,-,-
105023,107397141,ENSNFUG00015020611,-,-,-,-
105023,107397142,ENSNFUG00015020877,-,-,XP_015832540.1,ENSNFUP00015043750.1
105023,107397143,ENSNFUG00015020880,-,-,-,-
105023,107397144,ENSNFUG00015020889,-,-,XP_015832542.1,ENSNFUP00015043892.1
105023,107397145,ENSNFUG00015011225,-,-,XP_015832546.1,ENSNFUP00015023205.1
105023,107397147,ENSNFUG00015020883,-,-,XP_015832544.1,ENSNFUP00015043760.1
105023,107397149,ENSNFUG00015021062,-,-,-,-
105023,107397152,ENSNFUG00015021078,-,-,XP_015832550.1,ENSNFUP00015044299.1
105023,107397155,ENSNFUG00015011245,-,-,XP_015832556.1,ENSNFUP00015023248.1
105023,107397160,ENSNFUG00015014413,-,-,-,-
105023,107397161,ENSNFUG00015014145,-,-,-,-
105023,107397162,ENSNFUG00015014300,-,-,-,-
105023,107397164,ENSNFUG00015014275,-,-,-,-
105023,107397165,ENSNFUG00015014288,-,-,XP_015832565.1,ENSNFUP00015029408.1
105023,107397166,ENSNFUG00015014248,-,-,XP_015832568.1,ENSNFUP00015029366.1
105023,107397167,ENSNFUG00015021235,-,-,-,-
105023,107397168,ENSNFUG00015021232,-,-,-,-
105023,107397169,ENSNFUG00015021233,-,-,-,-
105023,107397173,ENSNFUG00015014335,-,-,XP_015832577.1,ENSNFUP00015029463.1
105023,107397176,ENSNFUG00015017452,-,-,XP_015832582.1,ENSNFUP00015035991.1
105023,107397176,ENSNFUG00015017452,XM_015977095.1,ENSNFUT00015037580.1,XP_015832581.1,ENSNFUP00015035988.1
105023,107397180,ENSNFUG00015011445,-,-,-,-
105023,107397182,ENSNFUG00015018404,-,-,-,-
105023,107397184,ENSNFUG00015018413,-,-,XP_015832591.1,ENSNFUP00015038133.1
105023,107397184,ENSNFUG00015018413,-,-,XP_015832592.1,ENSNFUP00015038137.1
105023,107397187,ENSNFUG00015018423,-,-,XP_015832594.1,ENSNFUP00015038160.1
105023,107397188,ENSNFUG00015011509,-,-,XP_015832596.1,ENSNFUP00015023779.1
105023,107397190,ENSNFUG00015018536,-,-,-,-
105023,107397191,ENSNFUG00015018459,-,-,XP_015832600.1,ENSNFUP00015038360.1
105023,107397192,ENSNFUG00015018446,-,-,XP_015832601.1,ENSNFUP00015038196.1
105023,107397196,ENSNFUG00015011619,-,-,XP_015832609.1,ENSNFUP00015027259.1
105023,107397196,ENSNFUG00015011619,-,-,XP_015832621.1,ENSNFUP00015027374.1
105023,107397198,ENSNFUG00015018430,-,-,-,-
105023,107397200,ENSNFUG00015019796,-,-,XP_015832611.1,ENSNFUP00015041251.1
105023,107397204,ENSNFUG00015019912,-,-,XP_015832616.1,ENSNFUP00015041625.1
105023,107397206,ENSNFUG00015020005,-,-,-,-
105023,107397208,ENSNFUG00015020009,-,-,-,-
105023,107397213,ENSNFUG00015013587,-,-,-,-
105023,107397221,ENSNFUG00015020104,-,-,XP_015832635.1,ENSNFUP00015041885.1
105023,107397222,ENSNFUG00015020129,-,-,-,-
105023,107397223,ENSNFUG00015018391,-,-,-,-
105023,107397227,ENSNFUG00015020144,-,-,XP_015832643.1,ENSNFUP00015041990.1
105023,107397228,ENSNFUG00015013627,-,-,XP_015832644.1,ENSNFUP00015028174.1
105023,107397229,ENSNFUG00015013619,-,-,XP_015832645.1,ENSNFUP00015028155.1
105023,107397236,ENSNFUG00015013729,-,-,XP_015832650.1,ENSNFUP00015028373.1
105023,107397237,ENSNFUG00015013704,-,-,XP_015832651.1,ENSNFUP00015028317.1
105023,107397240,ENSNFUG00015013745,-,-,-,-
105023,107397244,ENSNFUG00015013936,-,-,-,-
105023,107397245,ENSNFUG00015018395,-,-,XP_015832663.1,ENSNFUP00015038100.1
105023,107397246,ENSNFUG00015013944,-,-,-,-
105023,107397247,ENSNFUG00015014028,-,-,XP_015832662.1,ENSNFUP00015028987.1
105023,107397251,ENSNFUG00015013931,-,-,-,-
105023,107397252,ENSNFUG00015013844,-,-,XP_015832669.1,ENSNFUP00015028762.1
105023,107397262,ENSNFUG00015002317,-,-,-,-
105023,107397264,ENSNFUG00015014152,-,-,-,-
105023,107397269,ENSNFUG00015009086,-,-,XP_015832684.1,ENSNFUP00015018907.1
105023,107397270,ENSNFUG00015009093,-,-,XP_015832686.1,ENSNFUP00015018961.1
105023,107397278,ENSNFUG00015009253,-,-,XP_015832696.1,ENSNFUP00015019192.1
105023,107397280,ENSNFUG00015009420,-,-,-,-
105023,107397282,ENSNFUG00015020076,-,-,-,-
105023,107397285,ENSNFUG00015011116,-,-,-,-
105023,107397287,ENSNFUG00015011240,-,-,-,-
105023,107397288,ENSNFUG00015011230,-,-,-,-
105023,107397289,ENSNFUG00015011268,-,-,-,-
105023,107397291,ENSNFUG00015011297,-,-,-,-
105023,107397292,ENSNFUG00015011319,-,-,-,-
105023,107397293,ENSNFUG00015011256,-,-,-,-
105023,107397296,ENSNFUG00015011366,-,-,XP_015832728.1,ENSNFUP00015023491.1
105023,107397298,ENSNFUG00015023888,-,-,XP_015832735.1,ENSNFUP00015050934.1
105023,107397308,ENSNFUG00015012144,-,-,XP_015832746.1,ENSNFUP00015025167.1
105023,107397309,ENSNFUG00015011696,-,-,XP_015832748.1,ENSNFUP00015025018.1
105023,107397316,ENSNFUG00015012321,-,-,-,-
105023,107397320,ENSNFUG00015012345,-,-,-,-
105023,107397324,ENSNFUG00015012562,-,-,-,-
105023,107397325,ENSNFUG00015012559,-,-,XP_015832765.1,ENSNFUP00015025907.1
105023,107397328,ENSNFUG00015012591,-,-,XP_015832769.1,ENSNFUP00015025973.1
105023,107397329,ENSNFUG00015012585,-,-,XP_015832773.1,ENSNFUP00015025958.1
105023,107397331,ENSNFUG00015023913,-,-,-,-
105023,107397335,ENSNFUG00015013433,-,-,-,-
105023,107397337,ENSNFUG00015013493,-,-,-,-
105023,107397338,ENSNFUG00015023916,-,-,-,-
105023,107397342,ENSNFUG00015013877,-,-,XP_015832794.1,ENSNFUP00015028685.1
105023,107397344,ENSNFUG00015014065,-,-,-,-
105023,107397345,ENSNFUG00015016908,-,-,-,-
105023,107397346,ENSNFUG00015016900,-,-,XP_015832800.1,ENSNFUP00015034716.1
105023,107397347,ENSNFUG00015016980,-,-,-,-
105023,107397348,ENSNFUG00015016914,-,-,-,-
105023,107397349,ENSNFUG00015013933,-,-,-,-
105023,107397353,ENSNFUG00015018219,-,-,XP_015832812.1,ENSNFUP00015040352.1
105023,107397353,ENSNFUG00015018219,-,-,XP_015832813.1,ENSNFUP00015040356.1
105023,107397355,ENSNFUG00015019539,-,-,-,-
105023,107397357,ENSNFUG00015023991,-,-,-,-
105023,107397358,ENSNFUG00015019601,-,-,XP_015832816.1,ENSNFUP00015040862.1
105023,107397363,ENSNFUG00015010671,-,-,XP_015832823.1,ENSNFUP00015021991.1
105023,107397365,ENSNFUG00015010616,-,-,XP_015832825.1,ENSNFUP00015021944.1
105023,107397366,ENSNFUG00015023969,-,-,-,-
105023,107397368,ENSNFUG00015010691,-,-,-,-
105023,107397369,ENSNFUG00015010746,-,-,XP_015832833.1,ENSNFUP00015022294.1
105023,107397373,ENSNFUG00015010893,-,-,-,-
105023,107397375,ENSNFUG00015024004,-,-,-,-
105023,107397377,ENSNFUG00015010953,-,-,XP_015832846.1,ENSNFUP00015022898.1
105023,107397377,ENSNFUG00015010953,-,-,XP_015832847.1,ENSNFUP00015022941.1
105023,107397379,ENSNFUG00015011179,-,-,-,-
105023,107397379,ENSNFUG00015011179,-,-,XP_015832852.1,ENSNFUP00015023118.1
105023,107397380,ENSNFUG00015011214,-,-,XP_015832853.1,ENSNFUP00015023183.1
105023,107397381,ENSNFUG00015011159,-,-,XP_015832855.1,ENSNFUP00015023058.1
105023,107397383,ENSNFUG00015011531,-,-,-,-
105023,107397384,ENSNFUG00015011513,-,-,-,-
105023,107397385,ENSNFUG00015011290,-,-,-,-
105023,107397386,ENSNFUG00015023994,-,-,-,-
105023,107397389,ENSNFUG00015011586,-,-,XP_015832867.1,ENSNFUP00015024010.1
105023,107397390,ENSNFUG00015011716,-,-,-,-
105023,129152188,ENSNFUG00015003744,-,-,-,-
105023,129152189,ENSNFUG00015017455,-,-,XP_015832583.1,ENSNFUP00015035996.1
105023,129152194,ENSNFUG00015009380,-,-,XP_015796452.1,ENSNFUP00015019376.1
105023,139061471,ENSNFUG00015007746,-,-,XP_015815672.1,ENSNFUP00015016145.1
105023,139061477,ENSNFUG00015020088,-,-,XP_015832632.1,ENSNFUP00015041863.1
105023,139061480,ENSNFUG00015004126,-,-,XP_015806746.1,ENSNFUP00015008438.1
105023,139061488,ENSNFUG00015001843,-,-,XP_015807137.1,ENSNFUP00015003665.1
105023,139061494,ENSNFUG00015016155,-,-,XP_015811724.1,ENSNFUP00015032989.1
105023,139061496,ENSNFUG00015006977,-,-,XP_015814215.1,ENSNFUP00015014358.1
105023,139061498,ENSNFUG00015003191,-,-,XP_015801349.1,ENSNFUP00015006380.1
105023,139061503,ENSNFUG00015020822,-,-,-,-
105023,139061505,ENSNFUG00015002288,-,-,XP_015801063.1,ENSNFUP00015004553.1
