ensembl_gene_id,atlas_gene
ENSNFUG00015010335,pdia4
ENSNFUG00015007938,dpp3
ENSNFUG00015004375,tcp11l2
ENSNFUG00015016298,pdia6
ENSNFUG00015017752,hsp90b1
ENSNFUG00015001451,hells
ENSNFUG00015010218,psmd13
ENSNFUG00015009448,uap1
ENSNFUG00015020297,gfm1
ENSNFUG00015004157,psma2
ENSNFUG00015004648,dmgdh
ENSNFUG00015024484,sardh
ENSNFUG00015024426,acacb
ENSNFUG00015024773,acly
ENSNFUG00015012465,arfgap1
ENSNFUG00015025275,syde2
ENSNFUG00015003076,rbmx
ENSNFUG00015016259,pcmtd1
ENSNFUG00015004359,fbxo32
ENSNFUG00015001453,macc1
ENSNFUG00015013564,psmd2
ENSNFUG00015005095,cnot6l
ENSNFUG00015002015,papss1
ENSNFUG00015008855,crebrf
ENSNFUG00015022250,ap2a1
ENSNFUG00015017164,psmb3
ENSNFUG00015021815,fam65c
ENSNFUG00015012681,gpatch2l
ENSNFUG00015016836,dhdds
ENSNFUG00015006067,manf
ENSNFUG00015006744,trmt2b
ENSNFUG00015004671,parp1
ENSNFUG00015000438,tmem100
ENSNFUG00015003184,smarca5
ENSNFUG00015021896,mrps25
ENSNFUG00015021659,hbp1
ENSNFUG00015004572,nelfa
ENSNFUG00015013264,kat7
ENSNFUG00015022082,copa
ENSNFUG00015017914,hbp1
ENSNFUG00015015916,klhl22
ENSNFUG00015008627,sec31a
ENSNFUG00015022075,gba
ENSNFUG00015009087,eepd1
ENSNFUG00015003571,xpnpep3
ENSNFUG00015005004,pgm3
ENSNFUG00015023905,tcea3
ENSNFUG00015010592,snrpf
ENSNFUG00015025313,psmd1
ENSNFUG00015020384,lig1
ENSNFUG00015006235,sdf2
ENSNFUG00015019333,psmd7
ENSNFUG00015002697,dedd2
ENSNFUG00015013879,agpat4
ENSNFUG00015005078,jmy
ENSNFUG00015017425,amd1
ENSNFUG00015000261,arhgef26
ENSNFUG00015004172,psmc4
ENSNFUG00015004831,psma3
ENSNFUG00015021101,ciao1
ENSNFUG00015002145,lrpprc
ENSNFUG00015004708,mcm6
ENSNFUG00015004860,nat9
ENSNFUG00015021721,prmt1
ENSNFUG00015025446,timm13
ENSNFUG00015021534,suco
ENSNFUG00015013919,hyou1
ENSNFUG00015002126,pold1
ENSNFUG00015018326,smarcad1
ENSNFUG00015013479,pdia3
ENSNFUG00015002329,rpa1
ENSNFUG00015015964,pus7l
ENSNFUG00015001713,poglut1
ENSNFUG00015009603,fbxo25
ENSNFUG00015008709,ebf1
ENSNFUG00015018918,sephs1
ENSNFUG00015012092,api5
ENSNFUG00015007421,prkcsh
ENSNFUG00015017206,hnrnpr
ENSNFUG00015015714,psma5
ENSNFUG00015009278,mcm2
ENSNFUG00015005772,oxnad1
ENSNFUG00015012052,prep
ENSNFUG00015001449,suclg1
ENSNFUG00015021569,pithd1
ENSNFUG00015003230,xpo5
ENSNFUG00015022647,bsdc1
ENSNFUG00015018027,fasn
ENSNFUG00015015820,sart3
ENSNFUG00015000651,cluh
ENSNFUG00015020925,surf4
ENSNFUG00015024903,zranb1
ENSNFUG00015022672,cnot4
ENSNFUG00015001955,creld2
ENSNFUG00015003121,ppm1g
ENSNFUG00015024056,mxd1
ENSNFUG00015011128,rab8b
ENSNFUG00015020230,gnl2
ENSNFUG00015023184,whamm
ENSNFUG00015018238,copb2
ENSNFUG00015004644,ankib1
ENSNFUG00015005512,kpna5
ENSNFUG00015013532,gfi1b
ENSNFUG00015016038,kctd9
ENSNFUG00015004364,cebpa
ENSNFUG00015003243,nr3c1
ENSNFUG00015011165,ube3a
ENSNFUG00015012475,tbpl2
ENSNFUG00015001104,lpin1
ENSNFUG00015021705,tubgcp5
ENSNFUG00015006450,pigl
ENSNFUG00015014877,stard7
ENSNFUG00015002081,ncoa1
ENSNFUG00015021050,hspa5
ENSNFUG00015002841,epor
ENSNFUG00015010411,egln3
ENSNFUG00015004686,bcl9l
ENSNFUG00015021758,ppil1
ENSNFUG00015004536,tmem147
ENSNFUG00015024938,cpamd8
ENSNFUG00015016122,spata20
ENSNFUG00015004130,nup88
ENSNFUG00015019773,prrc2c
ENSNFUG00015022262,dnajb11
ENSNFUG00015007139,ddost
ENSNFUG00015017248,uhrf1
ENSNFUG00015021837,fam134a
ENSNFUG00015004961,ctso
ENSNFUG00015021526,mysm1
ENSNFUG00015016420,hnrnpk
ENSNFUG00015004149,psme4
ENSNFUG00015000915,ylpm1
ENSNFUG00015004822,txndc5
ENSNFUG00015001432,usp5
ENSNFUG00015010358,rhebl1
ENSNFUG00015017363,tmem55a
ENSNFUG00015002316,scara3
ENSNFUG00015013190,srebf1
ENSNFUG00015025274,tm9sf3
ENSNFUG00015008479,zmpste24
ENSNFUG00015021027,rbm17
ENSNFUG00015020111,fkbp9
ENSNFUG00015011207,vps51
ENSNFUG00015011745,dhx9
ENSNFUG00015011996,tram2
ENSNFUG00015018457,lipg
ENSNFUG00015002262,zfyve1
ENSNFUG00015024527,ruvbl2
ENSNFUG00015009962,hspa13
ENSNFUG00015008531,pigv
ENSNFUG00015012639,fam214a
ENSNFUG00015008123,ddx17
ENSNFUG00015003885,lmbrd1
ENSNFUG00015020889,hdac1
ENSNFUG00015003880,psmd14
ENSNFUG00015008414,chrna5
ENSNFUG00015014086,uggt1
ENSNFUG00015007322,uba6
ENSNFUG00015010379,wdr4
ENSNFUG00015012943,lmnb1
ENSNFUG00015022963,armc6
ENSNFUG00015021082,wdr77
ENSNFUG00015009576,mcm3
ENSNFUG00015018990,psmc5
ENSNFUG00015007906,mlec
ENSNFUG00015024579,kansl2
ENSNFUG00015024045,slc27a4
ENSNFUG00015018200,ebp
ENSNFUG00015016153,podxl
ENSNFUG00015010676,usp14
ENSNFUG00015014463,mre11a
ENSNFUG00015019399,rpn2
ENSNFUG00015007286,foxk1
ENSNFUG00015013614,acsbg2
ENSNFUG00015005485,anapc1
ENSNFUG00015007077,psmb1
ENSNFUG00015010196,naa15
ENSNFUG00015016466,ip6k2
ENSNFUG00015006677,cpeb4
ENSNFUG00015016625,tbc1d4
ENSNFUG00015004127,wdr59
ENSNFUG00015017721,atg4d
ENSNFUG00015015426,spcs1
ENSNFUG00015004867,hspd1
ENSNFUG00015021843,sfmbt1
ENSNFUG00015024217,bhlhe41
ENSNFUG00015018842,tcta
ENSNFUG00015021799,chchd2
ENSNFUG00015001049,smad7
ENSNFUG00015020237,dcaf8
ENSNFUG00015007810,msi1
ENSNFUG00015019160,wbp2
ENSNFUG00015020423,meaf6
ENSNFUG00015011039,glcci1
ENSNFUG00015003360,mrpl14
ENSNFUG00015005881,rcn3
ENSNFUG00015004260,sypl1
ENSNFUG00015008391,ripk4
ENSNFUG00015010652,srp68
ENSNFUG00015006342,tbl2
ENSNFUG00015024269,tfpi2
ENSNFUG00015007570,hdlbp
ENSNFUG00015005442,psmd12
ENSNFUG00015005990,map1lc3a
ENSNFUG00015009728,sec13
ENSNFUG00015024451,pno1
ENSNFUG00015022368,sf3b3
ENSNFUG00015022103,srsf3
ENSNFUG00015001739,cramp1
ENSNFUG00015017347,usp4
ENSNFUG00015003751,gpcpd1
ENSNFUG00015022085,taf6l
ENSNFUG00015016602,zw10
ENSNFUG00015024809,zzef1
ENSNFUG00015008618,seh1l
ENSNFUG00015018398,camkk2
ENSNFUG00015001816,arid5b
ENSNFUG00015004345,tmem41b
ENSNFUG00015004140,psmd8
ENSNFUG00015008240,rhobtb3
ENSNFUG00015016403,plin5
ENSNFUG00015014019,uchl3
ENSNFUG00015023311,sec24d
ENSNFUG00015006678,gab2
ENSNFUG00015019336,ctnnal1
ENSNFUG00015008527,entpd4
ENSNFUG00015003295,hnrnph3
ENSNFUG00015022968,gpaa1
ENSNFUG00015019952,anapc2
ENSNFUG00015008201,ovca2
ENSNFUG00015008869,trmt10c
ENSNFUG00015009490,nedd4
ENSNFUG00015025458,ncln
ENSNFUG00015020696,rpn1
ENSNFUG00015013069,rai1
ENSNFUG00015004825,sar1b
ENSNFUG00015013285,ubxn7
ENSNFUG00015024121,ptpn21
ENSNFUG00015008954,nudt21
ENSNFUG00015006378,atg2a
ENSNFUG00015004283,ptprk
ENSNFUG00015014468,cdc73
ENSNFUG00015023839,prpf40a
ENSNFUG00015012222,mink1
ENSNFUG00015009710,acp1
ENSNFUG00015023434,aqr
ENSNFUG00015014351,uba5
ENSNFUG00015023991,rcl1
ENSNFUG00015015876,nup155
ENSNFUG00015011413,ttpa
ENSNFUG00015010390,unkl
ENSNFUG00015007745,kiaa1671
ENSNFUG00015007737,ash2l
ENSNFUG00015022683,rbm15
ENSNFUG00015018379,ldah
ENSNFUG00015004570,nmd3
ENSNFUG00015012516,hspb1
ENSNFUG00015020921,mrps11
ENSNFUG00015011093,tdrd3
ENSNFUG00015006460,tmed2
ENSNFUG00015024544,ubr3
ENSNFUG00015009161,ezh2
ENSNFUG00015023769,atp6v1a
ENSNFUG00015022888,timm17a
ENSNFUG00015019614,kars
ENSNFUG00015013183,socs2
ENSNFUG00015009414,aff4
ENSNFUG00015004623,uso1
ENSNFUG00015017881,zfyve1
ENSNFUG00015015216,magt1
ENSNFUG00015022474,chtf8
ENSNFUG00015005865,poc1b
ENSNFUG00015013798,pgp
ENSNFUG00015024261,saal1
ENSNFUG00015013186,hectd2
ENSNFUG00015018838,cpt1b
ENSNFUG00015018710,rangap1
ENSNFUG00015004865,lrrc59
ENSNFUG00015000361,copg2
ENSNFUG00015024069,acaca
ENSNFUG00015010909,n4bp2
ENSNFUG00015000882,slc35b1
ENSNFUG00015007985,arhgef28
ENSNFUG00015018972,rorb
ENSNFUG00015009770,stip1
ENSNFUG00015023918,psmd6
ENSNFUG00015023541,usp39
ENSNFUG00015011156,plaa
ENSNFUG00015007668,acp6
ENSNFUG00015001132,cd164
ENSNFUG00015009179,chaf1a
ENSNFUG00015005062,acbd3
ENSNFUG00015010422,psma4
ENSNFUG00015023804,e2f4
ENSNFUG00015020068,yars2
ENSNFUG00015004651,mrpl42
ENSNFUG00015018818,bms1
ENSNFUG00015000586,thoc3
ENSNFUG00015006835,gmppb
ENSNFUG00015022506,agps
ENSNFUG00015017568,kif18a
ENSNFUG00015006277,ankle2
ENSNFUG00015009656,khsrp
ENSNFUG00015019908,tmem183a
ENSNFUG00015014638,pcna
ENSNFUG00015008558,ttc19
ENSNFUG00015002013,eif5a
ENSNFUG00015021430,mrs2
ENSNFUG00015024001,rer1
ENSNFUG00015016679,polh
ENSNFUG00015016326,crot
ENSNFUG00015009826,clptm1
ENSNFUG00015012713,wwp1
ENSNFUG00015011587,uggt2
ENSNFUG00015013211,spata2
ENSNFUG00015004380,sdr42e1
ENSNFUG00015019900,rnf44
ENSNFUG00015014103,ryk
ENSNFUG00015008514,tob1
ENSNFUG00015005908,tecpr2
ENSNFUG00015015189,slirp
ENSNFUG00015025243,cdca7l
ENSNFUG00015001358,pdcd5
ENSNFUG00015011453,clptm1l
ENSNFUG00015000475,g3bp1
ENSNFUG00015001103,rpa2
ENSNFUG00015000587,trap1
ENSNFUG00015017837,egfl7
ENSNFUG00015002615,srp72
ENSNFUG00015003080,nfatc3
ENSNFUG00015009776,syap1
ENSNFUG00015008279,dgat2
ENSNFUG00015022995,dhx30
ENSNFUG00015019055,aco2
ENSNFUG00015016668,rasef
ENSNFUG00015022745,srpx
ENSNFUG00015017517,cbx5
ENSNFUG00015005967,srsf3
ENSNFUG00015022333,siah1
ENSNFUG00015022907,gchfr
ENSNFUG00015006609,ighmbp2
ENSNFUG00015013175,sh2d5
ENSNFUG00015010819,dapk2
ENSNFUG00015006890,cdkal1
ENSNFUG00015018051,tmem86a
ENSNFUG00015022742,nfatc4
ENSNFUG00015011933,strap
ENSNFUG00015022553,epg5
ENSNFUG00015023484,fbxo45
ENSNFUG00015010587,ntn4
ENSNFUG00015011015,mios
ENSNFUG00015023385,dars2
ENSNFUG00015018549,gpx8
ENSNFUG00015020516,sox6
ENSNFUG00015010718,ap2s1
ENSNFUG00015016358,zc3hc1
ENSNFUG00015001543,mrps34
ENSNFUG00015008881,dnmbp
ENSNFUG00015010750,plcg1
ENSNFUG00015017314,ap2b1
ENSNFUG00015023868,mlycd
ENSNFUG00015004869,rhot2
ENSNFUG00015002866,tmem205
ENSNFUG00015001437,ergic1
ENSNFUG00015010534,gtpbp10
ENSNFUG00015001408,sel1l
ENSNFUG00015007112,snx19
ENSNFUG00015022147,dck
ENSNFUG00015010146,mrps12
ENSNFUG00015009854,snrpg
ENSNFUG00015022885,dnajc17
ENSNFUG00015005455,ap1m1
ENSNFUG00015006486,itga9
ENSNFUG00015014119,trrap
ENSNFUG00015010022,cgnl1
ENSNFUG00015008546,hspbap1
ENSNFUG00015002090,yif1b
ENSNFUG00015003308,ept1
ENSNFUG00015012122,adcy9
ENSNFUG00015014704,slco2a1
ENSNFUG00015018432,sema3d
ENSNFUG00015001099,sesn1
ENSNFUG00015002813,paox
ENSNFUG00015022928,srp14
ENSNFUG00015018582,chd1l
ENSNFUG00015003514,ssrp1
ENSNFUG00015025436,dmap1
ENSNFUG00015009726,tbcb
ENSNFUG00015020743,copb1
ENSNFUG00015017038,fkbp4
ENSNFUG00015022946,hectd3
ENSNFUG00015024139,hpdl
ENSNFUG00015009886,wdsub1
ENSNFUG00015000391,foxk2
ENSNFUG00015021172,pard6b
ENSNFUG00015013502,gal3st4
ENSNFUG00015021063,mrpl22
ENSNFUG00015014950,gga3
ENSNFUG00015022087,isca2
ENSNFUG00015008647,poli
ENSNFUG00015019766,bola3
ENSNFUG00015022625,slc35b4
ENSNFUG00015007044,icmt
ENSNFUG00015015575,psmb2
ENSNFUG00015019622,mrps21
ENSNFUG00015022580,dnajc11
ENSNFUG00015018622,psme3
ENSNFUG00015024110,wdr1
ENSNFUG00015018684,pola1
ENSNFUG00015007398,bub3
ENSNFUG00015012954,setd3
ENSNFUG00015012683,ccdc134
ENSNFUG00015012550,rmdn1
ENSNFUG00015005727,pik3r1
ENSNFUG00015007965,dpagt1
ENSNFUG00015002382,stk11ip
ENSNFUG00015016477,ncbp3
ENSNFUG00015015956,ywhaq
ENSNFUG00015021017,fbxo18
ENSNFUG00015006913,blm
ENSNFUG00015006621,appbp2
ENSNFUG00015015031,tmem70
ENSNFUG00015007876,ei24
ENSNFUG00015005744,tyms
ENSNFUG00015025228,smpd4
ENSNFUG00015016551,dcaf13
ENSNFUG00015009750,tsn
ENSNFUG00015013520,uba2
ENSNFUG00015006870,dad1
ENSNFUG00015003064,phb
ENSNFUG00015020867,snrnp200
ENSNFUG00015023240,cnp
ENSNFUG00015004230,btg1
ENSNFUG00015023968,lyar
ENSNFUG00015001902,sap18
ENSNFUG00015006074,mib2
ENSNFUG00015004721,timeless
ENSNFUG00015003599,ier2
ENSNFUG00015003768,rnps1
ENSNFUG00015009679,lancl2
ENSNFUG00015011707,erp44
ENSNFUG00015008176,arcn1
ENSNFUG00015014382,kif1b
ENSNFUG00015015072,asmtl
ENSNFUG00015006219,pan3
ENSNFUG00015014427,drg1
ENSNFUG00015019765,bap1
ENSNFUG00015004599,arsb
ENSNFUG00015005469,pfkfb4
ENSNFUG00015003331,abcf3
ENSNFUG00015016682,ttll11
ENSNFUG00015011391,rsad1
ENSNFUG00015019674,snrpd2
ENSNFUG00015020939,park7
ENSNFUG00015010523,mllt10
ENSNFUG00015011950,eif4ebp3
ENSNFUG00015010981,ppp5c
ENSNFUG00015004795,ahcy
ENSNFUG00015016860,pign
ENSNFUG00015015581,ranbp10
ENSNFUG00015001541,tacr3
ENSNFUG00015010404,tram1
ENSNFUG00015017221,usp43
ENSNFUG00015016445,psmd3
ENSNFUG00015007618,tnfaip8l3
ENSNFUG00015017630,pggt1b
ENSNFUG00015000566,nudt1
ENSNFUG00015023048,gdi1
ENSNFUG00015020329,snrpe
ENSNFUG00015006681,mrpl20
ENSNFUG00015011532,top2b
ENSNFUG00015002897,xrcc4
ENSNFUG00015020983,ap1b1
ENSNFUG00015008937,slc25a20
ENSNFUG00015014618,ruvbl1
ENSNFUG00015017024,psma1
ENSNFUG00015016697,kdm4a
ENSNFUG00015002442,znhit2
ENSNFUG00015018996,bop1
ENSNFUG00015024701,ssb
ENSNFUG00015024198,pole2
ENSNFUG00015024255,bet1
ENSNFUG00015024392,gpr180
ENSNFUG00015014644,prim1
ENSNFUG00015011636,lrba
ENSNFUG00015003414,tomm40
ENSNFUG00015009991,gtf2e2
ENSNFUG00015019059,rnmt
ENSNFUG00015008735,clgn
ENSNFUG00015015161,lsm3
ENSNFUG00015025232,twistnb
ENSNFUG00015012024,tp53inp1
ENSNFUG00015011183,ftsj1
ENSNFUG00015012121,aggf1
ENSNFUG00015017292,mcm5
ENSNFUG00015012440,alkbh3
ENSNFUG00015023116,smug1
ENSNFUG00015022520,uhrf1bp1
ENSNFUG00015016293,klhdc10
ENSNFUG00015008104,sssca1
ENSNFUG00015016361,mcm4
ENSNFUG00015024614,bri3bp
ENSNFUG00015018899,isca1
ENSNFUG00015020249,tp53rk
ENSNFUG00015015691,pgap2
ENSNFUG00015015447,map1lc3b
ENSNFUG00015008776,baz1b
ENSNFUG00015006273,cftr
ENSNFUG00015005864,pabpn1l
ENSNFUG00015011539,acox3
ENSNFUG00015022791,lrrc32
ENSNFUG00015018914,psat1
ENSNFUG00015002878,lsm6
ENSNFUG00015016164,ccdc93
ENSNFUG00015007971,kiaa1549l
ENSNFUG00015016230,fam63a
ENSNFUG00015006607,brip1
ENSNFUG00015004545,cutc
ENSNFUG00015025443,lsm7
ENSNFUG00015002265,tfap4
ENSNFUG00015006858,pigu
ENSNFUG00015022970,pdlim2
ENSNFUG00015007335,mogs
ENSNFUG00015020524,cab39l
ENSNFUG00015017393,mapk15
ENSNFUG00015003687,akt1s1
ENSNFUG00015022119,nufip2
ENSNFUG00015003789,helq
ENSNFUG00015014220,deptor
ENSNFUG00015007712,surf6
ENSNFUG00015022163,anapc4
ENSNFUG00015004542,fen1
ENSNFUG00015009754,col4a3bp
ENSNFUG00015005905,idh3g
ENSNFUG00015006436,rad50
ENSNFUG00015025349,opa1
ENSNFUG00015003195,fam120b
ENSNFUG00015014308,cpa1
ENSNFUG00015001551,uap1l1
ENSNFUG00015005223,nav2
ENSNFUG00015003543,tmem214
ENSNFUG00015014354,sltm
ENSNFUG00015005324,pcca
ENSNFUG00015013876,fbxl3
ENSNFUG00015008585,ercc2
ENSNFUG00015006238,eef2k
ENSNFUG00015017051,nup160
ENSNFUG00015007578,cd55
ENSNFUG00015023295,rab2a
ENSNFUG00015020098,qtrt1
ENSNFUG00015021092,myd88
ENSNFUG00015020172,fbxl2
ENSNFUG00015010555,hdac3
ENSNFUG00015017167,aarsd1
ENSNFUG00015000869,fkbp14
ENSNFUG00015003132,skiv2l2
ENSNFUG00015003955,znf407
ENSNFUG00015010832,hook3
ENSNFUG00015021906,atp6v1a
ENSNFUG00015018395,snrpd3
ENSNFUG00015002480,pcgf1
ENSNFUG00015022662,gins4
ENSNFUG00015025040,polr2h
ENSNFUG00015023792,pdk4
ENSNFUG00015001735,ddx39a
ENSNFUG00015013997,fbxw2
ENSNFUG00015003263,pnpt1
ENSNFUG00015020115,cpb1
ENSNFUG00015005913,smchd1
ENSNFUG00015004921,sec24a
ENSNFUG00015023752,nup210
ENSNFUG00015006319,trip11
ENSNFUG00015015276,mrpl40
ENSNFUG00015000497,mafk
ENSNFUG00015004061,e2f8
ENSNFUG00015025220,pdlim1
ENSNFUG00015021433,arrdc2
ENSNFUG00015012985,stau2
ENSNFUG00015023257,ap1s2
ENSNFUG00015000482,snx25
ENSNFUG00015025392,pgm1
ENSNFUG00015004443,dcaf11
ENSNFUG00015008021,march5
ENSNFUG00015005860,nosip
ENSNFUG00015004585,ipo4
ENSNFUG00015002906,amfr
ENSNFUG00015001129,cstf2
ENSNFUG00015022371,alg3
ENSNFUG00015021525,lypla2
ENSNFUG00015011883,smarcd1
ENSNFUG00015002381,ppa2
ENSNFUG00015022427,gan
ENSNFUG00015009164,scamp4
ENSNFUG00015009374,arl6
ENSNFUG00015018787,chkb
ENSNFUG00015001810,tufm
ENSNFUG00015004179,pola2
ENSNFUG00015024207,vps25
ENSNFUG00015023392,rnpc3
ENSNFUG00015022602,gak
ENSNFUG00015024177,psmd9
ENSNFUG00015015268,pcyox1
ENSNFUG00015002079,gpr137c
ENSNFUG00015018199,pold2
ENSNFUG00015012208,eed
ENSNFUG00015011605,rfc3
ENSNFUG00015002737,ezh1
ENSNFUG00015015313,cdc16
ENSNFUG00015002384,chac1
ENSNFUG00015020284,pdss1
ENSNFUG00015005542,nup205
ENSNFUG00015007687,mpi
ENSNFUG00015000433,sf3b5
ENSNFUG00015017250,agpat5
ENSNFUG00015011597,ulk2
ENSNFUG00015002657,drg2
ENSNFUG00015007960,dram2
ENSNFUG00015000478,zfp36l2
ENSNFUG00015024611,heatr6
ENSNFUG00015016979,rapgefl1
ENSNFUG00015025462,mydgf
ENSNFUG00015008075,taf15
ENSNFUG00015012035,ube2ql1
ENSNFUG00015021286,qrsl1
ENSNFUG00015007275,snrpa1
ENSNFUG00015022726,aurkaip1
ENSNFUG00015011669,ddb1
ENSNFUG00015002125,fchsd2
ENSNFUG00015009208,mad2l1
ENSNFUG00015007062,chfr
ENSNFUG00015001505,mri1
ENSNFUG00015009450,mrps31
ENSNFUG00015015130,ring1
ENSNFUG00015016154,kiaa1468
ENSNFUG00015001599,dock2
ENSNFUG00015015634,nbas
ENSNFUG00015000190,tapbpl
ENSNFUG00015021804,cndp2
ENSNFUG00015011447,nfib
ENSNFUG00015020922,mrpl46
ENSNFUG00015016029,pxk
ENSNFUG00015025098,tsc22d2
ENSNFUG00015019959,sf3b2
ENSNFUG00015016948,apeh
ENSNFUG00015017489,commd7
ENSNFUG00015001908,abracl
ENSNFUG00015007079,ndufb6
ENSNFUG00015024787,tmem101
ENSNFUG00015000998,atp1b4
ENSNFUG00015016443,psmb4
ENSNFUG00015004182,ddx21
ENSNFUG00015013595,uspl1
ENSNFUG00015007757,slc5a3
ENSNFUG00015011755,cnih1
ENSNFUG00015004547,denr
ENSNFUG00015005774,mgst3
ENSNFUG00015025292,ikzf1
ENSNFUG00015014872,flcn
ENSNFUG00015024131,idh3b
ENSNFUG00015011627,higd1a
ENSNFUG00015010645,ccnd1
ENSNFUG00015019149,fbxw7
ENSNFUG00015024876,ehhadh
ENSNFUG00015002091,mthfsd
ENSNFUG00015020151,kdelc2
ENSNFUG00015002367,arhgef38
ENSNFUG00015008053,arhgef25
ENSNFUG00015024678,cd200
ENSNFUG00015002988,atxn10
ENSNFUG00015004339,ganab
ENSNFUG00015019229,pigm
ENSNFUG00015006600,psma8
ENSNFUG00015005553,chpt1
ENSNFUG00015013184,hp1bp3
ENSNFUG00015016591,nt5dc2
ENSNFUG00015002170,irs2
ENSNFUG00015001330,cpsf2
ENSNFUG00015015879,fgfr4
ENSNFUG00015010533,mfge8
ENSNFUG00015001158,limd2
ENSNFUG00015013943,slc33a1
ENSNFUG00015015400,faap100
ENSNFUG00015004376,pomp
ENSNFUG00015013961,plagl2
ENSNFUG00015016079,rb1cc1
ENSNFUG00015009357,kif22
ENSNFUG00015013673,ca5a
ENSNFUG00015019584,gclc
ENSNFUG00015011566,ostf1
ENSNFUG00015008242,dcp1b
ENSNFUG00015019666,endog
ENSNFUG00015011509,pus1
ENSNFUG00015007073,pcnx1
ENSNFUG00015019884,snx33
ENSNFUG00015000278,mars2
ENSNFUG00015004215,slc22a18
ENSNFUG00015002618,nadk2
ENSNFUG00015011356,atp6v0d1
ENSNFUG00015012392,mtpn
ENSNFUG00015010614,eif4a2
ENSNFUG00015005801,naa10
ENSNFUG00015007905,dhx15
ENSNFUG00015024965,srm
ENSNFUG00015002892,gnpnat1
ENSNFUG00015007972,rps6ka1
ENSNFUG00015002731,carhsp1
ENSNFUG00015017717,plek
ENSNFUG00015020789,cks1b
ENSNFUG00015021401,sos1
ENSNFUG00015016969,cog1
ENSNFUG00015015896,wipi1
ENSNFUG00015011818,xylb
ENSNFUG00015007751,rnf10
ENSNFUG00015021798,patz1
ENSNFUG00015013234,itsn1
ENSNFUG00015015689,fam171a1
ENSNFUG00015004300,fbl
ENSNFUG00015025369,xxylt1
ENSNFUG00015001875,tp53
ENSNFUG00015004086,psmc6
ENSNFUG00015001383,strn
ENSNFUG00015010055,ppp1r37
ENSNFUG00015016265,eif4ebp2
ENSNFUG00015015951,gdpgp1
ENSNFUG00015003409,sbf1
ENSNFUG00015015168,dnph1
ENSNFUG00015008710,usp25
ENSNFUG00015009489,snx14
ENSNFUG00015024786,klf15
ENSNFUG00015022116,gtpbp4
ENSNFUG00015023214,atg13
ENSNFUG00015021725,fbxo21
ENSNFUG00015006554,tmem258
ENSNFUG00015009376,crcp
ENSNFUG00015005189,psip1
ENSNFUG00015012544,cul2
ENSNFUG00015011461,gnmt
ENSNFUG00015023853,dmtf1
ENSNFUG00015015261,adck1
ENSNFUG00015008876,mrpl16
ENSNFUG00015020693,txnl4a
ENSNFUG00015003511,pbk
ENSNFUG00015015451,ncoa4
ENSNFUG00015025412,mrpl47
ENSNFUG00015024718,ccng1
ENSNFUG00015006087,huwe1
ENSNFUG00015010223,arfgap2
ENSNFUG00015001126,dnajc21
ENSNFUG00015013213,usp16
ENSNFUG00015025016,mlh1
ENSNFUG00015001681,lman1
ENSNFUG00015003594,rbx1
ENSNFUG00015021964,tex2
ENSNFUG00015019296,tinagl1
ENSNFUG00015016229,cstf1
ENSNFUG00015018889,usp10
ENSNFUG00015002533,sh3bgrl
ENSNFUG00015019125,tmem177
ENSNFUG00015025390,alg6
ENSNFUG00015003093,tmem209
ENSNFUG00015011192,jade1
ENSNFUG00015011021,baiap3
ENSNFUG00015021011,nudt5
ENSNFUG00015006310,msh6
ENSNFUG00015000809,epb41l2
ENSNFUG00015006836,kif23
ENSNFUG00015003056,wipi2
ENSNFUG00015003151,ccnk
ENSNFUG00015009420,slc6a8
ENSNFUG00015024449,vps13a
ENSNFUG00015016363,ube2h
ENSNFUG00015016107,ralbp1
ENSNFUG00015023965,cdk8
ENSNFUG00015002586,ccnf
ENSNFUG00015012227,sh3d19
ENSNFUG00015011311,trappc10
ENSNFUG00015003718,zcchc7
ENSNFUG00015002052,nsdhl
ENSNFUG00015009218,trim23
ENSNFUG00015021384,rnf26
ENSNFUG00015010773,trabd2a
ENSNFUG00015014562,gins3
ENSNFUG00015006112,dapk3
ENSNFUG00015005550,smg6
ENSNFUG00015003668,stxbp2
ENSNFUG00015005549,gorasp2
ENSNFUG00015017391,c2cd5
ENSNFUG00015006667,maml2
ENSNFUG00015007744,samd7
ENSNFUG00015004628,elovl6
ENSNFUG00015024215,sspn
ENSNFUG00015006792,slc35f2
ENSNFUG00015008853,pds5a
ENSNFUG00015023043,pgap3
ENSNFUG00015009918,uchl5
ENSNFUG00015023681,mthfd2
ENSNFUG00015003246,epm2a
ENSNFUG00015019971,mcm10
ENSNFUG00015010395,smg1
ENSNFUG00015023542,nup93
ENSNFUG00015016481,mapre2
ENSNFUG00015007704,npepl1
ENSNFUG00015002597,sec11a
ENSNFUG00015006854,pink1
ENSNFUG00015015277,epas1
ENSNFUG00015024594,sox7
ENSNFUG00015010455,p3h4
ENSNFUG00015008325,map2k1
ENSNFUG00015006541,mprip
ENSNFUG00015012253,rfc5
ENSNFUG00015010711,mef2d
ENSNFUG00015001698,dctn5
ENSNFUG00015019295,cdc26
ENSNFUG00015009899,nif3l1
ENSNFUG00015003152,mettl21a
ENSNFUG00015025471,haus5
ENSNFUG00015013741,ccz1
ENSNFUG00015001366,extl3
ENSNFUG00015009079,gata6
ENSNFUG00015020361,gramd4
ENSNFUG00015009836,brox
ENSNFUG00015009025,snx7
ENSNFUG00015003001,wdr83os
ENSNFUG00015000418,alad
ENSNFUG00015021977,fancc
ENSNFUG00015002392,tet2
ENSNFUG00015011698,jun
ENSNFUG00015001119,ppp1r8
ENSNFUG00015024565,pigs
ENSNFUG00015013935,ascc2
ENSNFUG00015013995,ndufa3
ENSNFUG00015007106,ndufaf3
ENSNFUG00015023412,cotl1
ENSNFUG00015006131,gabpa
ENSNFUG00015008529,dirc2
ENSNFUG00015003278,cpsf4
ENSNFUG00015023123,phactr1
ENSNFUG00015018177,hagh
ENSNFUG00015023768,galnt5
ENSNFUG00015002357,ints12
ENSNFUG00015000754,palb2
ENSNFUG00015000118,shank1
ENSNFUG00015009955,eaf1
ENSNFUG00015019303,tsc2
ENSNFUG00015016715,cc2d2a
ENSNFUG00015002842,mrps33
ENSNFUG00015006085,nupl2
ENSNFUG00015001941,abcg5
ENSNFUG00015018349,osbp2
ENSNFUG00015025062,nploc4
ENSNFUG00015011439,letm1
ENSNFUG00015005717,rassf3
ENSNFUG00015000176,dcps
ENSNFUG00015014255,naa20
ENSNFUG00015019047,pusl1
ENSNFUG00015001633,snrpb2
ENSNFUG00015001854,nudt14
ENSNFUG00015002009,ybx2
ENSNFUG00015003450,fzd4
ENSNFUG00015010893,ammecr1
ENSNFUG00015007298,bbox1
ENSNFUG00015022032,polr3c
ENSNFUG00015020315,p4hb
ENSNFUG00015006517,ncor1
ENSNFUG00015013246,cadps2
ENSNFUG00015020236,usp40
ENSNFUG00015008704,rbpjl
ENSNFUG00015021141,chdh
ENSNFUG00015006400,rgn
ENSNFUG00015013886,tgfbrap1
ENSNFUG00015002184,gins2
ENSNFUG00015024092,zcchc8
ENSNFUG00015004513,scyl1
ENSNFUG00015007580,ppp2r2d
ENSNFUG00015003055,dennd2a
ENSNFUG00015018203,ccdc115
ENSNFUG00015008723,akirin2
ENSNFUG00015023400,morc2
ENSNFUG00015024130,mrpl43
ENSNFUG00015021524,setbp1
ENSNFUG00015017631,lgr4
ENSNFUG00015003325,utrn
ENSNFUG00015011201,dnajb4
ENSNFUG00015011703,synj2bp
ENSNFUG00015006768,armc8
ENSNFUG00015024566,fitm2
ENSNFUG00015018263,asf1b
ENSNFUG00015006221,dnpep
ENSNFUG00015015761,ncapg2
ENSNFUG00015007460,pgm2
ENSNFUG00015018437,ppie
ENSNFUG00015006445,cct6a
ENSNFUG00015020062,spsb4
ENSNFUG00015015658,ndufv2
ENSNFUG00015019495,mtfp1
ENSNFUG00015016614,laptm4a
ENSNFUG00015003034,plpp1
ENSNFUG00015005751,iqgap1
ENSNFUG00015001090,mecr
ENSNFUG00015014553,gnl3l
ENSNFUG00015020526,ndc1
ENSNFUG00015001691,fam160a1
ENSNFUG00015007481,kdsr
ENSNFUG00015024766,ppig
ENSNFUG00015014023,xrn1
ENSNFUG00015003305,ost4
ENSNFUG00015006209,eif3g
ENSNFUG00015008969,eci2
ENSNFUG00015024635,rab8a
ENSNFUG00015025460,cope
ENSNFUG00015000396,map3k5
ENSNFUG00015019408,bloc1s5
ENSNFUG00015001143,fam198b
ENSNFUG00015000827,ciita
ENSNFUG00015014603,opa3
ENSNFUG00015005456,nhp2
ENSNFUG00015023600,pkp4
ENSNFUG00015017777,hgd
ENSNFUG00015005715,set
ENSNFUG00015009853,mcm8
ENSNFUG00015020918,ass1
ENSNFUG00015014346,pqlc3
ENSNFUG00015013928,sptlc1
ENSNFUG00015017817,rqcd1
ENSNFUG00015012919,dcxr
ENSNFUG00015012213,orc2
ENSNFUG00015007813,pdia5
ENSNFUG00015019515,elovl5
ENSNFUG00015025027,spc25
ENSNFUG00015010658,ralgps2
ENSNFUG00015018987,kif15
ENSNFUG00015007510,gtpbp8
ENSNFUG00015017300,stx6
ENSNFUG00015009751,samhd1
ENSNFUG00015001621,akirin2
ENSNFUG00015010736,sfswap
ENSNFUG00015025179,nisch
ENSNFUG00015024783,ankfy1
ENSNFUG00015001986,sptbn1
ENSNFUG00015024834,fh
ENSNFUG00015019915,psme2
ENSNFUG00015021258,sdhc
ENSNFUG00015003356,phip
ENSNFUG00015013933,slc35f5
ENSNFUG00015025104,ppp1r2
ENSNFUG00015006496,prdx2
ENSNFUG00015010056,ube2d2
ENSNFUG00015007002,chp1
ENSNFUG00015019467,anxa4
ENSNFUG00015015133,hps3
ENSNFUG00015018911,nsun6
ENSNFUG00015023393,kdelc1
ENSNFUG00015011728,gmfb
ENSNFUG00015005105,ogdh
ENSNFUG00015013711,ergic3
ENSNFUG00015023618,hm13
ENSNFUG00015004261,sox5
ENSNFUG00015022976,edc3
ENSNFUG00015001088,lpcat3
ENSNFUG00015010428,armc7
ENSNFUG00015013140,rock2
ENSNFUG00015017578,ptprc
ENSNFUG00015013724,kdr
ENSNFUG00015012771,mtmr4
ENSNFUG00015007532,dek
ENSNFUG00015008670,ublcp1
ENSNFUG00015023268,tns3
ENSNFUG00015019472,trappc4
ENSNFUG00015022366,eif2s3
ENSNFUG00015000830,nop14
ENSNFUG00015017598,rbks
ENSNFUG00015005518,neil3
ENSNFUG00015014937,hcfc1
ENSNFUG00015017158,arfip1
ENSNFUG00015006122,orc5
ENSNFUG00015020723,rasa3
ENSNFUG00015009078,vps37a
ENSNFUG00015023350,mtmr3
ENSNFUG00015006202,ranbp1
ENSNFUG00015000592,mlf2
ENSNFUG00015004956,sf3b1
ENSNFUG00015014373,ints8
ENSNFUG00015011066,ndufa10
ENSNFUG00015009885,fig4
ENSNFUG00015004096,utp20
ENSNFUG00015024971,haus8
ENSNFUG00015021980,wdtc1
ENSNFUG00015015209,vmp1
ENSNFUG00015022585,eif4e2
ENSNFUG00015022245,slc25a33
ENSNFUG00015014876,suds3
ENSNFUG00015018450,slc25a36
ENSNFUG00015021393,vangl2
ENSNFUG00015015620,ogfod2
ENSNFUG00015022638,camsap2
ENSNFUG00015003858,trmt6
ENSNFUG00015006742,dbr1
ENSNFUG00015023910,prc1
ENSNFUG00015001861,usp7
ENSNFUG00015004786,march6
ENSNFUG00015016877,mis18bp1
ENSNFUG00015023099,pelo
ENSNFUG00015016084,ano1
ENSNFUG00015021983,ubald2
ENSNFUG00015002335,tmub2
ENSNFUG00015012528,xpot
ENSNFUG00015022015,cables1
ENSNFUG00015003901,gata4
ENSNFUG00015017974,ddit3
ENSNFUG00015018446,ltv1
ENSNFUG00015013342,ddit4
ENSNFUG00015000404,slc35b2
ENSNFUG00015003459,tmem39a
ENSNFUG00015019332,ncaph
ENSNFUG00015006652,mtx2
ENSNFUG00015009139,flad1
ENSNFUG00015002905,apex1
ENSNFUG00015021252,usp24
ENSNFUG00015008281,gpn2
ENSNFUG00015003373,mrpl17
ENSNFUG00015006147,ppan
ENSNFUG00015024123,gldc
ENSNFUG00015017870,rictor
ENSNFUG00015004272,atxn7l1
ENSNFUG00015007261,prmt5
ENSNFUG00015024205,klhdc2
ENSNFUG00015008650,rab27b
ENSNFUG00015010472,cdca8
ENSNFUG00015021856,ccdc58
ENSNFUG00015011909,pds5b
ENSNFUG00015024099,fam98b
ENSNFUG00015006916,mtfr1
ENSNFUG00015020508,ccnh
ENSNFUG00015016244,pdrg1
ENSNFUG00015009498,dbf4
ENSNFUG00015007964,tpp2
ENSNFUG00015024263,chmp7
ENSNFUG00015001247,hsdl2
ENSNFUG00015020200,fhl3
ENSNFUG00015012846,cdv3
ENSNFUG00015004439,ints5
ENSNFUG00015023532,sftpb
ENSNFUG00015000988,lamp2
ENSNFUG00015014930,tsen15
ENSNFUG00015011674,rplp0
ENSNFUG00015018652,arl16
ENSNFUG00015017791,dtl
ENSNFUG00015000941,cckar
ENSNFUG00015003613,cpsf3
ENSNFUG00015016654,lin52
ENSNFUG00015006019,slc22a23
ENSNFUG00015004200,alkbh7
ENSNFUG00015021074,dhcr24
ENSNFUG00015010654,nup85
ENSNFUG00015005685,strip1
ENSNFUG00015023259,tomm5
ENSNFUG00015004925,rbm8a
ENSNFUG00015003166,gabarapl2
ENSNFUG00015000961,sema4d
ENSNFUG00015003116,pole3
ENSNFUG00015000421,mmd
ENSNFUG00015012962,dnajc13
ENSNFUG00015003037,phospho1
ENSNFUG00015001702,nap1l1
ENSNFUG00015015181,ppp1r10
ENSNFUG00015021155,cerk
ENSNFUG00015010145,ncoa2
ENSNFUG00015024980,dffa
ENSNFUG00015011871,itpa
ENSNFUG00015019305,tomm22
ENSNFUG00015006711,tmem87a
ENSNFUG00015011324,diaph3
ENSNFUG00015007371,homez
ENSNFUG00015011681,mrpl12
ENSNFUG00015014179,pla2g12b
ENSNFUG00015015377,wee1
ENSNFUG00015008842,rnf7
ENSNFUG00015022523,idi1
ENSNFUG00015001790,prox1
ENSNFUG00015016231,tbc1d5
ENSNFUG00015021521,rp2
ENSNFUG00015013047,khk
ENSNFUG00015014244,crat
ENSNFUG00015004472,psme1
ENSNFUG00015009397,zcchc10
ENSNFUG00015004688,srpra
ENSNFUG00015012455,siae
ENSNFUG00015017103,rogdi
ENSNFUG00015014496,dazap2
ENSNFUG00015011169,msrb2
ENSNFUG00015007725,ctu1
ENSNFUG00015007107,sdhd
ENSNFUG00015005197,gpx7
ENSNFUG00015001907,vps53
ENSNFUG00015003902,npm3
ENSNFUG00015021741,mapk6
ENSNFUG00015010320,rhbdd1
ENSNFUG00015021095,exoc5
ENSNFUG00015013013,fcf1
ENSNFUG00015010678,ostc
ENSNFUG00015015970,slc39a11
ENSNFUG00015013072,msmo1
ENSNFUG00015015062,aamdc
ENSNFUG00015016736,angpt1
ENSNFUG00015002195,ncapd2
ENSNFUG00015000218,cenpi
ENSNFUG00015000220,itprip
ENSNFUG00015017170,kpna2
ENSNFUG00015004032,supv3l1
ENSNFUG00015017329,tfg
ENSNFUG00015024051,snrnp27
ENSNFUG00015007063,rbm5
ENSNFUG00015010679,flii
ENSNFUG00015009538,pudp
ENSNFUG00015021316,tex2
ENSNFUG00015012711,aimp2
ENSNFUG00015017929,npc1l1
ENSNFUG00015011788,mtfmt
ENSNFUG00015024852,atp2a3
ENSNFUG00015001233,dnajc2
ENSNFUG00015003512,atg12
ENSNFUG00015019533,jun
ENSNFUG00015000111,tox3
ENSNFUG00015025358,dock7
ENSNFUG00015004309,pycard
ENSNFUG00015000446,pctp
ENSNFUG00015008088,anapc5
ENSNFUG00015012843,cdo1
ENSNFUG00015001676,paip2
ENSNFUG00015018635,frmd4a
ENSNFUG00015014793,skap2
ENSNFUG00015005513,dram1
ENSNFUG00015023229,lmna
ENSNFUG00015000295,ccni
ENSNFUG00015008217,dscc1
ENSNFUG00015016565,vps45
ENSNFUG00015000127,slc38a2
ENSNFUG00015002896,osgep
ENSNFUG00015017613,cacybp
ENSNFUG00015001165,tulp4
ENSNFUG00015017288,rhag
ENSNFUG00015017840,orai1
ENSNFUG00015013572,dohh
ENSNFUG00015012225,ctbp1
ENSNFUG00015004394,heatr3
ENSNFUG00015010459,plbd1
ENSNFUG00015021669,ddx23
ENSNFUG00015006037,cep290
ENSNFUG00015002713,mrpl51
ENSNFUG00015009902,ints6
ENSNFUG00015024825,yipf5
ENSNFUG00015000970,pcgf6
ENSNFUG00015013403,lrp3
ENSNFUG00015014568,brat1
ENSNFUG00015025041,stk39
ENSNFUG00015020233,angptl4
ENSNFUG00015007054,pde10a
ENSNFUG00015005773,urod
ENSNFUG00015013262,napg
ENSNFUG00015015932,pphln1
ENSNFUG00015015198,nup50
ENSNFUG00015012815,slu7
ENSNFUG00015016034,hars
ENSNFUG00015020366,sass6
ENSNFUG00015020724,pde3b
ENSNFUG00015008675,ndufb8
ENSNFUG00015006437,galm
ENSNFUG00015009320,ccng1
ENSNFUG00015013662,nup133
ENSNFUG00015011256,bcl6b
ENSNFUG00015019720,tma16
ENSNFUG00015016462,gpr18
ENSNFUG00015005043,pdcl3
ENSNFUG00015019083,ddx54
ENSNFUG00015023721,impad1
ENSNFUG00015011441,tango6
ENSNFUG00015013145,mad2l1bp
ENSNFUG00015016412,rmi1
ENSNFUG00015011673,snap47
ENSNFUG00015021338,nsfl1c
ENSNFUG00015021806,psph
ENSNFUG00015005448,wdr90
ENSNFUG00015023852,atp9a
ENSNFUG00015023508,cln8
ENSNFUG00015008533,tonsl
ENSNFUG00015019146,card19
ENSNFUG00015009727,eaf2
ENSNFUG00015020376,ipo13
ENSNFUG00015010818,fubp1
ENSNFUG00015020158,crtap
ENSNFUG00015024476,arpc2
ENSNFUG00015021976,pitpnb
ENSNFUG00015019550,mastl
ENSNFUG00015024851,ankrd28
ENSNFUG00015008907,rpa3
ENSNFUG00015023301,hnrnpa3
ENSNFUG00015015524,lck
ENSNFUG00015022627,coasy
ENSNFUG00015014781,psmd10
ENSNFUG00015006741,preb
ENSNFUG00015013048,hspa12b
ENSNFUG00015000635,itpkb
ENSNFUG00015018586,e4f1
ENSNFUG00015024303,mfsd10
ENSNFUG00015003980,tbc1d31
ENSNFUG00015002431,uprt
ENSNFUG00015019457,cenpn
ENSNFUG00015019872,prima1
ENSNFUG00015015271,coq5
ENSNFUG00015001194,psmc2
ENSNFUG00015018971,chek1
ENSNFUG00015023101,sf3a2
ENSNFUG00015003298,gab1
ENSNFUG00015000304,kiaa0141
ENSNFUG00015004555,tsc22d1
ENSNFUG00015002504,bbs12
ENSNFUG00015005488,cobl
ENSNFUG00015020684,thumpd3
ENSNFUG00015015649,rps3
ENSNFUG00015021164,dpm1
ENSNFUG00015014833,mpzl2
ENSNFUG00015018190,wdr5
ENSNFUG00015017153,aco1
ENSNFUG00015022132,fdps
ENSNFUG00015012187,tcea1
ENSNFUG00015017621,dctpp1
ENSNFUG00015005976,phf8
ENSNFUG00015016305,ciapin1
ENSNFUG00015025168,csgalnact2
ENSNFUG00015007577,bcl2
ENSNFUG00015013217,myo1d
ENSNFUG00015021422,tmem161a
ENSNFUG00015016605,rhob
ENSNFUG00015016309,dock10
ENSNFUG00015000411,psmg2
ENSNFUG00015023964,zbtb49
ENSNFUG00015021651,kat6b
ENSNFUG00015005980,med20
ENSNFUG00015024143,lhpp
ENSNFUG00015014010,lmo2
ENSNFUG00015006176,cav1
ENSNFUG00015017855,nsa2
ENSNFUG00015009189,lss
ENSNFUG00015009071,zmynd11
ENSNFUG00015017313,foxred2
ENSNFUG00015001109,themis2
ENSNFUG00015003410,ndufs8
ENSNFUG00015004985,spag5
ENSNFUG00015023821,cpm
ENSNFUG00015006926,smpdl3a
ENSNFUG00015001508,gpr108
ENSNFUG00015017360,gid4
ENSNFUG00015015811,klhl12
ENSNFUG00015009626,cdh16
ENSNFUG00015015651,alg5
ENSNFUG00015006628,ptprd
ENSNFUG00015021971,ccdc84
ENSNFUG00015013111,hlcs
ENSNFUG00015021629,usp46
ENSNFUG00015022166,mterf1
ENSNFUG00015009354,sec24c
ENSNFUG00015013637,psenen
ENSNFUG00015022961,dpp9
ENSNFUG00015006558,cracr2b
ENSNFUG00015025304,bard1
ENSNFUG00015003497,dhx29
ENSNFUG00015017600,ddx56
ENSNFUG00015023745,itfg2
ENSNFUG00015006530,tnfsf13b
ENSNFUG00015023606,capn9
ENSNFUG00015004262,erlec1
ENSNFUG00015002891,adsl
ENSNFUG00015015322,gmnn
ENSNFUG00015017851,chac1
ENSNFUG00015023829,vegfc
ENSNFUG00015007295,csde1
ENSNFUG00015002286,ccna2
ENSNFUG00015017264,tom1
ENSNFUG00015019088,alg9
ENSNFUG00015022169,kiaa0101
ENSNFUG00015018109,rad51
ENSNFUG00015016881,ddx11
ENSNFUG00015003580,atic
ENSNFUG00015008204,mrpl13
ENSNFUG00015016495,taz
ENSNFUG00015014191,acod1
ENSNFUG00015006109,sec23a
ENSNFUG00015001471,cisd2
ENSNFUG00015018511,gale
ENSNFUG00015006673,galnt16
ENSNFUG00015003190,ahcyl2
ENSNFUG00015011231,btf3l4
ENSNFUG00015006130,cln3
ENSNFUG00015000682,smap1
ENSNFUG00015023883,hes2
ENSNFUG00015006305,ndufb2
ENSNFUG00015013951,rnf215
ENSNFUG00015021616,eif4e3
ENSNFUG00015012175,sec63
ENSNFUG00015005021,ptgr1
ENSNFUG00015009608,hgsnat
ENSNFUG00015015731,ankrd12
ENSNFUG00015003366,tacr2
ENSNFUG00015023006,sugp1
ENSNFUG00015012758,dlst
ENSNFUG00015009921,bloc1s1
ENSNFUG00015010524,gbe1
ENSNFUG00015005489,lrpap1
ENSNFUG00015020707,med16
ENSNFUG00015002147,ncapd2
ENSNFUG00015002639,znf598
ENSNFUG00015007019,ddx43
ENSNFUG00015012866,mrpl45
ENSNFUG00015020286,sarnp
ENSNFUG00015000932,hadhb
ENSNFUG00015014656,pkd2
ENSNFUG00015004515,wdhd1
ENSNFUG00015022616,tfb1m
ENSNFUG00015015660,arhgap39
ENSNFUG00015010752,arhgap35
ENSNFUG00015018969,daxx
ENSNFUG00015002573,parp11
ENSNFUG00015014785,adprhl2
ENSNFUG00015019978,emc9
ENSNFUG00015018365,mbtps1
ENSNFUG00015010554,nbn
ENSNFUG00015005692,nup43
ENSNFUG00015003361,gnpat
ENSNFUG00015001623,aptx
ENSNFUG00015020429,gas6
ENSNFUG00015022352,mterf4
ENSNFUG00015012593,lrp6
ENSNFUG00015009286,slc35a2
ENSNFUG00015022622,slc10a3
ENSNFUG00015008503,dock5
ENSNFUG00015021666,lsm4
ENSNFUG00015014850,brd9
ENSNFUG00015003316,smurf2
ENSNFUG00015008144,napepld
ENSNFUG00015007219,trnt1
ENSNFUG00015022912,suclg2
ENSNFUG00015005642,decr2
ENSNFUG00015021058,ktn1
ENSNFUG00015001302,msl3
ENSNFUG00015015111,tmem199
ENSNFUG00015020058,ctnnbl1
ENSNFUG00015003057,ccdc130
ENSNFUG00015002816,eif3k
ENSNFUG00015018024,mis18a
ENSNFUG00015013038,ncoa6
ENSNFUG00015005182,aprt
ENSNFUG00015014197,cul4a
ENSNFUG00015021237,st6gal2
ENSNFUG00015016178,smoc2
ENSNFUG00015000317,ptpn6
ENSNFUG00015019338,efhd1
ENSNFUG00015007945,lias
ENSNFUG00015004793,bpnt1
ENSNFUG00015010115,trip12
ENSNFUG00015015347,atat1
ENSNFUG00015019958,phyh
ENSNFUG00015015243,epha7
ENSNFUG00015019658,sapcd2
ENSNFUG00015006606,pdzk1
ENSNFUG00015002659,rnmtl1
ENSNFUG00015012456,foxm1
ENSNFUG00015010557,commd3
ENSNFUG00015002498,spry1
ENSNFUG00015021396,rundc1
ENSNFUG00015016599,lrwd1
ENSNFUG00015017303,dnajc8
ENSNFUG00015004399,aplp2
ENSNFUG00015001228,etfdh
ENSNFUG00015010431,slc37a1
ENSNFUG00015010791,tmem160
ENSNFUG00015010729,cand1
ENSNFUG00015008166,cstf3
ENSNFUG00015020335,eif3f
ENSNFUG00015001856,hint1
ENSNFUG00015000772,canx
ENSNFUG00015024829,mrpl54
ENSNFUG00015000942,hook2
ENSNFUG00015021321,kpna1
ENSNFUG00015024481,unk
ENSNFUG00015005061,mrpl1
ENSNFUG00015009509,nsun3
ENSNFUG00015015340,znf704
ENSNFUG00015021136,qsox2
ENSNFUG00015008923,tcerg1
ENSNFUG00015013817,rfwd2
ENSNFUG00015013940,rnf103
ENSNFUG00015018735,trmt5
ENSNFUG00015022310,mrpl24
ENSNFUG00015022107,lars2
ENSNFUG00015020044,fus
ENSNFUG00015001270,tk1
ENSNFUG00015020703,zbtb24
ENSNFUG00015021835,nipa1
ENSNFUG00015000664,lfng
ENSNFUG00015010901,sbds
ENSNFUG00015006778,rtf1
ENSNFUG00015004753,nars
ENSNFUG00015011915,mettl12
ENSNFUG00015014947,imp3
ENSNFUG00015006622,lrch2
ENSNFUG00015023716,aacs
ENSNFUG00015010728,thoc1
ENSNFUG00015003095,pdcd2
ENSNFUG00015020387,hyal2
ENSNFUG00015017130,ykt6
ENSNFUG00015001244,serac1
ENSNFUG00015017638,plce1
ENSNFUG00015001617,mrpl11
ENSNFUG00015000087,gprc5b
ENSNFUG00015015955,cfl2
ENSNFUG00015006440,cenpv
ENSNFUG00015001187,tmem181
ENSNFUG00015004642,pwp1
ENSNFUG00015016390,efl1
ENSNFUG00015006062,tyw3
ENSNFUG00015023679,suox
ENSNFUG00015003654,sec16a
ENSNFUG00015022815,ddx5
ENSNFUG00015013346,anapc16
ENSNFUG00015008712,fam114a1
ENSNFUG00015015897,cmbl
ENSNFUG00015016543,wdr6
ENSNFUG00015022595,capn10
ENSNFUG00015019330,klhl2
ENSNFUG00015003324,fam134c
ENSNFUG00015010462,tyw1
ENSNFUG00015002750,dera
ENSNFUG00015017779,igsf10
ENSNFUG00015014768,pgap1
ENSNFUG00015010848,rb1
ENSNFUG00015019287,tbc1d16
ENSNFUG00015021519,ing3
ENSNFUG00015017252,mfsd6l
ENSNFUG00015007222,ahctf1
ENSNFUG00015009757,nyx
ENSNFUG00015017718,map3k7
ENSNFUG00015024474,gpam
ENSNFUG00015000799,setd1a
ENSNFUG00015018059,spty2d1
ENSNFUG00015007749,aldh5a1
ENSNFUG00015003501,sclt1
ENSNFUG00015014832,klhdc4
ENSNFUG00015003523,esco2
ENSNFUG00015021096,chek2
ENSNFUG00015014131,mrps22
ENSNFUG00015019198,mipep
ENSNFUG00015007873,smim14
ENSNFUG00015002101,birc6
ENSNFUG00015018327,ptrh2
ENSNFUG00015021593,plp2
ENSNFUG00015005016,mpp1
ENSNFUG00015013059,asb6
ENSNFUG00015025133,mypn
ENSNFUG00015005409,ppm1e
ENSNFUG00015006419,pom121
ENSNFUG00015008238,lrtm2
ENSNFUG00015007419,lmln
ENSNFUG00015022587,nrp2
ENSNFUG00015010239,atg10
ENSNFUG00015016136,ncl
ENSNFUG00015018603,me2
ENSNFUG00015015237,insig1
ENSNFUG00015011245,arpc3
ENSNFUG00015010143,prkag1
ENSNFUG00015000722,b4galt7
ENSNFUG00015000812,rad23b
ENSNFUG00015007057,mcmdc2
ENSNFUG00015004592,pacsin3
ENSNFUG00015019455,kif2c
ENSNFUG00015000714,plk1
ENSNFUG00015006661,znf521
ENSNFUG00015009551,fam50a
ENSNFUG00015025386,ola1
ENSNFUG00015008349,mphosph8
ENSNFUG00015012116,nags
ENSNFUG00015024674,ddx52
ENSNFUG00015015421,nom1
ENSNFUG00015008269,ube2r2
ENSNFUG00015024102,fkbp2
ENSNFUG00015001467,dusp1
ENSNFUG00015018950,polr2l
ENSNFUG00015001994,reps1
ENSNFUG00015014886,rnf2
ENSNFUG00015004298,znf800
ENSNFUG00015007763,slc6a8
ENSNFUG00015007469,pcif1
ENSNFUG00015022409,zfpm1
ENSNFUG00015005236,ube2t
ENSNFUG00015011328,ppp6r3
ENSNFUG00015000323,ythdc1
ENSNFUG00015020299,rev1
ENSNFUG00015005472,etfa
ENSNFUG00015014969,fam76b
ENSNFUG00015012805,mdfic
ENSNFUG00015003954,pde8b
ENSNFUG00015021753,usp8
ENSNFUG00015010726,smc3
ENSNFUG00015001081,cnpy4
ENSNFUG00015011221,txndc12
ENSNFUG00015008035,luc7l
ENSNFUG00015015115,ssr2
ENSNFUG00015013411,fancl
ENSNFUG00015005290,oard1
ENSNFUG00015023607,mettl1
ENSNFUG00015015863,ipo8
ENSNFUG00015006968,tyk2
ENSNFUG00015017876,nus1
ENSNFUG00015025409,gnb4
ENSNFUG00015005996,tfcp2l1
ENSNFUG00015007723,ppib
ENSNFUG00015025242,sept10
ENSNFUG00015019070,fbxo34
ENSNFUG00015017691,rfwd3
ENSNFUG00015002439,tmem33
ENSNFUG00015001198,ddx41
ENSNFUG00015022548,foxa2
ENSNFUG00015001314,atp8a1
ENSNFUG00015018098,pawr
ENSNFUG00015023800,ybx1
ENSNFUG00015024945,traf6
ENSNFUG00015010955,prpf3
ENSNFUG00015022927,bmp4
ENSNFUG00015002049,elp5
ENSNFUG00015025240,sp4
ENSNFUG00015012700,smpd2
ENSNFUG00015004312,pkp3
ENSNFUG00015011040,pgrmc2
ENSNFUG00015012716,clcn6
ENSNFUG00015018902,maf1
ENSNFUG00015013813,eif3b
ENSNFUG00015008746,orc3
ENSNFUG00015001374,rpsa
ENSNFUG00015008621,acat1
ENSNFUG00015017759,pex2
ENSNFUG00015025364,lsg1
ENSNFUG00015019573,cdc7
ENSNFUG00015022348,lonp2
ENSNFUG00015015167,znrf3
ENSNFUG00015016566,kcnab1
ENSNFUG00015007955,rpl9
ENSNFUG00015022975,ndufa13
ENSNFUG00015021109,npc2
ENSNFUG00015006670,slc28a1
ENSNFUG00015025366,fam43a
ENSNFUG00015001784,polr2a
ENSNFUG00015022378,rprd1b
ENSNFUG00015022772,slc5a9
ENSNFUG00015000667,fscn1
ENSNFUG00015023794,ppih
ENSNFUG00015007326,tnfaip2
ENSNFUG00015018609,tmem106a
ENSNFUG00015014565,iqgap2
ENSNFUG00015011758,nub1
ENSNFUG00015022906,angptl4
ENSNFUG00015020350,nfic
ENSNFUG00015020117,smc2
ENSNFUG00015018101,trmt10a
ENSNFUG00015023817,fance
ENSNFUG00015011129,gde1
ENSNFUG00015024242,nup107
ENSNFUG00015021684,slc45a4
ENSNFUG00015020182,dyrk3
ENSNFUG00015023077,pkmyt1
ENSNFUG00015017387,grina
ENSNFUG00015017152,atp11b
ENSNFUG00015001549,kdm6b
ENSNFUG00015013494,dalrd3
ENSNFUG00015002409,bbs7
ENSNFUG00015024952,skp1
ENSNFUG00015024295,fanci
ENSNFUG00015006483,irs2
ENSNFUG00015006538,ssu72
ENSNFUG00015022655,kcnc4
ENSNFUG00015020411,acy1
ENSNFUG00015020866,tmem62
ENSNFUG00015014600,myo1e
ENSNFUG00015022269,cnot1
ENSNFUG00015004126,ehd2
ENSNFUG00015006285,tpx2
ENSNFUG00015006167,slc30a7
ENSNFUG00015022100,stox2
ENSNFUG00015005090,phtf2
ENSNFUG00015020219,atg5
ENSNFUG00015004069,arl1
ENSNFUG00015020981,ccs
ENSNFUG00015006103,farp1
ENSNFUG00015020276,hsd17b10
ENSNFUG00015005596,srp19
ENSNFUG00015010839,fkrp
ENSNFUG00015014729,ndc80
ENSNFUG00015024729,n6amt1
ENSNFUG00015013511,hmmr
ENSNFUG00015019426,scnm1
ENSNFUG00015005810,zswim5
ENSNFUG00015009127,acadm
ENSNFUG00015014391,rps9
ENSNFUG00015009378,bmpr2
ENSNFUG00015006275,adamts16
ENSNFUG00015006978,adcy5
ENSNFUG00015008872,ppwd1
ENSNFUG00015007151,fbrsl1
ENSNFUG00015014461,igbp1
ENSNFUG00015020770,smg7
ENSNFUG00015002131,nop2
ENSNFUG00015021635,cep112
ENSNFUG00015013833,sil1
ENSNFUG00015021776,mpv17l2
ENSNFUG00015019048,slc35b3
ENSNFUG00015001905,tmem86b
ENSNFUG00015012221,ankra2
ENSNFUG00015019190,epb41l5
ENSNFUG00015001705,rps6
ENSNFUG00015018345,slc35e4
ENSNFUG00015020824,endou
ENSNFUG00015006693,timm22
ENSNFUG00015010516,ppfia1
ENSNFUG00015002012,syvn1
ENSNFUG00015001313,pex5
ENSNFUG00015000745,maml1
ENSNFUG00015004963,igfbp4
ENSNFUG00015023595,cdk4
ENSNFUG00015010800,kcnj14
ENSNFUG00015014337,tmem208
ENSNFUG00015007016,sft2d1
ENSNFUG00015019857,ift52
ENSNFUG00015012717,crbn
ENSNFUG00015008897,med8
ENSNFUG00015015901,msh2
ENSNFUG00015008108,rpl5
ENSNFUG00015017306,glyr1
ENSNFUG00015018487,lrig3
ENSNFUG00015018209,mst1
ENSNFUG00015012993,rnf20
ENSNFUG00015012040,mrps24
ENSNFUG00015008093,sdf4
ENSNFUG00015007433,gxylt2
ENSNFUG00015004023,ctbp1
ENSNFUG00015011046,bcap31
ENSNFUG00015022853,hivep1
ENSNFUG00015019461,cmc2
ENSNFUG00015011410,mrpl2
ENSNFUG00015001548,slc30a9
ENSNFUG00015024669,rab9a
ENSNFUG00015000473,ncapg
ENSNFUG00015007471,mboat1
ENSNFUG00015023878,map2k7
ENSNFUG00015002169,emc8
ENSNFUG00015021868,cnppd1
ENSNFUG00015004432,fam13a
ENSNFUG00015012529,mrps7
ENSNFUG00015008551,adm
ENSNFUG00015017649,wdr35
ENSNFUG00015016904,trim9
ENSNFUG00015014069,aspm
ENSNFUG00015009117,lyst
ENSNFUG00015005561,gulp1
ENSNFUG00015006255,psmg1
ENSNFUG00015021211,uxs1
ENSNFUG00015019526,fam69a
ENSNFUG00015002710,eci1
ENSNFUG00015023812,rpl10a
ENSNFUG00015020149,ifih1
ENSNFUG00015009968,ercc3
ENSNFUG00015017956,edem1
ENSNFUG00015018825,cish
ENSNFUG00015006560,slc12a2
ENSNFUG00015020059,nol6
ENSNFUG00015003979,ankrd16
ENSNFUG00015003910,fdft1
ENSNFUG00015012915,rpl7
ENSNFUG00015000400,parn
ENSNFUG00015021633,mycbp
ENSNFUG00015010766,fam73a
ENSNFUG00015023932,adamts1
ENSNFUG00015020244,dnajc1
ENSNFUG00015024318,kat6a
ENSNFUG00015010003,chchd7
ENSNFUG00015004492,gapdhs
ENSNFUG00015002487,aldh16a1
ENSNFUG00015014433,naca
ENSNFUG00015024733,gart
ENSNFUG00015021157,gpi
ENSNFUG00015005988,txndc11
ENSNFUG00015020013,isyna1
ENSNFUG00015024998,ankle1
ENSNFUG00015015375,susd2
ENSNFUG00015017112,lzic
ENSNFUG00015020243,pold3
ENSNFUG00015007665,hddc3
ENSNFUG00015001924,rab41
ENSNFUG00015015785,pigf
ENSNFUG00015024218,wrap73
ENSNFUG00015025214,ercc1
ENSNFUG00015015439,nek4
ENSNFUG00015007670,rpl7a
ENSNFUG00015016157,tdp1
ENSNFUG00015017013,ccdc124
ENSNFUG00015008004,bbs1
ENSNFUG00015017079,tbc1d23
ENSNFUG00015006368,stxbp4
ENSNFUG00015002060,syt4
ENSNFUG00015023783,errfi1
ENSNFUG00015012205,rps3a
ENSNFUG00015010929,rhoh
ENSNFUG00015019207,atp6v1f
ENSNFUG00015004788,cdkn2aipnl
ENSNFUG00015001769,ccdc28a
ENSNFUG00015019886,mtch2
ENSNFUG00015021696,sap30l
ENSNFUG00015013349,imp4
ENSNFUG00015018367,casc4
ENSNFUG00015006732,mpv17
ENSNFUG00015024928,vdac1
ENSNFUG00015010820,larp7
ENSNFUG00015021685,narf
ENSNFUG00015021445,uba52
ENSNFUG00015013113,gem
ENSNFUG00015005878,prex1
ENSNFUG00015017328,cep135
ENSNFUG00015005273,dtwd2
ENSNFUG00015013677,rbp4
ENSNFUG00015010188,sirt3
ENSNFUG00015019585,zbtb7a
ENSNFUG00015023023,ulk3
ENSNFUG00015020490,tmem161b
ENSNFUG00015022444,ilf2
ENSNFUG00015014075,rpap1
ENSNFUG00015013165,paip2b
ENSNFUG00015014216,thrb
ENSNFUG00015001251,tmem256
ENSNFUG00015006468,ttll10
ENSNFUG00015008916,efnb2
ENSNFUG00015003824,bptf
ENSNFUG00015013486,tpra1
ENSNFUG00015010409,cpsf1
ENSNFUG00015002355,cwf19l2
ENSNFUG00015005901,kat2a
ENSNFUG00015010371,ccdc167
ENSNFUG00015020537,tmem175
ENSNFUG00015003624,syk
ENSNFUG00015005845,chn1
ENSNFUG00015021388,gpkow
ENSNFUG00015014452,tmem129
ENSNFUG00015020428,zgpat
ENSNFUG00015005615,tmem8a
ENSNFUG00015000679,mettl3
ENSNFUG00015017878,psma6
ENSNFUG00015016914,slc40a1
ENSNFUG00015000237,zc3h7a
ENSNFUG00015005444,ddx46
ENSNFUG00015023226,tbc1d20
ENSNFUG00015010827,wdfy2
ENSNFUG00015022554,zcchc24
ENSNFUG00015011332,klhdc8b
ENSNFUG00015010881,xpc
ENSNFUG00015007152,a1cf
ENSNFUG00015010765,gss
ENSNFUG00015001298,cfl1
ENSNFUG00015010600,amdhd1
ENSNFUG00015014535,mycbp2
ENSNFUG00015013075,crebl2
ENSNFUG00015007948,st6galnac6
ENSNFUG00015012796,hectd1
ENSNFUG00015012048,rack1
ENSNFUG00015010700,arhgap4
ENSNFUG00015003605,mapre3
ENSNFUG00015020201,mapkapk2
ENSNFUG00015010686,dclre1a
ENSNFUG00015010620,lrig2
ENSNFUG00015000620,ttyh3
ENSNFUG00015015364,caskin2
ENSNFUG00015009549,ap4b1
ENSNFUG00015009972,ndufv1
ENSNFUG00015016396,ube2j2
ENSNFUG00015007042,sucla2
ENSNFUG00015011800,sec61b
ENSNFUG00015015119,tubd1
ENSNFUG00015025319,mvk
ENSNFUG00015000395,elavl2
ENSNFUG00015007653,wdr61
ENSNFUG00015010633,ncoa2
ENSNFUG00015011306,eef1b2
ENSNFUG00015018927,ermp1
ENSNFUG00015005465,nup98
ENSNFUG00015011524,skap1
ENSNFUG00015012148,nsun2
ENSNFUG00015016805,ebi3
ENSNFUG00015017061,dmxl2
ENSNFUG00015019864,cep152
ENSNFUG00015017665,nek2
ENSNFUG00015002425,slc2a6
ENSNFUG00015013978,hspa9
ENSNFUG00015008243,hdac8
ENSNFUG00015001990,bloc1s3
ENSNFUG00015018873,atp6v0b
ENSNFUG00015020768,klf6
ENSNFUG00015007053,brk1
ENSNFUG00015022577,cnksr3
ENSNFUG00015006875,abhd4
ENSNFUG00015004792,cdk2
ENSNFUG00015007782,hnf1a
ENSNFUG00015016007,slc25a11
ENSNFUG00015023767,rfc2
ENSNFUG00015008492,exosc9
ENSNFUG00015010874,csnk1e
ENSNFUG00015015193,ufd1l
ENSNFUG00015018072,mcm9
ENSNFUG00015011676,spata5l1
ENSNFUG00015000474,hsp90ab1
ENSNFUG00015002942,xpo6
ENSNFUG00015014202,anapc11
ENSNFUG00015001009,tmem255a
ENSNFUG00015014931,cbr1
ENSNFUG00015014105,gopc
ENSNFUG00015003176,drap1
ENSNFUG00015002684,coq3
ENSNFUG00015002925,mmaa
ENSNFUG00015007563,anp32e
ENSNFUG00015014653,b4galt5
ENSNFUG00015010165,adra2a
ENSNFUG00015008971,agr2
ENSNFUG00015006712,cnih4
ENSNFUG00015007706,scamp2
ENSNFUG00015007633,hypk
ENSNFUG00015019609,myc
ENSNFUG00015009999,glrx2
ENSNFUG00015012287,snx14
ENSNFUG00015002619,mettl25
ENSNFUG00015007800,melk
ENSNFUG00015017991,rabggta
ENSNFUG00015005911,psmc3
ENSNFUG00015019553,ash1l
ENSNFUG00015008298,rpl4
ENSNFUG00015011781,nr4a3
ENSNFUG00015002952,emc2
ENSNFUG00015024618,gtf2h1
ENSNFUG00015001002,slc30a5
ENSNFUG00015016706,rasgrp1
ENSNFUG00015011303,isg20l2
ENSNFUG00015022509,ubr4
ENSNFUG00015006026,tmem53
ENSNFUG00015021548,pus7
ENSNFUG00015006695,vps39
ENSNFUG00015016527,emc6
ENSNFUG00015011009,gpr146
ENSNFUG00015000600,ano4
ENSNFUG00015012458,ptprb
ENSNFUG00015005167,dolpp1
ENSNFUG00015012340,dut
ENSNFUG00015008338,shf
ENSNFUG00015000736,prrc2b
ENSNFUG00015024114,meltf
ENSNFUG00015012349,rab21
ENSNFUG00015016891,tbcd
ENSNFUG00015011586,rps15
ENSNFUG00015005859,uba1
ENSNFUG00015021341,dcaf6
ENSNFUG00015016352,tarbp2
ENSNFUG00015025413,ndufb5
ENSNFUG00015013859,trappc11
ENSNFUG00015016797,gtpbp2
ENSNFUG00015005012,atg7
ENSNFUG00015010174,rfc4
ENSNFUG00015019885,itgb1bp1
ENSNFUG00015017492,rap1gds1
ENSNFUG00015019626,mybl2
ENSNFUG00015009585,os9
ENSNFUG00015013152,dhx35
ENSNFUG00015013642,med7
ENSNFUG00015021446,gnptg
ENSNFUG00015014066,vapb
ENSNFUG00015006818,rps23
ENSNFUG00015024848,gramd3
ENSNFUG00015003615,rrp12
ENSNFUG00015005092,kiaa0586
ENSNFUG00015022039,tmed8
ENSNFUG00015001912,dpy30
ENSNFUG00015019186,gng5
ENSNFUG00015012104,rpl8
ENSNFUG00015003638,abcd4
ENSNFUG00015001292,prss23
ENSNFUG00015021303,cep97
ENSNFUG00015008485,rasl11a
ENSNFUG00015016467,cebpd
ENSNFUG00015001175,agxt2
ENSNFUG00015002187,usp15
ENSNFUG00015022960,exosc4
ENSNFUG00015023978,gucd1
ENSNFUG00015007056,dapk1
ENSNFUG00015023916,npdc1
ENSNFUG00015018459,cct4
ENSNFUG00015003333,irak1bp1
ENSNFUG00015016768,rps27a
ENSNFUG00015001863,lyrm7
ENSNFUG00015000230,upf3b
ENSNFUG00015018086,glo1
ENSNFUG00015007349,nedd8
ENSNFUG00015004253,lum
ENSNFUG00015009517,slc7a6os
ENSNFUG00015024256,lgi3
ENSNFUG00015003099,kmt5b
ENSNFUG00015015569,pofut1
ENSNFUG00015002171,sptan1
ENSNFUG00015002638,ccdc43
ENSNFUG00015001128,cep57l1
ENSNFUG00015000178,hddc2
ENSNFUG00015001737,filip1l
ENSNFUG00015017998,ddi2
ENSNFUG00015012513,wbp2
ENSNFUG00015002863,nr3c2
ENSNFUG00015009540,pmm1
ENSNFUG00015003335,mlx
ENSNFUG00015004750,efr3b
ENSNFUG00015024780,piwil1
ENSNFUG00015000987,polr1b
ENSNFUG00015017803,mtmr6
ENSNFUG00015019484,phb2
ENSNFUG00015007861,lrrcc1
ENSNFUG00015001699,ephb6
ENSNFUG00015023746,upp2
ENSNFUG00015014348,tp53i3
ENSNFUG00015005086,foxred1
ENSNFUG00015019646,amn
ENSNFUG00015013250,rttn
ENSNFUG00015010513,pik3ca
ENSNFUG00015007921,hinfp
ENSNFUG00015017234,emc3
ENSNFUG00015018619,scml2
ENSNFUG00015014369,nup35
ENSNFUG00015019451,lysmd3
ENSNFUG00015005809,pbdc1
ENSNFUG00015020242,srprb
ENSNFUG00015019290,ehmt2
ENSNFUG00015016499,gkap1
ENSNFUG00015010010,fars2
ENSNFUG00015005320,rnaseh2c
ENSNFUG00015000721,cdk2ap2
ENSNFUG00015010181,cubn
ENSNFUG00015001665,fbxw4
ENSNFUG00015005487,cdkn2aip
ENSNFUG00015015428,rpl6
ENSNFUG00015022326,n4bp1
ENSNFUG00015018683,pla2g1b
ENSNFUG00015000608,col18a1
ENSNFUG00015021739,proser1
ENSNFUG00015024091,rpl21
ENSNFUG00015015683,naa35
ENSNFUG00015006382,mrpl15
ENSNFUG00015010314,igfals
ENSNFUG00015003219,megf8
ENSNFUG00015018269,prrt4
ENSNFUG00015013627,golph3
ENSNFUG00015007135,tmco4
ENSNFUG00015001322,arhgap6
ENSNFUG00015014955,ell
ENSNFUG00015022558,aurka
ENSNFUG00015001123,hprt1
ENSNFUG00015007863,brdt
ENSNFUG00015011563,taldo1
ENSNFUG00015012996,ace
ENSNFUG00015006666,usp32
ENSNFUG00015025325,trpv4
ENSNFUG00015018401,adi1
ENSNFUG00015006924,pde7a
ENSNFUG00015011087,ntpcr
ENSNFUG00015012994,angel1
ENSNFUG00015016791,tiparp
ENSNFUG00015012998,zfyve27
ENSNFUG00015005571,nlrc3
ENSNFUG00015019440,shprh
ENSNFUG00015023443,gamt
ENSNFUG00015007650,ide
ENSNFUG00015021305,abhd5
ENSNFUG00015021327,kcnj10
ENSNFUG00015006156,rassf9
ENSNFUG00015007328,becn1
ENSNFUG00015021578,lrrc8a
ENSNFUG00015004781,coro2a
ENSNFUG00015000293,psmb7
ENSNFUG00015024128,fam184a
ENSNFUG00015000277,prkar1b
ENSNFUG00015002559,katnbl1
ENSNFUG00015020803,tas1r3
ENSNFUG00015007549,slc3a2
ENSNFUG00015011063,adrm1
ENSNFUG00015011510,mrpl44
ENSNFUG00015008027,aebp1
ENSNFUG00015017216,mcph1
ENSNFUG00015011571,nfe2l1
ENSNFUG00015007003,rcc2
ENSNFUG00015014519,pdss2
ENSNFUG00015005313,tubgcp4
ENSNFUG00015021886,enpp2
ENSNFUG00015012841,panx1
ENSNFUG00015002716,cdc42se2
ENSNFUG00015004068,vps26a
ENSNFUG00015022174,rps17
ENSNFUG00015021503,cdk7
ENSNFUG00015022781,cdkn2d
ENSNFUG00015022725,ecsit
ENSNFUG00015020801,thnsl1
ENSNFUG00015009981,aatf
ENSNFUG00015007708,chaf1b
ENSNFUG00015022185,dhtkd1
ENSNFUG00015002972,ube2i
ENSNFUG00015003531,rpl37
ENSNFUG00015021186,mfsd9
ENSNFUG00015019590,rpl13
ENSNFUG00015022531,tmem132e
ENSNFUG00015009541,gpr84
ENSNFUG00015012135,tfap4
ENSNFUG00015008705,dcaf5
ENSNFUG00015017020,stard10
ENSNFUG00015022899,kank3
ENSNFUG00015021693,snrnp70
ENSNFUG00015006795,ip6k1
ENSNFUG00015024513,cct8
ENSNFUG00015004915,rtfdc1
ENSNFUG00015008828,ofd1
ENSNFUG00015013947,pcsk7
ENSNFUG00015008049,atp2c1
ENSNFUG00015017283,ankrd11
ENSNFUG00015021723,vps36
ENSNFUG00015001715,tex11
ENSNFUG00015012559,amh
ENSNFUG00015019669,zmynd19
ENSNFUG00015022562,mocs3
ENSNFUG00015009024,b3galnt2
ENSNFUG00015021784,recql4
ENSNFUG00015000589,nup214
ENSNFUG00015021418,prkaa2
ENSNFUG00015023942,arid1b
ENSNFUG00015021802,itga10
ENSNFUG00015006484,ctu2
ENSNFUG00015006106,ppp4c
ENSNFUG00015002549,emc7
ENSNFUG00015023437,erich1
ENSNFUG00015006479,bcas3
ENSNFUG00015016264,f7
ENSNFUG00015001046,snx3
ENSNFUG00015002666,ramp2
ENSNFUG00015013005,pfdn5
ENSNFUG00015017125,mrpl34
ENSNFUG00015024155,rab3ip
ENSNFUG00015000287,pla2g6
ENSNFUG00015005421,lurap1l
ENSNFUG00015012157,rps17
ENSNFUG00015001328,rapgef2
ENSNFUG00015020854,ptk2
ENSNFUG00015001800,m6pr
ENSNFUG00015008930,haus7
ENSNFUG00015021845,dchs2
ENSNFUG00015000870,mest
ENSNFUG00015019863,stbd1
ENSNFUG00015006438,zc3h3
ENSNFUG00015002245,maf
ENSNFUG00015019352,gaa
ENSNFUG00015004192,psmd5
ENSNFUG00015010458,gpr137b
ENSNFUG00015002944,slc25a16
ENSNFUG00015009686,spata22
ENSNFUG00015006559,mrps17
ENSNFUG00015005428,klf2
ENSNFUG00015011663,tcp1
ENSNFUG00015001787,cops7a
ENSNFUG00015023165,soat1
ENSNFUG00015022684,slc16a4
ENSNFUG00015007554,kif23
ENSNFUG00015024863,camsap2
ENSNFUG00015023480,hmg20b
ENSNFUG00015000613,diablo
ENSNFUG00015002672,ssr1
ENSNFUG00015011689,tpt1
ENSNFUG00015006153,galnt2
ENSNFUG00015022268,aadat
ENSNFUG00015005064,pelp1
ENSNFUG00015019312,fer
ENSNFUG00015011246,slc25a28
ENSNFUG00015023704,dctd
ENSNFUG00015007473,trmt112
ENSNFUG00015019775,vat1l
ENSNFUG00015011659,cltb
ENSNFUG00015015242,abcf1
ENSNFUG00015021715,thsd1
ENSNFUG00015019980,grhl1
ENSNFUG00015020792,wwc1
ENSNFUG00015020849,elmsan1
ENSNFUG00015011244,slc19a2
ENSNFUG00015000919,cenpl
ENSNFUG00015020882,smarcc2
ENSNFUG00015021219,chst10
ENSNFUG00015011618,pnpo
ENSNFUG00015006743,znf646
ENSNFUG00015004820,timm23
ENSNFUG00015017606,mrps14
ENSNFUG00015003105,arhgef6
ENSNFUG00015007074,rps13
ENSNFUG00015008660,fbxl15
ENSNFUG00015001342,p3h3
ENSNFUG00015002614,fdx1
ENSNFUG00015016206,tp63
ENSNFUG00015003759,rpl17
ENSNFUG00015020701,tmc1
ENSNFUG00015022204,uba3
ENSNFUG00015009523,taf6
ENSNFUG00015015484,ppp2r3c
ENSNFUG00015024283,ncor2
ENSNFUG00015001222,gtf2h5
ENSNFUG00015013930,exosc7
ENSNFUG00015009970,relb
ENSNFUG00015005576,rbm15
ENSNFUG00015016770,rps20
ENSNFUG00015018760,hyal2
ENSNFUG00015001004,nanp
ENSNFUG00015016517,idnk
ENSNFUG00015018650,hes6
ENSNFUG00015005396,lactb
ENSNFUG00015005928,cenpp
ENSNFUG00015015305,abcb9
ENSNFUG00015010994,rpl18
ENSNFUG00015001946,samd4b
ENSNFUG00015011107,usp31
ENSNFUG00015006365,col4a1
ENSNFUG00015017581,mob2
ENSNFUG00015022550,prkd3
ENSNFUG00015014027,rpl32
ENSNFUG00015017333,rnf41
ENSNFUG00015010183,colec11
ENSNFUG00015024074,ndufa9
ENSNFUG00015010008,ube2c
ENSNFUG00015018898,zfand1
ENSNFUG00015004877,kdm1a
ENSNFUG00015015894,cdh23
ENSNFUG00015019293,dpp9
ENSNFUG00015015425,eif4b
ENSNFUG00015019148,slc44a4
ENSNFUG00015003938,prune2
ENSNFUG00015015535,bace2
ENSNFUG00015019869,gins1
ENSNFUG00015003635,pet100
ENSNFUG00015022455,utp4
ENSNFUG00015022171,nedd1
ENSNFUG00015009252,tmem167b
ENSNFUG00015004906,coq10b
ENSNFUG00015006287,mapkbp1
ENSNFUG00015003124,rpl12
ENSNFUG00015006660,plekhm2
ENSNFUG00015001845,casp2
ENSNFUG00015005954,ears2
ENSNFUG00015015771,prmt7
ENSNFUG00015024966,sac3d1
ENSNFUG00015001184,map3k3
ENSNFUG00015007091,rabif
ENSNFUG00015017713,pex1
ENSNFUG00015001010,zbtb7c
ENSNFUG00015019774,tnfrsf21
ENSNFUG00015010350,nnt
ENSNFUG00015018649,ralgapa2
ENSNFUG00015020028,asxl2
ENSNFUG00015007690,eif3m
ENSNFUG00015013172,traip
ENSNFUG00015016192,insig2
ENSNFUG00015001671,etaa1
ENSNFUG00015018415,pyroxd2
ENSNFUG00015019253,ckap5
ENSNFUG00015003035,cdpf1
ENSNFUG00015013898,atpaf2
ENSNFUG00015005793,tmem204
ENSNFUG00015008730,cops4
ENSNFUG00015013208,rnf114
ENSNFUG00015000885,ccnb1
ENSNFUG00015021475,ak2
ENSNFUG00015002865,ttk
ENSNFUG00015001291,nedd4l
ENSNFUG00015007727,klf3
ENSNFUG00015025385,angptl3
ENSNFUG00015020746,rras2
ENSNFUG00015004112,prrt4
ENSNFUG00015005969,ift80
ENSNFUG00015002314,ino80e
ENSNFUG00015013334,iars2
ENSNFUG00015019103,slc30a8
ENSNFUG00015003348,ncbp1
ENSNFUG00015012229,btf3
ENSNFUG00015019471,prrt1
ENSNFUG00015004713,pparg
ENSNFUG00015012769,lmtk2
ENSNFUG00015024719,panx2
ENSNFUG00015015285,mtor
ENSNFUG00015002645,nxn
ENSNFUG00015024682,kcnh4
ENSNFUG00015021823,mnd1
ENSNFUG00015021892,fto
ENSNFUG00015004649,cdon
ENSNFUG00015020074,npy2r
ENSNFUG00015021498,arhgap11a
ENSNFUG00015022666,prkacb
ENSNFUG00015022284,rpl36
ENSNFUG00015020791,dgcr2
ENSNFUG00015013823,uvssa
ENSNFUG00015006168,cav2
ENSNFUG00015018009,rsg1
ENSNFUG00015000469,triap1
ENSNFUG00015009344,nudcd2
ENSNFUG00015021595,rpl11
ENSNFUG00015016053,tnfrsf11a
ENSNFUG00015006975,rrp9
ENSNFUG00015010361,ubox5
ENSNFUG00015003175,rnf216
ENSNFUG00015021745,wdr46
ENSNFUG00015017476,kif1c
ENSNFUG00015002034,pdzd8
ENSNFUG00015000424,pigg
ENSNFUG00015001747,tmem11
ENSNFUG00015020804,dgcr14
ENSNFUG00015003031,braf
ENSNFUG00015021060,pfkfb3
ENSNFUG00015018018,eva1c
ENSNFUG00015017327,chchd3
ENSNFUG00015024609,brpf1
ENSNFUG00015022233,gpr157
ENSNFUG00015012909,ecd
ENSNFUG00015014501,rps21
ENSNFUG00015014395,mtch2
ENSNFUG00015000540,psmg3
ENSNFUG00015023247,rsl24d1
ENSNFUG00015018703,pigo
ENSNFUG00015022766,ndufs2
ENSNFUG00015001906,tgfbi
ENSNFUG00015013647,lonrf1
ENSNFUG00015019855,fa2h
ENSNFUG00015024210,znf346
ENSNFUG00015009364,vps35
ENSNFUG00015015082,ssbp4
ENSNFUG00015022318,yeats2
ENSNFUG00015013584,rps7
ENSNFUG00015025309,kctd10
ENSNFUG00015021780,slc39a4
ENSNFUG00015020011,foxp4
ENSNFUG00015011940,samm50
ENSNFUG00015025159,sec23ip
ENSNFUG00015024679,ankzf1
ENSNFUG00015016970,slc35e1
ENSNFUG00015013790,zdhhc4
ENSNFUG00015020334,clasp2
ENSNFUG00015017786,pcdh15
ENSNFUG00015015118,pdhb
ENSNFUG00015003007,ap5z1
ENSNFUG00015003712,sgpp1
ENSNFUG00015007140,renbp
ENSNFUG00015017249,clstn1
ENSNFUG00015012261,rab3d
ENSNFUG00015011223,ankrd50
ENSNFUG00015005957,cenpf
ENSNFUG00015019601,usf1
ENSNFUG00015007997,prcp
ENSNFUG00015016141,nutf2
ENSNFUG00015000904,fundc1
ENSNFUG00015012162,suco
ENSNFUG00015002633,txndc17
ENSNFUG00015009859,crkl
ENSNFUG00015007414,anp32a
ENSNFUG00015022513,dtx2
ENSNFUG00015002574,hspa14
ENSNFUG00015021945,naa50
ENSNFUG00015010632,mms22l
ENSNFUG00015018720,ap1g1
ENSNFUG00015022530,fam210b
ENSNFUG00015023708,mau2
ENSNFUG00015006078,pex26
ENSNFUG00015016478,slc25a48
ENSNFUG00015016567,tmem131
ENSNFUG00015014789,grwd1
ENSNFUG00015005770,mrps5
ENSNFUG00015017187,scrn2
ENSNFUG00015024253,tanc2
ENSNFUG00015024627,dnttip2
ENSNFUG00015019652,dusp28
ENSNFUG00015024956,kif14
ENSNFUG00015024737,dnajc7
ENSNFUG00015012250,fem1b
ENSNFUG00015025184,mrrf
ENSNFUG00015002885,zcchc9
ENSNFUG00015005787,dhx58
ENSNFUG00015014986,g2e3
ENSNFUG00015010028,smarce1
ENSNFUG00015022882,hdac6
ENSNFUG00015015792,cript
ENSNFUG00015012857,ect2
ENSNFUG00015017449,ehf
ENSNFUG00015016378,rpp14
ENSNFUG00015022633,tbc1d22b
ENSNFUG00015004698,tomm34
ENSNFUG00015007263,vat1
ENSNFUG00015002969,zer1
ENSNFUG00015013019,tbk1
ENSNFUG00015013438,nuf2
ENSNFUG00015019680,sigmar1
ENSNFUG00015009425,ube2a
ENSNFUG00015024840,ap3d1
ENSNFUG00015001624,tnpo2
ENSNFUG00015008460,rpl13a
ENSNFUG00015019202,ing2
ENSNFUG00015020818,iscu
ENSNFUG00015020355,tubgcp3
ENSNFUG00015014968,hspb8
ENSNFUG00015024335,ccdc77
ENSNFUG00015011702,mrpl27
ENSNFUG00015007373,dhrs1
ENSNFUG00015021518,oma1
ENSNFUG00015001748,shbg
ENSNFUG00015012154,tdrd1
ENSNFUG00015014954,cbr1
ENSNFUG00015018218,lbr
ENSNFUG00015014458,timm21
ENSNFUG00015019875,decr1
ENSNFUG00015010040,alg14
ENSNFUG00015017060,btf3
ENSNFUG00015001434,rps19
ENSNFUG00015001978,pim3
ENSNFUG00015013580,itk
ENSNFUG00015021300,daam2
ENSNFUG00015016385,spast
ENSNFUG00015002466,clcn7
ENSNFUG00015017373,gapvd1
ENSNFUG00015012725,reep2
ENSNFUG00015008247,tmem120a
ENSNFUG00015006205,tyro3
ENSNFUG00015023403,prmt6
ENSNFUG00015024450,sema4c
ENSNFUG00015011174,mesdc1
ENSNFUG00015019749,btbd7
ENSNFUG00015001410,ssna1
ENSNFUG00015021460,mocs1
ENSNFUG00015005427,fbxo3
ENSNFUG00015018587,etv4
ENSNFUG00015004121,zswim8
ENSNFUG00015008284,ubap1
ENSNFUG00015004685,txnl1
ENSNFUG00015007165,smyd3
ENSNFUG00015015149,nin
ENSNFUG00015018080,tardbp
ENSNFUG00015021146,mphosph6
ENSNFUG00015000332,snx17
ENSNFUG00015010352,slc9a3r2
ENSNFUG00015006497,ogfrl1
ENSNFUG00015024813,strbp
ENSNFUG00015000245,mtpap
ENSNFUG00015024974,masp2
ENSNFUG00015008162,slc11a2
ENSNFUG00015010127,dync1li2
ENSNFUG00015006565,rps14
ENSNFUG00015010306,slc35d2
ENSNFUG00015012102,chmp5
ENSNFUG00015008199,rcan3
ENSNFUG00015022707,gatsl2
ENSNFUG00015005127,eps15l1
ENSNFUG00015010807,fabp1
ENSNFUG00015007240,znf511
ENSNFUG00015016897,churc1
ENSNFUG00015012926,iqub
ENSNFUG00015013959,pms2
ENSNFUG00015003670,auh
ENSNFUG00015009469,ttc9b
ENSNFUG00015001346,pmpcb
ENSNFUG00015013481,sycp1
ENSNFUG00015008852,arih1
ENSNFUG00015008031,rpp30
ENSNFUG00015007896,rae1
ENSNFUG00015025420,ccdc50
ENSNFUG00015019927,anks1a
ENSNFUG00015004387,nol11
ENSNFUG00015023346,tpcn1
ENSNFUG00015005791,med22
ENSNFUG00015020070,slc25a36
ENSNFUG00015022713,eogt
ENSNFUG00015012159,stx18
ENSNFUG00015000429,dhx36
ENSNFUG00015021959,ddx10
ENSNFUG00015004704,rsph9
ENSNFUG00015010415,adam15
ENSNFUG00015015190,abhd12b
ENSNFUG00015011498,tm7sf2
ENSNFUG00015008597,fam210a
ENSNFUG00015021624,pik3cg
ENSNFUG00015008736,coq7
ENSNFUG00015016617,serpine2
ENSNFUG00015008333,rpl10
ENSNFUG00015011112,armc3
ENSNFUG00015018159,rmdn3
ENSNFUG00015019135,bcl10
ENSNFUG00015018878,gpr1
ENSNFUG00015014254,slc6a6
ENSNFUG00015011340,zfyve21
ENSNFUG00015004936,nat8l
ENSNFUG00015023523,rspry1
ENSNFUG00015021885,ccdc191
ENSNFUG00015018286,lsm1
ENSNFUG00015004039,mid2
ENSNFUG00015020033,arl6ip1
ENSNFUG00015007271,vash2
ENSNFUG00015011881,nsun4
ENSNFUG00015002630,slc25a17
ENSNFUG00015008386,hadh
ENSNFUG00015001850,gnl1
ENSNFUG00015004219,fam3c
ENSNFUG00015024898,mettl10
ENSNFUG00015008160,pik3r4
ENSNFUG00015006031,dstyk
ENSNFUG00015009474,cog6
ENSNFUG00015003300,agbl5
ENSNFUG00015016908,asnsd1
ENSNFUG00015018579,narfl
ENSNFUG00015010997,vps29
ENSNFUG00015016906,dctn4
ENSNFUG00015013799,tmem165
ENSNFUG00015013792,srd5a3
ENSNFUG00015001255,mettl14
ENSNFUG00015023670,klb
ENSNFUG00015009430,jakmip3
ENSNFUG00015017626,usp37
ENSNFUG00015025384,tra2b
ENSNFUG00015010879,tmem164
ENSNFUG00015007637,nelfcd
ENSNFUG00015004886,pdxdc1
ENSNFUG00015000370,sh3d21
ENSNFUG00015010331,map2k5
ENSNFUG00015004524,gtf3c4
ENSNFUG00015012549,rpl18a
ENSNFUG00015004267,unc93b1
ENSNFUG00015003915,itgb6
ENSNFUG00015001644,slc25a43
ENSNFUG00015020906,dock8
ENSNFUG00015010441,clta
ENSNFUG00015012432,tulp3
ENSNFUG00015011671,esrra
ENSNFUG00015020528,pros1
ENSNFUG00015018750,gtse1
ENSNFUG00015006984,zfand3
ENSNFUG00015018023,haus1
ENSNFUG00015003383,mfsd7
ENSNFUG00015006186,dus1l
ENSNFUG00015002047,edaradd
ENSNFUG00015007310,unc5b
ENSNFUG00015015604,fam91a1
ENSNFUG00015011006,plin2
ENSNFUG00015005201,cdt1
ENSNFUG00015016362,tmtc4
ENSNFUG00015008967,lrrc47
ENSNFUG00015001320,pin1
ENSNFUG00015008588,dennd4a
ENSNFUG00015023183,tcirg1
ENSNFUG00015018231,rbm28
ENSNFUG00015015869,porcn
ENSNFUG00015008613,rnls
ENSNFUG00015012813,tfec
ENSNFUG00015002636,pex3
ENSNFUG00015011565,mrpl37
ENSNFUG00015012642,bace1
ENSNFUG00015022002,plekhn1
ENSNFUG00015007746,panx3
ENSNFUG00015008525,stac
ENSNFUG00015011964,mrpl19
ENSNFUG00015014734,papd7
ENSNFUG00015023082,tgfb1i1
ENSNFUG00015004396,gar1
ENSNFUG00015020215,sirt2
ENSNFUG00015002889,megf11
ENSNFUG00015020209,ndufaf2
ENSNFUG00015020196,utp11
ENSNFUG00015017919,prkg2
ENSNFUG00015000817,man2b2
ENSNFUG00015016316,polr2c
ENSNFUG00015008973,spag1
ENSNFUG00015022510,cdk10
ENSNFUG00015003078,arhgap22
ENSNFUG00015015206,alkbh1
ENSNFUG00015009900,fastkd5
ENSNFUG00015007146,poc1a
ENSNFUG00015008143,lrrc28
ENSNFUG00015015042,xpnpep1
ENSNFUG00015019891,znf414
ENSNFUG00015008619,msi1
ENSNFUG00015005915,senp8
ENSNFUG00015021904,ankrd13c
ENSNFUG00015006385,scpep1
ENSNFUG00015008761,gfod2
ENSNFUG00015014423,trove2
ENSNFUG00015004079,nob1
ENSNFUG00015004406,nup188
ENSNFUG00015016006,ppp1r11
ENSNFUG00015006731,mfap2
ENSNFUG00015004563,samd4a
ENSNFUG00015000794,tnfsf12
ENSNFUG00015011471,depdc5
ENSNFUG00015005628,emc4
ENSNFUG00015014032,eif2s2
ENSNFUG00015019045,abl1
ENSNFUG00015020002,btaf1
ENSNFUG00015004410,pabpn1
ENSNFUG00015018063,rps16
ENSNFUG00015005812,nfe2l3
ENSNFUG00015022747,rnf121
ENSNFUG00015007084,cops5
ENSNFUG00015007536,bphl
ENSNFUG00015022196,paxbp1
ENSNFUG00015013046,prrc1
ENSNFUG00015007664,leo1
ENSNFUG00015014748,myef2
ENSNFUG00015024816,exoc7
ENSNFUG00015019761,myoc
ENSNFUG00015016541,hmgxb3
ENSNFUG00015015582,vdac3
ENSNFUG00015023755,pitpnm2
ENSNFUG00015014683,tma7
ENSNFUG00015001829,ppp6c
ENSNFUG00015016271,rps24
ENSNFUG00015015622,kiaa0391
ENSNFUG00015015362,acot13
ENSNFUG00015023992,smad2
ENSNFUG00015019001,unc45b
ENSNFUG00015007108,timm8b
ENSNFUG00015022769,mrpl39
ENSNFUG00015024227,tprg1l
ENSNFUG00015000319,tpd52l1
ENSNFUG00015007849,mkrn2
ENSNFUG00015022862,osbp2
ENSNFUG00015004719,pdcd6
ENSNFUG00015016019,dnajc11
ENSNFUG00015016529,tpd52l2
ENSNFUG00015012042,fbn1
ENSNFUG00015015282,mrpl53
ENSNFUG00015005612,nop10
ENSNFUG00015018591,meox1
ENSNFUG00015009933,parp16
ENSNFUG00015002236,arhgef17
ENSNFUG00015005215,tomm7
ENSNFUG00015025141,sirt1
ENSNFUG00015007920,asphd2
ENSNFUG00015010343,id2
ENSNFUG00015019882,ddx24
ENSNFUG00015021434,tmem221
ENSNFUG00015021389,dusp12
ENSNFUG00015012257,ttc33
ENSNFUG00015014123,prpf31
ENSNFUG00015015299,smim13
ENSNFUG00015024163,dnali1
ENSNFUG00015001407,tprn
ENSNFUG00015008272,zwilch
ENSNFUG00015009046,aoc1
ENSNFUG00015000301,sh3gl2
ENSNFUG00015023683,pah
ENSNFUG00015013329,phex
ENSNFUG00015007484,prex2
ENSNFUG00015024644,spry4
ENSNFUG00015019361,ier3ip1
ENSNFUG00015012134,iyd
ENSNFUG00015020737,mta1
ENSNFUG00015011214,sart1
ENSNFUG00015023155,sft2d3
ENSNFUG00015002500,sqstm1
ENSNFUG00015011055,hsf2bp
ENSNFUG00015002044,e2f7
ENSNFUG00015007033,pars2
ENSNFUG00015022094,sgcb
ENSNFUG00015002003,cops6
ENSNFUG00015002674,aig1
ENSNFUG00015024344,actr2
ENSNFUG00015012245,pecr
ENSNFUG00015005389,gpn1
ENSNFUG00015021010,nit1
ENSNFUG00015015712,rpl27a
ENSNFUG00015007055,rtel1
ENSNFUG00015007242,fbxo10
ENSNFUG00015003535,tmem9b
ENSNFUG00015000898,mb21d2
ENSNFUG00015018689,pla2g1b
ENSNFUG00015020741,wdr13
ENSNFUG00015018508,zbtb8a
ENSNFUG00015014394,romo1
ENSNFUG00015017304,dll4
ENSNFUG00015005423,garnl3
ENSNFUG00015021149,rabepk
ENSNFUG00015019465,rps25
ENSNFUG00015022398,ltn1
ENSNFUG00015012075,col6a1
ENSNFUG00015002846,wdr45
ENSNFUG00015017988,ints3
ENSNFUG00015014727,dbi
ENSNFUG00015005426,fbxo5
ENSNFUG00015018142,ndufb10
ENSNFUG00015006990,sgk3
ENSNFUG00015004706,ppp2ca
ENSNFUG00015013521,zcchc4
ENSNFUG00015017416,spc24
ENSNFUG00015018462,hmgcl
ENSNFUG00015015120,xbp1
ENSNFUG00015020347,aspg
ENSNFUG00015023032,rnf126
ENSNFUG00015020041,ece1
ENSNFUG00015016929,slitrk4
ENSNFUG00015020238,rps28
ENSNFUG00015022748,prpf38b
ENSNFUG00015024703,rpl23a
ENSNFUG00015022452,mbd4
ENSNFUG00015008226,slc25a29
ENSNFUG00015019693,coq4
ENSNFUG00015001475,tcf25
ENSNFUG00015004319,pprc1
ENSNFUG00015013610,bhlha15
ENSNFUG00015008687,cdh4
ENSNFUG00015013973,immp2l
ENSNFUG00015024525,rps12
ENSNFUG00015007397,ccdc86
ENSNFUG00015009451,pigk
ENSNFUG00015005930,fam3a
ENSNFUG00015010069,disp1
ENSNFUG00015016072,atp6ap1l
ENSNFUG00015013536,cyfip2
ENSNFUG00015014206,eif3d
ENSNFUG00015005753,sra1
ENSNFUG00015025377,rpf1
ENSNFUG00015021073,gemin5
ENSNFUG00015019425,bcas2
ENSNFUG00015010938,eif5
ENSNFUG00015001977,man2b1
ENSNFUG00015003495,scara5
ENSNFUG00015018340,morn4
ENSNFUG00015004259,ubxn1
ENSNFUG00015001670,ddx28
ENSNFUG00015004470,uhrf1bp1l
ENSNFUG00015015089,rps18
ENSNFUG00015016613,slc35a4
ENSNFUG00015018019,inpp5e
ENSNFUG00015001073,phf6
ENSNFUG00015010290,slc39a8
ENSNFUG00015019373,katnal2
ENSNFUG00015024584,nckap5l
ENSNFUG00015008078,leprot
ENSNFUG00015022020,klhdc10
ENSNFUG00015015437,ube2s
ENSNFUG00015021160,vill
ENSNFUG00015014379,st8sia3
ENSNFUG00015019117,mfsd3
ENSNFUG00015015767,rpp38
ENSNFUG00015020736,prkra
ENSNFUG00015004384,ipo7
ENSNFUG00015020262,ctnnbip1
ENSNFUG00015023966,lztr1
ENSNFUG00015024913,smarcal1
ENSNFUG00015021229,cpb2
ENSNFUG00015000746,tmem134
ENSNFUG00015000197,sowahd
ENSNFUG00015023514,gripap1
ENSNFUG00015010072,rsu1
ENSNFUG00015009625,adam22
ENSNFUG00015011547,galns
ENSNFUG00015019644,vcpip1
ENSNFUG00015012218,evc2
ENSNFUG00015010217,fbxw9
ENSNFUG00015001034,strada
ENSNFUG00015009715,gpbp1l1
ENSNFUG00015021777,sirt4
ENSNFUG00015013206,rwdd2b
ENSNFUG00015017160,ahi1
ENSNFUG00015006812,ddb2
ENSNFUG00015017353,chrac1
ENSNFUG00015016422,rad54l
ENSNFUG00015005261,srgap3
ENSNFUG00015008369,nop56
ENSNFUG00015010412,man2c1
ENSNFUG00015019453,dnajc16
ENSNFUG00015015900,tppp
ENSNFUG00015002124,irf8
ENSNFUG00015010131,rpl23
ENSNFUG00015023045,tex261
ENSNFUG00015002676,cetn3
ENSNFUG00015021289,ptprd
ENSNFUG00015007733,zcchc7
ENSNFUG00015019091,ncoa5
ENSNFUG00015007533,arglu1
ENSNFUG00015014462,rpl15
ENSNFUG00015006764,arhgef3
ENSNFUG00015006397,abhd11
ENSNFUG00015009692,slc22a16
ENSNFUG00015009060,sec31b
ENSNFUG00015020441,mitd1
ENSNFUG00015006938,rrs1
ENSNFUG00015005413,e2f2
ENSNFUG00015019817,ero1b
ENSNFUG00015020912,pdpr
ENSNFUG00015023646,plbd2
ENSNFUG00015020325,cdipt
ENSNFUG00015015372,pigw
ENSNFUG00015008384,stambpl1
ENSNFUG00015021782,aldh6a1
ENSNFUG00015008222,aagab
ENSNFUG00015012732,rpl30
ENSNFUG00015018826,phf5a
ENSNFUG00015013252,pdgfrb
ENSNFUG00015016537,mfsd4a
ENSNFUG00015001788,skp2
ENSNFUG00015010552,naa30
ENSNFUG00015000213,rpl39
ENSNFUG00015006499,eif2b1
ENSNFUG00015024673,ghdc
ENSNFUG00015018741,wwc3
ENSNFUG00015003336,trim67
ENSNFUG00015014085,hal
ENSNFUG00015025468,matk
ENSNFUG00015001060,dym
ENSNFUG00015007825,timm8a
ENSNFUG00015009106,efhb
ENSNFUG00015007506,sntb1
ENSNFUG00015015473,polb
ENSNFUG00015022709,znf335
ENSNFUG00015019006,cygb
ENSNFUG00015015477,mnx1
ENSNFUG00015022180,sycp3
ENSNFUG00015016214,tysnd1
ENSNFUG00015004916,tamm41
ENSNFUG00015008126,tnfsf11
ENSNFUG00015017632,pamr1
ENSNFUG00015019058,fgfrl1
ENSNFUG00015013215,sptlc3
ENSNFUG00015021731,ccm2l
ENSNFUG00015023565,rnf207
ENSNFUG00015004119,cgrrf1
ENSNFUG00015000054,arid2
ENSNFUG00015021427,arhgap15
ENSNFUG00015021189,mrto4
ENSNFUG00015007137,unc119b
ENSNFUG00015019085,usb1
ENSNFUG00015013460,lrrc27
ENSNFUG00015020139,itpka
ENSNFUG00015019168,trim65
ENSNFUG00015007575,tecta
ENSNFUG00015003157,pafah1b3
ENSNFUG00015016051,itgbl1
ENSNFUG00015009788,asb1
ENSNFUG00015011526,vwde
ENSNFUG00015006631,numb
ENSNFUG00015003883,vta1
ENSNFUG00015017498,wdr60
ENSNFUG00015001987,rest
ENSNFUG00015000840,diaph1
ENSNFUG00015003542,znf451
ENSNFUG00015009545,pcdh8
ENSNFUG00015024187,gtf2h3
ENSNFUG00015014630,ndrg4
ENSNFUG00015015067,dcstamp
ENSNFUG00015007087,med6
ENSNFUG00015024568,ccnt1
ENSNFUG00015009112,llgl1
ENSNFUG00015008405,kiaa1328
ENSNFUG00015000624,rrp8
ENSNFUG00015013718,dnaaf3
ENSNFUG00015003660,gosr2
ENSNFUG00015012900,aebp2
ENSNFUG00015018477,slc20a2
ENSNFUG00015024096,ncbp2
ENSNFUG00015021713,arpp21
ENSNFUG00015018627,impact
ENSNFUG00015007427,e2f3
ENSNFUG00015023665,pde7b
ENSNFUG00015000791,batf
ENSNFUG00015017286,babam1
ENSNFUG00015005125,cntln
ENSNFUG00015012708,ccdc137
ENSNFUG00015009444,esyt2
ENSNFUG00015001490,slc26a11
ENSNFUG00015019234,phf21b
ENSNFUG00015011422,sik3
ENSNFUG00015016999,mcam
ENSNFUG00015001277,mospd1
ENSNFUG00015015255,mta3
ENSNFUG00015005381,rrn3
ENSNFUG00015024939,camkk1
ENSNFUG00015012272,pkn2
ENSNFUG00015019571,tal1
ENSNFUG00015011233,gpn3
ENSNFUG00015005302,lipt1
ENSNFUG00015015617,nckap1
ENSNFUG00015021697,chst7
ENSNFUG00015015612,cdca5
ENSNFUG00015017932,gcsh
ENSNFUG00015019974,arhgef2
ENSNFUG00015024250,hid1
ENSNFUG00015006766,tnfsf11
ENSNFUG00015009047,anln
ENSNFUG00015023246,znfx1
ENSNFUG00015001652,tnrc6a
ENSNFUG00015020108,hook1
ENSNFUG00015010687,rpl34
ENSNFUG00015004164,pde2a
ENSNFUG00015020538,yipf1
ENSNFUG00015008394,lef1
ENSNFUG00015005746,telo2
ENSNFUG00015012882,kcnb2
ENSNFUG00015001344,med18
ENSNFUG00015015397,pygl
ENSNFUG00015000940,add1
ENSNFUG00015003315,mark3
ENSNFUG00015003771,prdm8
ENSNFUG00015002802,rab11a
ENSNFUG00015011848,grm4
ENSNFUG00015022850,umps
ENSNFUG00015010329,ptgir
ENSNFUG00015019173,gcc1
ENSNFUG00015024553,mzt1
ENSNFUG00015004093,napa
ENSNFUG00015024781,tra2b
ENSNFUG00015022649,ppfibp1
ENSNFUG00015007012,acta1
ENSNFUG00015022996,stk11
ENSNFUG00015024601,dis3
ENSNFUG00015024240,slc35e3
ENSNFUG00015021954,plxnd1
ENSNFUG00015000329,rnf217
ENSNFUG00015020731,trit1
ENSNFUG00015020600,cog7
ENSNFUG00015012244,mrpl41
ENSNFUG00015024617,bend5
ENSNFUG00015015544,zbtb14
ENSNFUG00015000976,nfkb1
ENSNFUG00015024636,rnf14
ENSNFUG00015007127,rpl29
ENSNFUG00015008752,mospd2
ENSNFUG00015020991,chordc1
ENSNFUG00015014927,slbp
ENSNFUG00015022425,trmt10b
ENSNFUG00015016940,tmx1
ENSNFUG00015007892,rhbdf1
ENSNFUG00015001973,exosc3
ENSNFUG00015022349,tgoln2
ENSNFUG00015014717,kpnb1
ENSNFUG00015003072,vat1
ENSNFUG00015001418,mafg
ENSNFUG00015014287,dpys
ENSNFUG00015020532,oaf
ENSNFUG00015008519,mtfr1l
ENSNFUG00015014000,star
ENSNFUG00015007640,mfap1
ENSNFUG00015012128,srl
ENSNFUG00015022076,naif1
ENSNFUG00015003619,atad2b
ENSNFUG00015002673,fbxl4
ENSNFUG00015018202,cfap206
ENSNFUG00015007258,angel2
ENSNFUG00015011522,tcf20
ENSNFUG00015002321,atxn7l3
ENSNFUG00015012359,slc41a1
ENSNFUG00015015260,vps37b
ENSNFUG00015022613,pus3
ENSNFUG00015003372,serp1
ENSNFUG00015020154,rsl1d1
ENSNFUG00015005198,tns4
ENSNFUG00015009194,egfl6
ENSNFUG00015012861,topbp1
ENSNFUG00015000049,fgfr1op2
ENSNFUG00015020845,enkur
ENSNFUG00015004923,wee2
ENSNFUG00015017191,slc18b1
ENSNFUG00015020793,ptchd3
ENSNFUG00015017987,plxdc2
ENSNFUG00015006179,srp54
ENSNFUG00015011837,guk1
ENSNFUG00015016431,rgl1
ENSNFUG00015001585,nat14
ENSNFUG00015004980,haus3
ENSNFUG00015010178,ctdp1
ENSNFUG00015005008,smarce1
ENSNFUG00015019078,pla2g15
ENSNFUG00015024942,p2rx1
ENSNFUG00015005951,traf3
ENSNFUG00015019506,ttc37
ENSNFUG00015020642,rpl14
ENSNFUG00015002686,rabac1
ENSNFUG00015024008,exd3
ENSNFUG00015018785,heatr5b
ENSNFUG00015020069,ralb
ENSNFUG00015000916,pex13
ENSNFUG00015000321,aida
ENSNFUG00015006754,crocc
ENSNFUG00015018951,adam23
ENSNFUG00015010576,usp44
ENSNFUG00015016685,pomt1
ENSNFUG00015015343,mmadhc
ENSNFUG00015006218,papd7
ENSNFUG00015021304,rpl24
ENSNFUG00015002056,cetn2
ENSNFUG00015005837,edrf1
ENSNFUG00015004254,fam13b
ENSNFUG00015014917,ripk2
ENSNFUG00015005467,slc12a6
ENSNFUG00015006811,aldh4a1
ENSNFUG00015015415,cdk13
ENSNFUG00015022287,matn1
ENSNFUG00015024926,tubgcp6
ENSNFUG00015002895,lasp1
ENSNFUG00015005847,dkc1
ENSNFUG00015002617,arhgap20
ENSNFUG00015015601,mpnd
ENSNFUG00015023571,mmp15
ENSNFUG00015011486,impdh2
ENSNFUG00015008553,gda
ENSNFUG00015013934,setd7
ENSNFUG00015017220,hmg20a
ENSNFUG00015018152,lhx9
ENSNFUG00015019075,samd12
ENSNFUG00015022069,trub2
ENSNFUG00015025003,fxr2
ENSNFUG00015012156,cfap161
ENSNFUG00015007408,lacc1
ENSNFUG00015024990,scyl3
ENSNFUG00015010388,ccni2
ENSNFUG00015018171,dap
ENSNFUG00015018287,bag4
ENSNFUG00015017591,mettl15
ENSNFUG00015007237,lcp1
ENSNFUG00015003339,ccdc88a
ENSNFUG00015010400,neil1
ENSNFUG00015021978,spice1
ENSNFUG00015005364,rwdd1
ENSNFUG00015011646,slc30a4
ENSNFUG00015001278,bend4
ENSNFUG00015006056,thumpd2
ENSNFUG00015002567,fat4
ENSNFUG00015022674,tmem135
ENSNFUG00015000843,slc26a5
ENSNFUG00015021144,snx20
ENSNFUG00015005480,lrrk2
ENSNFUG00015005400,ppp1r21
ENSNFUG00015024995,xrcc5
ENSNFUG00015005248,tmprss6
ENSNFUG00015011628,banf1
ENSNFUG00015001456,dnah2
ENSNFUG00015016650,xdh
ENSNFUG00015023833,dclre1c
ENSNFUG00015025201,cflar
ENSNFUG00015022199,znf423
ENSNFUG00015018250,nav1
ENSNFUG00015022161,actr6
ENSNFUG00015008611,tmem150c
ENSNFUG00015004207,gtf2f1
ENSNFUG00015002372,arhgap24
ENSNFUG00015002204,tsr1
ENSNFUG00015019132,vangl2
ENSNFUG00015014270,cln5
ENSNFUG00015017466,ptprb
ENSNFUG00015019269,prpf4
ENSNFUG00015001454,anapc10
ENSNFUG00015003430,rad9a
ENSNFUG00015011262,ebpl
ENSNFUG00015008008,c9
ENSNFUG00015004583,ptp4a1
ENSNFUG00015002133,tbc1d9b
ENSNFUG00015020744,cse1l
ENSNFUG00015020614,plekhh1
ENSNFUG00015011064,xpnpep1
ENSNFUG00015014608,dyrk2
ENSNFUG00015020492,mgat4a
ENSNFUG00015018375,got1
ENSNFUG00015024148,oat
ENSNFUG00015003377,ran
ENSNFUG00015014972,prpf6
ENSNFUG00015002007,ascc3
ENSNFUG00015020337,pih1d3
ENSNFUG00015014486,abhd18
ENSNFUG00015006008,tmtc3
ENSNFUG00015007440,batf3
ENSNFUG00015023538,arhgef10
ENSNFUG00015007596,arl14ep
ENSNFUG00015003934,eef1g
ENSNFUG00015014145,pms1
ENSNFUG00015017240,zbtb34
ENSNFUG00015011496,plod2
ENSNFUG00015015878,yaf2
ENSNFUG00015000574,slc7a7
ENSNFUG00015000326,brd7
ENSNFUG00015012182,pitrm1
ENSNFUG00015012605,ndufa6
ENSNFUG00015014647,znrd1
ENSNFUG00015021887,spop
ENSNFUG00015021914,aktip
ENSNFUG00015019120,klf9
ENSNFUG00015005010,itih2
ENSNFUG00015022636,dnajb5
ENSNFUG00015021839,adal
ENSNFUG00015019796,galnt10
ENSNFUG00015014011,csnk1a1
ENSNFUG00015010032,mrpl28
ENSNFUG00015012109,golga1
ENSNFUG00015006032,vps8
ENSNFUG00015000328,plekhh2
ENSNFUG00015009516,sipa1l3
ENSNFUG00015014552,crym
ENSNFUG00015000660,ccdc12
ENSNFUG00015002719,lemd3
ENSNFUG00015009582,ubr5
ENSNFUG00015022227,rad51c
ENSNFUG00015019860,usp47
ENSNFUG00015000051,ptcd3
ENSNFUG00015004756,timp4
ENSNFUG00015022459,slc13a3
ENSNFUG00015006306,rhpn1
ENSNFUG00015006369,golga3
ENSNFUG00015014845,d2hgdh
ENSNFUG00015012361,ppip5k1
ENSNFUG00015013946,dlgap5
ENSNFUG00015001360,ufsp1
ENSNFUG00015011807,alg2
ENSNFUG00015022113,atp8a2
ENSNFUG00015018137,unc13c
ENSNFUG00015017561,malrd1
ENSNFUG00015001359,pop7
ENSNFUG00015008871,txnl4b
ENSNFUG00015020886,smyd4
ENSNFUG00015001065,armc2
ENSNFUG00015013391,spock2
ENSNFUG00015000887,plekha8
ENSNFUG00015003248,tnrc18
ENSNFUG00015023520,ppargc1a
ENSNFUG00015009649,chsy1
ENSNFUG00015004730,arhgap31
ENSNFUG00015020609,tmem59
ENSNFUG00015008625,marveld3
ENSNFUG00015020035,ivd
ENSNFUG00015018784,zbtb41
ENSNFUG00015017422,vps28
ENSNFUG00015009224,trpm7
ENSNFUG00015006977,wdr82
ENSNFUG00015015383,c7
ENSNFUG00015004274,tbca
ENSNFUG00015025402,lpar3
ENSNFUG00015020312,apbb1ip
ENSNFUG00015002788,arhgef39
ENSNFUG00015004521,spcs3
ENSNFUG00015023357,rpl22l1
ENSNFUG00015007472,exoc2
ENSNFUG00015014480,pou6f1
ENSNFUG00015005856,ahcyl1
ENSNFUG00015009318,tfam
ENSNFUG00015005942,trip4
ENSNFUG00015002681,hivep2
ENSNFUG00015009300,cdr2l
ENSNFUG00015006143,slc6a9
ENSNFUG00015010730,armc1
ENSNFUG00015024237,upf2
ENSNFUG00015008677,hacd3
ENSNFUG00015022102,eml5
ENSNFUG00015021638,pdcd6ip
ENSNFUG00015019156,ninj1
ENSNFUG00015001311,ctnna2
ENSNFUG00015003673,dhx57
ENSNFUG00015008811,dffb
ENSNFUG00015016121,bckdk
ENSNFUG00015005304,pi4k2b
ENSNFUG00015001804,perp
ENSNFUG00015002338,nav3
ENSNFUG00015024280,mdm2
ENSNFUG00015021420,slc26a1
ENSNFUG00015002928,eny2
ENSNFUG00015022551,zc3h10
ENSNFUG00015003652,pstpip2
ENSNFUG00015000356,tcte1
ENSNFUG00015004070,slain1
ENSNFUG00015021403,bloc1s2
ENSNFUG00015006476,ddx55
ENSNFUG00015006104,trappc3
ENSNFUG00015001133,ppil6
ENSNFUG00015011774,nat16
ENSNFUG00015018737,mnat1
ENSNFUG00015010080,slc35d1
ENSNFUG00015023100,plekhj1
ENSNFUG00015000094,kdm8
ENSNFUG00015001531,ccdc85b
ENSNFUG00015011710,slc9a3r1
ENSNFUG00015007296,rnd2
ENSNFUG00015015838,arhgap35
ENSNFUG00015010549,xpa
ENSNFUG00015015295,rbm33
ENSNFUG00015011377,mrm1
ENSNFUG00015020565,morn3
ENSNFUG00015016242,creg1
ENSNFUG00015011783,aqp9
ENSNFUG00015021617,lnpep
ENSNFUG00015014992,fbxo38
ENSNFUG00015020099,cbx2
ENSNFUG00015023580,agtrap
ENSNFUG00015016050,sema6d
ENSNFUG00015005740,ncam2
ENSNFUG00015003374,mark1
ENSNFUG00015022910,app
ENSNFUG00015000078,acad8
ENSNFUG00015009958,apaf1
ENSNFUG00015015650,pemt
ENSNFUG00015011855,dnajc15
ENSNFUG00015016997,serpind1
ENSNFUG00015016373,crtc1
ENSNFUG00015017542,zmiz2
ENSNFUG00015007912,btk
ENSNFUG00015020894,snip1
ENSNFUG00015014150,hey1
ENSNFUG00015000991,tmed10
ENSNFUG00015000102,vps26b
ENSNFUG00015018848,ubac1
ENSNFUG00015023764,cytip
ENSNFUG00015017953,dctn2
ENSNFUG00015013311,pigq
ENSNFUG00015022256,celf2
ENSNFUG00015003120,tp53bp2
ENSNFUG00015013611,rnaseh1
ENSNFUG00015017659,ldlrad3
ENSNFUG00015023266,naxe
ENSNFUG00015007805,dnajc4
ENSNFUG00015002045,ubtf
ENSNFUG00015007425,ddx20
ENSNFUG00015017577,slc4a1ap
ENSNFUG00015024042,gas2
ENSNFUG00015016621,pnisr
ENSNFUG00015021728,dclk3
ENSNFUG00015010937,lamc1
ENSNFUG00015013911,habp2
ENSNFUG00015007007,ttc4
ENSNFUG00015017990,mtmr10
ENSNFUG00015022257,ift122
ENSNFUG00015013651,phf2
ENSNFUG00015019960,dnaaf2
ENSNFUG00015012575,tbx21
ENSNFUG00015018685,mab21l1
ENSNFUG00015019912,faf2
ENSNFUG00015018800,phlpp2
ENSNFUG00015011634,med30
ENSNFUG00015010054,capn7
ENSNFUG00015025323,cdan1
ENSNFUG00015013239,tmco6
ENSNFUG00015014920,aar2
ENSNFUG00015016414,ddx5
ENSNFUG00015012254,evc
ENSNFUG00015019072,zfyve28
ENSNFUG00015005527,txndc15
ENSNFUG00015021922,znf830
ENSNFUG00015015710,cops3
ENSNFUG00015020872,porcn
ENSNFUG00015004965,trmo
ENSNFUG00015020493,dhx40
ENSNFUG00015003829,med9
ENSNFUG00015022798,gnmt
ENSNFUG00015011779,rps10
ENSNFUG00015021894,srsf11
ENSNFUG00015010047,phtf1
ENSNFUG00015008961,ggps1
ENSNFUG00015021251,nktr
ENSNFUG00015025294,fignl1
ENSNFUG00015003898,hey1
ENSNFUG00015019161,fdxacb1
ENSNFUG00015015394,tmem64
ENSNFUG00015003375,eif2a
ENSNFUG00015021937,rbm41
ENSNFUG00015005664,lats1
ENSNFUG00015023584,dapl1
ENSNFUG00015020060,optn
ENSNFUG00015008180,mad2l2
ENSNFUG00015022942,zbtb8os
ENSNFUG00015013209,cherp
ENSNFUG00015001224,pprc1
ENSNFUG00015017113,fam83g
ENSNFUG00015005639,gps1
ENSNFUG00015002203,nudt15
ENSNFUG00015013076,gli3
ENSNFUG00015008847,cpn1
ENSNFUG00015023170,fermt2
ENSNFUG00015011650,mecom
ENSNFUG00015004033,mrps9
ENSNFUG00015006097,fbln5
ENSNFUG00015022695,tmem248
ENSNFUG00015008684,gla
ENSNFUG00015012371,cxcr4
ENSNFUG00015012503,med14
ENSNFUG00015018942,utp3
ENSNFUG00015005767,dazl
ENSNFUG00015013078,dusp16
ENSNFUG00015020352,pik3cd
ENSNFUG00015000268,tmem35
ENSNFUG00015011935,snrnp48
ENSNFUG00015001641,rars2
ENSNFUG00015009407,st6galnac3
ENSNFUG00015004366,depdc4
ENSNFUG00015013124,csrnp2
ENSNFUG00015005299,ercc6l
ENSNFUG00015017797,mcf2l
ENSNFUG00015017774,amer2
ENSNFUG00015008330,qser1
ENSNFUG00015005230,prkcq
ENSNFUG00015010867,mst1r
ENSNFUG00015005684,men1
ENSNFUG00015004075,syt11
ENSNFUG00015004794,sytl5
ENSNFUG00015025129,faah
ENSNFUG00015023779,pnkd
ENSNFUG00015022221,abt1
ENSNFUG00015019037,dennd6b
ENSNFUG00015017639,psmc1
ENSNFUG00015015977,cib1
ENSNFUG00015010083,exoc3
ENSNFUG00015005321,fcho2
ENSNFUG00015009936,dctn6
ENSNFUG00015018832,l3mbtl2
ENSNFUG00015013278,rab12
ENSNFUG00015004578,lmna
ENSNFUG00015019967,irf9
ENSNFUG00015011290,tkfc
ENSNFUG00015022937,ift81
ENSNFUG00015002311,clu
ENSNFUG00015001464,abce1
ENSNFUG00015010401,rps26
ENSNFUG00015021441,tsr3
ENSNFUG00015001636,mgat5
ENSNFUG00015002675,glod4
ENSNFUG00015015520,rfxap
ENSNFUG00015022126,ercc6l2
ENSNFUG00015002507,gpr174
ENSNFUG00015012868,strn3
ENSNFUG00015016283,srpk3
ENSNFUG00015008560,mrvi1
ENSNFUG00015007529,primpol
ENSNFUG00015005083,zmiz2
ENSNFUG00015012311,she
ENSNFUG00015017089,chrna2
ENSNFUG00015013299,ppp1r7
ENSNFUG00015018966,spag6
ENSNFUG00015022669,slc6a17
ENSNFUG00015004889,cdk2ap1
ENSNFUG00015018364,paip1
ENSNFUG00015012545,ppil2
ENSNFUG00015012741,gpr85
ENSNFUG00015006669,rnf123
ENSNFUG00015023505,plekhg7
ENSNFUG00015016270,sp1
ENSNFUG00015022135,larp4b
ENSNFUG00015025354,gltscr1l
ENSNFUG00015021133,rab35
ENSNFUG00015016534,wwp2
ENSNFUG00015003322,fam89a
ENSNFUG00015008154,prtfdc1
ENSNFUG00015020601,ada
ENSNFUG00015022517,riok2
ENSNFUG00015011072,bag5
ENSNFUG00015002054,exo1
ENSNFUG00015001196,fkbp6
ENSNFUG00015024182,ptpra
ENSNFUG00015007253,polr1e
ENSNFUG00015013703,hck
ENSNFUG00015022062,hdhd3
ENSNFUG00015007760,ufsp2
ENSNFUG00015017073,pdgfa
ENSNFUG00015004821,mtmr11
ENSNFUG00015009457,maz
ENSNFUG00015015993,unc45a
ENSNFUG00015014990,vapb
ENSNFUG00015020965,scgn
ENSNFUG00015020856,rpa1
ENSNFUG00015006539,helz2
ENSNFUG00015011373,rnf122
ENSNFUG00015013654,smarcb1
ENSNFUG00015010693,gtf3c3
ENSNFUG00015023661,fstl3
ENSNFUG00015011438,emp1
ENSNFUG00015014429,pofut1
ENSNFUG00015004279,cdk5rap2
ENSNFUG00015021722,cyhr1
ENSNFUG00015012041,cnksr2
ENSNFUG00015019608,med29
ENSNFUG00015012894,rbm45
ENSNFUG00015008149,plekha1
ENSNFUG00015010277,st8sia1
ENSNFUG00015006093,dag1
ENSNFUG00015005821,arl13b
ENSNFUG00015024175,ttc39a
ENSNFUG00015021850,b3galt4
ENSNFUG00015010219,rpp25l
ENSNFUG00015018719,stoml2
ENSNFUG00015000639,ccnb1ip1
ENSNFUG00015004360,tcaim
ENSNFUG00015007485,pstk
ENSNFUG00015015247,jmjd6
ENSNFUG00015001690,mapk8ip3
ENSNFUG00015003540,fgfr1op
ENSNFUG00015005417,traf2
ENSNFUG00015005203,luzp1
ENSNFUG00015000796,hsd3b7
ENSNFUG00015016923,smim7
ENSNFUG00015021197,papd4
ENSNFUG00015003196,kif3a
ENSNFUG00015012283,slc27a6
ENSNFUG00015021356,lrrc6
ENSNFUG00015000519,slc31a1
ENSNFUG00015003618,pdcl
ENSNFUG00015007134,dusp7
ENSNFUG00015025140,chmp6
ENSNFUG00015024046,fancf
ENSNFUG00015024369,ccdc30
ENSNFUG00015022699,dvl1
ENSNFUG00015009093,sgta
ENSNFUG00015006123,nhej1
ENSNFUG00015023083,fzr1
ENSNFUG00015025388,atg4c
ENSNFUG00015011829,mettl13
ENSNFUG00015004548,g3bp2
ENSNFUG00015025284,cyr61
ENSNFUG00015001015,rmdn2
ENSNFUG00015006390,usp20
ENSNFUG00015021428,ncstn
ENSNFUG00015004978,kctd4
ENSNFUG00015001742,purg
ENSNFUG00015025378,atg9a
ENSNFUG00015000852,tbc1d17
ENSNFUG00015005011,tab1
ENSNFUG00015004355,pyroxd1
ENSNFUG00015007100,arfgef1
ENSNFUG00015013561,cep89
ENSNFUG00015019360,rmnd1
ENSNFUG00015013596,ablim2
ENSNFUG00015023596,hat1
ENSNFUG00015000163,pih1d1
ENSNFUG00015001315,flt4
ENSNFUG00015017658,slc7a4
ENSNFUG00015022639,zdhhc6
ENSNFUG00015008435,rec114
ENSNFUG00015005554,c8a
ENSNFUG00015005014,onecut2
ENSNFUG00015011045,haus6
ENSNFUG00015019061,fbxo9
ENSNFUG00015018992,wdyhv1
ENSNFUG00015022584,ric8b
ENSNFUG00015021215,mtx3
ENSNFUG00015012481,tbpl2
ENSNFUG00015011276,she
ENSNFUG00015005118,sfmbt2
ENSNFUG00015018986,kifc1
ENSNFUG00015000866,wdr74
ENSNFUG00015003329,exoc8
ENSNFUG00015019733,extl2
ENSNFUG00015019255,dlat
ENSNFUG00015014799,ptdss2
ENSNFUG00015023694,fbxo8
ENSNFUG00015024768,pibf1
ENSNFUG00015007407,prok2
ENSNFUG00015010227,irf2bp1
ENSNFUG00015020631,gli1
ENSNFUG00015007976,bdp1
ENSNFUG00015013159,flrt3
ENSNFUG00015010803,gys2
ENSNFUG00015003082,eif4a3
ENSNFUG00015020324,adck2
ENSNFUG00015000350,nkain2
ENSNFUG00015019548,rpap2
ENSNFUG00015014641,ppp1r13l
ENSNFUG00015004661,bola1
ENSNFUG00015024194,sergef
ENSNFUG00015003721,itga1
ENSNFUG00015002152,fam184a
ENSNFUG00015004429,gtf3c5
ENSNFUG00015017268,tnip2
ENSNFUG00015021943,cldn2
ENSNFUG00015025398,jak1
ENSNFUG00015012726,etfb
ENSNFUG00015007259,pik3c2a
ENSNFUG00015024921,cdh23
ENSNFUG00015005406,camlg
ENSNFUG00015016855,tbx20
ENSNFUG00015016262,edc4
ENSNFUG00015024941,lrrfip2
ENSNFUG00015009989,cpt2
ENSNFUG00015006921,snx5
ENSNFUG00015005115,catip
ENSNFUG00015003314,tmem145
ENSNFUG00015022139,ipo11
ENSNFUG00015018566,slc38a6
ENSNFUG00015019521,arl3
ENSNFUG00015017321,ankrd54
ENSNFUG00015022579,lig3
ENSNFUG00015000359,taf5
ENSNFUG00015009898,gne
ENSNFUG00015018744,lrp12
ENSNFUG00015015396,glt8d1
ENSNFUG00015006637,maats1
ENSNFUG00015024507,echdc3
ENSNFUG00015011160,xkr7
ENSNFUG00015000558,slc25a46
ENSNFUG00015004343,etnk1
ENSNFUG00015001534,slc10a7
ENSNFUG00015012031,med10
ENSNFUG00015009233,gyg2
ENSNFUG00015023888,clic3
ENSNFUG00015024135,wdpcp
ENSNFUG00015008411,pak1
ENSNFUG00015004460,hpn
ENSNFUG00015012748,sema6a
ENSNFUG00015016559,plat
ENSNFUG00015011969,efhc1
ENSNFUG00015009347,arhgap6
ENSNFUG00015004103,atad2
ENSNFUG00015011295,mapk7
ENSNFUG00015013122,lhfpl2
ENSNFUG00015004988,entpd3
ENSNFUG00015003307,rpl35a
ENSNFUG00015020291,myo10
ENSNFUG00015014810,mtmr2
ENSNFUG00015020183,nudt12
ENSNFUG00015023675,midn
ENSNFUG00015024799,lpl
ENSNFUG00015020445,cpped1
ENSNFUG00015019304,maff
ENSNFUG00015011976,eva1a
ENSNFUG00015024231,banp
ENSNFUG00015007698,nprl3
ENSNFUG00015019199,lamtor4
ENSNFUG00015024613,rapgef4
ENSNFUG00015019099,wwox
ENSNFUG00015023731,emc1
ENSNFUG00015001926,dzank1
ENSNFUG00015024186,srsf11
ENSNFUG00015014688,gtf2h4
ENSNFUG00015025060,oxld1
ENSNFUG00015005112,slc2a13
ENSNFUG00015002640,srbd1
ENSNFUG00015014065,sympk
ENSNFUG00015008417,celf4
ENSNFUG00015018166,ropn1l
ENSNFUG00015007812,man1a2
ENSNFUG00015012429,rabgef1
ENSNFUG00015002754,ptpn13
ENSNFUG00015011038,zfpl1
ENSNFUG00015002901,ebag9
ENSNFUG00015008534,ncf1
ENSNFUG00015015998,ythdf1
ENSNFUG00015017128,fuca2
ENSNFUG00015022583,ap1m2
ENSNFUG00015007451,ube2c
ENSNFUG00015025347,ankrd13a
ENSNFUG00015017290,ficd
ENSNFUG00015004857,xk
ENSNFUG00015000285,znf438
ENSNFUG00015021573,ppil3
ENSNFUG00015024071,ehbp1
ENSNFUG00015018854,mpp3
ENSNFUG00015021851,dus3l
ENSNFUG00015024801,pgbd5
ENSNFUG00015015973,nkain4
ENSNFUG00015001308,vav1
ENSNFUG00015003458,ctsc
ENSNFUG00015013228,msh3
ENSNFUG00015003009,stox1
ENSNFUG00015005869,cinp
ENSNFUG00015023254,metap1
ENSNFUG00015002002,abcg8
ENSNFUG00015002650,gfer
ENSNFUG00015015346,mettl23
ENSNFUG00015017352,filip1l
ENSNFUG00015018394,acmsd
ENSNFUG00015008665,afg3l2
ENSNFUG00015022097,tmem158
ENSNFUG00015020318,galnt12
ENSNFUG00015000434,mnt
ENSNFUG00015003334,tstd2
ENSNFUG00015004337,atp8b1
ENSNFUG00015022401,pld1
ENSNFUG00015006329,tinf2
ENSNFUG00015012508,hebp1
ENSNFUG00015000084,taf1a
ENSNFUG00015016159,gk5
ENSNFUG00015004071,fgl2
ENSNFUG00015014335,fkbp7
ENSNFUG00015014934,ube4b
ENSNFUG00015015131,apmap
ENSNFUG00015000488,cnfn
ENSNFUG00015019983,rad18
ENSNFUG00015006645,nr1i2
ENSNFUG00015004205,casc1
ENSNFUG00015008708,immp1l
ENSNFUG00015022687,ccdc50
ENSNFUG00015017975,hexb
ENSNFUG00015010663,fbxw8
ENSNFUG00015022319,ino80b
ENSNFUG00015007270,nfx1
ENSNFUG00015004497,dnajb5
ENSNFUG00015015155,srrm1
ENSNFUG00015006492,vps41
ENSNFUG00015022137,ankra2
ENSNFUG00015023668,atp5d
ENSNFUG00015002114,dkk2
ENSNFUG00015019450,sacs
ENSNFUG00015002278,fam168a
ENSNFUG00015019337,atp13a2
ENSNFUG00015024817,nr3c1
ENSNFUG00015009282,ap1s1
ENSNFUG00015023417,dazap1
ENSNFUG00015003274,kiaa0232
ENSNFUG00015023824,mrpl38
ENSNFUG00015010943,stx4
ENSNFUG00015006557,exd2
ENSNFUG00015006571,msantd2
ENSNFUG00015008721,rps15a
ENSNFUG00015016898,atp10a
ENSNFUG00015014057,abca12
ENSNFUG00015022022,gstz1
ENSNFUG00015013255,rad54b
ENSNFUG00015017185,znf148
ENSNFUG00015011267,pygo2
ENSNFUG00015002074,yipf4
ENSNFUG00015000717,papolg
ENSNFUG00015013786,adpgk
ENSNFUG00015006441,ankfn1
ENSNFUG00015022504,ormdl2
ENSNFUG00015001830,gbf1
ENSNFUG00015020607,lrrc42
ENSNFUG00015000318,dnaaf5
ENSNFUG00015022820,znrf1
ENSNFUG00015024007,tshz2
ENSNFUG00015007409,glb1
ENSNFUG00015013320,naglu
ENSNFUG00015014376,pofut2
ENSNFUG00015019904,fam172a
ENSNFUG00015024393,rfk
ENSNFUG00015006869,prdm6
ENSNFUG00015000612,aup1
ENSNFUG00015019589,mlf1
ENSNFUG00015008745,gpr143
ENSNFUG00015024590,pinx1
ENSNFUG00015001792,arap3
ENSNFUG00015002038,mcm7
ENSNFUG00015021752,hdac10
ENSNFUG00015000897,zc3h12a
ENSNFUG00015002385,chd1
ENSNFUG00015016648,sfr1
ENSNFUG00015025029,ncl
ENSNFUG00015022153,slain2
ENSNFUG00015025175,ccdc71
ENSNFUG00015003025,farsa
ENSNFUG00015001894,scai
ENSNFUG00015010190,pex16
ENSNFUG00015022494,pan2
ENSNFUG00015020809,znf385a
ENSNFUG00015004826,cmc1
ENSNFUG00015011631,mrpl10
ENSNFUG00015023931,atxn7
ENSNFUG00015013231,araf
ENSNFUG00015017307,gtpbp3
ENSNFUG00015015196,ap5s1
ENSNFUG00015005917,carm1
ENSNFUG00015022307,map6d1
ENSNFUG00015005492,c8b
ENSNFUG00015008138,yeats4
ENSNFUG00015022404,exosc6
ENSNFUG00015002752,nudt19
ENSNFUG00015016119,rpusd2
ENSNFUG00015002057,unc93a
ENSNFUG00015006583,chid1
ENSNFUG00015002345,pea15
ENSNFUG00015003287,tada2b
ENSNFUG00015019607,tcp11l1
ENSNFUG00015002411,wdr81
ENSNFUG00015019940,lman2
ENSNFUG00015024740,phgdh
ENSNFUG00015005673,rgs11
ENSNFUG00015004478,loxl1
ENSNFUG00015011049,lrrc61
ENSNFUG00015002275,p2ry6
ENSNFUG00015016975,eif2ak3
ENSNFUG00015003067,slc37a3
ENSNFUG00015019175,cdk5rap1
ENSNFUG00015007753,pknox2
ENSNFUG00015021714,rnd1
ENSNFUG00015008499,fam8a1
ENSNFUG00015016453,klhl42
ENSNFUG00015006502,b3gat2
ENSNFUG00015006573,pddc1
ENSNFUG00015024808,robo1
ENSNFUG00015001767,def8
ENSNFUG00015005672,tsku
ENSNFUG00015025248,efna2
ENSNFUG00015017260,elp6
ENSNFUG00015020780,osbpl6
ENSNFUG00015020861,mtss1
ENSNFUG00015009766,abhd3
ENSNFUG00015000723,atraid
ENSNFUG00015002700,ebna1bp2
ENSNFUG00015024960,ttc17
ENSNFUG00015005336,sh3yl1
ENSNFUG00015021900,fgg
ENSNFUG00015004808,ilvbl
ENSNFUG00015018276,mrpl3
ENSNFUG00015000748,eno2
ENSNFUG00015021220,snrpa
ENSNFUG00015025357,hltf
ENSNFUG00015005355,mcat
ENSNFUG00015012304,wsb2
ENSNFUG00015018078,ppp1r12a
ENSNFUG00015000179,fbxo7
ENSNFUG00015020900,klhl31
ENSNFUG00015011657,tymp
ENSNFUG00015024306,sgk1
ENSNFUG00015002340,gstcd
ENSNFUG00015000342,fabp2
ENSNFUG00015025424,cpox
ENSNFUG00015012281,arl2
ENSNFUG00015008410,cxadr
ENSNFUG00015020397,ppt1
ENSNFUG00015003961,has2
ENSNFUG00015003826,sufu
ENSNFUG00015017643,ankrd27
ENSNFUG00015018919,ophn1
ENSNFUG00015004530,wbp4
ENSNFUG00015002247,atp11c
ENSNFUG00015012060,rpl35
ENSNFUG00015001202,chrnb1
ENSNFUG00015007893,hps4
ENSNFUG00015014606,immt
ENSNFUG00015020216,sh2b2
ENSNFUG00015018029,gnpda2
ENSNFUG00015024569,xkr6
ENSNFUG00015007168,b9d2
ENSNFUG00015019941,rnf25
ENSNFUG00015014430,ptpro
ENSNFUG00015022857,tmem170b
ENSNFUG00015000181,pisd
ENSNFUG00015011322,rplp1
ENSNFUG00015021170,fam114a2
ENSNFUG00015022070,oca2
ENSNFUG00015008365,s100b
ENSNFUG00015025187,lhx6
ENSNFUG00015021968,usf3
ENSNFUG00015005085,itih5
ENSNFUG00015012886,terf1
ENSNFUG00015004216,dtnb
ENSNFUG00015006786,ppox
ENSNFUG00015005855,trappc2l
ENSNFUG00015009824,nenf
ENSNFUG00015018463,polk
ENSNFUG00015000727,fis1
ENSNFUG00015019624,stxbp3
ENSNFUG00015002111,zyx
ENSNFUG00015019463,cdyl2
ENSNFUG00015021390,rpl27
ENSNFUG00015016014,snx6
ENSNFUG00015001286,syngr2
ENSNFUG00015018022,brap
ENSNFUG00015012026,scarb2
ENSNFUG00015008936,fsd1
ENSNFUG00015005342,dnajb14
ENSNFUG00015006326,p2ry1
ENSNFUG00015014583,bend3
ENSNFUG00015020810,mrps16
ENSNFUG00015006461,cdk1
ENSNFUG00015019206,hspa4l
ENSNFUG00015023251,eea1
ENSNFUG00015010962,tbc1d2b
ENSNFUG00015002904,dqx1
ENSNFUG00015025233,rab11fip2
ENSNFUG00015016927,ccne1
ENSNFUG00015011713,donson
ENSNFUG00015003461,prss23
ENSNFUG00015014446,mtss1
ENSNFUG00015023168,nr1h4
ENSNFUG00015001361,ubn2
ENSNFUG00015019937,phf12
ENSNFUG00015020865,nubp2
ENSNFUG00015017868,ube2j1
ENSNFUG00015023308,ca8
ENSNFUG00015022294,fan1
ENSNFUG00015021013,golga2
ENSNFUG00015022634,ankk1
ENSNFUG00015007174,alas1
ENSNFUG00015000725,robo1
ENSNFUG00015018772,necab2
ENSNFUG00015005490,plcl2
ENSNFUG00015000397,fam199x
ENSNFUG00015017571,lamtor3
ENSNFUG00015016509,pomgnt1
ENSNFUG00015004122,hsf2
ENSNFUG00015015074,mff
ENSNFUG00015017444,tbl3
ENSNFUG00015020781,dpm3
ENSNFUG00015006843,s1pr2
ENSNFUG00015022298,sumf1
ENSNFUG00015013714,bub1
ENSNFUG00015000383,zfand2a
ENSNFUG00015022178,commd9
ENSNFUG00015022919,cttnbp2nl
ENSNFUG00015017463,ldlr
ENSNFUG00015003306,pbld
ENSNFUG00015016702,kcne4
ENSNFUG00015021078,rab27b
ENSNFUG00015004943,gcnt7
ENSNFUG00015004604,rab25
ENSNFUG00015024383,bscl2
ENSNFUG00015020563,nme6
ENSNFUG00015025400,ak4
ENSNFUG00015008012,pcsk1
ENSNFUG00015023587,edem2
ENSNFUG00015010232,cdip1
ENSNFUG00015008744,slc35c1
ENSNFUG00015016831,fbxl5
ENSNFUG00015017355,chst14
ENSNFUG00015004420,ctnnd1
ENSNFUG00015025431,iqca1
ENSNFUG00015003622,rpl28
ENSNFUG00015013160,crhbp
ENSNFUG00015010590,prpf39
ENSNFUG00015024083,wasf3
ENSNFUG00015014229,tmc4
ENSNFUG00015004596,dolk
ENSNFUG00015017958,nudc
ENSNFUG00015007114,raver1
ENSNFUG00015006756,ccnb3
ENSNFUG00015021774,tspo
ENSNFUG00015010952,hoga1
ENSNFUG00015018136,rgs19
ENSNFUG00015019140,usp36
ENSNFUG00015018093,top3b
ENSNFUG00015019178,fkbp8
ENSNFUG00015009107,cdh11
ENSNFUG00015007089,heatr1
ENSNFUG00015006640,golga5
ENSNFUG00015004796,rftn2
ENSNFUG00015008136,ptpmt1
ENSNFUG00015024160,chst15
ENSNFUG00015023391,cir1
ENSNFUG00015023907,kbtbd11
ENSNFUG00015018197,enah
ENSNFUG00015023157,cbfa2t2
ENSNFUG00015005080,tbrg1
ENSNFUG00015018342,epcam
ENSNFUG00015013684,celsr3
ENSNFUG00015004234,wdr41
ENSNFUG00015013478,mblac1
ENSNFUG00015006774,ttc39c
ENSNFUG00015012360,map4k5
ENSNFUG00015003805,sh3bp2
ENSNFUG00015022671,igf1
ENSNFUG00015016448,ndnf
ENSNFUG00015019124,mllt3
ENSNFUG00015013735,lrrc75a
ENSNFUG00015012131,atp6v1h
ENSNFUG00015016215,idh1
ENSNFUG00015020310,bet1l
ENSNFUG00015025372,gng7
ENSNFUG00015017651,plk3
ENSNFUG00015004485,abcd2
ENSNFUG00015002747,echs1
ENSNFUG00015004893,otud7b
ENSNFUG00015004368,cebpg
ENSNFUG00015024352,nle1
ENSNFUG00015024034,chuk
ENSNFUG00015024693,mettl5
ENSNFUG00015000376,galr2
ENSNFUG00015005432,rftn1
ENSNFUG00015006901,dpy19l3
ENSNFUG00015012276,prkaa1
ENSNFUG00015015538,slc38a10
ENSNFUG00015002950,nphs1
ENSNFUG00015011478,snrpc
ENSNFUG00015022977,hdac5
ENSNFUG00015022721,tat
ENSNFUG00015010691,gtpbp1
ENSNFUG00015017814,arid1a
ENSNFUG00015013068,ggt7
ENSNFUG00015014465,f2r
ENSNFUG00015002396,dll4
ENSNFUG00015008363,prdm15
ENSNFUG00015024009,pfdn4
ENSNFUG00015004616,dnlz
ENSNFUG00015000408,akap7
ENSNFUG00015011946,efnb1
ENSNFUG00015018912,xrcc6
ENSNFUG00015007449,dis3l2
ENSNFUG00015010873,prrg4
ENSNFUG00015004724,tbcc
ENSNFUG00015016590,slc26a6
ENSNFUG00015018256,ppil4
ENSNFUG00015011655,wdr78
ENSNFUG00015020046,npas3
ENSNFUG00015017298,acss3
ENSNFUG00015024824,cog2
ENSNFUG00015017546,miox
ENSNFUG00015003421,figf
ENSNFUG00015019082,maf
ENSNFUG00015001006,tlcd2
ENSNFUG00015023263,pepd
ENSNFUG00015000653,ttc5
ENSNFUG00015013451,thoc2
ENSNFUG00015016401,f2
ENSNFUG00015014883,fnbp1l
ENSNFUG00015004031,pla2r1
ENSNFUG00015008216,cmtm6
ENSNFUG00015010921,ten1
ENSNFUG00015012585,metrnl
ENSNFUG00015022830,rras
ENSNFUG00015007571,kank2
ENSNFUG00015020661,trim71
ENSNFUG00015022302,prcc
ENSNFUG00015021457,epdr1
ENSNFUG00015019795,avl9
ENSNFUG00015011320,crebrf
ENSNFUG00015002024,gps2
ENSNFUG00015024027,rchy1
ENSNFUG00015007350,fbxo41
ENSNFUG00015005925,inhbb
ENSNFUG00015016550,cactin
ENSNFUG00015021836,mdh1b
ENSNFUG00015016832,slc7a11
ENSNFUG00015001618,enpp4
ENSNFUG00015021675,smpd1
ENSNFUG00015011102,frmd8
ENSNFUG00015025043,mcmbp
ENSNFUG00015016344,hpcal1
ENSNFUG00015019753,med27
ENSNFUG00015016612,alkbh4
ENSNFUG00015022519,taf11
ENSNFUG00015002296,frmpd3
ENSNFUG00015023598,pank4
ENSNFUG00015001265,rab11fip5
ENSNFUG00015000238,pdgfa
ENSNFUG00015002176,lig4
ENSNFUG00015019881,hcfc2
ENSNFUG00015012586,rrp7a
ENSNFUG00015002449,mtif2
ENSNFUG00015014058,usp42
ENSNFUG00015014498,mrps26
ENSNFUG00015011874,pak1ip1
ENSNFUG00015018932,snrnp35
ENSNFUG00015017345,kif20b
ENSNFUG00015001105,gpr34
ENSNFUG00015014331,ttll12
ENSNFUG00015025288,mpl
ENSNFUG00015014814,pcgf3
ENSNFUG00015012728,tmem223
ENSNFUG00015021787,eif4enif1
ENSNFUG00015015389,ggnbp2
ENSNFUG00015023149,wdr33
ENSNFUG00015004902,treh
ENSNFUG00015011030,polm
ENSNFUG00015008214,tns3
ENSNFUG00015006225,mtch1
ENSNFUG00015000581,p4ha3
ENSNFUG00015021090,irf6
ENSNFUG00015023423,plcg2
ENSNFUG00015008255,rfesd
ENSNFUG00015002629,mmadhc
ENSNFUG00015016286,ccdc90b
ENSNFUG00015013286,tfr2
ENSNFUG00015004089,lama2
ENSNFUG00015015682,upp1
ENSNFUG00015022324,mef2d
ENSNFUG00015006001,bfar
ENSNFUG00015000463,fbxw11
ENSNFUG00015009589,nrbf2
ENSNFUG00015016751,ispd
ENSNFUG00015023894,plekhm1
ENSNFUG00015001305,ppid
ENSNFUG00015011209,gipc2
ENSNFUG00015025474,acbd6
ENSNFUG00015006593,rcn2
ENSNFUG00015004054,lrrc17
ENSNFUG00015000467,clic2
ENSNFUG00015016367,cacna2d4
ENSNFUG00015009557,apof
ENSNFUG00015014485,rtca
ENSNFUG00015010253,cfap20
ENSNFUG00015011318,oxsm
ENSNFUG00015020507,mkl2
ENSNFUG00015014371,mboat7
ENSNFUG00015015953,rbm46
ENSNFUG00015019073,syn3
ENSNFUG00015018355,triqk
ENSNFUG00015012450,mark2
ENSNFUG00015024368,tbpl1
ENSNFUG00015003661,golph3
ENSNFUG00015011847,sos2
ENSNFUG00015000880,rbpj
ENSNFUG00015000082,ncdn
ENSNFUG00015024122,pdx1
ENSNFUG00015000330,med12
ENSNFUG00015022173,akap9
ENSNFUG00015022762,parpbp
ENSNFUG00015012929,ddx27
ENSNFUG00015018993,gpatch11
ENSNFUG00015015656,sgpl1
ENSNFUG00015010615,casp7
ENSNFUG00015014415,stox2
ENSNFUG00015004242,prox1
ENSNFUG00015007342,trmt61a
ENSNFUG00015015810,uros
ENSNFUG00015006494,myo16
ENSNFUG00015002818,hopx
ENSNFUG00015001881,hs3st1
ENSNFUG00015005430,aak1
ENSNFUG00015001746,derl2
ENSNFUG00015017543,mcm3ap
ENSNFUG00015001323,tbc1d22a
ENSNFUG00015022359,sntb2
ENSNFUG00015003323,thap1
ENSNFUG00015002826,zfand3
ENSNFUG00015006374,alkbh5
ENSNFUG00015017539,lin7c
ENSNFUG00015004735,ddx6
ENSNFUG00015005975,usp49
ENSNFUG00015016282,memo1
ENSNFUG00015005910,ddx18
ENSNFUG00015003974,glt8d2
ENSNFUG00015017663,mms19
ENSNFUG00015013582,slc22a15
ENSNFUG00015007855,lrfn4
ENSNFUG00015019993,slc16a1
ENSNFUG00015003351,lyz
ENSNFUG00015008639,plcg1
ENSNFUG00015021599,prickle3
ENSNFUG00015023000,dclre1b
ENSNFUG00015003770,drp2
ENSNFUG00015004190,zdhhc24
ENSNFUG00015005239,cacfd1
ENSNFUG00015002098,ptrhd1
ENSNFUG00015003822,nfatc1
ENSNFUG00015005272,pacsin2
ENSNFUG00015021302,nxpe3
ENSNFUG00015025452,use1
ENSNFUG00015002464,slc3a1
ENSNFUG00015006908,urb2
ENSNFUG00015008215,dhh
ENSNFUG00015014520,march6
ENSNFUG00015021583,eno4
ENSNFUG00015008775,cog4
ENSNFUG00015014275,adat3
ENSNFUG00015004464,cd276
ENSNFUG00015004974,ttc36
ENSNFUG00015011806,plekhm3
ENSNFUG00015012801,evi5l
ENSNFUG00015009119,aco2
ENSNFUG00015019661,proc
ENSNFUG00015014569,leng8
ENSNFUG00015010018,podn
ENSNFUG00015011945,plcb3
ENSNFUG00015009446,yod1
ENSNFUG00015003312,shmt1
ENSNFUG00015003983,anapc15
ENSNFUG00015024276,gpr182
ENSNFUG00015006089,spag7
ENSNFUG00015013985,znf277
ENSNFUG00015002443,gtf2a1
ENSNFUG00015014339,cenpo
ENSNFUG00015005028,rnf157
ENSNFUG00015012444,kctd7
ENSNFUG00015004607,kifc3
ENSNFUG00015000879,tgfb3
ENSNFUG00015023782,lrfn5
ENSNFUG00015024238,larp1
ENSNFUG00015016767,mrps2
ENSNFUG00015016823,emp1
ENSNFUG00015013467,nudt8
ENSNFUG00015018583,march8
ENSNFUG00015008110,pitpnm2
ENSNFUG00015015516,ube3c
ENSNFUG00015008158,fndc3a
ENSNFUG00015024246,nemf
ENSNFUG00015024501,aamp
ENSNFUG00015010506,u2surp
ENSNFUG00015005306,dnase2
ENSNFUG00015008878,dpysl4
ENSNFUG00015010090,ndufa12
ENSNFUG00015011520,cntnap2
ENSNFUG00015016634,cbl
ENSNFUG00015021486,ranbp9
ENSNFUG00015013355,dtd2
ENSNFUG00015016207,spock2
ENSNFUG00015007842,tgfbr3
ENSNFUG00015012336,klf6
ENSNFUG00015024371,fnbp4
ENSNFUG00015006767,cuedc2
ENSNFUG00015025100,rnf13
ENSNFUG00015025326,ttbk2
ENSNFUG00015006216,ndufb11
ENSNFUG00015014575,syf2
ENSNFUG00015020323,basp1
ENSNFUG00015023189,homer2
ENSNFUG00015002116,aimp1
ENSNFUG00015002477,stat3
ENSNFUG00015007829,lrrc8c
ENSNFUG00015024714,birc2
ENSNFUG00015024195,fbxw12
ENSNFUG00015024093,spred1
ENSNFUG00015003578,phf3
ENSNFUG00015016924,ncf2
ENSNFUG00015008065,mtss1
ENSNFUG00015000212,cldnd1
ENSNFUG00015014668,nup54
ENSNFUG00015014531,tmem50a
ENSNFUG00015025465,nmrk2
ENSNFUG00015017746,rem2
ENSNFUG00015021274,ildr2
ENSNFUG00015021654,tube1
ENSNFUG00015023549,uxt
ENSNFUG00015021147,upb1
ENSNFUG00015004184,maea
ENSNFUG00015002401,cdkn2b
ENSNFUG00015000381,nfkbie
ENSNFUG00015000673,rbm47
ENSNFUG00015018867,b4galt2
ENSNFUG00015022035,msl2
ENSNFUG00015000836,dexi
ENSNFUG00015017728,rbm48
ENSNFUG00015006410,chchd1
ENSNFUG00015001120,ddx42
ENSNFUG00015008427,slc35f2
ENSNFUG00015001731,smarcb1
ENSNFUG00015023425,anks4b
ENSNFUG00015012648,srebf2
ENSNFUG00015003779,mrps18c
ENSNFUG00015015319,whsc1l1
ENSNFUG00015000272,ak1
ENSNFUG00015012497,cnot2
ENSNFUG00015000153,mrpl52
ENSNFUG00015012480,slc39a14
ENSNFUG00015010900,cdca4
ENSNFUG00015019748,rangrf
ENSNFUG00015011971,gnal
ENSNFUG00015017505,cap2
ENSNFUG00015021443,cpq
ENSNFUG00015011683,wnt9a
ENSNFUG00015014168,atrn
ENSNFUG00015009292,nccrp1
ENSNFUG00015000562,fam184b
ENSNFUG00015016931,ptdss1
ENSNFUG00015005278,itpr3
ENSNFUG00015021052,macf1
ENSNFUG00015000274,taf1c
ENSNFUG00015004291,ptpn14
ENSNFUG00015010640,sema3c
ENSNFUG00015002515,fbxo22
ENSNFUG00015004065,bckdha
ENSNFUG00015007182,zbtb44
ENSNFUG00015009906,adamts18
ENSNFUG00015023847,sgce
ENSNFUG00015009762,fam124a
ENSNFUG00015022028,sf1
ENSNFUG00015023774,kcnj3
ENSNFUG00015018943,sdhaf2
ENSNFUG00015009217,recql
ENSNFUG00015004019,ubr7
ENSNFUG00015020398,tti1
ENSNFUG00015016606,fzd6
ENSNFUG00015008246,glrx
ENSNFUG00015001197,prpf8
ENSNFUG00015005811,cpne8
ENSNFUG00015004163,rps6kc1
ENSNFUG00015011237,fam160a2
ENSNFUG00015014684,fbxo33
ENSNFUG00015002954,tet1
ENSNFUG00015017092,tekt4
ENSNFUG00015007075,ppp1r42
ENSNFUG00015019734,ccdc126
ENSNFUG00015014141,fam135a
ENSNFUG00015012802,ccdc174
ENSNFUG00015019452,atmin
ENSNFUG00015010935,arih2
ENSNFUG00015020051,nfyc
ENSNFUG00015021256,gemin6
ENSNFUG00015022453,ctns
ENSNFUG00015025167,slc16a10
ENSNFUG00015015382,gnl3
ENSNFUG00015016436,rfx5
ENSNFUG00015002668,adat2
ENSNFUG00015009640,pak7
ENSNFUG00015010985,acox1
ENSNFUG00015021355,comtd1
ENSNFUG00015008256,cmtm7
ENSNFUG00015004681,pik3c3
ENSNFUG00015009385,pnkp
ENSNFUG00015014264,fbxo15
ENSNFUG00015000610,shkbp1
ENSNFUG00015023990,ier3ip1
ENSNFUG00015006685,slc17a5
ENSNFUG00015022572,tmem263
ENSNFUG00015022330,intu
ENSNFUG00015009756,tmem18
ENSNFUG00015006165,tmem47
ENSNFUG00015005283,gtf2a2
ENSNFUG00015021931,nkain1
ENSNFUG00015022768,nup37
ENSNFUG00015009064,gng4
ENSNFUG00015009312,tlr7
ENSNFUG00015006540,myrf
ENSNFUG00015014079,tmem167a
ENSNFUG00015004104,hdx
ENSNFUG00015014802,iah1
ENSNFUG00015019717,slc38a11
ENSNFUG00015004177,dhx34
ENSNFUG00015001589,pfdn6
ENSNFUG00015024012,nrarp
ENSNFUG00015003471,fgb
ENSNFUG00015007299,cnot11
ENSNFUG00015000193,frmpd1
ENSNFUG00015019849,grb14
ENSNFUG00015023430,rapgef4
ENSNFUG00015006694,nars2
ENSNFUG00015002687,snw1
ENSNFUG00015016406,lrrc41
ENSNFUG00015008422,clns1a
ENSNFUG00015017652,trim44
ENSNFUG00015002843,mdga1
ENSNFUG00015013949,gusb
ENSNFUG00015012228,lenep
ENSNFUG00015009289,pcdh19
ENSNFUG00015002691,tnfrsf1a
ENSNFUG00015013956,enpp6
ENSNFUG00015018662,get4
ENSNFUG00015018663,msto1
ENSNFUG00015014454,rnf111
ENSNFUG00015013828,dhrsx
ENSNFUG00015021246,zbtb47
ENSNFUG00015004232,ttc9c
ENSNFUG00015004204,sdha
ENSNFUG00015001761,hpx
ENSNFUG00015018874,lrguk
ENSNFUG00015001018,zbtb18
ENSNFUG00015003340,sorcs2
ENSNFUG00015011401,zdhhc21
ENSNFUG00015023641,mcrs1
ENSNFUG00015017940,tbc1d15
ENSNFUG00015011280,nos1
ENSNFUG00015001949,zbed4
ENSNFUG00015006753,stam2
ENSNFUG00015017308,dpep1
ENSNFUG00015014506,sf3a3
ENSNFUG00015000435,ints1
ENSNFUG00015024557,bora
ENSNFUG00015003244,usp38
ENSNFUG00015003418,clrn1
ENSNFUG00015008145,sirt5
ENSNFUG00015010539,aldh1a2
ENSNFUG00015025186,ret
ENSNFUG00015017350,brwd3
ENSNFUG00015008067,fam234a
ENSNFUG00015019023,hsf1
ENSNFUG00015019714,kat8
ENSNFUG00015023223,lrig1
ENSNFUG00015001423,fbxw7
ENSNFUG00015007713,rcn1
ENSNFUG00015025053,csrnp3
ENSNFUG00015025423,ccdc181
ENSNFUG00015008623,creb3l2
ENSNFUG00015006658,arhgef33
ENSNFUG00015021409,kmt2a
ENSNFUG00015004957,zbtb20
ENSNFUG00015003758,snd1
ENSNFUG00015004367,wtip
ENSNFUG00015001821,tmem63b
ENSNFUG00015007790,apbb1ip
ENSNFUG00015021979,sgms1
ENSNFUG00015000354,axin1
ENSNFUG00015023329,cryz
ENSNFUG00015013010,insc
ENSNFUG00015003818,sox8
ENSNFUG00015022225,daglb
ENSNFUG00015012564,supt4h1
ENSNFUG00015008962,diaph2
ENSNFUG00015000360,prkcsh
ENSNFUG00015005948,kcnk2
ENSNFUG00015011691,tada1
ENSNFUG00015018631,cdkl5
ENSNFUG00015023292,ints10
ENSNFUG00015023862,cwf19l1
ENSNFUG00015025361,atp13a3
ENSNFUG00015012627,dmxl1
ENSNFUG00015006597,ablim1
ENSNFUG00015007466,scgn
ENSNFUG00015021297,kif6
ENSNFUG00015002325,stx10
ENSNFUG00015006234,tprkb
ENSNFUG00015000949,tbc1d19
ENSNFUG00015010521,epha3
ENSNFUG00015011706,plekhg1
ENSNFUG00015013827,map3k4
ENSNFUG00015000602,abcc4
ENSNFUG00015017022,nmnat1
ENSNFUG00015021272,susd2
ENSNFUG00015001648,guf1
ENSNFUG00015010526,cldn12
ENSNFUG00015015175,letm2
ENSNFUG00015012265,pld6
ENSNFUG00015018206,aebp1
ENSNFUG00015024311,faf1
ENSNFUG00015023934,asb8
ENSNFUG00015001144,msgn1
ENSNFUG00015022323,tmem231
ENSNFUG00015008788,dr1
ENSNFUG00015018769,grm5
ENSNFUG00015008120,dcun1d3
ENSNFUG00015022680,polr3d
ENSNFUG00015008475,zswim6
ENSNFUG00015004218,gramd1a
ENSNFUG00015024983,slc15a4
ENSNFUG00015016687,dgkg
ENSNFUG00015008758,fancb
ENSNFUG00015016209,pip4k2b
ENSNFUG00015014359,slc39a1
ENSNFUG00015015755,ikbkb
ENSNFUG00015023993,sall4
ENSNFUG00015001723,plg
ENSNFUG00015002727,fuom
ENSNFUG00015020576,mat2b
ENSNFUG00015017900,apex2
ENSNFUG00015005303,trpt1
ENSNFUG00015004456,ubl7
ENSNFUG00015016968,cdc27
ENSNFUG00015008383,gdpd1
ENSNFUG00015004561,apool
ENSNFUG00015008452,rhobtb2
ENSNFUG00015006936,abcb10
ENSNFUG00015008860,pcyox1l
ENSNFUG00015012085,nadsyn1
ENSNFUG00015023941,thoc7
ENSNFUG00015011912,galnt1
ENSNFUG00015015429,zcchc14
ENSNFUG00015022144,rab13
ENSNFUG00015004311,gpi
ENSNFUG00015012871,nr2f6
ENSNFUG00015005691,piezo1
ENSNFUG00015001148,acap1
ENSNFUG00015001019,zbtb33
ENSNFUG00015000650,tmem104
ENSNFUG00015010429,gabrg2
ENSNFUG00015015088,tspan14
ENSNFUG00015003253,cd79a
ENSNFUG00015006070,stil
ENSNFUG00015023790,apc2
ENSNFUG00015007257,psap
ENSNFUG00015017094,fam135b
ENSNFUG00015001740,ccdc28a
ENSNFUG00015006919,tmem74b
ENSNFUG00015010386,eapp
ENSNFUG00015015403,jph3
ENSNFUG00015011145,slit2
ENSNFUG00015008506,rpe
ENSNFUG00015022124,fryl
ENSNFUG00015009733,soga1
ENSNFUG00015021903,hyi
ENSNFUG00015004581,ano6
ENSNFUG00015009719,dpcd
ENSNFUG00015006546,erh
ENSNFUG00015025037,armc9
ENSNFUG00015018267,pdik1l
ENSNFUG00015020072,srgap2
ENSNFUG00015018558,cdh24
ENSNFUG00015023326,nkiras2
ENSNFUG00015015904,mtrr
ENSNFUG00015018897,josd1
ENSNFUG00015016382,nrf1
ENSNFUG00015024278,tet3
ENSNFUG00015021416,stard3nl
ENSNFUG00015006220,adgrb2
ENSNFUG00015004423,thtpa
ENSNFUG00015003235,map7d3
ENSNFUG00015004654,naga
ENSNFUG00015006361,asna1
ENSNFUG00015024483,map3k12
ENSNFUG00015008772,aspa
ENSNFUG00015013406,wdr89
ENSNFUG00015008131,angptl3
ENSNFUG00015006021,toe1
ENSNFUG00015017485,spdya
ENSNFUG00015024940,tcf7
ENSNFUG00015009738,gucy2c
ENSNFUG00015000313,obfc1
ENSNFUG00015010210,yipf2
ENSNFUG00015021788,ca14
ENSNFUG00015007742,tmem218
ENSNFUG00015005190,dnajc6
ENSNFUG00015012357,gpd2
ENSNFUG00015014332,dnajc10
ENSNFUG00015017090,hivep2
ENSNFUG00015003369,polr2d
ENSNFUG00015025036,cers6
ENSNFUG00015012824,ap3s1
ENSNFUG00015007167,pde4a
ENSNFUG00015009670,commd6
ENSNFUG00015000172,mia3
ENSNFUG00015009890,pcdh17
ENSNFUG00015011824,fgf7
ENSNFUG00015025212,prmt2
ENSNFUG00015021499,serinc5
ENSNFUG00015004391,dhx16
ENSNFUG00015010215,hmbox1
ENSNFUG00015007377,smox
ENSNFUG00015004170,mrpl32
ENSNFUG00015003783,dnajc25
ENSNFUG00015004932,ift27
ENSNFUG00015009054,bfsp2
ENSNFUG00015008299,mogat2
ENSNFUG00015000262,pdcd11
ENSNFUG00015007952,st6galnac4
ENSNFUG00015008740,cfap74
ENSNFUG00015013080,pdp1
ENSNFUG00015018350,hpse2
ENSNFUG00015015244,yipf3
ENSNFUG00015002821,tmem178b
ENSNFUG00015007319,abi2
ENSNFUG00015015862,bccip
ENSNFUG00015007249,phospho1
ENSNFUG00015012193,slc5a1
ENSNFUG00015009666,amph
ENSNFUG00015010638,ca12
ENSNFUG00015024089,rsrc2
ENSNFUG00015006618,ss18
ENSNFUG00015024292,ush1c
ENSNFUG00015019899,cpsf3
ENSNFUG00015001980,zdhhc17
ENSNFUG00015018846,brpf3
ENSNFUG00015016907,dnajb13
ENSNFUG00015001333,tec
ENSNFUG00015024300,agap2
ENSNFUG00015007998,c2cd2l
ENSNFUG00015005348,ncf4
ENSNFUG00015000749,chd3
ENSNFUG00015021079,tm4sf4
ENSNFUG00015025394,cachd1
ENSNFUG00015006933,smpdl3a
ENSNFUG00015014522,cdh15
ENSNFUG00015017084,loxl4
ENSNFUG00015013814,mlst8
ENSNFUG00015021816,parvg
ENSNFUG00015002220,adcy9
ENSNFUG00015009746,ipp
ENSNFUG00015006683,sncaip
ENSNFUG00015005408,myo9a
ENSNFUG00015023252,pptc7
ENSNFUG00015011771,fggy
ENSNFUG00015011934,adgrd2
ENSNFUG00015016863,fam92a1
ENSNFUG00015022468,taf3
ENSNFUG00015022460,ahcyl1
ENSNFUG00015016521,shpk
ENSNFUG00015015173,gemin4
ENSNFUG00015021510,odc1
ENSNFUG00015014052,samd13
ENSNFUG00015009455,fosb
ENSNFUG00015013433,gfod1
ENSNFUG00015009652,slc16a5
ENSNFUG00015012852,tmem108
ENSNFUG00015023260,slc25a26
ENSNFUG00015024632,rimbp2
ENSNFUG00015008844,cep104
ENSNFUG00015023352,atf2
ENSNFUG00015004766,casr
ENSNFUG00015006189,met
ENSNFUG00015020388,abhd14a
ENSNFUG00015020433,txndc9
ENSNFUG00015012308,naa40
ENSNFUG00015002135,arrb1
ENSNFUG00015000315,nek8
ENSNFUG00015025174,mob3c
ENSNFUG00015024191,slc25a18
ENSNFUG00015000256,supt5h
ENSNFUG00015020720,zfp36l1
ENSNFUG00015018075,ralgapa1
ENSNFUG00015018929,prpf18
ENSNFUG00015009162,wdr12
ENSNFUG00015024188,casd1
ENSNFUG00015014088,fam96a
ENSNFUG00015014031,ldhd
ENSNFUG00015017595,ybey
ENSNFUG00015018601,arl4d
ENSNFUG00015010835,gabra3
ENSNFUG00015014489,srd5a1
ENSNFUG00015004539,gch1
ENSNFUG00015004076,gsap
ENSNFUG00015025389,foxd3
ENSNFUG00015019420,tmem240
ENSNFUG00015014922,vkorc1l1
ENSNFUG00015008337,c2cd2
ENSNFUG00015024746,vps50
ENSNFUG00015016758,cdc45
ENSNFUG00015005333,agk
ENSNFUG00015019317,cxcl14
ENSNFUG00015006011,mmp23b
ENSNFUG00015018389,mib2
ENSNFUG00015003675,nfil3
ENSNFUG00015012924,sp2
ENSNFUG00015000120,rmi2
ENSNFUG00015012577,sh2b3
ENSNFUG00015005072,tbc1d8
ENSNFUG00015013382,smim8
ENSNFUG00015006700,wipf1
ENSNFUG00015022134,hsd17b3
ENSNFUG00015025301,ikzf2
ENSNFUG00015013709,hnrnpul1
ENSNFUG00015018755,fbxo46
ENSNFUG00015020974,cep19
ENSNFUG00015008044,fam124b
ENSNFUG00015015365,fxr1
ENSNFUG00015001400,cdk9
ENSNFUG00015022578,trim46
ENSNFUG00015009942,tmco1
ENSNFUG00015004299,gpatch1
ENSNFUG00015009546,egfr
ENSNFUG00015024700,irak4
ENSNFUG00015024563,gdap1l1
ENSNFUG00015020682,itch
ENSNFUG00015012658,tgfb3
ENSNFUG00015005107,klhl21
ENSNFUG00015013201,cd226
ENSNFUG00015021955,pum1
ENSNFUG00015010511,rnf141
ENSNFUG00015014664,eefsec
ENSNFUG00015022457,pacrg
ENSNFUG00015008536,dnai1
ENSNFUG00015005902,mettl4
ENSNFUG00015011664,jmjd4
ENSNFUG00015024325,emb
ENSNFUG00015011653,prdx5
ENSNFUG00015022811,lrrc38
ENSNFUG00015021387,c1qtnf5
ENSNFUG00015006094,llph
ENSNFUG00015001495,spry2
ENSNFUG00015018516,gpnmb
ENSNFUG00015013350,alg1
ENSNFUG00015017534,dtx1
ENSNFUG00015019193,ell
ENSNFUG00015014598,mfsd8
ENSNFUG00015011877,nubpl
ENSNFUG00015005007,fech
ENSNFUG00015011440,march7
ENSNFUG00015009415,lhfp
ENSNFUG00015005138,ntng2
ENSNFUG00015015721,nmt2
ENSNFUG00015009113,ints9
ENSNFUG00015007366,asl
ENSNFUG00015003358,tspan15
ENSNFUG00015009461,sars
ENSNFUG00015003634,synrg
ENSNFUG00015017175,cwc25
ENSNFUG00015012200,csnk1g1
ENSNFUG00015016368,wbp11
ENSNFUG00015012305,racgap1
ENSNFUG00015000720,man2a1
ENSNFUG00015013204,otud7a
ENSNFUG00015013116,znf706
ENSNFUG00015002157,tbck
ENSNFUG00015013804,bricd5
ENSNFUG00015020222,sox13
ENSNFUG00015008609,enoph1
ENSNFUG00015007148,oit3
ENSNFUG00015001385,taf12
ENSNFUG00015007950,pck1
ENSNFUG00015018814,hemk1
ENSNFUG00015014988,elp4
ENSNFUG00015000351,ocrl
ENSNFUG00015008172,spen
ENSNFUG00015010543,tmem259
ENSNFUG00015018742,six1
ENSNFUG00015009396,tnmd
ENSNFUG00015001466,sgsh
ENSNFUG00015005074,nol9
ENSNFUG00015020598,slc25a21
ENSNFUG00015024547,ubac2
ENSNFUG00015010037,tlr5
ENSNFUG00015025230,fam204a
ENSNFUG00015011536,cc2d1b
ENSNFUG00015012541,slc25a19
ENSNFUG00015000246,trmu
ENSNFUG00015022036,pip5kl1
ENSNFUG00015005851,zfyve26
ENSNFUG00015005075,hrh1
ENSNFUG00015012423,cd2bp2
ENSNFUG00015018941,sox10
ENSNFUG00015006684,zswim7
ENSNFUG00015023528,kcnd1
ENSNFUG00015004861,gba2
ENSNFUG00015010887,lipt2
ENSNFUG00015000217,popdc3
ENSNFUG00015008987,reck
ENSNFUG00015023808,reep6
ENSNFUG00015009368,rpp40
ENSNFUG00015010419,rad54l2
ENSNFUG00015012799,cct7
ENSNFUG00015007616,pc
ENSNFUG00015015546,znf512b
ENSNFUG00015021188,tmem182
ENSNFUG00015006200,p2ry11
ENSNFUG00015015991,sec61g
ENSNFUG00015003674,bax
ENSNFUG00015025401,ssx2ip
ENSNFUG00015010238,wdr70
ENSNFUG00015017301,wscd2
ENSNFUG00015022248,tbccd1
ENSNFUG00015003353,aldh2
ENSNFUG00015006820,nrsn1
ENSNFUG00015008870,march2
ENSNFUG00015012195,mab21l2
ENSNFUG00015024006,negr1
ENSNFUG00015015679,vasn
ENSNFUG00015001697,tbc1d2
ENSNFUG00015009405,prtg
ENSNFUG00015010509,eif4g1
ENSNFUG00015015704,ythdf1
ENSNFUG00015011790,mettl11b
ENSNFUG00015006381,rap2b
ENSNFUG00015007064,ralgapb
ENSNFUG00015011799,lnx1
ENSNFUG00015025058,gprc5c
ENSNFUG00015022407,zc3h18
ENSNFUG00015005849,slc6a15
ENSNFUG00015022439,snapin
ENSNFUG00015021270,rtn4ip1
ENSNFUG00015019606,hfm1
ENSNFUG00015008800,sec16b
ENSNFUG00015004358,elmod2
ENSNFUG00015001651,timmdc1
ENSNFUG00015011550,sfxn1
ENSNFUG00015011155,sphkap
ENSNFUG00015001429,mid1
ENSNFUG00015018492,mapk4
ENSNFUG00015004270,mpdz
ENSNFUG00015007095,pi4kb
ENSNFUG00015001403,cadm4
ENSNFUG00015017126,mid1ip1
ENSNFUG00015006897,ythdf3
ENSNFUG00015009976,rock1
ENSNFUG00015006827,pde12
ENSNFUG00015022483,trappc8
ENSNFUG00015012217,nt5e
ENSNFUG00015020542,arhgef12
ENSNFUG00015000045,st3gal5
ENSNFUG00015017129,xiap
ENSNFUG00015019292,rtkn
ENSNFUG00015002100,rpain
ENSNFUG00015013187,tfcp2
ENSNFUG00015013024,lztfl1
ENSNFUG00015019309,wisp1
ENSNFUG00015018438,poc5
ENSNFUG00015008297,dcaf12
ENSNFUG00015006036,ccdc22
ENSNFUG00015002298,ttc27
ENSNFUG00015016578,edem3
ENSNFUG00015010853,trpc1
ENSNFUG00015019918,fign
ENSNFUG00015011190,got1
ENSNFUG00015023725,arl6ip4
ENSNFUG00015006190,lrrc57
ENSNFUG00015013092,nrp1
ENSNFUG00015021411,slco5a1
ENSNFUG00015009819,traf3ip1
ENSNFUG00015007325,madd
ENSNFUG00015024243,ush1g
ENSNFUG00015007908,ugdh
ENSNFUG00015021946,ccdc40
ENSNFUG00015000993,rnf113a
ENSNFUG00015022121,entpd1
ENSNFUG00015015793,actr5
ENSNFUG00015013999,slc7a5
ENSNFUG00015019066,mtr
ENSNFUG00015005995,ccnd3
ENSNFUG00015020799,inip
ENSNFUG00015017415,trappc9
ENSNFUG00015004800,kif20a
ENSNFUG00015013904,nrm
ENSNFUG00015006801,elmod1
ENSNFUG00015017265,sptbn1
ENSNFUG00015008466,luc7l3
ENSNFUG00015023819,arhgef16
ENSNFUG00015001284,shisa3
ENSNFUG00015001279,adra1d
ENSNFUG00015019558,gtpbp6
ENSNFUG00015011085,pcdh20
ENSNFUG00015024416,eya4
ENSNFUG00015007853,mpg
ENSNFUG00015018938,manbal
ENSNFUG00015014970,nrde2
ENSNFUG00015013473,mfrp
ENSNFUG00015015976,ddx47
ENSNFUG00015001870,pih1d2
ENSNFUG00015025236,itgb8
ENSNFUG00015022051,pts
ENSNFUG00015004302,dnajc28
ENSNFUG00015023204,kbtbd8
ENSNFUG00015025374,spata1
ENSNFUG00015005500,aga
ENSNFUG00015008738,polr2e
ENSNFUG00015022203,ca6
ENSNFUG00015008654,ubtd2
ENSNFUG00015009611,apip
ENSNFUG00015005269,svep1
ENSNFUG00015024296,aldh8a1
ENSNFUG00015004669,gata3
ENSNFUG00015000494,mcts1
ENSNFUG00015004728,stau1
ENSNFUG00015010202,fam222a
ENSNFUG00015003616,pbx4
ENSNFUG00015021075,cbl
ENSNFUG00015007989,rfc1
ENSNFUG00015007776,lamb1
ENSNFUG00015008119,lats2
ENSNFUG00015021920,snrnp40
ENSNFUG00015009264,rab27a
ENSNFUG00015015122,cs
ENSNFUG00015012419,adar
ENSNFUG00015020678,fn1
ENSNFUG00015008678,rnf145
ENSNFUG00015025371,ctbs
ENSNFUG00015025038,herc4
ENSNFUG00015024667,cercam
ENSNFUG00015003690,emc10
ENSNFUG00015005912,supt6h
ENSNFUG00015004590,lgsn
ENSNFUG00015008642,acer3
ENSNFUG00015019934,pmvk
ENSNFUG00015010965,rnf219
ENSNFUG00015021440,rfxank
ENSNFUG00015001267,fam193b
ENSNFUG00015015405,fam167b
ENSNFUG00015011696,elac2
ENSNFUG00015006069,tc2n
ENSNFUG00015016955,khdrbs3
ENSNFUG00015023038,klhl28
ENSNFUG00015016312,ube2v2
ENSNFUG00015004050,camsap1
ENSNFUG00015005461,dab1
ENSNFUG00015011430,usp19
ENSNFUG00015007036,rab4a
ENSNFUG00015018270,tab2
ENSNFUG00015017009,adamts13
ENSNFUG00015015930,zbtb46
ENSNFUG00015012192,slc2a13
ENSNFUG00015021381,ift57
ENSNFUG00015022373,eno2
ENSNFUG00015008448,vangl1
ENSNFUG00015023758,acvr1c
ENSNFUG00015015312,clasp1
ENSNFUG00015020885,rars
ENSNFUG00015004767,kin
ENSNFUG00015014905,emilin3
ENSNFUG00015025425,prrg1
ENSNFUG00015018935,ppcs
ENSNFUG00015003286,ace2
ENSNFUG00015013294,mtcl1
ENSNFUG00015012649,lrrc1
ENSNFUG00015014538,stx12
ENSNFUG00015016458,cdc42se1
ENSNFUG00015008470,ints2
ENSNFUG00015012779,stk3
ENSNFUG00015017287,scap
ENSNFUG00015000783,edf1
ENSNFUG00015006748,il17rd
ENSNFUG00015018747,ppm1a
ENSNFUG00015006059,plek2
ENSNFUG00015009965,scoc
ENSNFUG00015004881,rbms3
ENSNFUG00015005559,dusp27
ENSNFUG00015019142,rnf5
ENSNFUG00015012001,ndufaf6
ENSNFUG00015011294,sox10
ENSNFUG00015003439,dgkd
ENSNFUG00015020240,nt5c3a
ENSNFUG00015007503,slc10a2
ENSNFUG00015012017,nagpa
ENSNFUG00015014102,pdcd2l
ENSNFUG00015017756,pnn
ENSNFUG00015013697,ppfia2
ENSNFUG00015007540,kcnv1
ENSNFUG00015024447,cdca2
ENSNFUG00015019770,kbtbd2
ENSNFUG00015012629,slitrk3
ENSNFUG00015017461,cdk19
ENSNFUG00015011166,cnnm1
ENSNFUG00015021859,ngfr
ENSNFUG00015000923,pkp4
ENSNFUG00015006611,dcx
ENSNFUG00015005164,sbf2
ENSNFUG00015020604,tmc5
ENSNFUG00015021854,csk
ENSNFUG00015013500,amacr
ENSNFUG00015003293,grpel1
ENSNFUG00015019664,tmem141
ENSNFUG00015021008,pfdn2
ENSNFUG00015013098,tiprl
ENSNFUG00015005434,trim37
ENSNFUG00015021448,nr2c2ap
ENSNFUG00015010407,usp33
ENSNFUG00015001234,kif7
ENSNFUG00015018600,tmem45a
ENSNFUG00015003609,ubxn2a
ENSNFUG00015022278,tmf1
ENSNFUG00015016919,mks1
ENSNFUG00015011723,gnb2
ENSNFUG00015005904,lrp5
ENSNFUG00015010602,llgl1
ENSNFUG00015004055,ctnnb1
ENSNFUG00015019299,kcnn4
ENSNFUG00015014399,xrn2
ENSNFUG00015020840,gprin1
ENSNFUG00015006346,plcb1
ENSNFUG00015023081,ddhd2
ENSNFUG00015013870,gle1
ENSNFUG00015006091,serpinc1
ENSNFUG00015018936,bud13
ENSNFUG00015007403,nrbp1
ENSNFUG00015018187,srp9
ENSNFUG00015001615,cnr1
ENSNFUG00015005880,scaper
ENSNFUG00015004451,slc2a13
ENSNFUG00015018420,trappc12
ENSNFUG00015003586,st13
ENSNFUG00015009550,tubgcp2
ENSNFUG00015003639,trib2
ENSNFUG00015017723,ndufb4
ENSNFUG00015017148,mfn2
ENSNFUG00015011865,mtm1
ENSNFUG00015020385,rassf1
ENSNFUG00015001242,afmid
ENSNFUG00015013466,pwwp2b
ENSNFUG00015019239,crispld2
ENSNFUG00015016870,kcns3
ENSNFUG00015010148,atp10b
ENSNFUG00015018467,cct3
ENSNFUG00015021442,ndufs5
ENSNFUG00015022679,alx3
ENSNFUG00015017272,sfrp2
ENSNFUG00015004546,mtrf1
ENSNFUG00015005935,ogn
ENSNFUG00015005067,hhat
ENSNFUG00015013354,ascc1
ENSNFUG00015005026,grm4
ENSNFUG00015000700,fhl2
ENSNFUG00015025290,tie1
ENSNFUG00015015152,cdh4
ENSNFUG00015008741,chst1
ENSNFUG00015004655,egf
ENSNFUG00015017050,rpia
ENSNFUG00015011602,ccdc13
ENSNFUG00015016046,elf2
ENSNFUG00015005624,efna2
ENSNFUG00015006314,slc6a5
ENSNFUG00015025393,ror1
ENSNFUG00015023482,fam168b
ENSNFUG00015002899,znf827
ENSNFUG00015012046,ssfa2
ENSNFUG00015007767,gucy1a3
ENSNFUG00015012312,vsig10
ENSNFUG00015012299,b3gat3
ENSNFUG00015005939,cgref1
ENSNFUG00015020534,slc25a24
ENSNFUG00015004993,lin9
ENSNFUG00015018210,plekha5
ENSNFUG00015011574,tmem187
ENSNFUG00015000499,mrps15
ENSNFUG00015023135,ndufs1
ENSNFUG00015002282,kbtbd3
ENSNFUG00015021326,vps33a
ENSNFUG00015020125,map1s
ENSNFUG00015005263,tbx1
ENSNFUG00015018642,znf750
ENSNFUG00015000851,clec16a
ENSNFUG00015010896,mdga2
ENSNFUG00015011359,sh3pxd2a
ENSNFUG00015011173,ndufs3
ENSNFUG00015003404,tsen34
ENSNFUG00015008303,map6
ENSNFUG00015008207,dock3
ENSNFUG00015015986,phf13
ENSNFUG00015012219,ppp2r5b
ENSNFUG00015020234,dctn3
ENSNFUG00015011450,hgs
ENSNFUG00015005470,znf710
ENSNFUG00015022593,jmjd1c
ENSNFUG00015023711,bicc1
ENSNFUG00015007610,kcna4
ENSNFUG00015004346,phpt1
ENSNFUG00015011936,pdgfra
ENSNFUG00015012037,cog5
ENSNFUG00015004810,tmem5
ENSNFUG00015005070,eya2
ENSNFUG00015005353,tenm1
ENSNFUG00015011313,rimbp2
ENSNFUG00015009186,rab9a
ENSNFUG00015017070,igsf11
ENSNFUG00015014251,ssbp2
ENSNFUG00015016887,rab6a
ENSNFUG00015017931,amt
ENSNFUG00015001726,vangl1
ENSNFUG00015023332,adamts9
ENSNFUG00015005205,snapc3
ENSNFUG00015006659,phkg2
ENSNFUG00015008556,ccdc9
ENSNFUG00015013095,cdh17
ENSNFUG00015022216,cdr2l
ENSNFUG00015006421,fastkd3
ENSNFUG00015003549,ikbkap
ENSNFUG00015023778,galnt13
ENSNFUG00015007731,sec62
ENSNFUG00015008580,ikzf4
ENSNFUG00015016360,klhl26
ENSNFUG00015001685,slc35a1
ENSNFUG00015018298,cfap58
ENSNFUG00015015023,poldip2
ENSNFUG00015022101,dcun1d4
ENSNFUG00015016820,gtdc1
ENSNFUG00015006444,csmd2
ENSNFUG00015020130,spg21
ENSNFUG00015006765,ganc
ENSNFUG00015016161,sema5a
ENSNFUG00015022626,polr3b
ENSNFUG00015007184,fah
ENSNFUG00015001478,neurl1b
ENSNFUG00015012246,afap1l2
ENSNFUG00015007251,tle3
ENSNFUG00015007175,rem2
ENSNFUG00015009351,arhgef4
ENSNFUG00015016471,cpeb2
ENSNFUG00015023562,hsd11b1l
ENSNFUG00015011481,ttll6
ENSNFUG00015014224,socs6
ENSNFUG00015020663,dgka
ENSNFUG00015022997,tfip11
ENSNFUG00015010141,gemin7
ENSNFUG00015015846,mdm4
ENSNFUG00015021426,clptm1l
ENSNFUG00015022122,dap3
ENSNFUG00015016251,sema6b
ENSNFUG00015022014,lrrc40
ENSNFUG00015020287,pfkfb2
ENSNFUG00015014267,dhx8
ENSNFUG00015013841,ireb2
ENSNFUG00015022361,klhl15
ENSNFUG00015022458,col14a1
ENSNFUG00015002626,fzd2
ENSNFUG00015002332,kiaa2022
ENSNFUG00015016662,itprip
ENSNFUG00015012038,olfml2a
ENSNFUG00015012584,prr16
ENSNFUG00015022112,samd11
ENSNFUG00015018536,pus10
ENSNFUG00015016555,snx24
ENSNFUG00015010476,egln1
ENSNFUG00015004960,atp1b1
ENSNFUG00015008334,clul1
ENSNFUG00015011122,tmem186
ENSNFUG00015001934,nkx3-2
ENSNFUG00015014807,tyw5
ENSNFUG00015012630,ttll5
ENSNFUG00015020382,armc10
ENSNFUG00015006715,snx2
ENSNFUG00015001712,acer2
ENSNFUG00015017410,rarg
ENSNFUG00015005505,ccdc53
ENSNFUG00015012710,ifrd1
ENSNFUG00015020790,stx16
ENSNFUG00015016727,sh3bgr
ENSNFUG00015021612,slc30a6
ENSNFUG00015016902,grina
ENSNFUG00015004246,ss18l2
ENSNFUG00015001827,gstk1
ENSNFUG00015017289,asb7
ENSNFUG00015016400,samd14
ENSNFUG00015000289,inpp5a
ENSNFUG00015011754,rhbdf2
ENSNFUG00015020832,tsfm
ENSNFUG00015020320,slc6a14
ENSNFUG00015015248,dsel
ENSNFUG00015003217,cdkl5
ENSNFUG00015008782,adamts6
ENSNFUG00015011387,snx9
ENSNFUG00015017567,lrfn2
ENSNFUG00015023973,tmem107
ENSNFUG00015022393,aars
ENSNFUG00015011870,mcoln1
ENSNFUG00015023742,hapln4
ENSNFUG00015009386,riok1
ENSNFUG00015011629,lsm8
ENSNFUG00015012101,cby1
ENSNFUG00015005235,krt222
ENSNFUG00015002514,itm2a
ENSNFUG00015017700,trim36
ENSNFUG00015007416,shq1
ENSNFUG00015004727,faxc
ENSNFUG00015007750,gpr158
ENSNFUG00015017194,arhgap22
ENSNFUG00015019481,trim33
ENSNFUG00015015398,tmcc3
ENSNFUG00015023866,espn
ENSNFUG00015024134,mlxip
ENSNFUG00015004490,pck2
ENSNFUG00015009477,map3k10
ENSNFUG00015000702,ankrd49
ENSNFUG00015018374,abhd14b
ENSNFUG00015013659,atp13a3
ENSNFUG00015007037,lgmn
ENSNFUG00015014273,pskh1
ENSNFUG00015012428,lin28b
ENSNFUG00015009796,serpine3
ENSNFUG00015018168,dennd1b
ENSNFUG00015018875,epn2
ENSNFUG00015005066,smg5
ENSNFUG00015024259,figla
ENSNFUG00015024490,pitx1
ENSNFUG00015006581,aqp4
ENSNFUG00015018721,adap2
ENSNFUG00015003545,bag2
ENSNFUG00015016311,coq9
ENSNFUG00015020395,tmco3
ENSNFUG00015017006,gng2
ENSNFUG00015010980,srcap
ENSNFUG00015022382,cbr4
ENSNFUG00015004843,azi2
ENSNFUG00015017454,pdhx
ENSNFUG00015012118,nme5
ENSNFUG00015006302,nln
ENSNFUG00015023530,dhx15
ENSNFUG00015022982,cirbp
ENSNFUG00015021004,cdc123
ENSNFUG00015000055,aff2
ENSNFUG00015012103,hmox1
ENSNFUG00015020150,myom3
ENSNFUG00015016749,ube3a
ENSNFUG00015024758,cdk6
ENSNFUG00015018299,rabgap1l
ENSNFUG00015004828,dynlt3
ENSNFUG00015011600,ccnyl1
ENSNFUG00015017150,ano8
ENSNFUG00015022601,rfx4
ENSNFUG00015020405,lonp1
ENSNFUG00015018242,gmeb1
ENSNFUG00015009823,greb1l
ENSNFUG00015003386,top3a
ENSNFUG00015006161,tes
ENSNFUG00015022033,noc2l
ENSNFUG00015017155,gck
ENSNFUG00015013629,lin37
ENSNFUG00015000420,ubr2
ENSNFUG00015006064,chrdl2
ENSNFUG00015012161,bad
ENSNFUG00015017981,sgpp2
ENSNFUG00015001890,dync2li1
ENSNFUG00015002973,aars2
ENSNFUG00015003262,ntmt1
ENSNFUG00015012835,rasl11b
ENSNFUG00015013698,znf516
ENSNFUG00015023195,creb3l1
ENSNFUG00015018348,xylt1
ENSNFUG00015025459,cers1
ENSNFUG00015009820,hecw1
ENSNFUG00015021121,zdhhc22
ENSNFUG00015005431,ankrd44
ENSNFUG00015023462,nsmaf
ENSNFUG00015003162,mis12
ENSNFUG00015018138,clock
ENSNFUG00015014343,kif3b
ENSNFUG00015009500,sept6
ENSNFUG00015006490,eps8l2
ENSNFUG00015008859,puf60
ENSNFUG00015013343,itfg1
ENSNFUG00015024196,rfesd
ENSNFUG00015024944,exosc10
ENSNFUG00015001312,tmc6
ENSNFUG00015021841,ttc28
ENSNFUG00015006345,tom1
ENSNFUG00015014534,zbtb1
ENSNFUG00015016193,srd5a2
ENSNFUG00015002919,thnsl2
ENSNFUG00015008502,dhdh
ENSNFUG00015003710,spo11
ENSNFUG00015022083,elk3
ENSNFUG00015021833,fastkd2
ENSNFUG00015006303,slc39a10
ENSNFUG00015022663,pdf
ENSNFUG00015005964,dgcr8
ENSNFUG00015002376,gapdh
ENSNFUG00015022447,commd2
ENSNFUG00015010312,rsad2
ENSNFUG00015019364,fam195b
ENSNFUG00015009539,slc7a6
ENSNFUG00015001220,arhgap18
ENSNFUG00015016432,ggcx
ENSNFUG00015002432,pdgfrl
ENSNFUG00015016886,pcsk2
ENSNFUG00015024576,mtmr9
ENSNFUG00015025057,ephb3
ENSNFUG00015022438,cmip
ENSNFUG00015018676,slc5a2
ENSNFUG00015023109,asns
ENSNFUG00015003359,bud31
ENSNFUG00015007239,mrps6
ENSNFUG00015017426,kri1
ENSNFUG00015009905,tcf12
ENSNFUG00015024389,gorasp2
ENSNFUG00015021625,slc38a7
ENSNFUG00015018568,fahd1
ENSNFUG00015012664,xrcc1
ENSNFUG00015017339,rbm22
ENSNFUG00015013297,serpini1
ENSNFUG00015003231,scml2
ENSNFUG00015003630,klhl29
ENSNFUG00015019177,mrpl35
ENSNFUG00015005288,gnb1l
ENSNFUG00015016188,mkks
ENSNFUG00015023002,rarg
ENSNFUG00015020255,lxn
ENSNFUG00015017390,fgfr2
ENSNFUG00015018831,wdr82
ENSNFUG00015023832,sap30bp
ENSNFUG00015006318,polr3e
ENSNFUG00015010205,crls1
ENSNFUG00015008834,akap10
ENSNFUG00015006283,grk4
ENSNFUG00015024503,pigt
ENSNFUG00015016974,casc3
ENSNFUG00015003332,wdr91
ENSNFUG00015003904,sstr2
ENSNFUG00015019252,zfhx3
ENSNFUG00015000195,nkx6-2
ENSNFUG00015002585,tmtc2
ENSNFUG00015013687,lmf1
ENSNFUG00015007438,nsl1
ENSNFUG00015007779,sec22a
ENSNFUG00015012897,sbspon
ENSNFUG00015019107,mras
ENSNFUG00015014072,casz1
ENSNFUG00015008030,bcar1
ENSNFUG00015020758,gjd4
ENSNFUG00015002746,ech1
ENSNFUG00015024602,wdr31
ENSNFUG00015015784,stat4
ENSNFUG00015005972,ippk
ENSNFUG00015003692,pam
ENSNFUG00015007754,pax5
ENSNFUG00015007553,lyrm1
ENSNFUG00015012703,gcc2
ENSNFUG00015021670,adk
ENSNFUG00015016958,frmd6
ENSNFUG00015022921,lbh
ENSNFUG00015007118,nckipsd
ENSNFUG00015008883,rnf19a
ENSNFUG00015020536,kpna6
ENSNFUG00015023159,khdrbs2
ENSNFUG00015020960,efr3a
ENSNFUG00015022297,lmnb2
ENSNFUG00015012080,itga4
ENSNFUG00015020711,wfikkn1
ENSNFUG00015017619,slc35g1
ENSNFUG00015004255,gpr75
ENSNFUG00015024610,agbl4
ENSNFUG00015023401,riok3
ENSNFUG00015010195,adck5
ENSNFUG00015001822,camsap3
ENSNFUG00015025255,akap17a
ENSNFUG00015011333,ngly1
ENSNFUG00015006339,cpsf3l
ENSNFUG00015001001,smyd5
ENSNFUG00015010128,fbxl17
ENSNFUG00015019038,exosc2
ENSNFUG00015007843,ralyl
ENSNFUG00015022325,wasf2
ENSNFUG00015022900,cyth3
ENSNFUG00015021195,ntf3
ENSNFUG00015020976,pigx
ENSNFUG00015001077,maneal
ENSNFUG00015017291,senp7
ENSNFUG00015007123,vwa1
ENSNFUG00015010024,steap2
ENSNFUG00015023822,ppp1r9a
ENSNFUG00015016461,wdr45b
ENSNFUG00015000265,zranb3
ENSNFUG00015021306,arpin
ENSNFUG00015022943,st7l
ENSNFUG00015015912,fam20a
ENSNFUG00015000930,fam117a
ENSNFUG00015012014,cwc22
ENSNFUG00015023585,draxin
ENSNFUG00015008064,pla1a
ENSNFUG00015023753,trhde
ENSNFUG00015019081,jmjd7
ENSNFUG00015012675,trps1
ENSNFUG00015013398,syt16
ENSNFUG00015002512,nudt6
ENSNFUG00015003128,frem3
ENSNFUG00015023087,svil
ENSNFUG00015021913,tmcc1
ENSNFUG00015022151,slc10a4
ENSNFUG00015017903,gtf3c6
ENSNFUG00015015499,usp28
ENSNFUG00015006029,tmtc2
ENSNFUG00015015560,nkiras1
ENSNFUG00015017516,mcee
ENSNFUG00015008170,cnksr1
ENSNFUG00015015580,actr8
ENSNFUG00015022052,rpgrip1l
ENSNFUG00015025198,fam126b
ENSNFUG00015025173,trpm2
ENSNFUG00015001886,mtif3
ENSNFUG00015002359,abcb7
ENSNFUG00015011708,best3
ENSNFUG00015022280,krit1
ENSNFUG00015011802,nudt3
ENSNFUG00015001097,smpdl3b
ENSNFUG00015023899,acot7
ENSNFUG00015002429,retsat
ENSNFUG00015005161,gpr17
ENSNFUG00015015210,rims2
ENSNFUG00015007535,gpr156
ENSNFUG00015002000,rnf130
ENSNFUG00015001280,slc46a1
ENSNFUG00015010546,osgin2
ENSNFUG00015020232,zswim6
ENSNFUG00015019172,smarcd2
ENSNFUG00015020498,prdm10
ENSNFUG00015003830,acadl
ENSNFUG00015020665,snx30
ENSNFUG00015020119,ccdc94
ENSNFUG00015012971,slc13a1
ENSNFUG00015009198,mib1
ENSNFUG00015015230,dio1
ENSNFUG00015003778,tppp3
ENSNFUG00015024515,hdac4
ENSNFUG00015018404,endov
ENSNFUG00015020512,tatdn1
ENSNFUG00015005981,dynlrb1
ENSNFUG00015017535,dnm1
ENSNFUG00015025247,sfxn4
ENSNFUG00015022543,rad51d
ENSNFUG00015020837,tmem65
ENSNFUG00015005081,bbs4
ENSNFUG00015015836,adrm1
ENSNFUG00015001806,slc38a9
ENSNFUG00015022143,ttc8
ENSNFUG00015006598,lox
ENSNFUG00015008205,tmem234
ENSNFUG00015002529,prepl
ENSNFUG00015009086,slc39a3
ENSNFUG00015022238,pdlim4
ENSNFUG00015006515,bcl7a
ENSNFUG00015014640,vps52
ENSNFUG00015018749,dhrs7
ENSNFUG00015013193,dok6
ENSNFUG00015013301,mbtps2
ENSNFUG00015016894,nek1
ENSNFUG00015014672,ttll7
ENSNFUG00015014380,klhl7
ENSNFUG00015024277,zbtb39
ENSNFUG00015024304,secisbp2
ENSNFUG00015017044,atrx
ENSNFUG00015007268,zbtb5
ENSNFUG00015011920,ppp1r14b
ENSNFUG00015010940,strn4
ENSNFUG00015007183,med4
ENSNFUG00015020203,rspo1
ENSNFUG00015019313,fam206a
ENSNFUG00015007917,cast
ENSNFUG00015001756,dlg3
ENSNFUG00015001404,tmem203
ENSNFUG00015008151,cpsf6
ENSNFUG00015002882,cdc42bpb
ENSNFUG00015008437,bin3
ENSNFUG00015006408,lct
ENSNFUG00015004344,ucp1
ENSNFUG00015025065,atf6
ENSNFUG00015000584,fnta
ENSNFUG00015023603,snx21
ENSNFUG00015017145,fhdc1
ENSNFUG00015022055,dpm2
ENSNFUG00015016039,dpp10
ENSNFUG00015012719,prkd2
ENSNFUG00015000126,ids
ENSNFUG00015009828,mns1
ENSNFUG00015002181,p2ry4
ENSNFUG00015024675,gemin8
ENSNFUG00015004823,bcl2l13
ENSNFUG00015020572,usp31
ENSNFUG00015025030,nostrin
ENSNFUG00015016033,fgf14
ENSNFUG00015006181,kmt2e
ENSNFUG00015010216,rbm26
ENSNFUG00015004647,pacsin3
ENSNFUG00015008163,klhl5
ENSNFUG00015015568,prpf38a
ENSNFUG00015011094,snap25
ENSNFUG00015010023,znf131
ENSNFUG00015020995,cetp
ENSNFUG00015001892,rfx6
ENSNFUG00015023939,adamts5
ENSNFUG00015024020,metap1d
ENSNFUG00015023446,ndufs7
ENSNFUG00015001139,clstn3
ENSNFUG00015022490,spats2
ENSNFUG00015004398,ngdn
ENSNFUG00015009199,prkrip1
ENSNFUG00015021734,xkr7
ENSNFUG00015007572,chuk
ENSNFUG00015020346,lamp1
ENSNFUG00015007445,atf3
ENSNFUG00015010869,fkbp3
ENSNFUG00015004715,tmem63a
ENSNFUG00015013035,crlf3
ENSNFUG00015025152,mknk1
ENSNFUG00015017195,slc12a8
ENSNFUG00015001149,mrps10
ENSNFUG00015006052,trmt2a
ENSNFUG00015007995,sema5b
ENSNFUG00015008342,ch25h
ENSNFUG00015016712,usp45
ENSNFUG00015011515,zc4h2
ENSNFUG00015024893,chst15
ENSNFUG00015012891,ndufa5
ENSNFUG00015007203,nek5
ENSNFUG00015020079,bcl11b
ENSNFUG00015000807,klf4
ENSNFUG00015010646,dcst1
ENSNFUG00015013097,eps8
ENSNFUG00015009261,rcbtb2
ENSNFUG00015019721,clstn2
ENSNFUG00015014469,mrgbp
ENSNFUG00015021768,jund
ENSNFUG00015013003,vash1
ENSNFUG00015023231,vps54
ENSNFUG00015001893,hspbp1
ENSNFUG00015018823,rtn1
ENSNFUG00015016086,mkln1
ENSNFUG00015018008,gabrg1
ENSNFUG00015021942,trim32
ENSNFUG00015015360,gmcl1
ENSNFUG00015013385,p2rx7
ENSNFUG00015012420,plxna1
ENSNFUG00015003451,st8sia5
ENSNFUG00015008102,noc3l
ENSNFUG00015001231,cerk
ENSNFUG00015025170,frk
ENSNFUG00015018870,marveld3
ENSNFUG00015020624,sys1
ENSNFUG00015002621,rint1
ENSNFUG00015024108,omg
ENSNFUG00015000110,ubfd1
ENSNFUG00015000738,dzip1
ENSNFUG00015015594,kctd14
ENSNFUG00015011844,ano1
ENSNFUG00015008992,r3hdm4
ENSNFUG00015022898,fam212b
ENSNFUG00015010894,purb
ENSNFUG00015008986,gal3st1
ENSNFUG00015025472,sin3b
ENSNFUG00015017472,ist1
ENSNFUG00015006830,atp2b2
ENSNFUG00015019400,kcnj11
ENSNFUG00015016405,gtf2b
ENSNFUG00015003912,pla2g12a
ENSNFUG00015017611,atp10d
ENSNFUG00015005584,slc6a17
ENSNFUG00015024572,mterf2
ENSNFUG00015010191,ecel1
ENSNFUG00015003389,enpp5
ENSNFUG00015002348,asb16
ENSNFUG00015005187,ccr7
ENSNFUG00015011988,znf385b
ENSNFUG00015005677,rab11fip3
ENSNFUG00015008367,arl4c
ENSNFUG00015007159,mcu
ENSNFUG00015003958,lamtor1
ENSNFUG00015001852,fam101b
ENSNFUG00015007400,eif4e3
ENSNFUG00015000503,haao
ENSNFUG00015021531,tmem8b
ENSNFUG00015013751,chst12
ENSNFUG00015003277,plekhh3
ENSNFUG00015005131,syt3
ENSNFUG00015020410,ankrd29
ENSNFUG00015011963,mrpl21
ENSNFUG00015015933,cct5
ENSNFUG00015015928,fbln1
ENSNFUG00015007627,lysmd2
ENSNFUG00015024991,nr5a2
ENSNFUG00015022313,adat1
ENSNFUG00015021476,upf1
ENSNFUG00015024224,kras
ENSNFUG00015011986,secisbp2l
ENSNFUG00015023457,arid3a
ENSNFUG00015004927,anp32b
ENSNFUG00015002787,med17
ENSNFUG00015002362,mrpl48
ENSNFUG00015024406,stac2
ENSNFUG00015018617,rai2
ENSNFUG00015006874,lrch1
ENSNFUG00015014288,alkbh6
ENSNFUG00015008673,lin54
ENSNFUG00015008989,slc50a1
ENSNFUG00015019890,elp2
ENSNFUG00015017834,slc39a13
ENSNFUG00015018611,dgke
ENSNFUG00015007315,fam131c
ENSNFUG00015007724,ccbl1
ENSNFUG00015016980,wdr75
ENSNFUG00015015782,agtpbp1
ENSNFUG00015005056,med25
ENSNFUG00015006068,mipol1
ENSNFUG00015001719,txn2
ENSNFUG00015011139,klhdc3
ENSNFUG00015020131,mycbp
ENSNFUG00015020360,rad52
ENSNFUG00015005069,cntn5
ENSNFUG00015004873,bmp2k
ENSNFUG00015001069,yrdc
ENSNFUG00015016476,dach1
ENSNFUG00015015465,fam177a1
ENSNFUG00015007281,galnt9
ENSNFUG00015015765,tspan33
ENSNFUG00015025206,rbbp5
ENSNFUG00015012132,plpp6
ENSNFUG00015021214,cacna1d
ENSNFUG00015000309,fat2
ENSNFUG00015025312,ebna1bp2
ENSNFUG00015025254,sowahc
ENSNFUG00015013812,tctn1
ENSNFUG00015007961,fam73b
ENSNFUG00015008148,med24
ENSNFUG00015016844,herpud2
ENSNFUG00015005422,cacng1
ENSNFUG00015024556,ttll9
ENSNFUG00015000486,c1galt1c1
ENSNFUG00015024961,c1qbp
ENSNFUG00015003665,gpatch8
ENSNFUG00015014016,cttn
ENSNFUG00015008366,sall2
ENSNFUG00015008865,blzf1
ENSNFUG00015009919,chd2
ENSNFUG00015020406,fyttd1
ENSNFUG00015018217,elmod3
ENSNFUG00015006947,esd
ENSNFUG00015011041,mgat2
ENSNFUG00015004827,rgp1
ENSNFUG00015000416,tlcd1
ENSNFUG00015019917,tfeb
ENSNFUG00015020863,tyr
ENSNFUG00015003878,idh3a
ENSNFUG00015020475,atp5sl
ENSNFUG00015005818,vti1b
ENSNFUG00015002292,alkbh8
ENSNFUG00015020057,pole4
ENSNFUG00015002534,camkmt
ENSNFUG00015019297,nit2
ENSNFUG00015005683,dnah5
ENSNFUG00015008455,znf503
ENSNFUG00015009597,kctd2
ENSNFUG00015001365,aspscr1
ENSNFUG00015021295,cmtr2
ENSNFUG00015019442,mblac2
ENSNFUG00015013188,ism1
ENSNFUG00015021511,shmt2
ENSNFUG00015002517,gucy1a2
ENSNFUG00015015861,arsg
ENSNFUG00015024017,ptger3
ENSNFUG00015004392,ccdc127
ENSNFUG00015024330,mrps30
ENSNFUG00015017457,dhodh
ENSNFUG00015022272,atp5f1
ENSNFUG00015017681,tmed6
ENSNFUG00015021604,guca1b
ENSNFUG00015002991,hhip
ENSNFUG00015021559,pigc
ENSNFUG00015006005,pik3r1
ENSNFUG00015002113,foxf1
ENSNFUG00015010013,plag1
ENSNFUG00015004841,fbxl16
ENSNFUG00015024631,hps5
ENSNFUG00015015746,eral1
ENSNFUG00015024270,ccdc92
ENSNFUG00015017217,farsb
ENSNFUG00015013922,tom1l2
ENSNFUG00015014248,ormdl1
ENSNFUG00015017616,fem1c
ENSNFUG00015023663,rabl3
ENSNFUG00015014120,zbtb10
ENSNFUG00015008645,fastk
ENSNFUG00015017738,synj1
ENSNFUG00015018578,bag6
ENSNFUG00015020128,rhbdl2
ENSNFUG00015004532,cnot10
ENSNFUG00015023217,anapc7
ENSNFUG00015005015,helz
ENSNFUG00015019438,ensa
ENSNFUG00015020008,msl2
ENSNFUG00015004308,scyl2
ENSNFUG00015020953,plekhb2
ENSNFUG00015024870,prickle2
ENSNFUG00015021455,nxph4
ENSNFUG00015000443,sparc
ENSNFUG00015010508,mgat4c
ENSNFUG00015020888,col9a1
ENSNFUG00015025405,clcc1
ENSNFUG00015011833,nmnat2
ENSNFUG00015002814,znf574
ENSNFUG00015019346,pik3ip1
ENSNFUG00015023706,nxph2
ENSNFUG00015023236,lingo2
ENSNFUG00015019889,elk3
ENSNFUG00015011773,stx17
ENSNFUG00015023922,rilpl2
ENSNFUG00015020622,tceanc2
ENSNFUG00015020843,sncb
ENSNFUG00015010250,rbl1
ENSNFUG00015022640,vps9d1
ENSNFUG00015018563,kcnk3
ENSNFUG00015022379,lrrc31
ENSNFUG00015008911,mif
ENSNFUG00015004487,xab2
ENSNFUG00015006755,rrp15
ENSNFUG00015007951,gdap2
ENSNFUG00015012917,pdxp
ENSNFUG00015017370,hmgxb4
ENSNFUG00015016464,mllt11
ENSNFUG00015005399,gramd3
ENSNFUG00015004620,pitx2
ENSNFUG00015008150,prkcz
ENSNFUG00015020636,dnajc14
ENSNFUG00015018328,gorab
ENSNFUG00015016582,slc25a32
ENSNFUG00015022013,klhl17
ENSNFUG00015017584,dapp1
ENSNFUG00015016856,fam110d
ENSNFUG00015023759,dars
ENSNFUG00015015680,ptprn2
ENSNFUG00015018812,rheb
ENSNFUG00015009433,smndc1
ENSNFUG00015002781,ttc13
ENSNFUG00015021071,lpcat2
ENSNFUG00015017671,sf3a1
ENSNFUG00015003299,tubg1
ENSNFUG00015025257,asmt
ENSNFUG00015005005,ntrk1
ENSNFUG00015012176,shc1
ENSNFUG00015021532,tspan12
ENSNFUG00015004395,herc3
ENSNFUG00015015353,rpap3
ENSNFUG00015001040,xkrx
ENSNFUG00015016145,pcgf2
ENSNFUG00015022450,ndufa11
ENSNFUG00015022410,smad3
ENSNFUG00015001526,atp6v0c
ENSNFUG00015006210,slc16a3
ENSNFUG00015012260,klhdc8a
ENSNFUG00015022952,ptf1a
ENSNFUG00015006311,mbnl1
ENSNFUG00015007977,wdr3
ENSNFUG00015005711,ift80
ENSNFUG00015023033,srrd
ENSNFUG00015020400,rp9
ENSNFUG00015006950,hdac4
ENSNFUG00015012937,pgrmc1
ENSNFUG00015005035,ccdc88b
ENSNFUG00015008001,dab2
ENSNFUG00015017992,slco4a1
ENSNFUG00015012489,kcnmb4
ENSNFUG00015017644,fjx1
ENSNFUG00015020612,npc1
ENSNFUG00015004100,tcf4
ENSNFUG00015004609,lamtor2
ENSNFUG00015019183,reep1
ENSNFUG00015001657,phax
ENSNFUG00015022353,apoo
ENSNFUG00015020071,xylt1
ENSNFUG00015024884,ikzf5
ENSNFUG00015022088,spata18
ENSNFUG00015017705,lpgat1
ENSNFUG00015002718,vipas39
ENSNFUG00015011880,fam69c
ENSNFUG00015012668,ift43
ENSNFUG00015020726,kcnb1
ENSNFUG00015019300,myt1l
ENSNFUG00015003486,stk16
ENSNFUG00015005510,pxmp4
ENSNFUG00015017278,chmp1b
ENSNFUG00015004774,kcnb1
ENSNFUG00015010518,skida1
ENSNFUG00015017279,exoc1
ENSNFUG00015001402,wrap53
ENSNFUG00015001582,tmem184c
ENSNFUG00015011580,wtap
ENSNFUG00015016106,cass4
ENSNFUG00015011860,cops2
ENSNFUG00015021438,borcs8
ENSNFUG00015002279,dph1
ENSNFUG00015021479,txlna
ENSNFUG00015003355,efemp1
ENSNFUG00015015814,cabin1
ENSNFUG00015004677,sv2a
ENSNFUG00015011545,mff
ENSNFUG00015016915,tmem38a
ENSNFUG00015024444,wdr92
ENSNFUG00015005451,nod2
ENSNFUG00015015787,ptpn1
ENSNFUG00015011033,unc119b
ENSNFUG00015023144,ttbk1
ENSNFUG00015002844,spr
ENSNFUG00015013589,alox5ap
ENSNFUG00015021040,pxylp1
ENSNFUG00015003259,ndfip1
ENSNFUG00015024379,yaf2
ENSNFUG00015010990,adamtsl1
ENSNFUG00015011451,sh3pxd2b
ENSNFUG00015023786,hbs1l
ENSNFUG00015004412,dennd4a
ENSNFUG00015020575,ttpal
ENSNFUG00015003993,ppp4r4
ENSNFUG00015004901,nvl
ENSNFUG00015010068,stoml1
ENSNFUG00015002059,phf23
ENSNFUG00015001873,stard10
ENSNFUG00015016867,pafah1b2
ENSNFUG00015004673,glg1
ENSNFUG00015011426,snf8
ENSNFUG00015014001,tfpt
ENSNFUG00015007028,galnt14
ENSNFUG00015017610,bre
ENSNFUG00015007684,rnf181
ENSNFUG00015003920,kcmf1
ENSNFUG00015009708,poll
ENSNFUG00015023042,sntg2
ENSNFUG00015016776,accs
ENSNFUG00015022042,rnf115
ENSNFUG00015015783,alg8
ENSNFUG00015016676,degs2
ENSNFUG00015020289,wdr54
ENSNFUG00015002874,elof1
ENSNFUG00015014361,chrnd
ENSNFUG00015008025,ap3b2
ENSNFUG00015018131,mon2
ENSNFUG00015007993,slc39a1
ENSNFUG00015017011,tmem120a
ENSNFUG00015006232,htatip2
ENSNFUG00015009066,polr1c
ENSNFUG00015010912,fam20b
ENSNFUG00015024897,qars
ENSNFUG00015006805,kbtbd4
ENSNFUG00015017695,myl7
ENSNFUG00015023216,mrpl18
ENSNFUG00015019879,otub2
ENSNFUG00015018407,slc25a28
ENSNFUG00015002756,pgap2
ENSNFUG00015014858,slc5a10
ENSNFUG00015005038,tmlhe
ENSNFUG00015019266,dhx38
ENSNFUG00015012386,ptprr
ENSNFUG00015024779,bbs5
ENSNFUG00015019504,dse
ENSNFUG00015003633,tbc1d9
ENSNFUG00015002283,acads
ENSNFUG00015002448,ftl
ENSNFUG00015014526,znrf1
ENSNFUG00015005610,sgcz
ENSNFUG00015000733,ube2d2
ENSNFUG00015009236,b3galt6
ENSNFUG00015012251,dvl2
ENSNFUG00015023518,arl2bp
ENSNFUG00015010052,eri1
ENSNFUG00015005120,inpp5d
ENSNFUG00015021668,hexdc
ENSNFUG00015017049,nudcd1
ENSNFUG00015018391,adora2a
ENSNFUG00015021436,ern1
ENSNFUG00015024629,gclm
ENSNFUG00015010027,slco5a1
ENSNFUG00015023999,zfp64
ENSNFUG00015017377,mfsd5
ENSNFUG00015022938,nsun5
ENSNFUG00015011846,abat
ENSNFUG00015008089,popdc2
ENSNFUG00015016699,notch2
ENSNFUG00015004565,hip1r
ENSNFUG00015004612,faah2
ENSNFUG00015022237,rho
ENSNFUG00015013230,bnip2
ENSNFUG00015004870,cbln4
ENSNFUG00015005454,lepr
ENSNFUG00015013326,mettl9
ENSNFUG00015011765,axl
ENSNFUG00015006610,ndufa2
ENSNFUG00015015768,ube2z
ENSNFUG00015011987,plekhf2
ENSNFUG00015001368,map1lc3c
ENSNFUG00015009326,osr2
ENSNFUG00015000938,inpp5b
ENSNFUG00015007718,vps33b
ENSNFUG00015010246,dhps
ENSNFUG00015006939,qrich1
ENSNFUG00015019968,p4ha2
ENSNFUG00015003869,vldlr
ENSNFUG00015009026,akap11
ENSNFUG00015011456,abcc10
ENSNFUG00015025150,dnajc12
ENSNFUG00015024695,pappa2
ENSNFUG00015022689,lamtor5
ENSNFUG00015002979,ccar1
ENSNFUG00015001185,rxfp1
ENSNFUG00015024877,agt
ENSNFUG00015003785,zdhhc1
ENSNFUG00015021700,lin7b
ENSNFUG00015020811,rnf185
ENSNFUG00015015184,ttc7b
ENSNFUG00015022360,il34
ENSNFUG00015023643,rcor3
ENSNFUG00015002809,arl9
ENSNFUG00015005220,ptcd2
ENSNFUG00015021053,sgcd
ENSNFUG00015002260,trmt1
ENSNFUG00015014974,rab3gap1
ENSNFUG00015004726,ube2b
ENSNFUG00015013774,afap1
ENSNFUG00015010797,dusp5
ENSNFUG00015023016,cplx3
ENSNFUG00015003896,nmbr
ENSNFUG00015023947,atp8b4
ENSNFUG00015006000,nuak2
ENSNFUG00015004659,arfgap3
ENSNFUG00015017770,rhbdd2
ENSNFUG00015004638,kif21a
ENSNFUG00015008680,kiaa0430
ENSNFUG00015012951,pi4k2a
ENSNFUG00015023601,polrmt
ENSNFUG00015009115,trappc1
ENSNFUG00015012478,pgk1
ENSNFUG00015020574,mbip
ENSNFUG00015010255,snrnp25
ENSNFUG00015020135,rragc
ENSNFUG00015000782,zc3h14
ENSNFUG00015022465,dock1
ENSNFUG00015006193,pgs1
ENSNFUG00015014092,tpd52
ENSNFUG00015006992,mgme1
ENSNFUG00015024782,lsm12
ENSNFUG00015011036,atp7a
ENSNFUG00015021929,nptx1
ENSNFUG00015024180,sigirr
ENSNFUG00015020721,gpr158
ENSNFUG00015005608,mxra7
ENSNFUG00015007313,hdac8
ENSNFUG00015011305,polr2f
ENSNFUG00015007528,farp2
ENSNFUG00015008132,akap11
ENSNFUG00015012231,atp5s
ENSNFUG00015020174,cers4
ENSNFUG00015012851,cep78
ENSNFUG00015007365,mgmt
ENSNFUG00015007021,prr18
ENSNFUG00015018808,nprl2
ENSNFUG00015018377,fam189a1
ENSNFUG00015019935,ubr1
ENSNFUG00015015217,ubxn4
ENSNFUG00015021504,mccc2
ENSNFUG00015013966,gnaz
ENSNFUG00015000628,adcy7
ENSNFUG00015022019,chac2
ENSNFUG00015011997,rai14
ENSNFUG00015014099,sh3rf1
ENSNFUG00015011868,pycr1
ENSNFUG00015003798,hsd11b2
ENSNFUG00015022969,gatad2a
ENSNFUG00015005169,fbxo28
ENSNFUG00015015748,per3
ENSNFUG00015001258,sarm1
ENSNFUG00015021103,tmem127
ENSNFUG00015016459,plxna4
ENSNFUG00015024361,mok
ENSNFUG00015024504,arhgap10
ENSNFUG00015012862,atg4b
ENSNFUG00015025334,ttyh2
ENSNFUG00015018264,kcnh8
ENSNFUG00015017465,wdr43
ENSNFUG00015025453,myo9b
ENSNFUG00015004668,tirap
ENSNFUG00015014250,wnt16
ENSNFUG00015022832,tep1
ENSNFUG00015011965,cystm1
ENSNFUG00015003813,tmem242
ENSNFUG00015021996,clip2
ENSNFUG00015005037,grm8
ENSNFUG00015015355,smpd3
ENSNFUG00015025118,bag3
ENSNFUG00015009877,pcdh8
ENSNFUG00015023173,irf5
ENSNFUG00015011254,cyth2
ENSNFUG00015002873,styx
ENSNFUG00015023387,adam12
ENSNFUG00015009346,kcns2
ENSNFUG00015012477,mag
ENSNFUG00015007703,tjp3
ENSNFUG00015022706,nfrkb
ENSNFUG00015009204,spen
ENSNFUG00015019850,nde1
ENSNFUG00015008703,mapk8ip1
ENSNFUG00015024820,cpne9
ENSNFUG00015000741,eif2b4
ENSNFUG00015014144,alkbh2
ENSNFUG00015010550,sipa1l2
ENSNFUG00015004029,tmem251
ENSNFUG00015023442,sms
ENSNFUG00015002764,gadd45gip1
ENSNFUG00015020909,map4k4
ENSNFUG00015000481,fktn
ENSNFUG00015002158,chga
ENSNFUG00015016704,tpp1
ENSNFUG00015010303,cmpk2
ENSNFUG00015012096,col6a2
ENSNFUG00015018523,sfrp5
ENSNFUG00015011610,atp5o
ENSNFUG00015018709,gng10
ENSNFUG00015008504,ankrd40
ENSNFUG00015001043,robo2
ENSNFUG00015017573,supt7l
ENSNFUG00015018974,mak
ENSNFUG00015002291,pigh
ENSNFUG00015018099,fopnl
ENSNFUG00015022546,arhgap40
ENSNFUG00015021162,znf618
ENSNFUG00015010380,wasf1
ENSNFUG00015015039,ss18l1
ENSNFUG00015013517,lrrc20
ENSNFUG00015019363,hdhd2
ENSNFUG00015005262,smoc1
ENSNFUG00015013177,pcgf5
ENSNFUG00015012948,rab24
ENSNFUG00015002455,sde2
ENSNFUG00015015037,bcar3
ENSNFUG00015020417,tmem255b
ENSNFUG00015000077,dusp10
ENSNFUG00015023943,comtd1
ENSNFUG00015010365,gpr6
ENSNFUG00015011535,snx11
ENSNFUG00015011900,tmem179b
ENSNFUG00015001436,lrrtm1
ENSNFUG00015012786,wdr11
ENSNFUG00015012794,iglon5
ENSNFUG00015009736,ttc26
ENSNFUG00015018034,sod1
ENSNFUG00015017734,lrrc73
ENSNFUG00015023145,snta1
ENSNFUG00015006970,kiaa2013
ENSNFUG00015011116,galnt11
ENSNFUG00015019953,cldn19
ENSNFUG00015022959,myo1b
ENSNFUG00015003547,allc
ENSNFUG00015024970,fzd10
ENSNFUG00015024438,c1d
ENSNFUG00015021222,zc3h13
ENSNFUG00015011366,kcnk9
ENSNFUG00015013618,gfra1
ENSNFUG00015001209,slc16a13
ENSNFUG00015011714,kl
ENSNFUG00015000297,sgcz
ENSNFUG00015022456,slc13a4
ENSNFUG00015007496,tacr3
ENSNFUG00015005710,nphp1
ENSNFUG00015012565,ticrr
ENSNFUG00015006840,fam43b
ENSNFUG00015023127,unc50
ENSNFUG00015006976,naaa
ENSNFUG00015005817,dmtn
ENSNFUG00015010744,kiaa0907
ENSNFUG00015013808,pigp
ENSNFUG00015007439,polr2j
ENSNFUG00015005607,slc37a2
ENSNFUG00015023500,slc5a5
ENSNFUG00015013903,gmps
ENSNFUG00015011544,oscp1
ENSNFUG00015012412,kdm3b
ENSNFUG00015004813,kpna4
ENSNFUG00015014320,spns1
ENSNFUG00015011858,gsc
ENSNFUG00015022080,gskip
ENSNFUG00015001843,dus4l
ENSNFUG00015017985,nrxn1
ENSNFUG00015006838,abr
ENSNFUG00015015144,tbl1xr1
ENSNFUG00015017773,gemin2
ENSNFUG00015006613,slc6a3
ENSNFUG00015001014,eif2b2
ENSNFUG00015013496,slc16a1
ENSNFUG00015000444,lrp10
ENSNFUG00015020547,fam98a
ENSNFUG00015003612,nox4
ENSNFUG00015009212,vps13b
ENSNFUG00015003090,smurf1
ENSNFUG00015002642,ccdc43
ENSNFUG00015000047,fmr1
ENSNFUG00015009028,pla2g7
ENSNFUG00015015436,rrp36
ENSNFUG00015008361,slc35a5
ENSNFUG00015013347,neto2
ENSNFUG00015000273,apbb2
ENSNFUG00015003049,znf652
ENSNFUG00015000755,tbc1d10b
ENSNFUG00015007468,sned1
ENSNFUG00015004373,ppm1k
ENSNFUG00015010636,cars2
ENSNFUG00015019366,alyref
ENSNFUG00015025102,ttc21b
ENSNFUG00015017673,hdac1
ENSNFUG00015016064,id1
ENSNFUG00015008090,kank4
ENSNFUG00015005227,kiaa1147
ENSNFUG00015010682,usp3
ENSNFUG00015008614,tanc1
ENSNFUG00015024847,gipc3
ENSNFUG00015015644,lrrc4c
ENSNFUG00015023901,asic4
ENSNFUG00015003242,rufy2
ENSNFUG00015006724,lcmt2
ENSNFUG00015006656,znf592
ENSNFUG00015001160,srpx2
ENSNFUG00015002909,sybu
ENSNFUG00015007487,espnl
ENSNFUG00015018839,glyctk
ENSNFUG00015004462,kcnip2
ENSNFUG00015022021,nox5
ENSNFUG00015020036,fam120c
ENSNFUG00015006375,celsr2
ENSNFUG00015001693,ndufab1
ENSNFUG00015004092,zdhhc13
ENSNFUG00015005654,mybpc1
ENSNFUG00015000157,igsf9b
ENSNFUG00015014182,usp30
ENSNFUG00015013265,fam160b1
ENSNFUG00015019906,rasal2
ENSNFUG00015022480,kdm1b
ENSNFUG00015012270,ndufb3
ENSNFUG00015016739,agmo
ENSNFUG00015008212,dcdc2b
ENSNFUG00015017123,tesk1
ENSNFUG00015022915,lclat1
ENSNFUG00015019728,march1
ENSNFUG00015005923,znf609
ENSNFUG00015007254,mthfs
ENSNFUG00015019512,gpr63
ENSNFUG00015001485,esf1
ENSNFUG00015021582,gpr151
ENSNFUG00015006918,clvs2
ENSNFUG00015019741,fam221a
ENSNFUG00015022773,slc25a24
ENSNFUG00015016279,ska1
ENSNFUG00015016044,ppfia4
ENSNFUG00015025426,tmem47
ENSNFUG00015025224,sh3rf3
ENSNFUG00015015090,ints4
ENSNFUG00015020198,ercc8
ENSNFUG00015011585,cdk5rap3
ENSNFUG00015007940,dennd4b
ENSNFUG00015006288,prkci
ENSNFUG00015007474,klhl30
ENSNFUG00015023299,taf8
ENSNFUG00015003385,inpp4b
ENSNFUG00015017282,gcat
ENSNFUG00015001561,tlx1
ENSNFUG00015016503,acad11
ENSNFUG00015005748,apbb3
ENSNFUG00015025033,b3gnt7
ENSNFUG00015025296,mcfd2
ENSNFUG00015022869,tcf7l2
ENSNFUG00015002725,nip7
ENSNFUG00015020968,taf2
ENSNFUG00015003178,dld
ENSNFUG00015005946,pitpnb
ENSNFUG00015007282,slc29a3
ENSNFUG00015013377,urb1
ENSNFUG00015006128,dph5
ENSNFUG00015011296,mbd5
ENSNFUG00015005885,hoxa7
ENSNFUG00015020163,ikbke
ENSNFUG00015001054,mtf1
ENSNFUG00015021119,dlec1
ENSNFUG00015005032,ddc
ENSNFUG00015018344,hps1
ENSNFUG00015025185,rbm18
ENSNFUG00015004114,mpc1
ENSNFUG00015001151,tspan7
ENSNFUG00015014076,gatc
ENSNFUG00015005974,tmcc2
ENSNFUG00015010323,ube2f
ENSNFUG00015023459,nrros
ENSNFUG00015000286,hace1
ENSNFUG00015002520,gucy1a2
ENSNFUG00015013410,ptchd1
ENSNFUG00015012468,cdk5
ENSNFUG00015021994,amdhd2
ENSNFUG00015002602,clec11a
ENSNFUG00015014916,setd4
ENSNFUG00015008700,elp4
ENSNFUG00015016160,zbtb8b
ENSNFUG00015017575,rasal1
ENSNFUG00015009342,cdyl
ENSNFUG00015004491,igdcc4
ENSNFUG00015008007,lect2
ENSNFUG00015023751,acvr1
ENSNFUG00015024562,ccm2
ENSNFUG00015010499,disc1
ENSNFUG00015009398,lmcd1
ENSNFUG00015019702,ndufb7
ENSNFUG00015021099,kif21a
ENSNFUG00015025059,galnt3
ENSNFUG00015016913,brwd1
ENSNFUG00015024837,plac8l1
ENSNFUG00015012538,atp8b2
ENSNFUG00015008756,bcl7b
ENSNFUG00015004777,phlda3
ENSNFUG00015008016,wars2
ENSNFUG00015019828,tm2d1
ENSNFUG00015021111,gcn1
ENSNFUG00015002671,ccdc97
ENSNFUG00015020192,wbscr22
ENSNFUG00015007176,micu1
ENSNFUG00015024443,adamts20
ENSNFUG00015010249,ak5
ENSNFUG00015017685,sharpin
ENSNFUG00015008767,glra2
ENSNFUG00015014367,rft1
ENSNFUG00015010890,rnf169
ENSNFUG00015005479,pitpnc1
ENSNFUG00015007099,map3k9
ENSNFUG00015009607,rrad
ENSNFUG00015006331,golga4
ENSNFUG00015002770,bckdhb
ENSNFUG00015007492,asah2
ENSNFUG00015003620,scube2
ENSNFUG00015005737,sfxn2
ENSNFUG00015021756,dcp1a
ENSNFUG00015011275,map3k15
ENSNFUG00015012061,neurod1
ENSNFUG00015016441,pcf11
ENSNFUG00015019546,pter
ENSNFUG00015010301,paxip1
ENSNFUG00015016463,stk32a
ENSNFUG00015011057,hax1
ENSNFUG00015009330,fbxo42
ENSNFUG00015017890,grk6
ENSNFUG00015025303,vwc2l
ENSNFUG00015022286,acot9
ENSNFUG00015006829,tmem97
ENSNFUG00015013218,farp1
ENSNFUG00015004611,ikbip
ENSNFUG00015008532,klhl6
ENSNFUG00015010672,dcst2
ENSNFUG00015016899,cdh7
ENSNFUG00015017199,bptf
ENSNFUG00015024085,gpr12
ENSNFUG00015012536,elmo2
ENSNFUG00015022571,krtcap2
ENSNFUG00015017059,cat
ENSNFUG00015018694,eya3
ENSNFUG00015024146,tmem19
ENSNFUG00015004400,nsmce2
ENSNFUG00015018013,tdrkh
ENSNFUG00015005806,arg2
ENSNFUG00015023090,rasgef1c
ENSNFUG00015006452,rgs20
ENSNFUG00015004791,nme7
ENSNFUG00015020877,barx2
ENSNFUG00015007389,rnf24
ENSNFUG00015006500,arhgef19
ENSNFUG00015025311,tmem125
ENSNFUG00015021982,gatm
ENSNFUG00015004444,mrps11
ENSNFUG00015025340,kif19
ENSNFUG00015012814,commd10
ENSNFUG00015004806,iqcb1
ENSNFUG00015024962,col6a2
ENSNFUG00015006096,zbtb37
ENSNFUG00015010986,stk32c
ENSNFUG00015020776,nop16
ENSNFUG00015016584,sirt6
ENSNFUG00015000050,tm7sf3
ENSNFUG00015019064,mmel1
ENSNFUG00015000123,stard3
ENSNFUG00015020123,akirin1
ENSNFUG00015006657,robo3
ENSNFUG00015011560,sod2
ENSNFUG00015002217,relt
ENSNFUG00015006340,fbxl18
ENSNFUG00015014898,cryzl1
ENSNFUG00015016513,dtna
ENSNFUG00015022505,ksr1
ENSNFUG00015018497,mier3
ENSNFUG00015007014,tmem43
ENSNFUG00015017892,mgll
ENSNFUG00015013014,mppe1
ENSNFUG00015022645,vti1a
ENSNFUG00015019957,lrr1
ENSNFUG00015022044,tnfsf10
ENSNFUG00015009377,pagr1
ENSNFUG00015008563,dnajc22
ENSNFUG00015008324,zmym2
ENSNFUG00015015137,fpgt
ENSNFUG00015008874,tle3
ENSNFUG00015006911,armc1
ENSNFUG00015000847,iws1
ENSNFUG00015014967,znhit3
ENSNFUG00015015950,sstr2
ENSNFUG00015010914,pop4
ENSNFUG00015008022,hao2
ENSNFUG00015018764,rassf1
ENSNFUG00015012964,tbce
ENSNFUG00015007552,slc22a23
ENSNFUG00015007380,gmds
ENSNFUG00015017726,mccc1
ENSNFUG00015009681,fam110c
ENSNFUG00015022197,palld
ENSNFUG00015017557,kpna3
ENSNFUG00015005857,ssr4
ENSNFUG00015017961,bmp3
ENSNFUG00015017077,dnajc19
ENSNFUG00015012572,cdc5l
ENSNFUG00015006090,rims3
ENSNFUG00015007060,iars
ENSNFUG00015017478,trmt61b
ENSNFUG00015009638,as3mt
ENSNFUG00015007090,mxd4
ENSNFUG00015018725,otud6b
ENSNFUG00015009574,nhlrc3
ENSNFUG00015011717,higd2a
ENSNFUG00015020683,r3hdm2
ENSNFUG00015011348,hyls1
ENSNFUG00015025008,g6pc2
ENSNFUG00015015513,uba3
ENSNFUG00015012747,vps72
ENSNFUG00015012736,ache
ENSNFUG00015015532,det1
ENSNFUG00015025203,dip2a
ENSNFUG00015021288,cadm3
ENSNFUG00015015222,mrps18b
ENSNFUG00015021855,plrg1
ENSNFUG00015010398,sptssa
ENSNFUG00015007097,ttc9
ENSNFUG00015020530,smarca4
ENSNFUG00015003530,ccdc25
ENSNFUG00015010622,lactb2
ENSNFUG00015010093,efna5
ENSNFUG00015010423,caln1
ENSNFUG00015011495,cmtm4
ENSNFUG00015008230,ell2
ENSNFUG00015014383,thop1
ENSNFUG00015010342,vgll3
ENSNFUG00015012643,aif1l
ENSNFUG00015023080,olah
ENSNFUG00015007143,pla2g12b
ENSNFUG00015004622,uck1
ENSNFUG00015023424,myo5c
ENSNFUG00015025125,tial1
ENSNFUG00015024216,arhgap25
ENSNFUG00015004848,rabep1
ENSNFUG00015013889,fam207a
ENSNFUG00015025189,ndufa8
ENSNFUG00015020748,tub
ENSNFUG00015003081,prdm4
ENSNFUG00015006072,dynlt3
ENSNFUG00015009090,bmper
ENSNFUG00015016066,slc28a3
ENSNFUG00015005477,foxn2
ENSNFUG00015012750,trappc5
ENSNFUG00015008763,gabrd
ENSNFUG00015006872,agmat
ENSNFUG00015020248,wdr53
ENSNFUG00015008301,cryl1
ENSNFUG00015023805,asb4
ENSNFUG00015005891,znf839
ENSNFUG00015014770,cdc42ep5
ENSNFUG00015024586,elavl4
ENSNFUG00015011660,iba57
ENSNFUG00015019903,lsm5
ENSNFUG00015017540,nfe2
ENSNFUG00015000999,nwd2
ENSNFUG00015009644,sgsm1
ENSNFUG00015011896,ddit4l
ENSNFUG00015005403,id3
ENSNFUG00015012806,tecpr1
ENSNFUG00015023655,rnf126
ENSNFUG00015016558,slc4a11
ENSNFUG00015024126,urad
ENSNFUG00015015424,josd2
ENSNFUG00015003023,wdr83
ENSNFUG00015024842,fstl4
ENSNFUG00015008667,wscd1
ENSNFUG00015002107,acp2
ENSNFUG00015015948,tpk1
ENSNFUG00015005526,abcc2
ENSNFUG00015004159,spred3
ENSNFUG00015000707,tm4sf5
ENSNFUG00015014661,ccdc51
ENSNFUG00015017241,qprt
ENSNFUG00015001851,znf518b
ENSNFUG00015021016,bmp8a
ENSNFUG00015002354,esm1
ENSNFUG00015009021,fbxo43
ENSNFUG00015021701,ube4a
ENSNFUG00015021919,zcchc17
ENSNFUG00015009841,corin
ENSNFUG00015023414,vav3
ENSNFUG00015018984,ext2
ENSNFUG00015001061,atn1
ENSNFUG00015022391,st3gal2
ENSNFUG00015006688,adora2b
ENSNFUG00015016430,clybl
ENSNFUG00015013107,gdap1
ENSNFUG00015018661,gcgr
ENSNFUG00015015936,epn3
ENSNFUG00015006713,map3k2
ENSNFUG00015008861,ercc5
ENSNFUG00015012062,rnf208
ENSNFUG00015009842,lta4h
ENSNFUG00015013079,cpe
ENSNFUG00015017804,commd8
ENSNFUG00015024763,ccdc173
ENSNFUG00015005094,zbtb48
ENSNFUG00015014784,atl1
ENSNFUG00015015466,shisa7
ENSNFUG00015021869,zc3h12b
ENSNFUG00015016100,vstm2a
ENSNFUG00015018147,focad
ENSNFUG00015025283,mocos
ENSNFUG00015019416,nelfe
ENSNFUG00015005790,fkbp14
ENSNFUG00015023956,itgb4
ENSNFUG00015003664,smtnl1
ENSNFUG00015000517,mad1l1
ENSNFUG00015011016,dner
ENSNFUG00015006676,wdr44
ENSNFUG00015013815,rexo4
ENSNFUG00015009578,dcaf15
ENSNFUG00015008540,ankrd22
ENSNFUG00015000800,znf462
ENSNFUG00015008218,iqch
ENSNFUG00015001586,nme3
ENSNFUG00015008359,acta2
ENSNFUG00015020884,slc6a2
ENSNFUG00015006973,btbd9
ENSNFUG00015010073,kcnb2
ENSNFUG00015010397,bahd1
ENSNFUG00015006263,ing1
ENSNFUG00015021478,wdr24
ENSNFUG00015014940,sept3
ENSNFUG00015007447,nr1h3
ENSNFUG00015004264,kiaa0355
ENSNFUG00015021832,nipa2
ENSNFUG00015010206,cdc14b
ENSNFUG00015019638,ttc39b
ENSNFUG00015001532,bdh2
ENSNFUG00015023850,cdh13
ENSNFUG00015000594,armc5
ENSNFUG00015014730,spg7
ENSNFUG00015012923,mrps36
ENSNFUG00015016062,slc52a2
ENSNFUG00015010470,echdc2
ENSNFUG00015004746,prph
ENSNFUG00015004662,st3gal4
ENSNFUG00015021790,cyfip1
ENSNFUG00015013254,slc9a8
ENSNFUG00015023635,rgs7
ENSNFUG00015019655,depdc7
ENSNFUG00015001441,acaa1
ENSNFUG00015003700,pax4
ENSNFUG00015024664,arhgap26
ENSNFUG00015005551,znf513
ENSNFUG00015019223,ubqln4
ENSNFUG00015000117,dusp14
ENSNFUG00015013166,mon1a
ENSNFUG00015008716,cnr1
ENSNFUG00015017986,slc1a1
ENSNFUG00015011200,c1qtnf4
ENSNFUG00015013404,sgpp1
ENSNFUG00015006172,tnpo1
ENSNFUG00015003677,taf1b
ENSNFUG00015007363,wnt5a
ENSNFUG00015022008,ptch1
ENSNFUG00015006861,ppic
ENSNFUG00015006568,cd151
ENSNFUG00015011761,srrt
ENSNFUG00015005636,dnal4
ENSNFUG00015016299,tsr2
ENSNFUG00015005266,klhl7
ENSNFUG00015009529,cep41
ENSNFUG00015001945,gabra4
ENSNFUG00015003680,ctnnd1
ENSNFUG00015022142,fam189b
ENSNFUG00015007862,abcg4
ENSNFUG00015008630,cep76
ENSNFUG00015016351,zcchc24
ENSNFUG00015022761,bpgm
ENSNFUG00015022724,gpr161
ENSNFUG00015011836,elp3
ENSNFUG00015014809,iffo1
ENSNFUG00015002334,cnot7
ENSNFUG00015016909,dph2
ENSNFUG00015008682,rassf10
ENSNFUG00015010580,acot8
ENSNFUG00015013526,pcdh17
ENSNFUG00015002736,zdhhc7
ENSNFUG00015013975,sppl3
ENSNFUG00015024279,cdkn2c
ENSNFUG00015021206,nck2
ENSNFUG00015022559,prelid3b
ENSNFUG00015008315,gja3
ENSNFUG00015018985,slc16a7
ENSNFUG00015010864,kptn
ENSNFUG00015002400,slc7a2
ENSNFUG00015012904,socs7
ENSNFUG00015021459,nol7
ENSNFUG00015016962,ppme1
ENSNFUG00015004747,b4galt4
ENSNFUG00015022091,fpgs
ENSNFUG00015008780,trappc2
ENSNFUG00015011830,tmem245
ENSNFUG00015002402,mthfd1l
ENSNFUG00015015292,kremen1
ENSNFUG00015023559,cdk20
ENSNFUG00015004231,elfn2
ENSNFUG00015000125,timm50
ENSNFUG00015006044,adam12
ENSNFUG00015004499,csmd1
ENSNFUG00015003192,mrc2
ENSNFUG00015006038,gdf5
ENSNFUG00015009570,b3gnt9
ENSNFUG00015019756,rnf152
ENSNFUG00015008442,egr3
ENSNFUG00015025411,actl6a
ENSNFUG00015021165,jmy
ENSNFUG00015011814,dtwd1
ENSNFUG00015021085,brcc3
ENSNFUG00015022108,akt1
ENSNFUG00015003309,pbld
ENSNFUG00015024630,tax1bp3
ENSNFUG00015014614,marco
ENSNFUG00015022018,ube2h
ENSNFUG00015021827,nat10
ENSNFUG00015019516,ufl1
ENSNFUG00015003741,ror2
ENSNFUG00015009815,tex9
ENSNFUG00015004143,trmt11
ENSNFUG00015024166,ankrd13c
ENSNFUG00015003443,znf330
ENSNFUG00015017977,ampd3
ENSNFUG00015015328,pag1
ENSNFUG00015012238,ptk7
ENSNFUG00015014621,diexf
ENSNFUG00015015766,cps1
ENSNFUG00015005370,zufsp
ENSNFUG00015013353,ddx51
ENSNFUG00015018594,lhfpl3
ENSNFUG00015025414,usp13
ENSNFUG00015007624,serinc4
ENSNFUG00015011109,ubap2l
ENSNFUG00015022813,dhrs3
ENSNFUG00015018040,lin7a
ENSNFUG00015020053,srgap3
ENSNFUG00015001193,trmt12
ENSNFUG00015010579,zhx3
ENSNFUG00015024437,klhl20
ENSNFUG00015013374,rab3gap2
ENSNFUG00015005523,med31
ENSNFUG00015006857,vps4b
ENSNFUG00015007655,ctsz
ENSNFUG00015017882,ppp2r5a
ENSNFUG00015012878,fam149b1
ENSNFUG00015002440,mapk10
ENSNFUG00015018253,katna1
ENSNFUG00015022770,parp2
ENSNFUG00015003258,slc29a4
ENSNFUG00015012044,stx19
ENSNFUG00015025076,tctex1d2
ENSNFUG00015014528,zbtb25
ENSNFUG00015012115,top1
ENSNFUG00015012768,foxp2
ENSNFUG00015018129,vps11
ENSNFUG00015003772,gpat3
ENSNFUG00015013376,yipf6
ENSNFUG00015010406,phkb
ENSNFUG00015016895,tom1l2
ENSNFUG00015000689,atp6v1d
ENSNFUG00015000908,rel
ENSNFUG00015023444,agap2
ENSNFUG00015008559,ghitm
ENSNFUG00015018722,mapk8ip2
ENSNFUG00015000344,rnf8
ENSNFUG00015009114,capn12
ENSNFUG00015003297,dvl3
ENSNFUG00015006980,tpst1
ENSNFUG00015006745,amigo3
ENSNFUG00015004105,clpb
ENSNFUG00015019972,olfm1
ENSNFUG00015008481,hip1
ENSNFUG00015020514,henmt1
ENSNFUG00015005646,rab10
ENSNFUG00015000769,nubp1
ENSNFUG00015020378,fam185a
ENSNFUG00015005622,lrrc10b
ENSNFUG00015002955,cntnap1
ENSNFUG00015011911,stk10
ENSNFUG00015008327,ubap2
ENSNFUG00015006761,rbm42
ENSNFUG00015018880,tefm
ENSNFUG00015001216,dynlt1
ENSNFUG00015002228,crybb1
ENSNFUG00015013760,ttc39c
ENSNFUG00015021646,dennd3
ENSNFUG00015010389,commd4
ENSNFUG00015000510,tmem184a
ENSNFUG00015005903,tbp
ENSNFUG00015017088,nxt2
ENSNFUG00015024959,dido1
ENSNFUG00015011546,msc
ENSNFUG00015013594,ccsap
ENSNFUG00015006704,adad2
ENSNFUG00015020342,adcy8
ENSNFUG00015023310,osbpl9
ENSNFUG00015008409,chd8
ENSNFUG00015002902,grik5
ENSNFUG00015019422,lysmd1
ENSNFUG00015019836,cd63
ENSNFUG00015008823,ppcdc
ENSNFUG00015004617,prune
ENSNFUG00015000757,klhl41
ENSNFUG00015008264,nudt2
ENSNFUG00015007020,znf608
ENSNFUG00015005133,abca5
ENSNFUG00015023342,snx16
ENSNFUG00015012533,mif4gd
ENSNFUG00015005963,tril
ENSNFUG00015003318,arv1
ENSNFUG00015002460,mrps28
ENSNFUG00015011504,hoxb5
ENSNFUG00015012635,nol12
ENSNFUG00015008127,prr5
ENSNFUG00015021161,cenph
ENSNFUG00015004771,uri1
ENSNFUG00015021974,mfsd11
ENSNFUG00015016827,sidt2
ENSNFUG00015009303,atp5h
ENSNFUG00015006115,col8a2
ENSNFUG00015022416,kiaa0513
ENSNFUG00015009032,jkamp
ENSNFUG00015017091,zmat2
ENSNFUG00015004650,tesk1
ENSNFUG00015012854,stub1
ENSNFUG00015017017,dusp23
ENSNFUG00015006578,pgr
ENSNFUG00015001896,glis2
ENSNFUG00015000731,aip
ENSNFUG00015002075,tnk1
ENSNFUG00015003480,pcnp
ENSNFUG00015005196,map1b
ENSNFUG00015004315,slc31a2
ENSNFUG00015011175,tut1
ENSNFUG00015014091,mmachc
ENSNFUG00015015281,fam136a
ENSNFUG00015022104,rbl2
ENSNFUG00015007274,radil
ENSNFUG00015024252,mettl8
ENSNFUG00015019737,fbxw5
ENSNFUG00015019845,enpp2
ENSNFUG00015017031,ccdc61
ENSNFUG00015011323,mapkap1
ENSNFUG00015012235,cdkl1
ENSNFUG00015023917,gpr153
ENSNFUG00015012111,dio3
ENSNFUG00015024710,znf385c
ENSNFUG00015018049,h6pd
ENSNFUG00015003806,zdhhc14
ENSNFUG00015021831,astn2
ENSNFUG00015012315,pebp1
ENSNFUG00015021159,cp
ENSNFUG00015012947,rbm34
ENSNFUG00015004689,atp5c1
ENSNFUG00015020005,pin4
ENSNFUG00015005840,ift172
ENSNFUG00015023270,plxna3
ENSNFUG00015010309,jph3
ENSNFUG00015000995,ptbp3
ENSNFUG00015018581,zfand4
ENSNFUG00015002732,msrb3
ENSNFUG00015003707,kpna2
ENSNFUG00015006060,clpp
ENSNFUG00015002521,tbx22
ENSNFUG00015000168,pdgfc
ENSNFUG00015011591,acot11
ENSNFUG00015024755,hepacam2
ENSNFUG00015016538,frmd3
ENSNFUG00015005416,tmem266
ENSNFUG00015014030,eif2ak1
ENSNFUG00015015835,caprin2
ENSNFUG00015007431,idua
ENSNFUG00015001579,mmgt1
ENSNFUG00015020105,zic1
ENSNFUG00015022475,has3
ENSNFUG00015020831,rptor
ENSNFUG00015018456,nop2
ENSNFUG00015020599,cntd2
ENSNFUG00015018571,reps2
ENSNFUG00015012168,l2hgdh
ENSNFUG00015008040,nudt13
ENSNFUG00015006188,cdh2
ENSNFUG00015023205,tmem246
ENSNFUG00015005765,ift140
ENSNFUG00015015187,fam83d
ENSNFUG00015010009,tmem68
ENSNFUG00015019509,ndufaf4
ENSNFUG00015021243,clasrp
ENSNFUG00015009337,rabggtb
ENSNFUG00015003648,adgrb3
ENSNFUG00015005363,nudt18
ENSNFUG00015006866,tenm4
ENSNFUG00015022188,mapk8ip1
ENSNFUG00015010050,ckmt2
ENSNFUG00015024832,fam32a
ENSNFUG00015023944,agpat3
ENSNFUG00015019274,lzts1
ENSNFUG00015014823,gnal
ENSNFUG00015013361,dnaja2
ENSNFUG00015023513,pllp
ENSNFUG00015002447,fgf16
ENSNFUG00015000813,ccdc47
ENSNFUG00015015572,flot2
ENSNFUG00015009530,nipal2
ENSNFUG00015008631,scrib
ENSNFUG00015020322,hnf4a
ENSNFUG00015001459,gosr1
ENSNFUG00015014760,cwc15
ENSNFUG00015013885,gid4
ENSNFUG00015000801,atp5b
ENSNFUG00015022383,lrrc34
ENSNFUG00015020077,cdkn1b
ENSNFUG00015013585,rnf182
ENSNFUG00015019201,mia
ENSNFUG00015002524,aasdhppt
ENSNFUG00015003065,c6
ENSNFUG00015000709,gpr83
ENSNFUG00015017716,lrrc56
ENSNFUG00015020245,dennd2a
ENSNFUG00015002544,pitpnm3
ENSNFUG00015005341,cep350
ENSNFUG00015012613,snap25
ENSNFUG00015017739,mea1
ENSNFUG00015010041,blvrb
ENSNFUG00015017566,copz1
ENSNFUG00015025427,tab3
ENSNFUG00015021084,pxdn
ENSNFUG00015005374,dscr3
ENSNFUG00015006459,lypla1
ENSNFUG00015019503,pik3ca
ENSNFUG00015003950,zadh2
ENSNFUG00015013426,sv2a
ENSNFUG00015019159,cfap99
ENSNFUG00015020541,alpl
ENSNFUG00015015618,ndufa7
ENSNFUG00015017071,utp15
ENSNFUG00015002323,glod5
ENSNFUG00015011516,fndc1
ENSNFUG00015020864,ptgr2
ENSNFUG00015015366,lmbr1
ENSNFUG00015023017,wrnip1
ENSNFUG00015012838,bri3
ENSNFUG00015007304,cpa6
ENSNFUG00015023008,pex12
ENSNFUG00015009215,nsmce1
ENSNFUG00015020343,tmem55b
ENSNFUG00015004729,fam118b
ENSNFUG00015012610,supt3h
ENSNFUG00015005013,tmbim1
ENSNFUG00015014143,ptgfr
ENSNFUG00015019478,vma21
ENSNFUG00015008252,lmbr1l
ENSNFUG00015001504,rngtt
ENSNFUG00015012869,rps6kl1
ENSNFUG00015015963,tbrg4
ENSNFUG00015022434,maneal
ENSNFUG00015007722,dpf2
ENSNFUG00015022095,ppp2r3a
ENSNFUG00015017523,spryd7
ENSNFUG00015021178,homer1
ENSNFUG00015000466,ufc1
ENSNFUG00015014319,traf7
ENSNFUG00015004440,hps6
ENSNFUG00015018419,ndufs4
ENSNFUG00015024239,fbxo31
ENSNFUG00015022515,rgmb
ENSNFUG00015001276,glra3
ENSNFUG00015006284,mybbp1a
ENSNFUG00015002964,cacnb1
ENSNFUG00015002276,mdc1
ENSNFUG00015018175,th
ENSNFUG00015000160,tada2a
ENSNFUG00015014005,spg11
ENSNFUG00015009151,vrk3
ENSNFUG00015017133,tatdn3
ENSNFUG00015018616,slc5a11
ENSNFUG00015005296,rab11fip1
ENSNFUG00015021014,megf6
ENSNFUG00015023987,slc2a9
ENSNFUG00015022290,srrt
ENSNFUG00015002470,cep128
ENSNFUG00015010637,sepsecs
ENSNFUG00015021098,ap5m1
ENSNFUG00015023272,dnajc7
ENSNFUG00015010498,cd36
ENSNFUG00015013716,tshz1
ENSNFUG00015003412,smu1
ENSNFUG00015017144,rexo1
ENSNFUG00015006999,ltbp3
ENSNFUG00015020936,gas2l1
ENSNFUG00015002921,klhl8
ENSNFUG00015010495,mettl24
ENSNFUG00015020749,ar
ENSNFUG00015008997,nufip1
ENSNFUG00015003311,lrch3
ENSNFUG00015022492,wdr37
ENSNFUG00015002945,smad1
ENSNFUG00015025252,prdx3
ENSNFUG00015007128,tusc5
ENSNFUG00015002347,scg5
ENSNFUG00015010841,mrps27
ENSNFUG00015025191,acap2
ENSNFUG00015010753,rnft2
ENSNFUG00015002542,ankrd50
ENSNFUG00015024656,ranbp3
ENSNFUG00015017058,lmo1
ENSNFUG00015012184,gpha2
ENSNFUG00015000659,cul4b
ENSNFUG00015009938,gpalpp1
ENSNFUG00015007264,hspb7
ENSNFUG00015002434,nagk
ENSNFUG00015002087,stag3
ENSNFUG00015006855,znf536
ENSNFUG00015012194,tenm2
ENSNFUG00015013339,thap4
ENSNFUG00015005402,smg8
ENSNFUG00015011784,ube2g2
ENSNFUG00015007519,mtbp
ENSNFUG00015022047,edc3
ENSNFUG00015011008,sphk2
ENSNFUG00015010723,map4k4
ENSNFUG00015018219,map2k4
ENSNFUG00015002294,rhov
ENSNFUG00015001865,pdzd11
ENSNFUG00015018033,gon4l
ENSNFUG00015020515,itgb5
ENSNFUG00015001838,bcap29
ENSNFUG00015021912,npy2r
ENSNFUG00015011084,rgma
ENSNFUG00015024313,calcr
ENSNFUG00015011907,brms1
ENSNFUG00015018038,rrh
ENSNFUG00015012030,npepps
ENSNFUG00015018215,hgf
ENSNFUG00015024446,hdac7
ENSNFUG00015005054,med11
ENSNFUG00015017246,pik3r5
ENSNFUG00015001774,sdccag8
ENSNFUG00015016636,wdfy1
ENSNFUG00015007102,slc8a3
ENSNFUG00015011878,fam131a
ENSNFUG00015017521,trim13
ENSNFUG00015025336,htr2b
ENSNFUG00015021681,ddx49
ENSNFUG00015003392,cplx1
ENSNFUG00015005237,fam126a
ENSNFUG00015013715,tmem254
ENSNFUG00015021140,tmem63c
ENSNFUG00015023136,tox2
ENSNFUG00015001409,efnb3
ENSNFUG00015001029,ctif
ENSNFUG00015008326,zbtb21
ENSNFUG00015012872,zfr
ENSNFUG00015009599,tmod1
ENSNFUG00015018182,aebp2
ENSNFUG00015020551,dhcr7
ENSNFUG00015004064,cog8
ENSNFUG00015022120,mta2
ENSNFUG00015011314,lrrc3b
ENSNFUG00015009695,tjap1
ENSNFUG00015009699,ikbkg
ENSNFUG00015019365,tnfrsf19
ENSNFUG00015023880,lasp1
ENSNFUG00015010851,otos
ENSNFUG00015011480,gsg1
ENSNFUG00015005816,msra
ENSNFUG00015024671,gpm6b
ENSNFUG00015009794,phospho2
ENSNFUG00015019405,unc5a
ENSNFUG00015011514,slc12a9
ENSNFUG00015009637,sulf1
ENSNFUG00015004004,derl1
ENSNFUG00015010899,plekho2
ENSNFUG00015010480,kiaa0895l
ENSNFUG00015013820,adamts14
ENSNFUG00015004733,echdc3
ENSNFUG00015017177,steap4
ENSNFUG00015020695,was
ENSNFUG00015008717,matn4
ENSNFUG00015008048,rab30
ENSNFUG00015012354,lrrc23
ENSNFUG00015002408,mtap
ENSNFUG00015005435,vip
ENSNFUG00015018604,sord
ENSNFUG00015018128,phf14
ENSNFUG00015003892,znf236
ENSNFUG00015001732,hn1l
ENSNFUG00015023686,mmp19
ENSNFUG00015013041,sobp
ENSNFUG00015010240,polr3k
ENSNFUG00015011484,wdr48
ENSNFUG00015001958,slc18a2
ENSNFUG00015016275,nalcn
ENSNFUG00015000629,gm2a
ENSNFUG00015000758,nxpe3
ENSNFUG00015021716,fdxr
ENSNFUG00015022481,stk38l
ENSNFUG00015022858,mmp9
ENSNFUG00015000095,thyn1
ENSNFUG00015010656,trdmt1
ENSNFUG00015020969,surf2
ENSNFUG00015010568,slc12a4
ENSNFUG00015003357,strip2
ENSNFUG00015011645,atxn2
ENSNFUG00015001913,aspdh
ENSNFUG00015000108,xylt2
ENSNFUG00015008516,cacna1c
ENSNFUG00015008985,crebzf
ENSNFUG00015003730,tob2
ENSNFUG00015002583,leprotl1
ENSNFUG00015016155,vapa
ENSNFUG00015006239,schip1
ENSNFUG00015003079,rnd2
ENSNFUG00015021353,znf503
ENSNFUG00015001166,abtb2
ENSNFUG00015006915,psmf1
ENSNFUG00015008101,phactr1
ENSNFUG00015016297,itga11
ENSNFUG00015015183,rfx3
ENSNFUG00015006013,eif6
ENSNFUG00015012114,oprk1
ENSNFUG00015022066,arid3b
ENSNFUG00015021012,znf706
ENSNFUG00015005734,xpo7
ENSNFUG00015009465,nkrf
ENSNFUG00015004322,dyrk1b
ENSNFUG00015019406,eef1e1
ENSNFUG00015024249,dcaf17
ENSNFUG00015001797,tnfaip3
ENSNFUG00015022967,zfyve19
ENSNFUG00015019936,znf142
ENSNFUG00015010487,tsnax
ENSNFUG00015010976,nmt2
ENSNFUG00015025267,tekt3
ENSNFUG00015000622,eif1ad
ENSNFUG00015005682,arl3
ENSNFUG00015012070,ldlrad2
ENSNFUG00015015381,tsen54
ENSNFUG00015021544,cacng2
ENSNFUG00015006556,tmem138
ENSNFUG00015015108,glis3
ENSNFUG00015020178,rad54l2
ENSNFUG00015002231,fhdc1
ENSNFUG00015016197,zmiz1
ENSNFUG00015011235,nkx2-3
ENSNFUG00015021981,tmem201
ENSNFUG00015024219,bmp10
ENSNFUG00015009249,rab39b
ENSNFUG00015019692,iqgap3
ENSNFUG00015018076,hhipl1
ENSNFUG00015003416,pir
ENSNFUG00015021586,rtn4r
ENSNFUG00015008304,stam
ENSNFUG00015019289,nthl1
ENSNFUG00015005932,efcab2
ENSNFUG00015011889,slc23a1
ENSNFUG00015018273,sema3b
ENSNFUG00015006454,cbx2
ENSNFUG00015007604,crtc3
ENSNFUG00015016291,rdm1
ENSNFUG00015000921,ugt8
ENSNFUG00015024178,fbln2
ENSNFUG00015022442,pde11a
ENSNFUG00015004294,echdc1
ENSNFUG00015025397,raver2
ENSNFUG00015017833,eif2b3
ENSNFUG00015024943,ogg1
ENSNFUG00015014923,exosc5
ENSNFUG00015005956,ecm2
ENSNFUG00015006841,rab5c
ENSNFUG00015009725,vopp1
ENSNFUG00015012616,scn2b
ENSNFUG00015024869,aes
ENSNFUG00015010717,etnppl
ENSNFUG00015019130,utp23
ENSNFUG00015018041,scara3
ENSNFUG00015013634,esrp1
ENSNFUG00015019288,smg9
ENSNFUG00015002840,sdad1
ENSNFUG00015012341,rcor2
ENSNFUG00015014852,plekha4
ENSNFUG00015005124,homer1
ENSNFUG00015003948,dennd5a
ENSNFUG00015017299,slc22a31
ENSNFUG00015020302,tmem179
ENSNFUG00015015764,adad1
ENSNFUG00015023630,taf5l
ENSNFUG00015021650,sema3e
ENSNFUG00015014018,polg
ENSNFUG00015014178,atp9b
ENSNFUG00015004716,bivm
ENSNFUG00015024420,swi5
ENSNFUG00015000236,prr14l
ENSNFUG00015010334,ramp1
ENSNFUG00015010413,fkbp11
ENSNFUG00015017955,tpcn2
ENSNFUG00015013442,rhpn2
ENSNFUG00015008408,ccdc109b
ENSNFUG00015016790,rundc3b
ENSNFUG00015012345,dot1l
ENSNFUG00015016175,st18
ENSNFUG00015020025,bahd1
ENSNFUG00015022507,pm20d1
ENSNFUG00015008968,wdr55
ENSNFUG00015008103,pgm1
ENSNFUG00015004693,camsap3
ENSNFUG00015019343,vamp8
ENSNFUG00015016167,znf365
ENSNFUG00015021299,got2
ENSNFUG00015021210,galnt10
ENSNFUG00015009049,nop58
ENSNFUG00015023206,btbd1
ENSNFUG00015021351,kcnq3
ENSNFUG00015008274,gpatch3
ENSNFUG00015002506,fgf2
ENSNFUG00015012130,cilp
ENSNFUG00015023377,stxbp6
ENSNFUG00015024841,appl2
ENSNFUG00015012939,plekha5
ENSNFUG00015001445,twist1
ENSNFUG00015012100,tacc1
ENSNFUG00015005986,bysl
ENSNFUG00015017381,limk2
ENSNFUG00015013389,cpne2
ENSNFUG00015016140,ankrd39
ENSNFUG00015014612,racgap1
ENSNFUG00015000967,bmp5
ENSNFUG00015024612,blk
ENSNFUG00015003125,lrsam1
ENSNFUG00015013295,smpx
ENSNFUG00015004334,elovl4
ENSNFUG00015015655,golm1
ENSNFUG00015020455,ercc4
ENSNFUG00015017697,slc46a3
ENSNFUG00015025287,ddah1
ENSNFUG00015021663,pgpep1
ENSNFUG00015005436,uckl1
ENSNFUG00015010220,mettl22
ENSNFUG00015024004,cdc37l1
ENSNFUG00015011507,tmtc1
ENSNFUG00015017178,fam193a
ENSNFUG00015024302,coq2
ENSNFUG00015019859,vps13d
ENSNFUG00015005714,ppl
ENSNFUG00015013227,coch
ENSNFUG00015008637,klc3
ENSNFUG00015007227,zbtb17
ENSNFUG00015007811,nudt22
ENSNFUG00015016042,nfatc1
ENSNFUG00015024212,col1a2
ENSNFUG00015000071,prss35
ENSNFUG00015006553,stom
ENSNFUG00015014024,pex14
ENSNFUG00015023388,scrn3
ENSNFUG00015015763,fmnl3
ENSNFUG00015008322,zbtb21
ENSNFUG00015017467,dda1
ENSNFUG00015013225,itgb1
ENSNFUG00015001733,mc1r
ENSNFUG00015011879,cygb
ENSNFUG00015023975,ano3
ENSNFUG00015010180,pld3
ENSNFUG00015013222,gcnt3
ENSNFUG00015011718,osbpl7
ENSNFUG00015006274,rab20
ENSNFUG00015018718,arsa
ENSNFUG00015002326,rlim
ENSNFUG00015023638,eps15
ENSNFUG00015007424,acadsb
ENSNFUG00015012316,myrfl
ENSNFUG00015013126,uhmk1
ENSNFUG00015017936,pmpca
ENSNFUG00015003526,tlk2
ENSNFUG00015007456,foxc1
ENSNFUG00015008950,zmat5
ENSNFUG00015005781,yes1
ENSNFUG00015011048,gjd3
ENSNFUG00015016246,aass
ENSNFUG00015014136,trmt13
ENSNFUG00015022877,shisa4
ENSNFUG00015013263,bbx
ENSNFUG00015012633,nlrx1
ENSNFUG00015015406,setd2
ENSNFUG00015000996,shc3
ENSNFUG00015022395,amigo1
ENSNFUG00015021124,tmem230
ENSNFUG00015015661,exosc8
ENSNFUG00015010355,dhx35
ENSNFUG00015019713,abcc8
ENSNFUG00015006644,kti12
ENSNFUG00015011397,setd9
ENSNFUG00015004078,zhx1
ENSNFUG00015005884,dgki
ENSNFUG00015014006,cpvl
ENSNFUG00015003970,xrcc3
ENSNFUG00015006969,ndufaf1
ENSNFUG00015012120,ino80c
ENSNFUG00015016928,aaas
ENSNFUG00015005627,phkg2
ENSNFUG00015021057,clcn3
ENSNFUG00015010746,mmp15
ENSNFUG00015009734,ckm
ENSNFUG00015008219,uvrag
ENSNFUG00015021905,lsm11
ENSNFUG00015007537,snx15
ENSNFUG00015024517,tmem184c
ENSNFUG00015011596,grin2b
ENSNFUG00015013531,blmh
ENSNFUG00015022007,axin2
ENSNFUG00015013676,slc35d3
ENSNFUG00015014573,ets1
ENSNFUG00015014007,wnt4
ENSNFUG00015006244,ptges
ENSNFUG00015014516,tuba4a
ENSNFUG00015024933,slc2a2
ENSNFUG00015015857,pdzrn4
ENSNFUG00015017672,irf7
ENSNFUG00015002627,rpusd1
ENSNFUG00015024924,shc2
ENSNFUG00015017778,rxrb
ENSNFUG00015021432,pccb
ENSNFUG00015015962,clip3
ENSNFUG00015001031,ostm1
ENSNFUG00015015296,rcc1
ENSNFUG00015006651,yap1
ENSNFUG00015002251,znf711
ENSNFUG00015020166,pacs1
ENSNFUG00015019301,thbs1
ENSNFUG00015017484,mphosph10
ENSNFUG00015017635,fosl2
ENSNFUG00015003816,mettl18
ENSNFUG00015020221,cap1
ENSNFUG00015001918,psen2
ENSNFUG00015021391,cdh8
ENSNFUG00015007051,phf10
ENSNFUG00015013680,vav2
ENSNFUG00015024814,dbx2
ENSNFUG00015008085,tbc1d7
ENSNFUG00015016680,dock3
ENSNFUG00015000432,stk40
ENSNFUG00015006307,engase
ENSNFUG00015016951,lrrc3c
ENSNFUG00015005088,igf2r
ENSNFUG00015005041,piga
ENSNFUG00015012047,nudcd3
ENSNFUG00015005232,tp53bp1
ENSNFUG00015021166,cnot8
ENSNFUG00015017674,chst11
ENSNFUG00015005924,tango2
ENSNFUG00015004540,asun
ENSNFUG00015000280,nkd1
ENSNFUG00015001025,ndufa1
ENSNFUG00015006099,nicn1
ENSNFUG00015022281,pde6d
ENSNFUG00015016515,ufm1
ENSNFUG00015010651,xkr9
ENSNFUG00015019784,lpar1
ENSNFUG00015008864,eif2b5
ENSNFUG00015007954,znf385a
ENSNFUG00015002205,gse1
ENSNFUG00015006098,hpse
ENSNFUG00015022751,sdr39u1
ENSNFUG00015022354,spire2
ENSNFUG00015017899,grid2
ENSNFUG00015012784,fabp6
ENSNFUG00015013803,hvcn1
ENSNFUG00015010230,hao1
ENSNFUG00015008751,plcb4
ENSNFUG00015024878,qrich1
ENSNFUG00015016067,orai2
ENSNFUG00015022384,vwa5b2
ENSNFUG00015024946,ddx59
ENSNFUG00015024730,klhl23
ENSNFUG00015016728,pfdn1
ENSNFUG00015024370,tcf21
ENSNFUG00015008586,tmub1
ENSNFUG00015003061,srf
ENSNFUG00015004336,kirrel3
ENSNFUG00015017413,rpf2
ENSNFUG00015015431,gng13
ENSNFUG00015024864,cntn3
ENSNFUG00015023625,slc25a12
ENSNFUG00015005831,itch
ENSNFUG00015018373,runx1t1
ENSNFUG00015001654,ythdc2
ENSNFUG00015004884,pkp1
ENSNFUG00015025209,snx13
ENSNFUG00015010941,mbnl1
ENSNFUG00015005291,plekhd1
ENSNFUG00015012555,pwwp2a
ENSNFUG00015006488,capzb
ENSNFUG00015017761,zfhx4
ENSNFUG00015009453,prkx
ENSNFUG00015006046,tnfrsf11b
ENSNFUG00015010698,rbm20
ENSNFUG00015004695,mrps18a
ENSNFUG00015009643,ca7
ENSNFUG00015008056,pik3c2b
ENSNFUG00015022317,gabarapl2
ENSNFUG00015000945,hacl1
ENSNFUG00015013483,lcmt1
ENSNFUG00015000920,ugcg
ENSNFUG00015013465,pik3r6
ENSNFUG00015018593,sost
ENSNFUG00015007613,adamtsl5
ENSNFUG00015008978,emp2
ENSNFUG00015023117,cdh2
ENSNFUG00015013335,bnc1
ENSNFUG00015007701,surf1
ENSNFUG00015016158,man2a2
ENSNFUG00015008300,nhsl2
ENSNFUG00015013305,mrpl36
ENSNFUG00015002304,npnt
ENSNFUG00015006315,gmpr2
ENSNFUG00015018840,elac1
ENSNFUG00015005638,rdh13
ENSNFUG00015024364,med1
ENSNFUG00015016700,c1qtnf7
ENSNFUG00015006520,rasgrf1
ENSNFUG00015017093,asxl1
ENSNFUG00015011884,sestd1
ENSNFUG00015022710,pex19
ENSNFUG00015014450,atf6b
ENSNFUG00015012363,trmt61b
ENSNFUG00015003216,aplp1
ENSNFUG00015025137,cacul1
ENSNFUG00015008845,ubash3b
ENSNFUG00015016817,snap29
ENSNFUG00015013875,cfap52
ENSNFUG00015007147,arnt2
ENSNFUG00015018476,tbc1d10a
ENSNFUG00015010368,sema7a
ENSNFUG00015023475,tmem241
ENSNFUG00015009013,mto1
ENSNFUG00015010384,ikzf4
ENSNFUG00015020143,gabbr2
ENSNFUG00015023696,yjefn3
ENSNFUG00015008833,tradd
ENSNFUG00015002957,ankrd13d
ENSNFUG00015013109,megf10
ENSNFUG00015024421,etaa1
ENSNFUG00015000324,eri2
ENSNFUG00015003442,dcc
ENSNFUG00015008385,tpgs2
ENSNFUG00015013691,igflr1
ENSNFUG00015023371,cntn1
ENSNFUG00015001522,fstl5
ENSNFUG00015023242,abl2
ENSNFUG00015014203,dbt
ENSNFUG00015023929,rnf6
ENSNFUG00015009804,st8sia2
ENSNFUG00015016597,cthrc1
ENSNFUG00015021699,hand1
ENSNFUG00015022591,zhx1
ENSNFUG00015015893,zcrb1
ENSNFUG00015013565,slc45a2
ENSNFUG00015019423,otud3
ENSNFUG00015001556,sdhaf4
ENSNFUG00015022060,cep85
ENSNFUG00015009555,pop1
ENSNFUG00015007747,dopey2
ENSNFUG00015001909,kcnk18
ENSNFUG00015014352,stk17b
ENSNFUG00015011051,dhrs12
ENSNFUG00015020662,slc46a2
ENSNFUG00015017419,exoc4
ENSNFUG00015022534,ppp1r16b
ENSNFUG00015010067,tmcc3
ENSNFUG00015015687,pqlc2
ENSNFUG00015015666,rasd1
ENSNFUG00015012427,zdhhc9
ENSNFUG00015016630,ttc32
ENSNFUG00015012099,bag1
ENSNFUG00015002301,vps18
ENSNFUG00015011487,mapkapk5
ENSNFUG00015015809,smo
ENSNFUG00015014028,snrpd1
ENSNFUG00015001435,sirt7
ENSNFUG00015021230,pcsk9
ENSNFUG00015013907,ptar1
ENSNFUG00015004416,slc9a5
ENSNFUG00015005160,bnc2
ENSNFUG00015010515,actr10
ENSNFUG00015021898,thg1l
ENSNFUG00015009680,rqcd1
ENSNFUG00015006266,gmeb2
ENSNFUG00015002721,prss35
ENSNFUG00015006138,mast4
ENSNFUG00015005800,metrn
ENSNFUG00015004905,cacng4
ENSNFUG00015016656,rhbdl3
ENSNFUG00015009615,blvra
ENSNFUG00015001381,nudt9
ENSNFUG00015014642,runx3
ENSNFUG00015020833,rnf139
ENSNFUG00015025063,inpp5f
ENSNFUG00015023815,nfatc2
ENSNFUG00015018216,tbc1d8b
ENSNFUG00015005728,mthfr
ENSNFUG00015001612,znf532
ENSNFUG00015016874,nup153
ENSNFUG00015024706,kansl1
ENSNFUG00015007154,tfb2m
ENSNFUG00015022629,znf276
ENSNFUG00015022370,vps4a
ENSNFUG00015009588,pax3
ENSNFUG00015024977,glt1d1
ENSNFUG00015016093,twsg1
ENSNFUG00015023409,klhl36
ENSNFUG00015018291,fez1
ENSNFUG00015019995,tnfsf10
ENSNFUG00015016536,gtf3c1
ENSNFUG00015020766,kxd1
ENSNFUG00015002989,card11
ENSNFUG00015024736,urm1
ENSNFUG00015021634,coq6
ENSNFUG00015006508,nbl1
ENSNFUG00015010810,slc1a5
ENSNFUG00015012920,exosc1
ENSNFUG00015005544,serpinf1
ENSNFUG00015008328,colec12
ENSNFUG00015017576,dbn1
ENSNFUG00015008220,fancm
ENSNFUG00015002566,pou3f4
ENSNFUG00015012592,hsd17b4
ENSNFUG00015001727,neurl4
ENSNFUG00015008261,dlk1
ENSNFUG00015005741,colec12
ENSNFUG00015018766,chkb
ENSNFUG00015022191,eml3
ENSNFUG00015018572,slc35f6
ENSNFUG00015024029,etv5
ENSNFUG00015007396,fign
ENSNFUG00015013560,abhd2
ENSNFUG00015009290,tlr7
ENSNFUG00015021891,gramd1c
ENSNFUG00015002632,kdm5a
ENSNFUG00015013168,tasp1
ENSNFUG00015018705,atxn1l
ENSNFUG00015009268,flrt2
ENSNFUG00015010031,xkr4
ENSNFUG00015019240,csnk1e
ENSNFUG00015003841,polr2i
ENSNFUG00015021658,timm10b
ENSNFUG00015012820,p2rx3
ENSNFUG00015006341,rbm27
ENSNFUG00015018316,pik3c2g
ENSNFUG00015018016,rpl7l1
ENSNFUG00015010898,spcs2
ENSNFUG00015005889,acsf3
ENSNFUG00015023960,synpr
ENSNFUG00015011633,etv1
ENSNFUG00015002405,tmem98
ENSNFUG00015006687,rnf40
ENSNFUG00015021255,sec22c
ENSNFUG00015007881,map9
ENSNFUG00015007689,bcl9
ENSNFUG00015013523,pik3r5
ENSNFUG00015003598,fkbp1b
ENSNFUG00015016123,disp2
ENSNFUG00015018414,wls
ENSNFUG00015017365,il1rapl1
ENSNFUG00015002932,tbc1d13
ENSNFUG00015022229,mlh3
ENSNFUG00015012647,arap1
ENSNFUG00015011897,pif1
ENSNFUG00015001580,alpk2
ENSNFUG00015009889,wipi1
ENSNFUG00015003326,sprtn
ENSNFUG00015013734,cebpz
ENSNFUG00015013182,mbnl2
ENSNFUG00015018261,zc3h12d
ENSNFUG00015006136,mgat4c
ENSNFUG00015006691,specc1
ENSNFUG00015008487,rlf
ENSNFUG00015021763,hdc
ENSNFUG00015005521,pot1
ENSNFUG00015019165,gpx2
ENSNFUG00015013105,sema5b
ENSNFUG00015001318,ubl5
ENSNFUG00015023650,bsg
ENSNFUG00015006949,ccdc151
ENSNFUG00015018716,btc
ENSNFUG00015018948,cpsf7
ENSNFUG00015009985,mettl6
ENSNFUG00015006710,trim54
ENSNFUG00015012388,ace
ENSNFUG00015006909,znf512
ENSNFUG00015016963,capn3
ENSNFUG00015006418,atpaf1
ENSNFUG00015022414,srpk3
ENSNFUG00015007962,tmem65
ENSNFUG00015009180,glrx5
ENSNFUG00015005653,dhrsx
ENSNFUG00015016183,polr3h
ENSNFUG00015014045,baz2a
ENSNFUG00015010289,zzz3
ENSNFUG00015005365,slc39a9
ENSNFUG00015004969,raly
ENSNFUG00015006709,slc4a2
ENSNFUG00015024929,dact2
ENSNFUG00015010719,nhlrc2
ENSNFUG00015005506,mak16
ENSNFUG00015017384,ppat
ENSNFUG00015024049,wfdc1
ENSNFUG00015000906,mocs2
ENSNFUG00015015132,sav1
ENSNFUG00015018872,b9d1
ENSNFUG00015022989,csk
ENSNFUG00015007420,glce
ENSNFUG00015017368,fam83h
ENSNFUG00015003754,mfhas1
ENSNFUG00015008490,znf593
ENSNFUG00015012790,ccnjl
ENSNFUG00015020254,bbs9
ENSNFUG00015002255,hic1
ENSNFUG00015001835,ccbe1
ENSNFUG00015000646,apbb1
ENSNFUG00015023420,stxbp5l
ENSNFUG00015019851,snupn
ENSNFUG00015000514,gria2
ENSNFUG00015021858,nr2c2
ENSNFUG00015019054,arhgap5
ENSNFUG00015019012,etv6
ENSNFUG00015016234,dag1
ENSNFUG00015005679,fermt1
ENSNFUG00015002769,slc7a9
ENSNFUG00015018535,marveld1
ENSNFUG00015016583,anks6
ENSNFUG00015021134,zfc3h1
ENSNFUG00015022966,tpo
ENSNFUG00015008601,ldlrad4
ENSNFUG00015016576,dnajc27
ENSNFUG00015017908,ptch2
ENSNFUG00015011445,noc4l
ENSNFUG00015006671,sgta
ENSNFUG00015006014,ubiad1
ENSNFUG00015007316,scarb1
ENSNFUG00015007581,adamts3
ENSNFUG00015007218,kcnh7
ENSNFUG00015011360,kif21b
ENSNFUG00015009274,vbp1
ENSNFUG00015015510,mutyh
ENSNFUG00015021623,axin2
ENSNFUG00015001274,mxd3
ENSNFUG00015019324,nudt7
ENSNFUG00015014209,leng1
ENSNFUG00015001626,tmem88b
ENSNFUG00015019191,chmp3
ENSNFUG00015019462,sgcg
ENSNFUG00015022586,scaf8
ENSNFUG00015020521,cdadc1
ENSNFUG00015016987,pex11g
ENSNFUG00015015087,clic4
ENSNFUG00015018945,rsph3
ENSNFUG00015014495,cbfb
ENSNFUG00015025344,usp1
ENSNFUG00015014166,lrrc39
ENSNFUG00015007865,tmem9
ENSNFUG00015018702,nxnl2
ENSNFUG00015009864,fbxo4
ENSNFUG00015012107,vrk1
ENSNFUG00015000338,spock1
ENSNFUG00015016130,polr3a
ENSNFUG00015018813,zc2hc1a
ENSNFUG00015009051,ppp1r16a
ENSNFUG00015023191,tm2d3
ENSNFUG00015017247,nrbp1
ENSNFUG00015009091,fbxo28
ENSNFUG00015023536,anapc13
ENSNFUG00015003507,isoc2
ENSNFUG00015002677,iffo1
ENSNFUG00015020763,scml4
ENSNFUG00015024066,meis2
ENSNFUG00015006260,pgam5
ENSNFUG00015002971,ust
ENSNFUG00015020029,tpgs1
ENSNFUG00015022867,inf2
ENSNFUG00015020501,ndufb9
ENSNFUG00015012375,utp6
ENSNFUG00015025321,fam222a
ENSNFUG00015011632,bloc1s6
ENSNFUG00015019386,gse1
ENSNFUG00015001777,csrp2bp
ENSNFUG00015015707,iscu
ENSNFUG00015021406,timm17b
ENSNFUG00015004405,anks1b
ENSNFUG00015022441,pex11b
ENSNFUG00015002011,paf1
ENSNFUG00015002869,fbln1
ENSNFUG00015000661,grik3
ENSNFUG00015018670,lrrtm4
ENSNFUG00015019145,tmem59l
ENSNFUG00015001100,rad1
ENSNFUG00015018150,igdcc3
ENSNFUG00015021580,hscb
ENSNFUG00015002465,ltbp1
ENSNFUG00015023320,tox
ENSNFUG00015019684,ntng2
ENSNFUG00015015265,grik5
ENSNFUG00015012591,b3gntl1
ENSNFUG00015008539,agrn
ENSNFUG00015016691,smurf2
ENSNFUG00015014186,tnr
ENSNFUG00015011821,frrs1l
ENSNFUG00015024390,ttc34
ENSNFUG00015019854,aldh1l2
ENSNFUG00015010267,manba
ENSNFUG00015022428,ngrn
ENSNFUG00015000452,mettl16
ENSNFUG00015013407,lix1l
ENSNFUG00015017954,fam107b
ENSNFUG00015024362,slc2a12
ENSNFUG00015004533,sptssb
ENSNFUG00015012765,egr1
ENSNFUG00015018576,glrx3
ENSNFUG00015019677,nmnat3
ENSNFUG00015021474,anks3
ENSNFUG00015005619,lpcat4
ENSNFUG00015007700,chpf2
ENSNFUG00015023994,ak3
ENSNFUG00015016302,snai2
ENSNFUG00015011763,scfd2
ENSNFUG00015011984,acadvl
ENSNFUG00015022190,chd9
ENSNFUG00015019969,oxtr
ENSNFUG00015021110,igsf9b
ENSNFUG00015018947,rnaseh2a
ENSNFUG00015015061,msh5
ENSNFUG00015023593,commd1
ENSNFUG00015005419,map4k2
ENSNFUG00015022958,sorbs3
ENSNFUG00015003546,fam222b
ENSNFUG00015013501,ndufaf7
ENSNFUG00015020298,prelp
ENSNFUG00015013621,dtymk
ENSNFUG00015013419,sf3b4
ENSNFUG00015013402,tollip
ENSNFUG00015019326,spsb4
ENSNFUG00015003506,mut
ENSNFUG00015020641,nab2
ENSNFUG00015008749,htatsf1
ENSNFUG00015015753,pcbd1
ENSNFUG00015013683,pex7
ENSNFUG00015013300,ndufs6
ENSNFUG00015013791,stx8
ENSNFUG00015023658,gtf2e1
ENSNFUG00015004613,lrrc8a
ENSNFUG00015020314,deaf1
ENSNFUG00015016772,ssr3
ENSNFUG00015013932,hapln3
ENSNFUG00015018458,nfkbil1
ENSNFUG00015010374,nudt17
ENSNFUG00015006780,hif1an
ENSNFUG00015009235,blcap
ENSNFUG00015023411,stk19
ENSNFUG00015017035,gpr141
ENSNFUG00015017565,dio2
ENSNFUG00015022059,wdr37
ENSNFUG00015019362,pde4d
ENSNFUG00015021447,rnf19b
ENSNFUG00015022415,siva1
ENSNFUG00015016703,herpud2
ENSNFUG00015003811,lancl1
ENSNFUG00015025282,znhit6
ENSNFUG00015022750,mbnl2
ENSNFUG00015015819,kifc1
ENSNFUG00015019706,cntfr
ENSNFUG00015020081,march2
ENSNFUG00015005326,ttll1
ENSNFUG00015004973,dpt
ENSNFUG00015019176,lrch4
ENSNFUG00015007410,rybp
ENSNFUG00015000856,smim20
ENSNFUG00015005835,pik3cb
ENSNFUG00015008838,cwc27
ENSNFUG00015011140,pid1
ENSNFUG00015007925,rem1
ENSNFUG00015007150,sike1
ENSNFUG00015020351,nmur1
ENSNFUG00015024555,lca5
ENSNFUG00015018639,jtb
ENSNFUG00015018167,strn
ENSNFUG00015010446,polr2m
ENSNFUG00015015995,zbtb11
ENSNFUG00015002800,mtg1
ENSNFUG00015021772,scrt1
ENSNFUG00015010454,lrfn5
ENSNFUG00015011277,mtg1
ENSNFUG00015006726,ttc38
ENSNFUG00015020931,rhbdd3
ENSNFUG00015007385,pex10
ENSNFUG00015001028,mamdc2
ENSNFUG00015002738,ibtk
ENSNFUG00015010119,fgd6
ENSNFUG00015019818,letmd1
ENSNFUG00015001762,noa1
ENSNFUG00015017501,rnaseh2b
ENSNFUG00015022807,ipo9
ENSNFUG00015018172,crb1
ENSNFUG00015024778,g6pc3
ENSNFUG00015014397,hsf4
ENSNFUG00015003923,osbpl11
ENSNFUG00015019751,vamp4
ENSNFUG00015010408,cdc40
ENSNFUG00015007190,itm2b
ENSNFUG00015014476,llgl2
ENSNFUG00015013073,gpr19
ENSNFUG00015005033,lgr6
ENSNFUG00015016394,arhgap39
ENSNFUG00015014492,cacna2d1
ENSNFUG00015015302,acaa2
ENSNFUG00015003891,mroh1
ENSNFUG00015021502,nol10
ENSNFUG00015020389,vstm2l
ENSNFUG00015024560,astn1
ENSNFUG00015019569,brf2
ENSNFUG00015022295,mrpl9
ENSNFUG00015015889,slc4a5
ENSNFUG00015019074,lcat
ENSNFUG00015020274,znf622
ENSNFUG00015009072,hibch
ENSNFUG00015003945,tshz1
ENSNFUG00015005495,sbno2
ENSNFUG00015001181,sytl4
ENSNFUG00015003283,ccdc96
ENSNFUG00015018620,sgsm3
ENSNFUG00015016665,atf7ip
ENSNFUG00015014154,gnas
ENSNFUG00015004566,tm9sf1
ENSNFUG00015001741,dhrs7b
ENSNFUG00015001188,tmem200a
ENSNFUG00015019157,ssbp4
ENSNFUG00015012029,ccne2
ENSNFUG00015012551,pitpnc1
ENSNFUG00015016753,ogfr
ENSNFUG00015010992,pcdh9
ENSNFUG00015018331,reln
ENSNFUG00015012136,ksr2
ENSNFUG00015013899,cdh18
ENSNFUG00015022463,adarb2
ENSNFUG00015017699,phrf1
ENSNFUG00015007676,tmem150a
ENSNFUG00015016421,comp
ENSNFUG00015016090,gatad2b
ENSNFUG00015009251,podxl2
ENSNFUG00015019359,kcnq4
ENSNFUG00015016506,anp32e
ENSNFUG00015010789,pick1
ENSNFUG00015022214,slc2a5
ENSNFUG00015012502,srrm3
ENSNFUG00015012133,slc25a29
ENSNFUG00015015006,cops8
ENSNFUG00015013408,dock9
ENSNFUG00015003548,rab23
ENSNFUG00015023278,kctd15
ENSNFUG00015017676,ampd1
ENSNFUG00015015413,ttyh1
ENSNFUG00015001513,ndufaf5
ENSNFUG00015017344,gatad1
ENSNFUG00015017966,appl1
ENSNFUG00015009480,ift88
ENSNFUG00015022610,dcakd
ENSNFUG00015009225,ubxn6
ENSNFUG00015018017,epha2
ENSNFUG00015001125,il1rapl1
ENSNFUG00015017848,ccser1
ENSNFUG00015014281,crnkl1
ENSNFUG00015025048,b3galt1
ENSNFUG00015008651,vwa9
ENSNFUG00015019966,kiaa1456
ENSNFUG00015016342,acer1
ENSNFUG00015010727,tmem115
ENSNFUG00015009257,fblim1
ENSNFUG00015021175,mfap3
ENSNFUG00015009482,wdr18
ENSNFUG00015006075,rbm15b
ENSNFUG00015010162,ctsa
ENSNFUG00015014118,pxmp2
ENSNFUG00015018255,nelfb
ENSNFUG00015021127,mmp2
ENSNFUG00015024846,tbxa2r
ENSNFUG00015019736,mtmr14
ENSNFUG00015010106,shoc2
ENSNFUG00015008191,slc35e2b
ENSNFUG00015022859,nedd9
ENSNFUG00015006171,col18a1
ENSNFUG00015010944,rfx2
ENSNFUG00015001711,dcp2
ENSNFUG00015000145,slc6a20
ENSNFUG00015012956,zc3h15
ENSNFUG00015002030,fut11
ENSNFUG00015000853,mgat4b
ENSNFUG00015002374,inha
ENSNFUG00015010256,stra6
ENSNFUG00015000043,casp3
ENSNFUG00015016547,p2rx5
ENSNFUG00015024937,trpm5
ENSNFUG00015023979,otop1
ENSNFUG00015015497,angptl7
ENSNFUG00015008797,ajap1
ENSNFUG00015020788,slc45a1
ENSNFUG00015004742,nmrk2
ENSNFUG00015023337,fam196a
ENSNFUG00015018470,loxl4
ENSNFUG00015010978,pou4f1
ENSNFUG00015001474,slitrk6
ENSNFUG00015005170,pcdh8
ENSNFUG00015011327,adrb1
ENSNFUG00015025238,emx2
ENSNFUG00015020453,opn5
ENSNFUG00015009203,nrap
ENSNFUG00015006595,tbx4
ENSNFUG00015012093,plbd1
ENSNFUG00015007531,dusp22
ENSNFUG00015010035,prdm14
ENSNFUG00015020333,gad2
ENSNFUG00015011845,gsx2
ENSNFUG00015004917,cacng2
ENSNFUG00015004787,p3h4
ENSNFUG00015012224,vwa2
ENSNFUG00015016670,prdm13
ENSNFUG00015006800,rapsn
ENSNFUG00015006101,s1pr1
ENSNFUG00015007958,chat
ENSNFUG00015001837,gja3
ENSNFUG00015002603,hsd17b1
ENSNFUG00015008174,tmem82
ENSNFUG00015019792,clec3a
ENSNFUG00015018989,tfap2a
ENSNFUG00015008600,wnt10b
ENSNFUG00015007656,chat
ENSNFUG00015022242,tnfaip6
ENSNFUG00015014939,srrm4
ENSNFUG00015014310,egflam
ENSNFUG00015002537,six3
ENSNFUG00015007870,ephx4
ENSNFUG00015002797,sprn
ENSNFUG00015000312,dctn6
ENSNFUG00015012793,tatdn2
ENSNFUG00015004077,phox2a
ENSNFUG00015005573,amigo1
ENSNFUG00015012906,asb15
ENSNFUG00015009580,lamp5
ENSNFUG00015021648,nfasc
ENSNFUG00015000900,tfap2b
ENSNFUG00015003310,sez6l2
ENSNFUG00015014648,npr3
ENSNFUG00015018695,phf24
ENSNFUG00015022841,rasl10a
ENSNFUG00015010405,pou1f1
ENSNFUG00015005937,spic
ENSNFUG00015000515,gpr149
ENSNFUG00015010812,kcnj10
ENSNFUG00015024429,march9
ENSNFUG00015018360,cnnm1
ENSNFUG00015014874,gapdh
ENSNFUG00015015692,insm2
ENSNFUG00015017055,hspb11
ENSNFUG00015012921,lsm14b
ENSNFUG00015007006,htr2a
ENSNFUG00015021549,kcnh4
ENSNFUG00015006282,tmeff2
ENSNFUG00015008177,grhl3
ENSNFUG00015024819,ren
ENSNFUG00015023801,rprm
ENSNFUG00015024570,dmrta2
ENSNFUG00015002857,tmem72
ENSNFUG00015006119,guca1a
ENSNFUG00015006406,ribc1
ENSNFUG00015002207,cpo
ENSNFUG00015020288,aff3
ENSNFUG00015004529,myadml2
ENSNFUG00015009789,nefl
ENSNFUG00015012682,slitrk2
ENSNFUG00015017768,tph2
ENSNFUG00015022150,zar1
ENSNFUG00015011538,cnih2
ENSNFUG00015018028,hunk
ENSNFUG00015004331,slc24a1
ENSNFUG00015014791,slc24a5
ENSNFUG00015003261,rab15
ENSNFUG00015023047,hcn2
ENSNFUG00015006456,capn6
ENSNFUG00015002528,tmem266
ENSNFUG00015023622,grem2
ENSNFUG00015010742,svopl
ENSNFUG00015006526,pou6f2
ENSNFUG00015006337,col9a2
ENSNFUG00015015124,gmpr
ENSNFUG00015002625,lypd6
ENSNFUG00015003625,clcf1
ENSNFUG00015010168,smim18
ENSNFUG00015008444,hcn4
ENSNFUG00015019382,cdh20
ENSNFUG00015009760,twist2
ENSNFUG00015018553,ccno
ENSNFUG00015007933,esrrg
ENSNFUG00015000544,amigo2
ENSNFUG00015025188,morn5
ENSNFUG00015022986,plcb2
ENSNFUG00015021102,slc35f4
ENSNFUG00015008461,megf11
ENSNFUG00015013129,fibcd1
ENSNFUG00015024500,gpbar1
ENSNFUG00015011464,cldn1
ENSNFUG00015017423,rag1
ENSNFUG00015018448,mpped1
ENSNFUG00015010359,islr2
ENSNFUG00015015562,lmod3
ENSNFUG00015004441,tmem229a
ENSNFUG00015010722,eya1
ENSNFUG00015024488,chrna1
ENSNFUG00015024435,dbh
ENSNFUG00015004189,slc5a8
ENSNFUG00015001460,npb
ENSNFUG00015014731,gata2
ENSNFUG00015006917,fbln7
ENSNFUG00015000227,st8sia3
ENSNFUG00015021181,mpz
ENSNFUG00015009296,doc2a
ENSNFUG00015008339,ccna1
ENSNFUG00015014326,cct4
ENSNFUG00015006304,sucnr1
ENSNFUG00015024715,panx2
ENSNFUG00015006562,nell1
ENSNFUG00015007736,crybb3
ENSNFUG00015023928,cyyr1
ENSNFUG00015000348,dmrta1
ENSNFUG00015001573,en1
ENSNFUG00015015041,nlgn1
ENSNFUG00015012927,kif5b
ENSNFUG00015023359,chn1
ENSNFUG00015017813,gabrb1
ENSNFUG00015001093,kcnip2
ENSNFUG00015019030,mgat5b
ENSNFUG00015007166,bmp15
ENSNFUG00015009809,sox14
ENSNFUG00015009424,adra2a
ENSNFUG00015013768,fezf2
ENSNFUG00015001613,xkr6
ENSNFUG00015020616,stac2
ENSNFUG00015007351,lrtm1
ENSNFUG00015019772,barx1
ENSNFUG00015013169,hs6st3
ENSNFUG00015020891,dnali1
ENSNFUG00015000591,ppm1k
ENSNFUG00015015368,ace
ENSNFUG00015017436,lhx6
ENSNFUG00015008570,tmem233
ENSNFUG00015012995,sult4a1
ENSNFUG00015009940,rdh5
ENSNFUG00015002037,dlx3
ENSNFUG00015022114,ociad2
ENSNFUG00015017121,cldn2
ENSNFUG00015012247,foxd1
ENSNFUG00015007625,rasgrf1
ENSNFUG00015000546,elfn1
ENSNFUG00015013557,nkpd1
ENSNFUG00015018728,syt10
ENSNFUG00015023692,cilp2
ENSNFUG00015024830,grxcr2
ENSNFUG00015022476,ocstamp
ENSNFUG00015023328,znf385c
ENSNFUG00015021875,drd3
ENSNFUG00015001306,unc119
ENSNFUG00015010787,fbxl22
ENSNFUG00015003173,cnfn
ENSNFUG00015016994,npy
ENSNFUG00015010764,npas1
ENSNFUG00015003537,kbtbd11
ENSNFUG00015016673,vsx2
ENSNFUG00015004910,slc4a5
ENSNFUG00015008076,ndp
ENSNFUG00015016807,rgs9bp
ENSNFUG00015021807,tkt
ENSNFUG00015000844,nxph3
ENSNFUG00015002104,cdk5r1
ENSNFUG00015004694,cxcr5
ENSNFUG00015003890,crhbp
ENSNFUG00015019671,nmnat3
ENSNFUG00015005176,lect1
ENSNFUG00015012173,rgs20
ENSNFUG00015018924,bend7
ENSNFUG00015020605,vwa7
ENSNFUG00015024339,pnmt
ENSNFUG00015001491,slitrk1
ENSNFUG00015006146,lhfpl3
ENSNFUG00015025444,tmprss9
ENSNFUG00015007443,elavl3
ENSNFUG00015017642,rd3
ENSNFUG00015000465,proca1
ENSNFUG00015020615,myo3a
ENSNFUG00015020757,lmo1
ENSNFUG00015005398,kcnj15
ENSNFUG00015021744,kbtbd12
ENSNFUG00015001468,slitrk5
ENSNFUG00015025439,ctxn1
ENSNFUG00015002398,cxxc4
ENSNFUG00015011286,cnga4
ENSNFUG00015010424,chad
ENSNFUG00015000780,cabp4
ENSNFUG00015009595,bhlha9
ENSNFUG00015024512,sp5
ENSNFUG00015003949,mafg
ENSNFUG00015009807,pgam2
ENSNFUG00015009213,palmd
ENSNFUG00015018223,fam163a
ENSNFUG00015017428,rag2
ENSNFUG00015013432,mgat5b
ENSNFUG00015003218,gpr176
ENSNFUG00015013640,adgra1
ENSNFUG00015015646,bmp10
ENSNFUG00015001628,cplx4
ENSNFUG00015016343,grpel1
ENSNFUG00015021626,ngb
ENSNFUG00015010016,mos
ENSNFUG00015023810,kcng1
ENSNFUG00015006906,bhlhe22
ENSNFUG00015024360,pdzrn4
ENSNFUG00015008006,tbx15
ENSNFUG00015012641,fgf3
ENSNFUG00015011639,gng3
ENSNFUG00015024351,slc15a5
ENSNFUG00015022653,ldhb
ENSNFUG00015003991,myod1
ENSNFUG00015009272,tmem82
ENSNFUG00015023096,tac1
ENSNFUG00015020997,ccdc3
ENSNFUG00015025428,nexn
ENSNFUG00015019991,adamtsl2
ENSNFUG00015024856,c2cd4c
ENSNFUG00015002458,tshr
ENSNFUG00015010993,crybb3
ENSNFUG00015001933,slc2a4
ENSNFUG00015009667,rbm24
ENSNFUG00015020962,scgn
ENSNFUG00015006376,best2
ENSNFUG00015019947,cav3
ENSNFUG00015015083,lsm14b
ENSNFUG00015002748,rgs9bp
ENSNFUG00015000649,mme
ENSNFUG00015007979,fam181b
ENSNFUG00015022282,matn1
ENSNFUG00015011455,hes4
ENSNFUG00015019754,musk
ENSNFUG00015002993,rspo2
ENSNFUG00015022690,prok1
ENSNFUG00015020266,il10
ENSNFUG00015004658,kcnj5
ENSNFUG00015001064,nox1
ENSNFUG00015006003,fabp6
ENSNFUG00015007783,fabp2
ENSNFUG00015012441,slc12a1
ENSNFUG00015018449,ankdd1b
ENSNFUG00015021938,card14
ENSNFUG00015023097,mep1b
ENSNFUG00015023891,hes2
ENSNFUG00015008159,lrrtm4
ENSNFUG00015022755,tmem136
ENSNFUG00015001535,tusc5
ENSNFUG00015014776,vamp1
ENSNFUG00015006009,chrna7
ENSNFUG00015005898,adcyap1
ENSNFUG00015003604,mfsd2b
ENSNFUG00015011614,c2cd4c
ENSNFUG00015023230,tm6sf1
ENSNFUG00015003454,rab38
ENSNFUG00015023399,ola1
ENSNFUG00015020722,tmem229b
ENSNFUG00015021829,fndc9
ENSNFUG00015002023,pcdh20
ENSNFUG00015004455,b3galt1
ENSNFUG00015014355,kcnn2
ENSNFUG00015017544,bdnf
ENSNFUG00015020193,pou3f1
ENSNFUG00015010541,nfia
ENSNFUG00015021488,rhbdl1
ENSNFUG00015017334,col8a1
ENSNFUG00015018201,nphs2
ENSNFUG00015003600,tyr
ENSNFUG00015016370,sp7
ENSNFUG00015021720,entpd5
ENSNFUG00015004067,csrp3
ENSNFUG00015023062,vax2
ENSNFUG00015013632,hspb6
ENSNFUG00015006674,tmem41a
ENSNFUG00015014721,ctxn2
ENSNFUG00015002252,srl
ENSNFUG00015001189,tmem244
ENSNFUG00015011501,spdef
ENSNFUG00015023394,sp9
ENSNFUG00015017040,klhl14
ENSNFUG00015015055,inhbb
ENSNFUG00015020000,avpr2
ENSNFUG00015024889,hmx2
ENSNFUG00015011599,tmie
ENSNFUG00015013857,pde6c
ENSNFUG00015003186,ramp1
ENSNFUG00015016199,stac3
ENSNFUG00015012552,asb10
ENSNFUG00015003823,cldn20
ENSNFUG00015012693,esrrb
ENSNFUG00015005119,tmem174
ENSNFUG00015006118,dbnl
ENSNFUG00015008343,sertm1
ENSNFUG00015018654,rs1
ENSNFUG00015011130,olig2
ENSNFUG00015019619,gpat4
ENSNFUG00015011740,wnt3a
ENSNFUG00015005940,aspn
ENSNFUG00015010497,ky
ENSNFUG00015018050,myf6
ENSNFUG00015018047,myf5
ENSNFUG00015013292,klhl34
ENSNFUG00015011236,hapln2
ENSNFUG00015015851,myog
ENSNFUG00015022399,chrng
ENSNFUG00015006006,fgf6
ENSNFUG00015020358,adprhl1
ENSNFUG00015013863,neurl2
ENSNFUG00015000890,esrrb
ENSNFUG00015024018,tp73
ENSNFUG00015012554,gbx1
ENSNFUG00015023024,itih6
ENSNFUG00015004467,fitm1
ENSNFUG00015018687,map3k7cl
ENSNFUG00015008161,lrrtm4
ENSNFUG00015025131,atoh7
ENSNFUG00015021883,nxph4
ENSNFUG00015005068,tmem100
ENSNFUG00015006448,oprk1
ENSNFUG00015008112,ninj2
ENSNFUG00015003015,nfia
ENSNFUG00015023232,slc6a1
ENSNFUG00015023589,fgf22
ENSNFUG00015007141,htr6
ENSNFUG00015024712,mlc1
ENSNFUG00015020625,cdcp2
ENSNFUG00015016268,sntg1
ENSNFUG00015002222,cryba4
ENSNFUG00015009436,hexa
ENSNFUG00015022155,rnf180
ENSNFUG00015004866,grpr
ENSNFUG00015020591,pax9
ENSNFUG00015010858,s100z
ENSNFUG00015013524,lrrtm2
ENSNFUG00015012137,myoc
ENSNFUG00015001032,arl13a
ENSNFUG00015022870,wnt10a
ENSNFUG00015023453,nxph1
ENSNFUG00015005900,gfpt1
ENSNFUG00015007839,bnip3
ENSNFUG00015003365,atp13a1
ENSNFUG00015019537,gfi1
ENSNFUG00015025343,kank4
ENSNFUG00015000785,lonrf1
ENSNFUG00015014022,srsf6
ENSNFUG00015006057,oser1
ENSNFUG00015009154,jmjd8
ENSNFUG00015019705,kif5b
ENSNFUG00015017620,faap24
ENSNFUG00015006550,atad3a
ENSNFUG00015023111,prpf19
ENSNFUG00015022006,naaladl1
ENSNFUG00015019068,arid4b
ENSNFUG00015021660,hectd4
ENSNFUG00015001127,hnrnph1
ENSNFUG00015024419,tspan31
ENSNFUG00015016306,cbx1
ENSNFUG00015007483,lrp4
ENSNFUG00015023225,thsd4
ENSNFUG00015007226,kank1
ENSNFUG00015023499,adgra3
ENSNFUG00015006808,cptp
ENSNFUG00015017503,syne1
ENSNFUG00015017781,rasgef1b
ENSNFUG00015023502,nup62
ENSNFUG00015009893,slc25a35
ENSNFUG00015008979,rasa2
ENSNFUG00015025406,ftsj3
ENSNFUG00015000310,syngr2
ENSNFUG00015007479,ikzf5
ENSNFUG00015023967,adgrl4
ENSNFUG00015008310,ppp2r5c
ENSNFUG00015014599,sgf29
ENSNFUG00015016675,pold4
ENSNFUG00015017214,peak1
ENSNFUG00015013256,ice2
ENSNFUG00015004247,hacd3
ENSNFUG00015021628,ogfod3
ENSNFUG00015002196,cnpy3
ENSNFUG00015014801,tmx3
ENSNFUG00015005735,hacd1
ENSNFUG00015006902,cdc37
ENSNFUG00015006088,tdp2
ENSNFUG00015015075,nmt1
ENSNFUG00015011012,stc2
ENSNFUG00015015684,nt5m
ENSNFUG00015021033,vcpkmt
ENSNFUG00015023258,ppp1cc
ENSNFUG00015012188,phykpl
ENSNFUG00015022783,polg2
ENSNFUG00015022508,nemp1
ENSNFUG00015018293,carnmt1
ENSNFUG00015015419,atm
ENSNFUG00015014340,tarbp1
ENSNFUG00015018118,vit
ENSNFUG00015010179,tmem116
ENSNFUG00015023330,plekha2
ENSNFUG00015007900,stt3a
ENSNFUG00015001839,zbtb16
ENSNFUG00015006268,naxd
ENSNFUG00015012448,rhno1
ENSNFUG00015011372,mrpl4
ENSNFUG00015021895,aifm1
ENSNFUG00015022498,gtf2ird1
ENSNFUG00015025422,p3h2
ENSNFUG00015021168,acp7
ENSNFUG00015024309,malt1
ENSNFUG00015011291,gna12
ENSNFUG00015016762,mpzl2
ENSNFUG00015019119,hacd4
ENSNFUG00015008352,gigyf2
ENSNFUG00015018122,gtpbp1
ENSNFUG00015020862,tbc1d24
ENSNFUG00015012594,fam234b
ENSNFUG00015010866,borcs6
ENSNFUG00015022816,cd302
ENSNFUG00015011205,acvr2a
ENSNFUG00015000267,rbp5
ENSNFUG00015004802,jade2
ENSNFUG00015005598,dnhd1
ENSNFUG00015016972,malsu1
ENSNFUG00015000327,map7d1
ENSNFUG00015019243,rassf10
ENSNFUG00015024038,svip
ENSNFUG00015022339,sat1
ENSNFUG00015020353,grtp1
ENSNFUG00015012000,gucy2c
ENSNFUG00015001137,bcorl1
ENSNFUG00015014946,ccndbp1
ENSNFUG00015013291,atp6v1c1
ENSNFUG00015018082,arhgef37
ENSNFUG00015005562,tbc1d30
ENSNFUG00015011919,dgkb
ENSNFUG00015018452,atp23
ENSNFUG00015003554,prim2
ENSNFUG00015024442,pcbp2
ENSNFUG00015007629,sc5d
ENSNFUG00015006689,sdhb
ENSNFUG00015011572,nucb2
ENSNFUG00015004582,scamp1
ENSNFUG00015008714,atp6v0e1
ENSNFUG00015003921,polr2g
ENSNFUG00015013283,azin1
ENSNFUG00015012910,knop1
ENSNFUG00015012230,cct2
ENSNFUG00015017650,gatb
ENSNFUG00015013831,meiob
ENSNFUG00015000485,pafah1b1
ENSNFUG00015003681,rps11
ENSNFUG00015001750,mttp
ENSNFUG00015009195,cit
ENSNFUG00015007459,foxq1
ENSNFUG00015019883,slf1
ENSNFUG00015020176,rassf5
ENSNFUG00015002046,smim19
ENSNFUG00015012652,cfap57
ENSNFUG00015015127,sema6d
ENSNFUG00015001327,cdca3
ENSNFUG00015009569,micu2
ENSNFUG00015011780,rps5
ENSNFUG00015023372,slc8b1
ENSNFUG00015013118,fbxo2
ENSNFUG00015005293,mrpl57
ENSNFUG00015007918,kiaa0319
ENSNFUG00015021495,grem1
ENSNFUG00015022962,ppp1r14d
ENSNFUG00015022489,pym1
ENSNFUG00015021254,dcun1d2
ENSNFUG00015002166,msantd1
ENSNFUG00015021902,rbsn
ENSNFUG00015001969,ap1ar
ENSNFUG00015017707,drosha
ENSNFUG00015006834,mul1
ENSNFUG00015002527,msantd4
ENSNFUG00015012171,nfix
ENSNFUG00015007740,disp3
ENSNFUG00015020689,mturn
ENSNFUG00015004641,fli1
ENSNFUG00015011081,map10
ENSNFUG00015023831,fgf6
ENSNFUG00015019235,oplah
ENSNFUG00015000492,pcnx2
ENSNFUG00015013348,btbd6
ENSNFUG00015021497,jade3
ENSNFUG00015020706,foxo3
ENSNFUG00015003104,tmem178a
ENSNFUG00015009563,irf2bp1
ENSNFUG00015017337,mterf3
ENSNFUG00015023416,dxo
ENSNFUG00015017898,mfsd4b
ENSNFUG00015002956,mief1
ENSNFUG00015007525,efnb2
ENSNFUG00015006317,kdm7a
ENSNFUG00015012275,batf2
ENSNFUG00015018205,scube1
ENSNFUG00015003737,pomk
ENSNFUG00015021461,samd8
ENSNFUG00015014263,dus2
ENSNFUG00015001840,osbpl8
ENSNFUG00015021750,rnf11
ENSNFUG00015001649,aplf
ENSNFUG00015010599,ddrgk1
ENSNFUG00015008052,gal
ENSNFUG00015002127,zdhhc2
ENSNFUG00015002258,armt1
ENSNFUG00015023892,prickle2
ENSNFUG00015013309,scfd1
ENSNFUG00015023672,slc25a12
ENSNFUG00015018392,sugct
ENSNFUG00015018712,znf821
ENSNFUG00015000247,sash3
ENSNFUG00015001226,hpgd
ENSNFUG00015019683,erc2
ENSNFUG00015008960,mrpl49
ENSNFUG00015000223,cyld
ENSNFUG00015002742,ckb
ENSNFUG00015020603,arhgap9
ENSNFUG00015004765,saysd1
ENSNFUG00015001639,dnaja1
ENSNFUG00015020660,pld5
ENSNFUG00015007771,unc119b
ENSNFUG00015003207,mapk8
ENSNFUG00015003426,pdgfd
ENSNFUG00015015723,prelid3b
ENSNFUG00015004220,snx1
ENSNFUG00015020437,mrpl30
ENSNFUG00015009528,csdc2
ENSNFUG00015004809,znf217
ENSNFUG00015018306,ctdspl2
ENSNFUG00015019525,lrrc71
ENSNFUG00015003781,ubtd1
ENSNFUG00015007647,crabp1
ENSNFUG00015006889,tagln3
ENSNFUG00015009299,slc25a34
ENSNFUG00015018464,plpp3
ENSNFUG00015024469,faxdc2
ENSNFUG00015024200,mfsd13a
ENSNFUG00015019755,cep83
ENSNFUG00015007085,prelid1
ENSNFUG00015011534,lsm10
ENSNFUG00015008574,abhd17b
ENSNFUG00015011405,ccdc186
ENSNFUG00015003247,arhgef1
ENSNFUG00015019171,rab15
ENSNFUG00015011355,plpp1
ENSNFUG00015021771,rab3a
ENSNFUG00015020213,dnajc30
ENSNFUG00015013027,arel1
ENSNFUG00015006868,znf507
ENSNFUG00015016024,borcs5
ENSNFUG00015019219,dkk3
ENSNFUG00015016671,irf2bp2
ENSNFUG00015022901,hnrnpc
ENSNFUG00015004718,rims4
ENSNFUG00015019524,plpp6
ENSNFUG00015013121,svbp
ENSNFUG00015011425,grip1
ENSNFUG00015019954,plcd3
ENSNFUG00015023404,ntng1
ENSNFUG00015023707,myb
ENSNFUG00015011007,arhgap32
ENSNFUG00015006833,klhl13
ENSNFUG00015018145,nup58
ENSNFUG00015000795,tmem38b
ENSNFUG00015001325,ints6l
ENSNFUG00015006035,mal2
ENSNFUG00015002729,tpbg
ENSNFUG00015024037,dph6
ENSNFUG00015006878,hacd2
ENSNFUG00015024241,prdm16
ENSNFUG00015006697,trappc13
ENSNFUG00015020564,lrrc4b
ENSNFUG00015008042,cfdp1
ENSNFUG00015014956,hnrnpll
ENSNFUG00015021941,ebf1
ENSNFUG00015022288,spag9
ENSNFUG00015024460,ppp3r1
ENSNFUG00015020448,e2f1
ENSNFUG00015019391,cnot3
ENSNFUG00015019279,hspb11
ENSNFUG00015018967,dagla
ENSNFUG00015005030,vps37d
ENSNFUG00015001656,fbxo48
ENSNFUG00015011505,pth1r
ENSNFUG00015002930,cbll1
ENSNFUG00015003213,cfap36
ENSNFUG00015014561,sf3b6
ENSNFUG00015016288,znf609
ENSNFUG00015024564,etfbkmt
ENSNFUG00015025093,cep131
ENSNFUG00015003734,cacna1a
ENSNFUG00015013400,veph1
ENSNFUG00015013017,rtn4ip1
ENSNFUG00015019531,rpl5
ENSNFUG00015005114,adgra2
ENSNFUG00015002698,tmem63b
ENSNFUG00015015026,mtg2
ENSNFUG00015021408,plpp3
ENSNFUG00015010469,crabp1
ENSNFUG00015017841,grin2a
ENSNFUG00015003900,trim8
ENSNFUG00015008054,mmp28
ENSNFUG00015019322,gspt1
ENSNFUG00015004340,prelid3a
ENSNFUG00015008575,anos1
ENSNFUG00015013128,scamp1
ENSNFUG00015021260,grtp1
ENSNFUG00015024417,adgrd1
ENSNFUG00015018746,nbea
ENSNFUG00015007279,spef1
ENSNFUG00015000715,plpp7
ENSNFUG00015022090,dbx1
ENSNFUG00015002728,naa60
ENSNFUG00015021952,brinp1
ENSNFUG00015008182,cacna2d4
ENSNFUG00015008114,chrd
ENSNFUG00015023693,iqsec1
ENSNFUG00015023631,hcn2
ENSNFUG00015019042,ift22
ENSNFUG00015022884,cfap65
ENSNFUG00015008632,naprt
ENSNFUG00015008329,atg101
ENSNFUG00015000935,samd8
ENSNFUG00015006269,mfsd1
ENSNFUG00015000266,map3k8
ENSNFUG00015002864,cxcl12
ENSNFUG00015024193,cpxm2
ENSNFUG00015002121,emg1
ENSNFUG00015004047,pum3
ENSNFUG00015024510,prmt9
ENSNFUG00015016741,plpp5
ENSNFUG00015003854,adgrg6
ENSNFUG00015024021,cth
ENSNFUG00015024464,slc19a1
ENSNFUG00015000426,caap1
ENSNFUG00015003724,l3hypdh
ENSNFUG00015012511,rtcb
ENSNFUG00015005352,ythdf2
ENSNFUG00015003645,clp1
ENSNFUG00015011058,tsnare1
ENSNFUG00015018957,ric1
ENSNFUG00015012274,chrnb2
ENSNFUG00015022592,gnas
ENSNFUG00015005667,trim8
ENSNFUG00015025197,hgh1
ENSNFUG00015022778,emsy
ENSNFUG00015024964,dhx33
ENSNFUG00015003227,ppp4r3b
ENSNFUG00015019051,tomm20
ENSNFUG00015022700,gpat4
ENSNFUG00015023775,cxcr4
ENSNFUG00015011031,flrt1
ENSNFUG00015004987,pidd1
ENSNFUG00015007355,krtcap3
ENSNFUG00015015080,naa38
ENSNFUG00015003932,kcnk2
ENSNFUG00015018636,nbea
ENSNFUG00015021006,b4gat1
ENSNFUG00015022454,tcf15
ENSNFUG00015008200,wnt11
ENSNFUG00015011383,chmp2a
ENSNFUG00015013435,nfix
ENSNFUG00015002072,dbndd1
ENSNFUG00015019617,pcnx3
ENSNFUG00015024888,nme9
ENSNFUG00015012146,brsk1
ENSNFUG00015025461,tnfaip8l1
ENSNFUG00015015952,slc2a4rg
ENSNFUG00015007162,adamts8
ENSNFUG00015021371,pomgnt2
ENSNFUG00015006720,fhl1
ENSNFUG00015004738,cdh22
ENSNFUG00015019513,wbp1
ENSNFUG00015020677,hmces
ENSNFUG00015018637,glmp
ENSNFUG00015008285,eef1akmt1
ENSNFUG00015014194,lmtk3
ENSNFUG00015020676,ddo
ENSNFUG00015019246,olfml1
ENSNFUG00015006591,kctd1
ENSNFUG00015001062,dtd1
ENSNFUG00015002723,naa60
ENSNFUG00015001595,gria3
ENSNFUG00015018606,gabbr1
ENSNFUG00015019928,kcnh7
ENSNFUG00015022618,cldn20
ENSNFUG00015016556,sdhaf3
ENSNFUG00015020171,snx29
ENSNFUG00015006954,oxtr
ENSNFUG00015011518,gdf3
ENSNFUG00015024754,usp6nl
ENSNFUG00015024550,dach1
ENSNFUG00015012236,dph7
ENSNFUG00015019769,unc79
ENSNFUG00015011443,rab3a
ENSNFUG00015005292,rps19bp1
ENSNFUG00015019188,csdc2
ENSNFUG00015018435,snx18
ENSNFUG00015001925,lrfn1
ENSNFUG00015020652,plppr1
ENSNFUG00015018756,pcnx4
ENSNFUG00015025094,rubcn
ENSNFUG00015001967,ddr1
ENSNFUG00015013401,ddx39a
ENSNFUG00015002474,fgf13
ENSNFUG00015021880,qtrt2
ENSNFUG00015021397,pqbp1
ENSNFUG00015002983,chst12
ENSNFUG00015019542,zmat3
ENSNFUG00015010194,vezt
ENSNFUG00015006411,nifk
ENSNFUG00015018977,ccdc30
ENSNFUG00015002132,hgfac
ENSNFUG00015017766,prr7
ENSNFUG00015017116,tspan7
ENSNFUG00015011537,vwde
ENSNFUG00015015786,nefl
ENSNFUG00015002268,slc25a53
ENSNFUG00015008290,tmem236
ENSNFUG00015000833,rtbdn
ENSNFUG00015013045,mpv17l
ENSNFUG00015013976,jazf1
ENSNFUG00015013835,sowahc
ENSNFUG00015001565,aipl1
ENSNFUG00015011652,gjc2
ENSNFUG00015024055,slc17a6
ENSNFUG00015007372,erc2
ENSNFUG00015011005,gper1
ENSNFUG00015010433,htr1f
ENSNFUG00015025028,nppc
ENSNFUG00015014130,lrrc52
ENSNFUG00015022920,LOC107383499
ENSNFUG00015017628,LOC107382642
ENSNFUG00015020040,LOC107388425
ENSNFUG00015012931,LOC107394162
ENSNFUG00015005017,LOC107383602
ENSNFUG00015022939,LOC107392587
ENSNFUG00015016424,LOC107385720
ENSNFUG00015019502,LOC107375897
ENSNFUG00015022711,LOC107393925
ENSNFUG00015020258,LOC107383689
ENSNFUG00015025135,LOC107384785
ENSNFUG00015008393,LOC107381280
ENSNFUG00015006028,LOC107389057
ENSNFUG00015004933,LOC107388678
ENSNFUG00015005565,LOC107378757
ENSNFUG00015014798,LOC107395029
ENSNFUG00015023570,LOC107393148
ENSNFUG00015013143,LOC107387616
ENSNFUG00015001518,LOC107379399
ENSNFUG00015024519,LOC107386702
ENSNFUG00015016868,LOC107374177
ENSNFUG00015023522,LOC107376501
ENSNFUG00015025092,LOC107385180
ENSNFUG00015003650,LOC107378475
ENSNFUG00015024600,LOC107391124
ENSNFUG00015001351,LOC107376684
ENSNFUG00015003775,LOC107376464
ENSNFUG00015022945,LOC107392586
ENSNFUG00015011619,LOC107397196
ENSNFUG00015022909,LOC107392162
ENSNFUG00015017451,LOC107390908
ENSNFUG00015019277,LOC107376532
ENSNFUG00015018859,LOC107383806
ENSNFUG00015012628,LOC107387611
ENSNFUG00015008465,LOC107385491
ENSNFUG00015019273,LOC107376533
ENSNFUG00015019456,LOC107383188
ENSNFUG00015004816,LOC107390842
ENSNFUG00015001635,LOC107378486
ENSNFUG00015015440,LOC107394257
ENSNFUG00015021492,LOC107388051
ENSNFUG00015001388,LOC107376220
ENSNFUG00015009271,LOC107396958
ENSNFUG00015021097,LOC107382820
ENSNFUG00015010258,LOC107381790
ENSNFUG00015012110,LOC107382232
ENSNFUG00015012831,LOC107389479
ENSNFUG00015000243,LOC107374660
ENSNFUG00015017275,LOC107392864
ENSNFUG00015022073,LOC107388450
ENSNFUG00015010479,LOC107390917
ENSNFUG00015003927,LOC107377588
ENSNFUG00015008183,LOC107386016
ENSNFUG00015025450,LOC107392644
ENSNFUG00015020618,LOC107392758
ENSNFUG00015015113,LOC107382470
ENSNFUG00015014312,LOC107396518
ENSNFUG00015024213,LOC107387669
ENSNFUG00015014572,LOC107390154
ENSNFUG00015001516,LOC107376679
ENSNFUG00015005135,LOC107384292
ENSNFUG00015007550,LOC107379013
ENSNFUG00015015702,LOC107385536
ENSNFUG00015023923,LOC107390226
ENSNFUG00015018834,LOC107386697
ENSNFUG00015018284,LOC107392531
ENSNFUG00015013704,LOC107397237
ENSNFUG00015010830,LOC107377027
ENSNFUG00015006527,LOC107382751
ENSNFUG00015018693,LOC107388892
ENSNFUG00015007369,LOC107388844
ENSNFUG00015004700,LOC107382709
ENSNFUG00015014304,LOC107397051
ENSNFUG00015017609,LOC107394048
ENSNFUG00015020023,LOC107393904
ENSNFUG00015016026,LOC107383275
ENSNFUG00015006545,LOC107387232
ENSNFUG00015007606,LOC107378372
ENSNFUG00015007983,LOC107388084
ENSNFUG00015018409,LOC107394853
ENSNFUG00015001689,LOC107378530
ENSNFUG00015022728,LOC107388295
ENSNFUG00015007217,LOC107389590
ENSNFUG00015003717,LOC107384182
ENSNFUG00015010563,LOC107391017
ENSNFUG00015018491,LOC107394066
ENSNFUG00015009404,LOC107372411
ENSNFUG00015013566,LOC107385524
ENSNFUG00015024190,LOC107376056
ENSNFUG00015011206,LOC107384547
ENSNFUG00015024988,LOC107383590
ENSNFUG00015016651,LOC107386217
ENSNFUG00015005843,LOC107384392
ENSNFUG00015024401,LOC107390720
ENSNFUG00015014235,LOC107395789
ENSNFUG00015003071,LOC107375712
ENSNFUG00015018758,LOC107394764
ENSNFUG00015012734,LOC107376262
ENSNFUG00015010084,LOC107386491
ENSNFUG00015025089,LOC107386611
ENSNFUG00015013162,LOC107380828
ENSNFUG00015015979,LOC107394449
ENSNFUG00015009426,LOC107385983
ENSNFUG00015002051,LOC107376947
ENSNFUG00015018135,LOC107381770
ENSNFUG00015022864,LOC107392593
ENSNFUG00015019719,LOC107378295
ENSNFUG00015022771,LOC107388483
ENSNFUG00015003847,LOC107378583
ENSNFUG00015012877,LOC107376114
ENSNFUG00015012930,LOC107385048
ENSNFUG00015003107,LOC107381884
ENSNFUG00015025010,LOC107392075
ENSNFUG00015000579,LOC107379463
ENSNFUG00015009581,LOC107380274
ENSNFUG00015017281,LOC107395871
ENSNFUG00015019079,LOC107385551
ENSNFUG00015007507,LOC107387804
ENSNFUG00015024953,LOC107387028
ENSNFUG00015011241,LOC107391900
ENSNFUG00015013578,LOC107385394
ENSNFUG00015021453,LOC107396916
ENSNFUG00015002414,LOC107376655
ENSNFUG00015010445,LOC107381787
ENSNFUG00015007461,LOC107384247
ENSNFUG00015013643,LOC107396625
ENSNFUG00015003384,LOC107379681
ENSNFUG00015008233,LOC107384402
ENSNFUG00015017146,LOC107395858
ENSNFUG00015007579,LOC107387805
ENSNFUG00015017795,LOC107388850
ENSNFUG00015021343,LOC107383474
ENSNFUG00015013022,LOC107384359
ENSNFUG00015000701,LOC107380805
ENSNFUG00015023421,LOC107376510
ENSNFUG00015017894,LOC107388855
ENSNFUG00015006759,LOC107384650
ENSNFUG00015016539,LOC107382332
ENSNFUG00015005635,LOC107376989
ENSNFUG00015005264,LOC107379152
ENSNFUG00015006612,LOC107389858
ENSNFUG00015020126,LOC107384165
ENSNFUG00015020147,LOC107382814
ENSNFUG00015006395,LOC107387240
ENSNFUG00015001961,LOC107375264
ENSNFUG00015006335,LOC107389023
ENSNFUG00015021811,LOC107388553
ENSNFUG00015004544,LOC107378774
ENSNFUG00015005071,LOC107391580
ENSNFUG00015005276,LOC107386044
ENSNFUG00015009362,LOC107372414
ENSNFUG00015014645,LOC107379636
ENSNFUG00015023836,LOC107389327
ENSNFUG00015009687,LOC107384410
ENSNFUG00015021506,LOC107384172
ENSNFUG00015012672,LOC107374311
ENSNFUG00015012778,LOC107379316
ENSNFUG00015007598,LOC107378374
ENSNFUG00015011153,LOC107395375
ENSNFUG00015020100,LOC107394806
ENSNFUG00015001227,LOC107392405
ENSNFUG00015021602,LOC107390492
ENSNFUG00015017749,LOC107389005
ENSNFUG00015023673,LOC107376118
ENSNFUG00015023552,LOC107377436
ENSNFUG00015013192,LOC107374124
ENSNFUG00015022301,LOC107383112
ENSNFUG00015019133,LOC107384756
ENSNFUG00015001300,LOC107389834
ENSNFUG00015017052,LOC107372622
ENSNFUG00015017657,LOC107388596
ENSNFUG00015016859,LOC107391080
ENSNFUG00015011577,LOC107374040
ENSNFUG00015005089,LOC107384712
ENSNFUG00015009911,LOC107387361
ENSNFUG00015011299,LOC107373603
ENSNFUG00015005047,LOC107374849
ENSNFUG00015005260,LOC107393096
ENSNFUG00015012860,LOC107394156
ENSNFUG00015004819,LOC107376444
ENSNFUG00015010209,LOC107384026
ENSNFUG00015010564,LOC107395133
ENSNFUG00015009253,LOC107397278
ENSNFUG00015013981,LOC107383982
ENSNFUG00015005055,LOC107384928
ENSNFUG00015002970,LOC107376359
ENSNFUG00015016988,LOC107392001
ENSNFUG00015002883,LOC107383297
ENSNFUG00015022029,LOC107376032
ENSNFUG00015022267,LOC107395225
ENSNFUG00015024340,LOC107389040
ENSNFUG00015016716,LOC107372377
ENSNFUG00015005100,LOC107387291
ENSNFUG00015020685,LOC107383204
ENSNFUG00015011794,LOC107375315
ENSNFUG00015008350,LOC107386746
ENSNFUG00015016833,LOC107379201
ENSNFUG00015016822,LOC107391073
ENSNFUG00015001249,LOC107380389
ENSNFUG00015018465,LOC107391211
ENSNFUG00015015150,LOC107396641
ENSNFUG00015023720,LOC107393335
ENSNFUG00015005345,LOC107387117
ENSNFUG00015006616,LOC107382542
ENSNFUG00015018861,LOC107383808
ENSNFUG00015013721,LOC107385397
ENSNFUG00015008863,LOC107389637
ENSNFUG00015023073,LOC107387937
ENSNFUG00015009284,LOC107396226
ENSNFUG00015008046,LOC107395697
ENSNFUG00015013216,LOC107375611
ENSNFUG00015016990,LOC107392870
ENSNFUG00015008364,LOC107381281
ENSNFUG00015003719,LOC107377579
ENSNFUG00015005407,LOC107390965
ENSNFUG00015002966,LOC107375705
ENSNFUG00015016834,LOC107391199
ENSNFUG00015004815,LOC107385183
ENSNFUG00015004871,LOC107378341
ENSNFUG00015019943,LOC107383562
ENSNFUG00015007904,LOC107396219
ENSNFUG00015022803,LOC107388486
ENSNFUG00015009040,LOC107384262
ENSNFUG00015005001,LOC107384924
ENSNFUG00015014722,LOC107393006
ENSNFUG00015006986,LOC107386886
ENSNFUG00015015135,LOC107396646
ENSNFUG00015001578,LOC107394923
ENSNFUG00015005545,LOC107386141
ENSNFUG00015017440,LOC107379661
ENSNFUG00015011552,LOC107389683
ENSNFUG00015008526,LOC107385493
ENSNFUG00015002643,LOC107394700
ENSNFUG00015018416,LOC107380233
ENSNFUG00015015910,LOC107391917
ENSNFUG00015020666,LOC107396763
ENSNFUG00015023250,LOC107390818
ENSNFUG00015010837,LOC107373172
ENSNFUG00015019634,LOC107380240
ENSNFUG00015007462,LOC107387197
ENSNFUG00015025204,LOC107383317
ENSNFUG00015018054,LOC107385218
ENSNFUG00015000276,LOC107378589
ENSNFUG00015000520,LOC107377299
ENSNFUG00015001170,LOC107394463
ENSNFUG00015010363,LOC107376604
ENSNFUG00015001780,LOC107379424
ENSNFUG00015014737,LOC107373272
ENSNFUG00015018920,LOC107389025
ENSNFUG00015024173,LOC107389344
ENSNFUG00015010538,LOC107377017
ENSNFUG00015020435,LOC107395443
ENSNFUG00015020654,LOC107385615
ENSNFUG00015001288,LOC107393724
ENSNFUG00015020181,LOC107382817
ENSNFUG00015022516,LOC107376033
ENSNFUG00015007546,LOC107379012
ENSNFUG00015014261,LOC107394339
ENSNFUG00015019629,LOC107380329
ENSNFUG00015014116,LOC107388393
ENSNFUG00015004350,LOC107379637
ENSNFUG00015005027,LOC107380711
ENSNFUG00015007755,LOC107383613
ENSNFUG00015023279,LOC107381696
ENSNFUG00015003689,LOC107385652
ENSNFUG00015008685,LOC107378872
ENSNFUG00015008882,LOC107391533
ENSNFUG00015023154,LOC107385645
ENSNFUG00015010061,LOC107384872
ENSNFUG00015000810,LOC107375207
ENSNFUG00015007103,LOC107375289
ENSNFUG00015010043,LOC107384344
ENSNFUG00015000922,LOC107379070
ENSNFUG00015008037,LOC107384317
ENSNFUG00015005947,LOC107391047
ENSNFUG00015022488,LOC107383229
ENSNFUG00015011476,LOC107388775
ENSNFUG00015025095,LOC107393229
ENSNFUG00015005985,LOC107381186
ENSNFUG00015000820,LOC107380988
ENSNFUG00015022192,LOC107384049
ENSNFUG00015008862,LOC107387485
ENSNFUG00015024559,LOC107387296
ENSNFUG00015017560,LOC107396454
ENSNFUG00015013458,LOC107388127
ENSNFUG00015020531,LOC107379579
ENSNFUG00015022186,LOC107389135
ENSNFUG00015010953,LOC107397377
ENSNFUG00015006590,LOC107383400
ENSNFUG00015022396,LOC107390794
ENSNFUG00015022760,LOC107387127
ENSNFUG00015010738,LOC107390661
ENSNFUG00015000477,LOC107379993
ENSNFUG00015019434,LOC107391972
ENSNFUG00015008192,LOC107386015
ENSNFUG00015010326,LOC107389529
ENSNFUG00015010995,LOC107394134
ENSNFUG00015020311,LOC107393854
ENSNFUG00015001722,LOC107375257
ENSNFUG00015008507,LOC107379773
ENSNFUG00015021863,LOC107382845
ENSNFUG00015023212,LOC107382287
ENSNFUG00015022539,LOC107376035
ENSNFUG00015019878,LOC107389232
ENSNFUG00015015923,LOC107372942
ENSNFUG00015009619,LOC107384409
ENSNFUG00015024838,LOC107393177
ENSNFUG00015013189,LOC107387615
ENSNFUG00015019090,LOC107381442
ENSNFUG00015009676,LOC107387476
ENSNFUG00015007391,LOC107387870
ENSNFUG00015024551,LOC107390730
ENSNFUG00015001390,LOC107377795
ENSNFUG00015007104,LOC107380752
ENSNFUG00015016118,LOC107396147
ENSNFUG00015004284,LOC107385858
ENSNFUG00015023760,LOC107386420
ENSNFUG00015019804,LOC107394572
ENSNFUG00015008648,LOC107386754
ENSNFUG00015014764,LOC107391169
ENSNFUG00015023239,LOC107392606
ENSNFUG00015016901,LOC107384144
ENSNFUG00015020973,LOC107394412
ENSNFUG00015011403,LOC107379744
ENSNFUG00015002557,LOC107377745
ENSNFUG00015024411,LOC107387849
ENSNFUG00015010572,LOC107391884
ENSNFUG00015008221,LOC107382005
ENSNFUG00015003276,LOC107375074
ENSNFUG00015020897,LOC107389788
ENSNFUG00015002058,LOC107376208
ENSNFUG00015024774,LOC107383587
ENSNFUG00015022765,LOC107381091
ENSNFUG00015021555,LOC107395102
ENSNFUG00015000716,LOC107375822
ENSNFUG00015022784,LOC107385350
ENSNFUG00015000368,LOC107376214
ENSNFUG00015010917,LOC107386331
ENSNFUG00015009980,LOC107387967
ENSNFUG00015005139,LOC107384617
ENSNFUG00015018482,LOC107394065
ENSNFUG00015015246,LOC107392529
ENSNFUG00015011966,LOC107395146
ENSNFUG00015022568,LOC107379603
ENSNFUG00015023219,LOC107382286
ENSNFUG00015012935,LOC107375337
ENSNFUG00015010743,LOC107386320
ENSNFUG00015014651,LOC107380229
ENSNFUG00015023056,LOC107392494
ENSNFUG00015006149,LOC107389840
ENSNFUG00015022549,LOC107376037
ENSNFUG00015003711,LOC107376321
ENSNFUG00015013029,LOC107376125
ENSNFUG00015015777,LOC107387763
ENSNFUG00015004725,LOC107387417
ENSNFUG00015005418,LOC107375869
ENSNFUG00015007181,LOC107384228
ENSNFUG00015018490,LOC107396769
ENSNFUG00015003177,LOC107375851
ENSNFUG00015008972,LOC107373648
ENSNFUG00015013661,LOC107388255
ENSNFUG00015008669,LOC107384334
ENSNFUG00015021824,LOC107381710
ENSNFUG00015000944,LOC107375520
ENSNFUG00015014817,LOC107391170
ENSNFUG00015009774,LOC107391546
ENSNFUG00015017198,LOC107386067
ENSNFUG00015014795,LOC107396303
ENSNFUG00015002962,LOC107376361
ENSNFUG00015019306,LOC107373673
ENSNFUG00015017839,LOC107384146
ENSNFUG00015006321,LOC107389379
ENSNFUG00015014008,LOC107385852
ENSNFUG00015023322,LOC107390459
ENSNFUG00015004250,LOC107377368
ENSNFUG00015000196,LOC107388098
ENSNFUG00015001353,LOC107377721
ENSNFUG00015010983,LOC107383781
ENSNFUG00015009341,LOC107386764
ENSNFUG00015005395,LOC107379159
ENSNFUG00015011351,LOC107391421
ENSNFUG00015010621,LOC107393369
ENSNFUG00015011583,LOC107389470
ENSNFUG00015005987,LOC107385030
ENSNFUG00015020180,LOC107379339
ENSNFUG00015022279,LOC107387932
ENSNFUG00015017143,LOC107382355
ENSNFUG00015015488,LOC107393983
ENSNFUG00015011436,LOC107384270
ENSNFUG00015010949,LOC107391896
ENSNFUG00015019354,LOC107376698
ENSNFUG00015018774,LOC107396071
ENSNFUG00015000456,LOC107377288
ENSNFUG00015021470,LOC107392450
ENSNFUG00015014779,LOC107392117
ENSNFUG00015022716,LOC107390468
ENSNFUG00015009058,LOC107381481
ENSNFUG00015009133,LOC107373013
ENSNFUG00015005285,LOC107375162
ENSNFUG00015012603,LOC107396978
ENSNFUG00015020075,LOC107394810
ENSNFUG00015005265,LOC107392206
ENSNFUG00015009387,LOC107378858
ENSNFUG00015010228,LOC107384354
ENSNFUG00015022239,LOC107390482
ENSNFUG00015005158,LOC107384934
ENSNFUG00015021041,LOC107396808
ENSNFUG00015006350,LOC107389001
ENSNFUG00015000410,LOC107378614
ENSNFUG00015010795,LOC107385838
ENSNFUG00015004707,LOC107387421
ENSNFUG00015009592,LOC107373667
ENSNFUG00015007890,LOC107384941
ENSNFUG00015002130,LOC107376969
ENSNFUG00015021330,LOC107383472
ENSNFUG00015008079,LOC107380195
ENSNFUG00015003280,LOC107378920
ENSNFUG00015024316,LOC107390707
ENSNFUG00015019256,LOC107376701
ENSNFUG00015024331,LOC107394343
ENSNFUG00015002223,LOC107378435
ENSNFUG00015018055,LOC107396703
ENSNFUG00015012167,LOC107390510
ENSNFUG00015018960,LOC107394856
ENSNFUG00015003922,LOC107376451
ENSNFUG00015011125,LOC107389673
ENSNFUG00015022236,LOC107394621
ENSNFUG00015020648,LOC107383193
ENSNFUG00015020339,LOC107393856
ENSNFUG00015009412,LOC107390787
ENSNFUG00015010510,LOC107395368
ENSNFUG00015000490,LOC107376688
ENSNFUG00015008926,LOC107389639
ENSNFUG00015007766,LOC107384310
ENSNFUG00015025367,LOC107392099
ENSNFUG00015013336,LOC107383978
ENSNFUG00015011115,LOC107390623
ENSNFUG00015022130,LOC107385168
ENSNFUG00015013843,LOC107395162
ENSNFUG00015020657,LOC107383196
ENSNFUG00015001116,LOC107385469
ENSNFUG00015009573,LOC107391015
ENSNFUG00015014846,LOC107388176
ENSNFUG00015001376,LOC107379384
ENSNFUG00015023495,LOC107393303
ENSNFUG00015007910,LOC107383764
ENSNFUG00015015030,LOC107396109
ENSNFUG00015021003,LOC107389246
ENSNFUG00015023667,LOC107376101
ENSNFUG00015022835,LOC107386767
ENSNFUG00015004407,LOC107375134
ENSNFUG00015005316,LOC107375867
ENSNFUG00015015048,LOC107396215
ENSNFUG00015015177,LOC107387759
ENSNFUG00015022292,LOC107394623
ENSNFUG00015003250,LOC107378648
ENSNFUG00015000572,LOC107375818
ENSNFUG00015001183,LOC107380384
ENSNFUG00015021312,LOC107383219
ENSNFUG00015010860,LOC107379742
ENSNFUG00015009050,LOC107374198
ENSNFUG00015020946,LOC107385145
ENSNFUG00015023856,LOC107390830
ENSNFUG00015014334,LOC107393007
ENSNFUG00015023275,LOC107392602
ENSNFUG00015003606,LOC107381578
ENSNFUG00015015456,LOC107390896
ENSNFUG00015013581,LOC107387751
ENSNFUG00015016627,LOC107376011
ENSNFUG00015023454,LOC107392812
ENSNFUG00015010854,LOC107390402
ENSNFUG00015003142,LOC107377219
ENSNFUG00015001349,LOC107389815
ENSNFUG00015000249,LOC107378498
ENSNFUG00015017196,LOC107396439
ENSNFUG00015011319,LOC107397292
ENSNFUG00015006042,LOC107386436
ENSNFUG00015005798,LOC107385000
ENSNFUG00015010138,LOC107384348
ENSNFUG00015005244,LOC107393358
ENSNFUG00015022273,LOC107387931
ENSNFUG00015006125,LOC107375992
ENSNFUG00015009524,LOC107381159
ENSNFUG00015021174,LOC107396476
ENSNFUG00015016483,LOC107388832
ENSNFUG00015020955,LOC107392059
ENSNFUG00015007913,LOC107384943
ENSNFUG00015011470,LOC107384689
ENSNFUG00015018257,LOC107390168
ENSNFUG00015004666,LOC107384862
ENSNFUG00015019939,LOC107385414
ENSNFUG00015007666,LOC107378378
ENSNFUG00015012112,LOC107395150
ENSNFUG00015007124,LOC107380757
ENSNFUG00015020470,LOC107394395
ENSNFUG00015015223,LOC107395809
ENSNFUG00015015202,LOC107380824
ENSNFUG00015011147,LOC107384972
ENSNFUG00015020217,LOC107392145
ENSNFUG00015001882,LOC107389731
ENSNFUG00015013984,LOC107385850
ENSNFUG00015000541,LOC107378504
ENSNFUG00015017684,LOC107389771
ENSNFUG00015009701,LOC107395503
ENSNFUG00015005271,LOC107384301
ENSNFUG00015000425,LOC107378499
ENSNFUG00015017902,LOC107372638
ENSNFUG00015009458,LOC107380776
ENSNFUG00015021139,LOC107393700
ENSNFUG00015002433,LOC107380127
ENSNFUG00015010426,LOC107384422
ENSNFUG00015022779,LOC107386517
ENSNFUG00015002253,LOC107378672
ENSNFUG00015023158,LOC107383913
ENSNFUG00015009961,LOC107395367
ENSNFUG00015006259,LOC107386866
ENSNFUG00015016402,LOC107392876
ENSNFUG00015006542,LOC107386115
ENSNFUG00015010357,LOC107382049
ENSNFUG00015019662,LOC107381349
ENSNFUG00015019104,LOC107390378
ENSNFUG00015014576,LOC107384975
ENSNFUG00015013164,LOC107394533
ENSNFUG00015020129,LOC107397222
ENSNFUG00015023325,LOC107382284
ENSNFUG00015015446,LOC107386229
ENSNFUG00015019454,LOC107379223
ENSNFUG00015025176,LOC107393239
ENSNFUG00015005732,LOC107388683
ENSNFUG00015023091,LOC107394889
ENSNFUG00015015460,LOC107389261
ENSNFUG00015021179,LOC107392445
ENSNFUG00015013638,LOC107385395
ENSNFUG00015000642,LOC107389951
ENSNFUG00015009514,LOC107374826
ENSNFUG00015006300,LOC107380045
ENSNFUG00015017942,LOC107396014
ENSNFUG00015025447,LOC107392646
ENSNFUG00015014329,LOC107374349
ENSNFUG00015015540,LOC107396418
ENSNFUG00015021467,LOC107388042
ENSNFUG00015022764,LOC107388484
ENSNFUG00015008043,LOC107387208
ENSNFUG00015023743,LOC107391502
ENSNFUG00015020306,LOC107390365
ENSNFUG00015011529,LOC107378075
ENSNFUG00015004120,LOC107379061
ENSNFUG00015005688,LOC107389503
ENSNFUG00015018888,LOC107382495
ENSNFUG00015001050,LOC107389882
ENSNFUG00015022918,LOC107392470
ENSNFUG00015020821,LOC107383215
ENSNFUG00015021932,LOC107387144
ENSNFUG00015018559,LOC107375694
ENSNFUG00015020617,LOC107385606
ENSNFUG00015012632,LOC107387996
ENSNFUG00015008661,LOC107386759
ENSNFUG00015010688,LOC107380298
ENSNFUG00015010155,LOC107387972
ENSNFUG00015013619,LOC107397229
ENSNFUG00015023407,LOC107376513
ENSNFUG00015021754,LOC107385149
ENSNFUG00015007623,LOC107384860
ENSNFUG00015005953,LOC107386231
ENSNFUG00015006481,LOC107382530
ENSNFUG00015021662,LOC107386970
ENSNFUG00015016595,LOC107394342
ENSNFUG00015018901,LOC107385246
ENSNFUG00015010772,LOC107386323
ENSNFUG00015012181,LOC107389698
ENSNFUG00015007245,LOC107384303
ENSNFUG00015021917,LOC107394792
ENSNFUG00015024904,LOC107393195
ENSNFUG00015007208,LOC107385195
ENSNFUG00015024896,LOC107375979
ENSNFUG00015002696,LOC107380079
ENSNFUG00015021494,LOC107394924
ENSNFUG00015020775,LOC107373367
ENSNFUG00015003236,LOC107376753
ENSNFUG00015006860,LOC107390417
ENSNFUG00015006698,LOC107387190
ENSNFUG00015001337,LOC107389809
ENSNFUG00015023543,LOC107387641
ENSNFUG00015004769,LOC107384710
ENSNFUG00015010606,LOC107379750
ENSNFUG00015009123,LOC107373913
ENSNFUG00015015847,LOC107390548
ENSNFUG00015014283,LOC107396299
ENSNFUG00015016532,LOC107380816
ENSNFUG00015020434,LOC107391316
ENSNFUG00015013317,LOC107391633
ENSNFUG00015017502,LOC107390911
ENSNFUG00015022624,LOC107392564
ENSNFUG00015010305,LOC107391882
ENSNFUG00015014004,LOC107388422
ENSNFUG00015011885,LOC107383530
ENSNFUG00015005099,LOC107379789
ENSNFUG00015023177,LOC107388627
ENSNFUG00015007600,LOC107375600
ENSNFUG00015003736,LOC107378633
ENSNFUG00015019396,LOC107379218
ENSNFUG00015016407,LOC107377659
ENSNFUG00015020860,LOC107379585
ENSNFUG00015010198,LOC107387976
ENSNFUG00015010815,LOC107376307
ENSNFUG00015020952,LOC107386182
ENSNFUG00015015974,LOC107373409
ENSNFUG00015024732,LOC107383585
ENSNFUG00015020379,LOC107373232
ENSNFUG00015010796,LOC107380304
ENSNFUG00015022449,LOC107382774
ENSNFUG00015003444,LOC107380535
ENSNFUG00015003379,LOC107379679
ENSNFUG00015019428,LOC107379220
ENSNFUG00015021522,LOC107396272
ENSNFUG00015012978,LOC107375342
ENSNFUG00015010186,LOC107394648
ENSNFUG00015014782,LOC107385713
ENSNFUG00015019069,LOC107389200
ENSNFUG00015012521,LOC107387033
ENSNFUG00015016546,LOC107372367
ENSNFUG00015010322,LOC107374010
ENSNFUG00015003446,LOC107381678
ENSNFUG00015022596,LOC107386592
ENSNFUG00015017171,LOC107390902
ENSNFUG00015015681,LOC107374329
ENSNFUG00015020511,LOC107395449
ENSNFUG00015012319,LOC107378249
ENSNFUG00015011952,LOC107379274
ENSNFUG00015023972,LOC107376051
ENSNFUG00015009559,LOC107384523
ENSNFUG00015024760,LOC107383314
ENSNFUG00015012277,LOC107373738
ENSNFUG00015025200,LOC107384812
ENSNFUG00015002014,LOC107377852
ENSNFUG00015019284,LOC107393792
ENSNFUG00015008858,LOC107384961
ENSNFUG00015019689,LOC107381870
ENSNFUG00015024839,LOC107391138
ENSNFUG00015017785,LOC107372386
ENSNFUG00015000288,LOC107375093
ENSNFUG00015021045,LOC107387094
ENSNFUG00015016738,LOC107397024
ENSNFUG00015006279,LOC107389374
ENSNFUG00015003106,LOC107391822
ENSNFUG00015023363,LOC107383130
ENSNFUG00015010382,LOC107387973
ENSNFUG00015022231,LOC107391451
ENSNFUG00015001446,LOC107379392
ENSNFUG00015010339,LOC107376591
ENSNFUG00015004388,LOC107382688
ENSNFUG00015000634,LOC107380762
ENSNFUG00015017714,LOC107390927
ENSNFUG00015020374,LOC107388919
ENSNFUG00015000529,LOC107374976
ENSNFUG00015010823,LOC107374832
ENSNFUG00015010193,LOC107373718
ENSNFUG00015001356,LOC107379383
ENSNFUG00015007293,LOC107377877
ENSNFUG00015001951,LOC107376658
ENSNFUG00015003969,LOC107377235
ENSNFUG00015014637,LOC107396741
ENSNFUG00015008607,LOC107383692
ENSNFUG00015014315,LOC107380316
ENSNFUG00015020857,LOC107393692
ENSNFUG00015008032,LOC107374907
ENSNFUG00015006309,LOC107389378
ENSNFUG00015007953,LOC107384950
ENSNFUG00015010644,LOC107379738
ENSNFUG00015013259,LOC107389176
ENSNFUG00015004832,LOC107389570
ENSNFUG00015002990,LOC107393843
ENSNFUG00015010902,LOC107391895
ENSNFUG00015011282,LOC107387978
ENSNFUG00015020083,LOC107392135
ENSNFUG00015014964,LOC107383800
ENSNFUG00015022255,LOC107383114
ENSNFUG00015025121,LOC107393232
ENSNFUG00015018158,LOC107376545
ENSNFUG00015009659,LOC107388804
ENSNFUG00015001387,LOC107376822
ENSNFUG00015003182,LOC107375852
ENSNFUG00015012347,LOC107386683
ENSNFUG00015020419,LOC107394394
ENSNFUG00015022426,LOC107393720
ENSNFUG00015007491,LOC107387198
ENSNFUG00015012845,LOC107375933
ENSNFUG00015002744,LOC107383989
ENSNFUG00015010945,LOC107376304
ENSNFUG00015021273,LOC107393702
ENSNFUG00015002211,LOC107379492
ENSNFUG00015011947,LOC107383968
ENSNFUG00015024916,LOC107390048
ENSNFUG00015001135,LOC107394359
ENSNFUG00015004534,LOC107379113
ENSNFUG00015008388,LOC107389631
ENSNFUG00015006360,LOC107389383
ENSNFUG00015002380,LOC107381012
ENSNFUG00015002349,LOC107379499
ENSNFUG00015015103,LOC107396536
ENSNFUG00015007311,LOC107386097
ENSNFUG00015010132,LOC107379036
ENSNFUG00015009499,LOC107382004
ENSNFUG00015012727,LOC107378273
ENSNFUG00015014878,LOC107394026
ENSNFUG00015013971,LOC107386936
ENSNFUG00015001658,LOC107379419
ENSNFUG00015009753,LOC107384965
ENSNFUG00015024478,LOC107386699
ENSNFUG00015007878,LOC107393582
ENSNFUG00015004141,LOC107377231
ENSNFUG00015004238,LOC107377339
ENSNFUG00015005655,LOC107375881
ENSNFUG00015022825,LOC107393928
ENSNFUG00015011082,LOC107383062
ENSNFUG00015025021,LOC107393220
ENSNFUG00015003406,LOC107378135
ENSNFUG00015012879,LOC107385042
ENSNFUG00015017490,LOC107387899
ENSNFUG00015014514,LOC107391999
ENSNFUG00015009182,LOC107385198
ENSNFUG00015024770,LOC107386828
ENSNFUG00015000966,LOC107377522
ENSNFUG00015015515,LOC107396652
ENSNFUG00015000215,LOC107376905
ENSNFUG00015016201,LOC107372602
ENSNFUG00015019880,LOC107385736
ENSNFUG00015006981,LOC107385794
ENSNFUG00015013061,LOC107384709
ENSNFUG00015009142,LOC107393356
ENSNFUG00015009269,LOC107382969
ENSNFUG00015019375,LOC107376694
ENSNFUG00015003485,LOC107376332
ENSNFUG00015001521,LOC107379398
ENSNFUG00015017348,LOC107396586
ENSNFUG00015000918,LOC107379890
ENSNFUG00015011608,LOC107389172
ENSNFUG00015022208,LOC107395010
ENSNFUG00015015324,LOC107390288
ENSNFUG00015018757,LOC107385227
ENSNFUG00015021709,LOC107386387
ENSNFUG00015011938,LOC107394534
ENSNFUG00015015775,LOC107379569
ENSNFUG00015022497,LOC107388462
ENSNFUG00015003591,LOC107376632
ENSNFUG00015007243,LOC107386104
ENSNFUG00015018797,LOC107396793
ENSNFUG00015013287,LOC107386347
ENSNFUG00015003490,LOC107379685
ENSNFUG00015020157,LOC107382811
ENSNFUG00015003000,LOC107378566
ENSNFUG00015005747,LOC107386040
ENSNFUG00015022712,LOC107384074
ENSNFUG00015012416,LOC107373751
ENSNFUG00015007772,LOC107386024
ENSNFUG00015013067,LOC107389173
ENSNFUG00015001428,LOC107377728
ENSNFUG00015014938,LOC107396221
ENSNFUG00015005676,LOC107383605
ENSNFUG00015020413,LOC107389557
ENSNFUG00015004679,LOC107384878
ENSNFUG00015016068,LOC107394910
ENSNFUG00015005250,LOC107390957
ENSNFUG00015011194,LOC107395560
ENSNFUG00015019460,LOC107379225
ENSNFUG00015002796,LOC107380026
ENSNFUG00015006466,LOC107386128
ENSNFUG00015025285,LOC107392087
ENSNFUG00015000793,LOC107376824
ENSNFUG00015002552,LOC107376197
ENSNFUG00015024156,LOC107393994
ENSNFUG00015012021,LOC107377643
ENSNFUG00015014125,LOC107394246
ENSNFUG00015009109,LOC107374445
ENSNFUG00015005633,LOC107388055
ENSNFUG00015010039,LOC107387968
ENSNFUG00015006528,LOC107393103
ENSNFUG00015004123,LOC107379059
ENSNFUG00015022599,LOC107386825
ENSNFUG00015015338,LOC107388262
ENSNFUG00015018125,LOC107376537
ENSNFUG00015020954,LOC107374381
ENSNFUG00015017447,LOC107375846
ENSNFUG00015004935,LOC107386430
ENSNFUG00015006051,LOC107378725
ENSNFUG00015012901,LOC107392413
ENSNFUG00015001391,LOC107379386
ENSNFUG00015007145,LOC107391281
ENSNFUG00015022251,LOC107388624
ENSNFUG00015022987,LOC107385638
ENSNFUG00015013260,LOC107386521
ENSNFUG00015002393,LOC107377215
ENSNFUG00015024185,LOC107388660
ENSNFUG00015020686,LOC107396749
ENSNFUG00015017522,LOC107386945
ENSNFUG00015020558,LOC107382182
ENSNFUG00015014977,LOC107395038
ENSNFUG00015021315,LOC107382835
ENSNFUG00015015821,LOC107388270
ENSNFUG00015018679,LOC107378292
ENSNFUG00015004150,LOC107379065
ENSNFUG00015025383,LOC107392107
ENSNFUG00015023316,LOC107392601
ENSNFUG00015001066,LOC107379469
ENSNFUG00015011168,LOC107384973
ENSNFUG00015012650,LOC107378261
ENSNFUG00015015531,LOC107386224
ENSNFUG00015023289,LOC107390461
ENSNFUG00015001645,LOC107381042
ENSNFUG00015004404,LOC107375661
ENSNFUG00015002267,LOC107377554
ENSNFUG00015002018,LOC107383948
ENSNFUG00015008711,LOC107381811
ENSNFUG00015011887,LOC107384272
ENSNFUG00015015870,LOC107372943
ENSNFUG00015022753,LOC107384081
ENSNFUG00015024485,LOC107391328
ENSNFUG00015001971,LOC107380415
ENSNFUG00015020454,LOC107391317
ENSNFUG00015003702,LOC107378581
ENSNFUG00015008392,LOC107380482
ENSNFUG00015007709,LOC107375922
ENSNFUG00015017607,LOC107396451
ENSNFUG00015017687,LOC107396943
ENSNFUG00015002237,LOC107379411
ENSNFUG00015012774,LOC107377139
ENSNFUG00015024414,LOC107391321
ENSNFUG00015011268,LOC107397289
ENSNFUG00015010809,LOC107386326
ENSNFUG00015018851,LOC107383016
ENSNFUG00015013705,LOC107385525
ENSNFUG00015018956,LOC107386369
ENSNFUG00015020354,LOC107393688
ENSNFUG00015003733,LOC107378634
ENSNFUG00015017168,LOC107376139
ENSNFUG00015005645,LOC107375879
ENSNFUG00015024951,LOC107391150
ENSNFUG00015002462,LOC107385512
ENSNFUG00015007762,LOC107382549
ENSNFUG00015003187,LOC107379544
ENSNFUG00015017394,LOC107386290
ENSNFUG00015014805,LOC107396745
ENSNFUG00015024499,LOC107386999
ENSNFUG00015014149,LOC107391994
ENSNFUG00015012631,LOC107396610
ENSNFUG00015005103,LOC107384290
ENSNFUG00015019245,LOC107382645
ENSNFUG00015015554,LOC107391292
ENSNFUG00015008395,LOC107389634
ENSNFUG00015018320,LOC107393684
ENSNFUG00015022651,LOC107389295
ENSNFUG00015007039,LOC107388359
ENSNFUG00015003240,LOC107378651
ENSNFUG00015020177,LOC107379340
ENSNFUG00015019604,LOC107394563
ENSNFUG00015011442,LOC107384366
ENSNFUG00015020104,LOC107397221
ENSNFUG00015006564,LOC107393036
ENSNFUG00015012999,LOC107384037
ENSNFUG00015003603,LOC107381377
ENSNFUG00015011118,LOC107389672
ENSNFUG00015011759,LOC107377637
ENSNFUG00015005128,LOC107384713
ENSNFUG00015018300,LOC107388863
ENSNFUG00015024930,LOC107393209
ENSNFUG00015009997,LOC107391563
ENSNFUG00015009065,LOC107385196
ENSNFUG00015015308,LOC107382594
ENSNFUG00015003345,LOC107376692
ENSNFUG00015000954,LOC107376907
ENSNFUG00015001956,LOC107379320
ENSNFUG00015007621,LOC107393052
ENSNFUG00015022179,LOC107392392
ENSNFUG00015002202,LOC107376780
ENSNFUG00015004846,LOC107390843
ENSNFUG00015013915,LOC107394538
ENSNFUG00015019856,LOC107390377
ENSNFUG00015011099,LOC107373197
ENSNFUG00015022908,LOC107394958
ENSNFUG00015012365,LOC107384285
ENSNFUG00015024683,LOC107380862
ENSNFUG00015008722,LOC107378871
ENSNFUG00015017928,LOC107384150
ENSNFUG00015019527,LOC107396463
ENSNFUG00015013783,LOC107373662
ENSNFUG00015000451,LOC107377290
ENSNFUG00015017579,LOC107373901
ENSNFUG00015023659,LOC107393321
ENSNFUG00015002019,LOC107377598
ENSNFUG00015019435,LOC107379214
ENSNFUG00015016325,LOC107392799
ENSNFUG00015022964,LOC107391814
ENSNFUG00015023235,LOC107383915
ENSNFUG00015023220,LOC107385371
ENSNFUG00015020034,LOC107392133
ENSNFUG00015025268,LOC107392951
ENSNFUG00015022170,LOC107379599
ENSNFUG00015011644,LOC107383849
ENSNFUG00015005375,LOC107386147
ENSNFUG00015002191,LOC107389630
ENSNFUG00015020916,LOC107390506
ENSNFUG00015023844,LOC107375954
ENSNFUG00015024914,LOC107393198
ENSNFUG00015016769,LOC107386542
ENSNFUG00015008905,LOC107374538
ENSNFUG00015010769,LOC107374467
ENSNFUG00015001862,LOC107377394
ENSNFUG00015015000,LOC107372824
ENSNFUG00015001424,LOC107392232
ENSNFUG00015012676,LOC107376266
ENSNFUG00015010318,LOC107382050
ENSNFUG00015012027,LOC107377644
ENSNFUG00015017245,LOC107389749
ENSNFUG00015022084,LOC107396296
ENSNFUG00015024171,LOC107388656
ENSNFUG00015020619,LOC107397138
ENSNFUG00015019732,LOC107388423
ENSNFUG00015007236,LOC107386103
ENSNFUG00015017414,LOC107386291
ENSNFUG00015000062,LOC107376497
ENSNFUG00015007110,LOC107386458
ENSNFUG00015023429,LOC107376507
ENSNFUG00015011022,LOC107385387
ENSNFUG00015010081,LOC107388733
ENSNFUG00015020597,LOC107395673
ENSNFUG00015015829,LOC107391302
ENSNFUG00015021329,LOC107391442
ENSNFUG00015014074,LOC107392512
ENSNFUG00015013452,LOC107387828
ENSNFUG00015002156,LOC107376973
ENSNFUG00015018886,LOC107385244
ENSNFUG00015020452,LOC107393420
ENSNFUG00015000875,LOC107379881
ENSNFUG00015005439,LOC107382412
ENSNFUG00015005420,LOC107387113
ENSNFUG00015013910,LOC107387046
ENSNFUG00015022223,LOC107395015
ENSNFUG00015012155,LOC107375386
ENSNFUG00015019814,LOC107390383
ENSNFUG00015017767,LOC107382995
ENSNFUG00015007156,LOC107380962
ENSNFUG00015014912,LOC107373838
ENSNFUG00015016359,LOC107377658
ENSNFUG00015016456,LOC107395703
ENSNFUG00015007353,LOC107379009
ENSNFUG00015012634,LOC107385034
ENSNFUG00015011187,LOC107388818
ENSNFUG00015000221,LOC107383791
ENSNFUG00015008689,LOC107385311
ENSNFUG00015021528,LOC107396823
ENSNFUG00015018297,LOC107396065
ENSNFUG00015008846,LOC107386763
ENSNFUG00015005643,LOC107384631
ENSNFUG00015008171,LOC107383950
ENSNFUG00015009605,LOC107373723
ENSNFUG00015011402,LOC107382132
ENSNFUG00015024999,LOC107393218
ENSNFUG00015000815,LOC107377514
ENSNFUG00015004518,LOC107391584
ENSNFUG00015007968,LOC107388798
ENSNFUG00015019062,LOC107386373
ENSNFUG00015016450,LOC107372353
ENSNFUG00015008374,LOC107383959
ENSNFUG00015025064,LOC107391339
ENSNFUG00015003601,LOC107380542
ENSNFUG00015015741,LOC107396135
ENSNFUG00015000617,LOC107378510
ENSNFUG00015011622,LOC107381735
ENSNFUG00015012284,LOC107384282
ENSNFUG00015005666,LOC107387171
ENSNFUG00015002599,LOC107378447
ENSNFUG00015014999,LOC107383801
ENSNFUG00015025002,LOC107392764
ENSNFUG00015014623,LOC107373824
ENSNFUG00015005249,LOC107374782
ENSNFUG00015010489,LOC107378095
ENSNFUG00015023448,LOC107382675
ENSNFUG00015018988,LOC107385264
ENSNFUG00015025249,LOC107384816
ENSNFUG00015003113,LOC107380091
ENSNFUG00015023632,LOC107378305
ENSNFUG00015008441,LOC107379766
ENSNFUG00015023469,LOC107395329
ENSNFUG00015011726,LOC107373609
ENSNFUG00015019031,LOC107389027
ENSNFUG00015008050,LOC107388706
ENSNFUG00015002150,LOC107376972
ENSNFUG00015002134,LOC107376967
ENSNFUG00015024367,LOC107390715
ENSNFUG00015015401,LOC107380540
ENSNFUG00015024772,LOC107386598
ENSNFUG00015008331,LOC107377013
ENSNFUG00015013492,LOC107397014
ENSNFUG00015018421,LOC107372710
ENSNFUG00015006653,LOC107386450
ENSNFUG00015002159,LOC107381309
ENSNFUG00015013663,LOC107381982
ENSNFUG00015005359,LOC107378994
ENSNFUG00015003362,LOC107380093
ENSNFUG00015018522,LOC107379212
ENSNFUG00015019179,LOC107387912
ENSNFUG00015007276,LOC107390969
ENSNFUG00015020016,LOC107383108
ENSNFUG00015003179,LOC107377222
ENSNFUG00015012942,LOC107374531
ENSNFUG00015011179,LOC107397379
ENSNFUG00015019783,LOC107393298
ENSNFUG00015022818,LOC107383489
ENSNFUG00015000322,LOC107375095
ENSNFUG00015016981,LOC107386290
ENSNFUG00015021444,LOC107391448
ENSNFUG00015011225,LOC107397145
ENSNFUG00015010244,LOC107377074
ENSNFUG00015016623,LOC107372911
ENSNFUG00015015354,LOC107383266
ENSNFUG00015011423,LOC107395395
ENSNFUG00015021615,LOC107394932
ENSNFUG00015008421,LOC107381276
ENSNFUG00015022003,LOC107390126
ENSNFUG00015014101,LOC107393887
ENSNFUG00015002371,LOC107380019
ENSNFUG00015024258,LOC107383304
ENSNFUG00015014839,LOC107396524
ENSNFUG00015023441,LOC107382674
ENSNFUG00015021969,LOC107396491
ENSNFUG00015009080,LOC107381480
ENSNFUG00015005680,LOC107375882
ENSNFUG00015010705,LOC107395372
ENSNFUG00015011034,LOC107385386
ENSNFUG00015013505,LOC107386086
ENSNFUG00015010402,LOC107393364
ENSNFUG00015019501,LOC107383723
ENSNFUG00015008473,LOC107392239
ENSNFUG00015009311,LOC107392837
ENSNFUG00015023256,LOC107376000
ENSNFUG00015021797,LOC107380362
ENSNFUG00015021893,LOC107376029
ENSNFUG00015021025,LOC107394414
ENSNFUG00015022810,LOC107392157
ENSNFUG00015006206,LOC107391358
ENSNFUG00015022023,LOC107387930
ENSNFUG00015016889,LOC107391077
ENSNFUG00015008484,LOC107384320
ENSNFUG00015003608,LOC107378326
ENSNFUG00015002406,LOC107394671
ENSNFUG00015018085,LOC107396337
ENSNFUG00015023724,LOC107393338
ENSNFUG00015007565,LOC107391010
ENSNFUG00015017532,LOC107381616
ENSNFUG00015021998,LOC107390763
ENSNFUG00015006789,LOC107385786
ENSNFUG00015022767,LOC107392575
ENSNFUG00015009520,LOC107379700
ENSNFUG00015004939,LOC107384960
ENSNFUG00015023009,LOC107383903
ENSNFUG00015016091,LOC107392292
ENSNFUG00015013998,LOC107372780
ENSNFUG00015005581,LOC107391271
ENSNFUG00015003435,LOC107378134
ENSNFUG00015011705,LOC107389472
ENSNFUG00015005709,LOC107384305
ENSNFUG00015019307,LOC107396720
ENSNFUG00015020283,LOC107394385
ENSNFUG00015018036,LOC107389010
ENSNFUG00015010779,LOC107384029
ENSNFUG00015018489,LOC107373062
ENSNFUG00015009598,LOC107393030
ENSNFUG00015018946,LOC107394858
ENSNFUG00015021908,LOC107396282
ENSNFUG00015024028,LOC107390837
ENSNFUG00015024796,LOC107387021
ENSNFUG00015005048,LOC107380714
ENSNFUG00015023925,LOC107394209
ENSNFUG00015017236,LOC107376246
ENSNFUG00015016048,LOC107388196
ENSNFUG00015012178,LOC107386933
ENSNFUG00015024593,LOC107387005
ENSNFUG00015005141,LOC107384203
ENSNFUG00015023519,LOC107376504
ENSNFUG00015011493,LOC107385018
ENSNFUG00015015017,LOC107385712
ENSNFUG00015023121,LOC107385642
ENSNFUG00015017743,LOC107394844
ENSNFUG00015020372,LOC107388920
ENSNFUG00015020327,LOC107381441
ENSNFUG00015009428,LOC107386772
ENSNFUG00015022644,LOC107388468
ENSNFUG00015019823,LOC107394573
ENSNFUG00015009650,LOC107391545
ENSNFUG00015021275,LOC107389820
ENSNFUG00015012439,LOC107390497
ENSNFUG00015007034,LOC107391378
ENSNFUG00015015671,LOC107395170
ENSNFUG00015022658,LOC107388471
ENSNFUG00015019211,LOC107388237
ENSNFUG00015008345,LOC107388094
ENSNFUG00015006965,LOC107377868
ENSNFUG00015025042,LOC107392755
ENSNFUG00015018292,LOC107393680
ENSNFUG00015000683,LOC107375191
ENSNFUG00015019164,LOC107382961
ENSNFUG00015023197,LOC107385437
ENSNFUG00015005349,LOC107391265
ENSNFUG00015018841,LOC107383557
ENSNFUG00015005414,LOC107386143
ENSNFUG00015020383,LOC107385132
ENSNFUG00015003380,LOC107374749
ENSNFUG00015000980,LOC107377523
ENSNFUG00015004479,LOC107378775
ENSNFUG00015020321,LOC107395067
ENSNFUG00015003640,LOC107378580
ENSNFUG00015012705,LOC107376574
ENSNFUG00015001177,LOC107379378
ENSNFUG00015022000,LOC107390765
ENSNFUG00015019731,LOC107393300
ENSNFUG00015024791,LOC107387676
ENSNFUG00015018469,LOC107373040
ENSNFUG00015004269,LOC107377388
ENSNFUG00015005914,LOC107381178
ENSNFUG00015011108,LOC107388753
ENSNFUG00015020796,LOC107386575
ENSNFUG00015018633,LOC107387634
ENSNFUG00015022911,LOC107384086
ENSNFUG00015003637,LOC107377926
ENSNFUG00015023920,LOC107390024
ENSNFUG00015010532,LOC107382045
ENSNFUG00015021081,LOC107394417
ENSNFUG00015021068,LOC107389249
ENSNFUG00015011374,LOC107380503
ENSNFUG00015004044,LOC107383518
ENSNFUG00015020170,LOC107392283
ENSNFUG00015020280,LOC107383722
ENSNFUG00015009556,LOC107374230
ENSNFUG00015015165,LOC107395807
ENSNFUG00015023806,LOC107390823
ENSNFUG00015018071,LOC107385219
ENSNFUG00015014551,LOC107372877
ENSNFUG00015007585,LOC107387874
ENSNFUG00015018235,LOC107395201
ENSNFUG00015023133,LOC107390197
ENSNFUG00015024653,LOC107383576
ENSNFUG00015018621,LOC107381454
ENSNFUG00015003930,LOC107374737
ENSNFUG00015021337,LOC107383477
ENSNFUG00015023540,LOC107384901
ENSNFUG00015016239,LOC107385969
ENSNFUG00015017999,LOC107396040
ENSNFUG00015020407,LOC107394389
ENSNFUG00015022804,LOC107392580
ENSNFUG00015023887,LOC107386892
ENSNFUG00015022950,LOC107384089
ENSNFUG00015000352,LOC107382943
ENSNFUG00015006469,LOC107382529
ENSNFUG00015004761,LOC107385660
ENSNFUG00015009865,LOC107397060
ENSNFUG00015012986,LOC107375345
ENSNFUG00015004413,LOC107391632
ENSNFUG00015004752,LOC107384919
ENSNFUG00015008785,LOC107384253
ENSNFUG00015009984,LOC107382409
ENSNFUG00015010436,LOC107393365
ENSNFUG00015016386,LOC107385327
ENSNFUG00015016457,LOC107372360
ENSNFUG00015023269,LOC107393500
ENSNFUG00015020859,LOC107394085
ENSNFUG00015022631,LOC107384071
ENSNFUG00015023021,LOC107390816
ENSNFUG00015002468,LOC107378667
ENSNFUG00015013110,LOC107375461
ENSNFUG00015015883,LOC107396419
ENSNFUG00015004063,LOC107378058
ENSNFUG00015019712,LOC107384012
ENSNFUG00015006627,LOC107380732
ENSNFUG00015001572,LOC107380987
ENSNFUG00015008698,LOC107378113
ENSNFUG00015019893,LOC107392345
ENSNFUG00015003343,LOC107378141
ENSNFUG00015020316,LOC107378301
ENSNFUG00015000986,LOC107379723
ENSNFUG00015007113,LOC107387515
ENSNFUG00015020779,LOC107388930
ENSNFUG00015023068,LOC107384102
ENSNFUG00015022285,LOC107391454
ENSNFUG00015021268,LOC107392842
ENSNFUG00015007010,LOC107375576
ENSNFUG00015023568,LOC107393310
ENSNFUG00015005866,LOC107386859
ENSNFUG00015010004,LOC107374251
ENSNFUG00015011513,LOC107397384
ENSNFUG00015023040,LOC107377059
ENSNFUG00015008179,LOC107386018
ENSNFUG00015020834,LOC107392021
ENSNFUG00015019286,LOC107389216
ENSNFUG00015000088,LOC107377276
ENSNFUG00015020073,LOC107394811
ENSNFUG00015005471,LOC107389081
ENSNFUG00015005206,LOC107386045
ENSNFUG00015014420,LOC107388167
ENSNFUG00015017095,LOC107382362
ENSNFUG00015018805,LOC107386211
ENSNFUG00015015370,LOC107395693
ENSNFUG00015022588,LOC107394422
ENSNFUG00015005166,LOC107383337
ENSNFUG00015022560,LOC107391063
ENSNFUG00015020450,LOC107380345
ENSNFUG00015020386,LOC107385136
ENSNFUG00015024050,LOC107393515
ENSNFUG00015025341,LOC107392093
ENSNFUG00015014438,LOC107394176
ENSNFUG00015012707,LOC107376263
ENSNFUG00015011716,LOC107397390
ENSNFUG00015018714,LOC107378291
ENSNFUG00015007277,LOC107382160
ENSNFUG00015013752,LOC107388258
ENSNFUG00015003101,LOC107393773
ENSNFUG00015020702,LOC107383208
ENSNFUG00015007011,LOC107386891
ENSNFUG00015008474,LOC107385492
ENSNFUG00015007120,LOC107386109
ENSNFUG00015019996,LOC107393847
ENSNFUG00015022375,LOC107388626
ENSNFUG00015005894,LOC107391594
ENSNFUG00015006076,LOC107383383
ENSNFUG00015024890,LOC107375976
ENSNFUG00015009034,LOC107374199
ENSNFUG00015010478,LOC107395132
ENSNFUG00015020623,LOC107385334
ENSNFUG00015001640,LOC107376940
ENSNFUG00015009888,LOC107393020
ENSNFUG00015014855,LOC107389704
ENSNFUG00015012928,LOC107382384
ENSNFUG00015013023,LOC107375346
ENSNFUG00015000191,LOC107378586
ENSNFUG00015019998,LOC107385415
ENSNFUG00015016295,LOC107380819
ENSNFUG00015000750,LOC107381331
ENSNFUG00015005350,LOC107386624
ENSNFUG00015001057,LOC107394483
ENSNFUG00015023476,LOC107384900
ENSNFUG00015013979,LOC107388148
ENSNFUG00015009098,LOC107376612
ENSNFUG00015018134,LOC107385217
ENSNFUG00015011853,LOC107382245
ENSNFUG00015023713,LOC107390214
ENSNFUG00015013750,LOC107383077
ENSNFUG00015016322,LOC107388592
ENSNFUG00015008530,LOC107389636
ENSNFUG00015008959,LOC107395460
ENSNFUG00015023102,LOC107383910
ENSNFUG00015016181,LOC107392295
ENSNFUG00015021683,LOC107386971
ENSNFUG00015000290,LOC107377190
ENSNFUG00015022685,LOC107389298
ENSNFUG00015008404,LOC107381279
ENSNFUG00015013630,LOC107372554
ENSNFUG00015005397,LOC107375870
ENSNFUG00015011013,LOC107382042
ENSNFUG00015021148,LOC107384047
ENSNFUG00015016524,LOC107387843
ENSNFUG00015005228,LOC107389838
ENSNFUG00015002946,LOC107380458
ENSNFUG00015018645,LOC107378286
ENSNFUG00015012785,LOC107383970
ENSNFUG00015023954,LOC107388645
ENSNFUG00015013844,LOC107397252
ENSNFUG00015009038,LOC107373715
ENSNFUG00015022213,LOC107386396
ENSNFUG00015024322,LOC107390706
ENSNFUG00015012932,LOC107386688
ENSNFUG00015024363,LOC107390714
ENSNFUG00015024726,LOC107389063
ENSNFUG00015001642,LOC107376802
ENSNFUG00015003378,LOC107375568
ENSNFUG00015006862,LOC107386731
ENSNFUG00015018353,LOC107372681
ENSNFUG00015020938,LOC107373701
ENSNFUG00015023218,LOC107394892
ENSNFUG00015011789,LOC107388366
ENSNFUG00015020137,LOC107389231
ENSNFUG00015022217,LOC107395013
ENSNFUG00015022789,LOC107392577
ENSNFUG00015025244,LOC107383332
ENSNFUG00015024059,LOC107389339
ENSNFUG00015022296,LOC107391455
ENSNFUG00015004136,LOC107379063
ENSNFUG00015016454,LOC107384132
ENSNFUG00015025013,LOC107390124
ENSNFUG00015008781,LOC107393354
ENSNFUG00015010625,LOC107387475
ENSNFUG00015021568,LOC107395775
ENSNFUG00015000508,LOC107381272
ENSNFUG00015020482,LOC107395451
ENSNFUG00015005761,LOC107386038
ENSNFUG00015020828,LOC107388024
ENSNFUG00015020942,LOC107386183
ENSNFUG00015015906,LOC107385537
ENSNFUG00015018500,LOC107373108
ENSNFUG00015025373,LOC107392101
ENSNFUG00015007544,LOC107384857
ENSNFUG00015002141,LOC107381310
ENSNFUG00015010793,LOC107388748
ENSNFUG00015000759,LOC107375201
ENSNFUG00015009381,LOC107385560
ENSNFUG00015018070,LOC107390588
ENSNFUG00015015148,LOC107385864
ENSNFUG00015014457,LOC107396730
ENSNFUG00015015010,LOC107384566
ENSNFUG00015019155,LOC107385831
ENSNFUG00015016320,LOC107384580
ENSNFUG00015004408,LOC107383631
ENSNFUG00015014258,LOC107389736
ENSNFUG00015018229,LOC107395202
ENSNFUG00015018822,LOC107383805
ENSNFUG00015022277,LOC107394786
ENSNFUG00015024823,LOC107393176
ENSNFUG00015016810,LOC107391072
ENSNFUG00015021987,LOC107376031
ENSNFUG00015008873,LOC107376617
ENSNFUG00015011126,LOC107388816
ENSNFUG00015018133,LOC107389020
ENSNFUG00015005382,LOC107384719
ENSNFUG00015010057,LOC107387970
ENSNFUG00015020668,LOC107385416
ENSNFUG00015017520,LOC107381613
ENSNFUG00015016684,LOC107392297
ENSNFUG00015000571,LOC107389966
ENSNFUG00015019412,LOC107383032
ENSNFUG00015018440,LOC107386956
ENSNFUG00015004210,LOC107379583
ENSNFUG00015014865,LOC107372902
ENSNFUG00015010904,LOC107393371
ENSNFUG00015002312,LOC107377208
ENSNFUG00015018262,LOC107394364
ENSNFUG00015016366,LOC107385324
ENSNFUG00015005797,LOC107383352
ENSNFUG00015008294,LOC107387374
ENSNFUG00015004559,LOC107379116
ENSNFUG00015019790,LOC107388619
ENSNFUG00015011338,LOC107385012
ENSNFUG00015022809,LOC107386827
ENSNFUG00015017068,LOC107390309
ENSNFUG00015002591,LOC107393875
ENSNFUG00015011210,LOC107387602
ENSNFUG00015022619,LOC107390471
ENSNFUG00015023820,LOC107390825
ENSNFUG00015001546,LOC107381055
ENSNFUG00015023063,LOC107383908
ENSNFUG00015011310,LOC107387982
ENSNFUG00015008440,LOC107382557
ENSNFUG00015024285,LOC107387303
ENSNFUG00015013104,LOC107375463
ENSNFUG00015011838,LOC107385502
ENSNFUG00015017004,LOC107372381
ENSNFUG00015002545,LOC107379435
ENSNFUG00015007457,LOC107389603
ENSNFUG00015006427,LOC107387238
ENSNFUG00015003256,LOC107378645
ENSNFUG00015021760,LOC107386392
ENSNFUG00015000389,LOC107376853
ENSNFUG00015009658,LOC107382452
ENSNFUG00015007116,LOC107384663
ENSNFUG00015021429,LOC107396907
ENSNFUG00015020195,LOC107386185
ENSNFUG00015013039,LOC107384374
ENSNFUG00015022429,LOC107389987
ENSNFUG00015006510,LOC107376424
ENSNFUG00015024685,LOC107380859
ENSNFUG00015010865,LOC107394131
ENSNFUG00015003291,LOC107378639
ENSNFUG00015008606,LOC107374808
ENSNFUG00015002339,LOC107377808
ENSNFUG00015020368,LOC107394869
ENSNFUG00015019801,LOC107390386
ENSNFUG00015014077,LOC107390556
ENSNFUG00015003163,LOC107376748
ENSNFUG00015019543,LOC107386791
ENSNFUG00015004702,LOC107386612
ENSNFUG00015012094,LOC107379288
ENSNFUG00015023846,LOC107390831
ENSNFUG00015022264,LOC107395120
ENSNFUG00015016579,LOC107394962
ENSNFUG00015020920,LOC107396804
ENSNFUG00015019688,LOC107389222
ENSNFUG00015012165,LOC107377127
ENSNFUG00015009897,LOC107389960
ENSNFUG00015010699,LOC107385008
ENSNFUG00015006372,LOC107391854
ENSNFUG00015018843,LOC107385240
ENSNFUG00015001901,LOC107377204
ENSNFUG00015025260,LOC107387686
ENSNFUG00015000947,LOC107375212
ENSNFUG00015020144,LOC107397227
ENSNFUG00015010776,LOC107384030
ENSNFUG00015008080,LOC107374912
ENSNFUG00015014204,LOC107395790
ENSNFUG00015019861,LOC107390376
ENSNFUG00015009742,LOC107372822
ENSNFUG00015020348,LOC107388915
ENSNFUG00015024400,LOC107391320
ENSNFUG00015011793,LOC107389686
ENSNFUG00015006512,LOC107386882
ENSNFUG00015003918,LOC107377101
ENSNFUG00015021809,LOC107388587
ENSNFUG00015003583,LOC107377923
ENSNFUG00015015344,LOC107389258
ENSNFUG00015005529,LOC107377778
ENSNFUG00015003010,LOC107378567
ENSNFUG00015019603,LOC107384006
ENSNFUG00015025351,LOC107387703
ENSNFUG00015000835,LOC107379877
ENSNFUG00015015052,LOC107376133
ENSNFUG00015010689,LOC107379055
ENSNFUG00015022315,LOC107387934
ENSNFUG00015018338,LOC107391552
ENSNFUG00015016247,LOC107385717
ENSNFUG00015023140,LOC107380372
ENSNFUG00015007967,LOC107376006
ENSNFUG00015023018,LOC107394210
ENSNFUG00015008015,LOC107387506
ENSNFUG00015009231,LOC107378176
ENSNFUG00015010271,LOC107374002
ENSNFUG00015022249,LOC107377047
ENSNFUG00015000314,LOC107391395
ENSNFUG00015025023,LOC107390123
ENSNFUG00015017897,LOC107395431
ENSNFUG00015008910,LOC107391740
ENSNFUG00015019579,LOC107389218
ENSNFUG00015022848,LOC107391465
ENSNFUG00015004227,LOC107385788
ENSNFUG00015001324,LOC107389827
ENSNFUG00015005458,LOC107393301
ENSNFUG00015005515,LOC107387161
ENSNFUG00015006162,LOC107388065
ENSNFUG00015009639,LOC107393028
ENSNFUG00015001007,LOC107375515
ENSNFUG00015012226,LOC107379289
ENSNFUG00015023515,LOC107377441
ENSNFUG00015001887,LOC107380106
ENSNFUG00015021749,LOC107388438
ENSNFUG00015002029,LOC107383140
ENSNFUG00015022722,LOC107392572
ENSNFUG00015000621,LOC107380007
ENSNFUG00015019987,LOC107393845
ENSNFUG00015017952,LOC107395193
ENSNFUG00015014350,LOC107372866
ENSNFUG00015015323,LOC107374419
ENSNFUG00015009422,LOC107387958
ENSNFUG00015017704,LOC107381728
ENSNFUG00015014875,LOC107372901
ENSNFUG00015019347,LOC107394075
ENSNFUG00015005662,LOC107389082
ENSNFUG00015023537,LOC107391482
ENSNFUG00015016977,LOC107386550
ENSNFUG00015017205,LOC107397049
ENSNFUG00015020443,LOC107380342
ENSNFUG00015016301,LOC107380820
ENSNFUG00015021145,LOC107396069
ENSNFUG00015014165,LOC107390554
ENSNFUG00015003553,LOC107379977
ENSNFUG00015021901,LOC107387925
ENSNFUG00015003475,LOC107381668
ENSNFUG00015011293,LOC107395566
ENSNFUG00015021759,LOC107386975
ENSNFUG00015008390,LOC107383961
ENSNFUG00015018673,LOC107378290
ENSNFUG00015006231,LOC107383719
ENSNFUG00015004922,LOC107386429
ENSNFUG00015021607,LOC107390488
ENSNFUG00015004258,LOC107385829
ENSNFUG00015021862,LOC107382844
ENSNFUG00015023470,LOC107392810
ENSNFUG00015007542,LOC107387203
ENSNFUG00015013636,LOC107388253
ENSNFUG00015005926,LOC107389092
ENSNFUG00015003052,LOC107375023
ENSNFUG00015017057,LOC107391956
ENSNFUG00015002965,LOC107376360
ENSNFUG00015020301,LOC107390366
ENSNFUG00015005530,LOC107378760
ENSNFUG00015010417,LOC107378100
ENSNFUG00015005524,LOC107386137
ENSNFUG00015010493,LOC107395810
ENSNFUG00015006229,LOC107389842
ENSNFUG00015008424,LOC107393756
ENSNFUG00015022312,LOC107386982
ENSNFUG00015012139,LOC107383862
ENSNFUG00015003164,LOC107379525
ENSNFUG00015006605,LOC107388780
ENSNFUG00015001487,LOC107379396
ENSNFUG00015022694,LOC107393930
ENSNFUG00015023666,LOC107394227
ENSNFUG00015014422,LOC107394174
ENSNFUG00015002658,LOC107394719
ENSNFUG00015022136,LOC107387775
ENSNFUG00015000135,LOC107377187
ENSNFUG00015021187,LOC107385281
ENSNFUG00015016837,LOC107388840
ENSNFUG00015020851,LOC107383217
ENSNFUG00015013723,LOC107385527
ENSNFUG00015000931,LOC107374679
ENSNFUG00015014587,LOC107390395
ENSNFUG00015014959,LOC107395037
ENSNFUG00015019938,LOC107379239
ENSNFUG00015011176,LOC107386783
ENSNFUG00015005698,LOC107389504
ENSNFUG00015007815,LOC107384312
ENSNFUG00015005784,LOC107390850
ENSNFUG00015011693,LOC107386522
ENSNFUG00015015914,LOC107394447
ENSNFUG00015013485,LOC107384504
ENSNFUG00015001805,LOC107376144
ENSNFUG00015020499,LOC107395083
ENSNFUG00015021472,LOC107396175
ENSNFUG00015019089,LOC107389204
ENSNFUG00015002596,LOC107377747
ENSNFUG00015010673,LOC107385561
ENSNFUG00015005300,LOC107375164
ENSNFUG00015001131,LOC107376912
ENSNFUG00015000797,LOC107375820
ENSNFUG00015006107,LOC107386440
ENSNFUG00015008188,LOC107386473
ENSNFUG00015012074,LOC107377125
ENSNFUG00015007214,LOC107385304
ENSNFUG00015016518,LOC107394468
ENSNFUG00015013882,LOC107388144
ENSNFUG00015006701,LOC107388789
ENSNFUG00015009979,LOC107384339
ENSNFUG00015015577,LOC107379566
ENSNFUG00015011449,LOC107383844
ENSNFUG00015022641,LOC107388947
ENSNFUG00015009363,LOC107384119
ENSNFUG00015024826,LOC107384198
ENSNFUG00015022390,LOC107390791
ENSNFUG00015023147,LOC107395285
ENSNFUG00015011812,LOC107383682
ENSNFUG00015016903,LOC107377672
ENSNFUG00015005621,LOC107388053
ENSNFUG00015011862,LOC107383528
ENSNFUG00015010831,LOC107386249
ENSNFUG00015003257,LOC107378646
ENSNFUG00015005137,LOC107384931
ENSNFUG00015014918,LOC107390157
ENSNFUG00015015141,LOC107385866
ENSNFUG00015004564,LOC107382423
ENSNFUG00015015008,LOC107379642
ENSNFUG00015007875,LOC107386732
ENSNFUG00015007388,LOC107383610
ENSNFUG00015009256,LOC107379176
ENSNFUG00015017775,LOC107382195
ENSNFUG00015012166,LOC107374068
ENSNFUG00015020835,LOC107373488
ENSNFUG00015001688,LOC107375496
ENSNFUG00015006638,LOC107388784
ENSNFUG00015015558,LOC107396650
ENSNFUG00015013809,LOC107383080
ENSNFUG00015009620,LOC107393029
ENSNFUG00015022482,LOC107391240
ENSNFUG00015016085,LOC107391054
ENSNFUG00015004007,LOC107377168
ENSNFUG00015007187,LOC107386903
ENSNFUG00015012413,LOC107386489
ENSNFUG00015000306,LOC107377946
ENSNFUG00015020927,LOC107396802
ENSNFUG00015006665,LOC107375902
ENSNFUG00015017871,LOC107390521
ENSNFUG00015017912,LOC107377687
ENSNFUG00015018862,LOC107383810
ENSNFUG00015013032,LOC107383534
ENSNFUG00015012459,LOC107379293
ENSNFUG00015011555,LOC107389684
ENSNFUG00015006276,LOC107391367
ENSNFUG00015008134,LOC107380478
ENSNFUG00015000455,LOC107375812
ENSNFUG00015007435,LOC107384853
ENSNFUG00015005552,LOC107387167
ENSNFUG00015025107,LOC107391341
ENSNFUG00015016177,LOC107390540
ENSNFUG00015004829,LOC107390316
ENSNFUG00015021034,LOC107389248
ENSNFUG00015016853,LOC107384141
ENSNFUG00015010707,LOC107379701
ENSNFUG00015019812,LOC107389227
ENSNFUG00015012201,LOC107382629
ENSNFUG00015016260,LOC107384573
ENSNFUG00015018981,LOC107385261
ENSNFUG00015021076,LOC107392981
ENSNFUG00015003849,LOC107378930
ENSNFUG00015009691,LOC107388807
ENSNFUG00015010838,LOC107378087
ENSNFUG00015024315,LOC107376057
ENSNFUG00015002859,LOC107376372
ENSNFUG00015013902,LOC107390275
ENSNFUG00015010799,LOC107384027
ENSNFUG00015001005,LOC107392452
ENSNFUG00015024061,LOC107376053
ENSNFUG00015018020,LOC107391209
ENSNFUG00015008478,LOC107383776
ENSNFUG00015015902,LOC107396752
ENSNFUG00015008253,LOC107378715
ENSNFUG00015007216,LOC107380765
ENSNFUG00015020332,LOC107394986
ENSNFUG00015017853,LOC107393667
ENSNFUG00015013484,LOC107380224
ENSNFUG00015010605,LOC107395525
ENSNFUG00015009895,LOC107393019
ENSNFUG00015022230,LOC107395017
ENSNFUG00015003995,LOC107380468
ENSNFUG00015020031,LOC107383109
ENSNFUG00015007894,LOC107383760
ENSNFUG00015008203,LOC107386906
ENSNFUG00015017054,LOC107396929
ENSNFUG00015010859,LOC107391890
ENSNFUG00015008638,LOC107386761
ENSNFUG00015024587,LOC107394012
ENSNFUG00015011730,LOC107394529
ENSNFUG00015010207,LOC107372676
ENSNFUG00015014593,LOC107396120
ENSNFUG00015005557,LOC107378344
ENSNFUG00015014100,LOC107394019
ENSNFUG00015002595,LOC107379501
ENSNFUG00015005136,LOC107390351
ENSNFUG00015016745,LOC107389742
ENSNFUG00015008496,LOC107393766
ENSNFUG00015006634,LOC107388070
ENSNFUG00015011418,LOC107388822
ENSNFUG00015019379,LOC107389033
ENSNFUG00015015029,LOC107385403
ENSNFUG00015017528,LOC107390924
ENSNFUG00015000570,LOC107376841
ENSNFUG00015011389,LOC107376289
ENSNFUG00015002410,LOC107378554
ENSNFUG00015020121,LOC107382807
ENSNFUG00015020704,LOC107397135
ENSNFUG00015012158,LOC107390517
ENSNFUG00015012415,LOC107383435
ENSNFUG00015015286,LOC107382596
ENSNFUG00015005065,LOC107386157
ENSNFUG00015016240,LOC107391061
ENSNFUG00015022806,LOC107386991
ENSNFUG00015002579,LOC107381547
ENSNFUG00015003197,LOC107381525
ENSNFUG00015002908,LOC107375629
ENSNFUG00015003683,LOC107377929
ENSNFUG00015002890,LOC107376666
ENSNFUG00015004434,LOC107384729
ENSNFUG00015010167,LOC107380292
ENSNFUG00015009966,LOC107374000
ENSNFUG00015021267,LOC107393701
ENSNFUG00015015200,LOC107395254
ENSNFUG00015018864,LOC107383811
ENSNFUG00015002739,LOC107385598
ENSNFUG00015006405,LOC107382523
ENSNFUG00015000137,LOC107377277
ENSNFUG00015002317,LOC107397262
ENSNFUG00015017686,LOC107394835
ENSNFUG00015001807,LOC107375831
ENSNFUG00015008668,LOC107387385
ENSNFUG00015025264,LOC107392952
ENSNFUG00015007076,LOC107387231
ENSNFUG00015021853,LOC107382841
ENSNFUG00015021558,LOC107393446
ENSNFUG00015010292,LOC107386448
ENSNFUG00015005758,LOC107390851
ENSNFUG00015008403,LOC107389523
ENSNFUG00015018877,LOC107377157
ENSNFUG00015003857,LOC107380586
ENSNFUG00015002653,LOC107385586
ENSNFUG00015015373,LOC107394028
ENSNFUG00015008280,LOC107384424
ENSNFUG00015006942,LOC107375892
ENSNFUG00015007710,LOC107391013
ENSNFUG00015012903,LOC107374528
ENSNFUG00015000154,LOC107379353
ENSNFUG00015002501,LOC107380303
ENSNFUG00015021029,LOC107386181
ENSNFUG00015022128,LOC107386505
ENSNFUG00015003704,LOC107375859
ENSNFUG00015010074,LOC107373131
ENSNFUG00015000864,LOC107378524
ENSNFUG00015005410,LOC107384206
ENSNFUG00015008034,LOC107384956
ENSNFUG00015013099,LOC107385840
ENSNFUG00015007857,LOC107386020
ENSNFUG00015006356,LOC107387242
ENSNFUG00015021870,LOC107382846
ENSNFUG00015011265,LOC107391354
ENSNFUG00015015730,LOC107385584
ENSNFUG00015002028,LOC107395344
ENSNFUG00015024735,LOC107391331
ENSNFUG00015006487,LOC107393147
ENSNFUG00015018821,LOC107388220
ENSNFUG00015022926,LOC107383500
ENSNFUG00015024604,LOC107390103
ENSNFUG00015019925,LOC107394591
ENSNFUG00015008353,LOC107379035
ENSNFUG00015018305,LOC107372920
ENSNFUG00015015185,LOC107393249
ENSNFUG00015010674,LOC107379733
ENSNFUG00015003607,LOC107381521
ENSNFUG00015023428,LOC107384779
ENSNFUG00015018657,LOC107388882
ENSNFUG00015018074,LOC107396339
ENSNFUG00015024232,LOC107387310
ENSNFUG00015000340,LOC107376860
ENSNFUG00015019260,LOC107382648
ENSNFUG00015012198,LOC107388829
ENSNFUG00015004320,LOC107379074
ENSNFUG00015010808,LOC107376309
ENSNFUG00015009866,LOC107374238
ENSNFUG00015014998,LOC107384565
ENSNFUG00015009814,LOC107390656
ENSNFUG00015006251,LOC107389844
ENSNFUG00015021707,LOC107382746
ENSNFUG00015008429,LOC107382553
ENSNFUG00015020007,LOC107383565
ENSNFUG00015007320,LOC107379008
ENSNFUG00015002352,LOC107376976
ENSNFUG00015004066,LOC107384623
ENSNFUG00015018066,LOC107389016
ENSNFUG00015020092,LOC107384164
ENSNFUG00015019167,LOC107376534
ENSNFUG00015018863,LOC107389776
ENSNFUG00015019105,LOC107389205
ENSNFUG00015024578,LOC107390102
ENSNFUG00015012856,LOC107378278
ENSNFUG00015005848,LOC107386857
ENSNFUG00015021953,LOC107396494
ENSNFUG00015009752,LOC107382000
ENSNFUG00015018551,LOC107383282
ENSNFUG00015015005,LOC107396216
ENSNFUG00015021376,LOC107384170
ENSNFUG00015002315,LOC107377742
ENSNFUG00015012702,LOC107376576
ENSNFUG00015010816,LOC107391889
ENSNFUG00015019830,LOC107395221
ENSNFUG00015021866,LOC107380809
ENSNFUG00015004507,LOC107379081
ENSNFUG00015021263,LOC107381104
ENSNFUG00015021332,LOC107391434
ENSNFUG00015013178,LOC107374345
ENSNFUG00015008061,LOC107386470
ENSNFUG00015014437,LOC107396842
ENSNFUG00015016187,LOC107396323
ENSNFUG00015008545,LOC107378705
ENSNFUG00015021779,LOC107385154
ENSNFUG00015020767,LOC107394594
ENSNFUG00015001230,LOC107381069
ENSNFUG00015016930,LOC107392791
ENSNFUG00015011712,LOC107373608
ENSNFUG00015022430,LOC107377053
ENSNFUG00015021223,LOC107382702
ENSNFUG00015009243,LOC107384962
ENSNFUG00015001080,LOC107394455
ENSNFUG00015010675,LOC107374455
ENSNFUG00015014836,LOC107379555
ENSNFUG00015014413,LOC107397160
ENSNFUG00015024752,LOC107389066
ENSNFUG00015018853,LOC107383804
ENSNFUG00015016020,LOC107394452
ENSNFUG00015010570,LOC107377626
ENSNFUG00015014012,LOC107375402
ENSNFUG00015019596,LOC107383702
ENSNFUG00015023075,LOC107395266
ENSNFUG00015013399,LOC107388116
ENSNFUG00015005312,LOC107377481
ENSNFUG00015000147,LOC107378497
ENSNFUG00015012045,LOC107372719
ENSNFUG00015001241,LOC107376923
ENSNFUG00015004709,LOC107384913
ENSNFUG00015017015,LOC107392002
ENSNFUG00015018312,LOC107383440
ENSNFUG00015010643,LOC107388745
ENSNFUG00015009920,LOC107389963
ENSNFUG00015004646,LOC107379138
ENSNFUG00015004180,LOC107391624
ENSNFUG00015019779,LOC107386196
ENSNFUG00015004804,LOC107393495
ENSNFUG00015019491,LOC107392979
ENSNFUG00015001421,LOC107374994
ENSNFUG00015011077,LOC107378077
ENSNFUG00015019185,LOC107392435
ENSNFUG00015015117,LOC107385863
ENSNFUG00015017875,LOC107390931
ENSNFUG00015019314,LOC107388908
ENSNFUG00015001250,LOC107378536
ENSNFUG00015022693,LOC107390469
ENSNFUG00015006867,LOC107384221
ENSNFUG00015006079,LOC107391596
ENSNFUG00015008794,LOC107387371
ENSNFUG00015024905,LOC107393196
ENSNFUG00015021088,LOC107373543
ENSNFUG00015025199,LOC107392954
ENSNFUG00015004852,LOC107387714
ENSNFUG00015018220,LOC107390940
ENSNFUG00015016957,LOC107396920
ENSNFUG00015017758,LOC107376715
ENSNFUG00015003019,LOC107375709
ENSNFUG00015002418,LOC107380125
ENSNFUG00015023064,LOC107387936
ENSNFUG00015007238,LOC107387863
ENSNFUG00015016873,LOC107377669
ENSNFUG00015015521,LOC107396653
ENSNFUG00015021687,LOC107389112
ENSNFUG00015021249,LOC107390070
ENSNFUG00015009737,LOC107389664
ENSNFUG00015017794,LOC107372385
ENSNFUG00015024883,LOC107393190
ENSNFUG00015022775,LOC107386401
ENSNFUG00015019698,LOC107395930
ENSNFUG00015012781,LOC107385700
ENSNFUG00015007066,LOC107385665
ENSNFUG00015001405,LOC107376681
ENSNFUG00015020883,LOC107397147
ENSNFUG00015014246,LOC107393008
ENSNFUG00015013556,LOC107372550
ENSNFUG00015014336,LOC107396832
ENSNFUG00015019742,LOC107393299
ENSNFUG00015013000,LOC107379323
ENSNFUG00015016356,LOC107384584
ENSNFUG00015010236,LOC107394646
ENSNFUG00015018562,LOC107394373
ENSNFUG00015019500,LOC107395216
ENSNFUG00015024800,LOC107387862
ENSNFUG00015002804,LOC107376652
ENSNFUG00015021642,LOC107386261
ENSNFUG00015024797,LOC107387858
ENSNFUG00015011315,LOC107394659
ENSNFUG00015022953,LOC107393732
ENSNFUG00015022289,LOC107390786
ENSNFUG00015001847,LOC107389755
ENSNFUG00015009356,LOC107372762
ENSNFUG00015008026,LOC107374800
ENSNFUG00015020608,LOC107392752
ENSNFUG00015002714,LOC107380081
ENSNFUG00015005707,LOC107384724
ENSNFUG00015005231,LOC107392205
ENSNFUG00015010298,LOC107391881
ENSNFUG00015017326,LOC107390903
ENSNFUG00015019805,LOC107378298
ENSNFUG00015005204,LOC107391826
ENSNFUG00015001694,LOC107380406
ENSNFUG00015009359,LOC107374546
ENSNFUG00015013931,LOC107397251
ENSNFUG00015001067,LOC107377342
ENSNFUG00015020309,LOC107385604
ENSNFUG00015022074,LOC107396293
ENSNFUG00015010862,LOC107383058
ENSNFUG00015022831,LOC107384083
ENSNFUG00015009434,LOC107389952
ENSNFUG00015018538,LOC107375692
ENSNFUG00015015978,LOC107384561
ENSNFUG00015013378,LOC107383977
ENSNFUG00015021042,LOC107384044
ENSNFUG00015018393,LOC107393896
ENSNFUG00015008208,LOC107393047
ENSNFUG00015005539,LOC107378759
ENSNFUG00015016737,LOC107373864
ENSNFUG00015013944,LOC107397246
ENSNFUG00015011434,LOC107379725
ENSNFUG00015006997,LOC107375575
ENSNFUG00015024850,LOC107392772
ENSNFUG00015016035,LOC107396143
ENSNFUG00015010531,LOC107390907
ENSNFUG00015017826,LOC107381469
ENSNFUG00015008804,LOC107384256
ENSNFUG00015024486,LOC107386996
ENSNFUG00015000248,LOC107391413
ENSNFUG00015002097,LOC107376954
ENSNFUG00015008141,LOC107383947
ENSNFUG00015007990,LOC107384316
ENSNFUG00015024994,LOC107391338
ENSNFUG00015023365,LOC107383135
ENSNFUG00015014756,LOC107379638
ENSNFUG00015008137,LOC107388708
ENSNFUG00015010496,LOC107378094
ENSNFUG00015020096,LOC107382801
ENSNFUG00015004325,LOC107375127
ENSNFUG00015018005,LOC107385211
ENSNFUG00015010077,LOC107374254
ENSNFUG00015007047,LOC107379006
ENSNFUG00015011181,LOC107395562
ENSNFUG00015009200,LOC107384516
ENSNFUG00015007654,LOC107387207
ENSNFUG00015004028,LOC107383503
ENSNFUG00015019205,LOC107388238
ENSNFUG00015007826,LOC107383615
ENSNFUG00015012569,LOC107379304
ENSNFUG00015008888,LOC107395346
ENSNFUG00015000681,LOC107377194
ENSNFUG00015008039,LOC107374908
ENSNFUG00015017590,LOC107395964
ENSNFUG00015012088,LOC107395149
ENSNFUG00015002656,LOC107378458
ENSNFUG00015011419,LOC107394512
ENSNFUG00015006763,LOC107377854
ENSNFUG00015011564,LOC107394503
ENSNFUG00015015317,LOC107383264
ENSNFUG00015010151,LOC107376610
ENSNFUG00015004494,LOC107380972
ENSNFUG00015002556,LOC107378666
ENSNFUG00015022431,LOC107394771
ENSNFUG00015017661,LOC107375858
ENSNFUG00015018176,LOC107388602
ENSNFUG00015017412,LOC107389096
ENSNFUG00015023602,LOC107391494
ENSNFUG00015025079,LOC107386605
ENSNFUG00015021153,LOC107381340
ENSNFUG00015014649,LOC107390153
ENSNFUG00015019628,LOC107394567
ENSNFUG00015009395,LOC107384118
ENSNFUG00015013060,LOC107382569
ENSNFUG00015024201,LOC107394000
ENSNFUG00015015301,LOC107382595
ENSNFUG00015022570,LOC107390474
ENSNFUG00015002199,LOC107377988
ENSNFUG00015021988,LOC107396501
ENSNFUG00015006462,LOC107387234
ENSNFUG00015024461,LOC107380883
ENSNFUG00015017452,LOC107397176
ENSNFUG00015008323,LOC107383951
ENSNFUG00015011825,LOC107374287
ENSNFUG00015009497,LOC107386774
ENSNFUG00015017180,LOC107388199
ENSNFUG00015011263,LOC107379267
ENSNFUG00015010629,LOC107379739
ENSNFUG00015015467,LOC107393254
ENSNFUG00015001823,LOC107380405
ENSNFUG00015022228,LOC107395014
ENSNFUG00015013573,LOC107390436
ENSNFUG00015024545,LOC107388317
ENSNFUG00015010828,LOC107374833
ENSNFUG00015020681,LOC107385419
ENSNFUG00015011797,LOC107374059
ENSNFUG00015003555,LOC107379978
ENSNFUG00015005156,LOC107386432
ENSNFUG00015007246,LOC107385804
ENSNFUG00015024014,LOC107372346
ENSNFUG00015016455,LOC107394461
ENSNFUG00015010366,LOC107395797
ENSNFUG00015011159,LOC107397381
ENSNFUG00015013969,LOC107387356
ENSNFUG00015002178,LOC107381022
ENSNFUG00015017261,LOC107386560
ENSNFUG00015007943,LOC107384948
ENSNFUG00015005752,LOC107390848
ENSNFUG00015013493,LOC107397337
ENSNFUG00015022024,LOC107387526
ENSNFUG00015023162,LOC107382290
ENSNFUG00015010768,LOC107390662
ENSNFUG00015008942,LOC107386405
ENSNFUG00015019613,LOC107394562
ENSNFUG00015014152,LOC107397264
ENSNFUG00015007172,LOC107382166
ENSNFUG00015020326,LOC107383450
ENSNFUG00015025342,LOC107387699
ENSNFUG00015010378,LOC107376602
ENSNFUG00015022686,LOC107388949
ENSNFUG00015020948,LOC107385277
ENSNFUG00015008381,LOC107385485
ENSNFUG00015021565,LOC107395105
ENSNFUG00015006320,LOC107377280
ENSNFUG00015003832,LOC107377939
ENSNFUG00015024757,LOC107387018
ENSNFUG00015013917,LOC107395633
ENSNFUG00015021216,LOC107380261
ENSNFUG00015016254,LOC107386938
ENSNFUG00015017836,LOC107381466
ENSNFUG00015003738,LOC107377776
ENSNFUG00015006033,LOC107383924
ENSNFUG00015010963,LOC107379182
ENSNFUG00015023838,LOC107393950
ENSNFUG00015013772,LOC107385566
ENSNFUG00015015326,LOC107389257
ENSNFUG00015020136,LOC107382810
ENSNFUG00015019200,LOC107388236
ENSNFUG00015022424,LOC107389161
ENSNFUG00015011687,LOC107384372
ENSNFUG00015018266,LOC107388876
ENSNFUG00015007235,LOC107391737
ENSNFUG00015005142,LOC107384932
ENSNFUG00015005212,LOC107387859
ENSNFUG00015023221,LOC107391087
ENSNFUG00015008305,LOC107389626
ENSNFUG00015017854,LOC107384147
ENSNFUG00015022461,LOC107386512
ENSNFUG00015023344,LOC107395310
ENSNFUG00015006883,LOC107385790
ENSNFUG00015022291,LOC107394783
ENSNFUG00015003888,LOC107381663
ENSNFUG00015019181,LOC107382962
ENSNFUG00015025404,LOC107392692
ENSNFUG00015020503,LOC107395084
ENSNFUG00015020874,LOC107385747
ENSNFUG00015020168,LOC107391084
ENSNFUG00015013318,LOC107380517
ENSNFUG00015004286,LOC107378787
ENSNFUG00015009472,LOC107381744
ENSNFUG00015002208,LOC107393932
ENSNFUG00015003237,LOC107377823
ENSNFUG00015006330,LOC107381755
ENSNFUG00015002183,LOC107392004
ENSNFUG00015001115,LOC107376911
ENSNFUG00015004811,LOC107392200
ENSNFUG00015019257,LOC107394311
ENSNFUG00015010287,LOC107373147
ENSNFUG00015006465,LOC107386414
ENSNFUG00015009502,LOC107384264
ENSNFUG00015009135,LOC107372744
ENSNFUG00015024228,LOC107391105
ENSNFUG00015018759,LOC107396785
ENSNFUG00015008589,LOC107384405
ENSNFUG00015019162,LOC107393786
ENSNFUG00015018793,LOC107386362
ENSNFUG00015021570,LOC107386270
ENSNFUG00015004153,LOC107381838
ENSNFUG00015003168,LOC107379524
ENSNFUG00015012353,LOC107378252
ENSNFUG00015020611,LOC107397141
ENSNFUG00015021584,LOC107394930
ENSNFUG00015013855,LOC107388140
ENSNFUG00015006133,LOC107388341
ENSNFUG00015005789,LOC107386858
ENSNFUG00015013324,LOC107380520
ENSNFUG00015022704,LOC107386397
ENSNFUG00015016512,LOC107390537
ENSNFUG00015003682,LOC107378120
ENSNFUG00015007142,LOC107386901
ENSNFUG00015007835,LOC107389916
ENSNFUG00015000552,LOC107394912
ENSNFUG00015011390,LOC107384363
ENSNFUG00015005314,LOC107391581
ENSNFUG00015024039,LOC107394328
ENSNFUG00015004913,LOC107375152
ENSNFUG00015013586,LOC107390430
ENSNFUG00015006770,LOC107388080
ENSNFUG00015018624,LOC107388616
ENSNFUG00015014342,LOC107372568
ENSNFUG00015012832,LOC107384342
ENSNFUG00015004954,LOC107384987
ENSNFUG00015009932,LOC107374566
ENSNFUG00015006349,LOC107387243
ENSNFUG00015023870,LOC107393952
ENSNFUG00015008069,LOC107380194
ENSNFUG00015009745,LOC107393023
ENSNFUG00015025381,LOC107392713
ENSNFUG00015004705,LOC107384607
ENSNFUG00015014677,LOC107372881
ENSNFUG00015010780,LOC107386251
ENSNFUG00015025261,LOC107387687
ENSNFUG00015023108,LOC107387951
ENSNFUG00015001566,LOC107379412
ENSNFUG00015014163,LOC107396123
ENSNFUG00015011184,LOC107382981
ENSNFUG00015007088,LOC107381198
ENSNFUG00015022146,LOC107388454
ENSNFUG00015020047,LOC107392134
ENSNFUG00015009739,LOC107388810
ENSNFUG00015023617,LOC107375944
ENSNFUG00015009149,LOC107387950
ENSNFUG00015019809,LOC107386384
ENSNFUG00015017469,LOC107390914
ENSNFUG00015010153,LOC107386663
ENSNFUG00015004882,LOC107390438
ENSNFUG00015004953,LOC107390232
ENSNFUG00015019877,LOC107394574
ENSNFUG00015003477,LOC107375723
ENSNFUG00015009835,LOC107384414
ENSNFUG00015010822,LOC107376306
ENSNFUG00015018146,LOC107386672
ENSNFUG00015001285,LOC107393647
ENSNFUG00015024996,LOC107393216
ENSNFUG00015016643,LOC107394344
ENSNFUG00015025020,LOC107392080
ENSNFUG00015003728,LOC107376320
ENSNFUG00015008347,LOC107384667
ENSNFUG00015020892,LOC107381114
ENSNFUG00015019602,LOC107383711
ENSNFUG00015024911,LOC107393197
ENSNFUG00015011905,LOC107378241
ENSNFUG00015007232,LOC107380766
ENSNFUG00015011211,LOC107376303
ENSNFUG00015012022,LOC107385025
ENSNFUG00015008086,LOC107374913
ENSNFUG00015004736,LOC107377833
ENSNFUG00015021276,LOC107392840
ENSNFUG00015016179,LOC107384127
ENSNFUG00015018081,LOC107386955
ENSNFUG00015012990,LOC107375343
ENSNFUG00015002319,LOC107377209
ENSNFUG00015001141,LOC107392437
ENSNFUG00015003092,LOC107375041
ENSNFUG00015009089,LOC107379694
ENSNFUG00015023384,LOC107382179
ENSNFUG00015015259,LOC107394711
ENSNFUG00015013729,LOC107397236
ENSNFUG00015009731,LOC107378236
ENSNFUG00015000829,LOC107378518
ENSNFUG00015017385,LOC107390905
ENSNFUG00015012800,LOC107378275
ENSNFUG00015010416,LOC107387352
ENSNFUG00015013854,LOC107383980
ENSNFUG00015021711,LOC107394608
ENSNFUG00015025253,LOC107387682
ENSNFUG00015016143,LOC107383545
ENSNFUG00015010597,LOC107395134
ENSNFUG00015009345,LOC107383421
ENSNFUG00015003229,LOC107378653
ENSNFUG00015009840,LOC107387470
ENSNFUG00015003066,LOC107391131
ENSNFUG00015002611,LOC107381544
ENSNFUG00015005096,LOC107382734
ENSNFUG00015012288,LOC107373741
ENSNFUG00015013968,LOC107388388
ENSNFUG00015014749,LOC107394182
ENSNFUG00015023228,LOC107393496
ENSNFUG00015012300,LOC107379614
ENSNFUG00015019249,LOC107389215
ENSNFUG00015023248,LOC107383917
ENSNFUG00015013237,LOC107388766
ENSNFUG00015013908,LOC107388008
ENSNFUG00015004347,LOC107379078
ENSNFUG00015013443,LOC107383076
ENSNFUG00015024234,LOC107388968
ENSNFUG00015016397,LOC107395048
ENSNFUG00015013367,LOC107391637
ENSNFUG00015025111,LOC107393231
ENSNFUG00015000480,LOC107378502
ENSNFUG00015002399,LOC107378553
ENSNFUG00015022478,LOC107391239
ENSNFUG00015018646,LOC107395904
ENSNFUG00015008890,LOC107373707
ENSNFUG00015024862,LOC107393186
ENSNFUG00015002839,LOC107376651
ENSNFUG00015004991,LOC107386619
ENSNFUG00015006192,LOC107384393
ENSNFUG00015023496,LOC107394205
ENSNFUG00015015078,LOC107396314
ENSNFUG00015007294,LOC107393555
ENSNFUG00015019358,LOC107376697
ENSNFUG00015022852,LOC107392594
ENSNFUG00015007605,LOC107379016
ENSNFUG00015005052,LOC107390237
ENSNFUG00015013552,LOC107380227
ENSNFUG00015024287,LOC107387301
ENSNFUG00015018734,LOC107395745
ENSNFUG00015022210,LOC107383115
ENSNFUG00015015438,LOC107380231
ENSNFUG00015015166,LOC107394240
ENSNFUG00015005870,LOC107383364
ENSNFUG00015012742,LOC107384704
ENSNFUG00015003455,LOC107381676
ENSNFUG00015014857,LOC107393246
ENSNFUG00015006920,LOC107392907
ENSNFUG00015016967,LOC107390303
ENSNFUG00015007467,LOC107378366
ENSNFUG00015006682,LOC107375904
ENSNFUG00015012934,LOC107377649
ENSNFUG00015003282,LOC107378644
ENSNFUG00015001992,LOC107378051
ENSNFUG00015010107,LOC107381651
ENSNFUG00015016250,LOC107385972
ENSNFUG00015000489,LOC107390002
ENSNFUG00015013341,LOC107396995
ENSNFUG00015001714,LOC107394084
ENSNFUG00015015153,LOC107373304
ENSNFUG00015003984,LOC107377123
ENSNFUG00015003828,LOC107395259
ENSNFUG00015001989,LOC107374709
ENSNFUG00015020679,LOC107383203
ENSNFUG00015023757,LOC107393342
ENSNFUG00015021484,LOC107387559
ENSNFUG00015020421,LOC107395074
ENSNFUG00015024900,LOC107385178
ENSNFUG00015003550,LOC107379976
ENSNFUG00015009023,LOC107389641
ENSNFUG00015024031,LOC107393514
ENSNFUG00015015352,LOC107385404
ENSNFUG00015004557,LOC107378889
ENSNFUG00015020673,LOC107383046
ENSNFUG00015012426,LOC107373754
ENSNFUG00015017111,LOC107396936
ENSNFUG00015012751,LOC107376259
ENSNFUG00015024477,LOC107376085
ENSNFUG00015005116,LOC107377610
ENSNFUG00015023798,LOC107393100
ENSNFUG00015019744,LOC107384009
ENSNFUG00015021061,LOC107384046
ENSNFUG00015015233,LOC107373315
ENSNFUG00015006603,LOC107389856
ENSNFUG00015013030,LOC107384391
ENSNFUG00015015693,LOC107395823
ENSNFUG00015004812,LOC107389570
ENSNFUG00015016910,LOC107379331
ENSNFUG00015004629,LOC107379130
ENSNFUG00015014298,LOC107372564
ENSNFUG00015017612,LOC107394836
ENSNFUG00015024305,LOC107394337
ENSNFUG00015002088,LOC107380117
ENSNFUG00015007344,LOC107385805
ENSNFUG00015012645,LOC107385035
ENSNFUG00015016194,LOC107390900
ENSNFUG00015025035,LOC107375385
ENSNFUG00015018795,LOC107389198
ENSNFUG00015019007,LOC107382304
ENSNFUG00015012302,LOC107379616
ENSNFUG00015023489,LOC107395334
ENSNFUG00015010692,LOC107385837
ENSNFUG00015018696,LOC107386960
ENSNFUG00015020141,LOC107392143
ENSNFUG00015017019,LOC107391205
ENSNFUG00015013937,LOC107396628
ENSNFUG00015019902,LOC107383560
ENSNFUG00015001480,LOC107379394
ENSNFUG00015022673,LOC107393725
ENSNFUG00015005361,LOC107386087
ENSNFUG00015024554,LOC107387295
ENSNFUG00015012659,LOC107374310
ENSNFUG00015024035,LOC107389334
ENSNFUG00015019194,LOC107388235
ENSNFUG00015007817,LOC107377670
ENSNFUG00015011312,LOC107391355
ENSNFUG00015020675,LOC107383202
ENSNFUG00015013427,LOC107375663
ENSNFUG00015013726,LOC107372447
ENSNFUG00015013119,LOC107385841
ENSNFUG00015013625,LOC107378206
ENSNFUG00015016237,LOC107397072
ENSNFUG00015000983,LOC107379916
ENSNFUG00015009655,LOC107393027
ENSNFUG00015020371,LOC107393826
ENSNFUG00015018294,LOC107394370
ENSNFUG00015017865,LOC107396025
ENSNFUG00015005022,LOC107389645
ENSNFUG00015006124,LOC107383389
ENSNFUG00015000762,LOC107376386
ENSNFUG00015015252,LOC107394027
ENSNFUG00015021622,LOC107395786
ENSNFUG00015008033,LOC107389611
ENSNFUG00015005522,LOC107378761
ENSNFUG00015008356,LOC107384668
ENSNFUG00015007587,LOC107375598
ENSNFUG00015000803,LOC107377411
ENSNFUG00015002730,LOC107394749
ENSNFUG00015010449,LOC107378101
ENSNFUG00015016568,LOC107384138
ENSNFUG00015010000,LOC107385378
ENSNFUG00015011642,LOC107372319
ENSNFUG00015015737,LOC107391297
ENSNFUG00015010843,LOC107383055
ENSNFUG00015015492,LOC107385871
ENSNFUG00015019189,LOC107386375
ENSNFUG00015007200,LOC107385302
ENSNFUG00015006506,LOC107380841
ENSNFUG00015014502,LOC107394179
ENSNFUG00015020651,LOC107392744
ENSNFUG00015009486,LOC107374825
ENSNFUG00015011711,LOC107391754
ENSNFUG00015014189,LOC107392807
ENSNFUG00015005936,LOC107381180
ENSNFUG00015023813,LOC107388299
ENSNFUG00015015361,LOC107383267
ENSNFUG00015007323,LOC107393557
ENSNFUG00015012252,LOC107382227
ENSNFUG00015000953,LOC107389901
ENSNFUG00015009382,LOC107386094
ENSNFUG00015016355,LOC107390296
ENSNFUG00015015418,LOC107388012
ENSNFUG00015022838,LOC107392596
ENSNFUG00015006230,LOC107389369
ENSNFUG00015005356,LOC107378343
ENSNFUG00015006095,LOC107383386
ENSNFUG00015008835,LOC107390894
ENSNFUG00015002188,LOC107391998
ENSNFUG00015006793,LOC107385787
ENSNFUG00015021087,LOC107385748
ENSNFUG00015012214,LOC107393465
ENSNFUG00015002257,LOC107396696
ENSNFUG00015003825,LOC107376460
ENSNFUG00015002774,LOC107376184
ENSNFUG00015001096,LOC107381558
ENSNFUG00015000417,LOC107376814
ENSNFUG00015007241,LOC107382353
ENSNFUG00015021386,LOC107384887
ENSNFUG00015013369,LOC107383541
ENSNFUG00015025473,LOC107393132
ENSNFUG00015000802,LOC107392015
ENSNFUG00015010529,LOC107384481
ENSNFUG00015008725,LOC107382139
ENSNFUG00015001659,LOC107380970
ENSNFUG00015024088,LOC107394329
ENSNFUG00015001008,LOC107374684
ENSNFUG00015012249,LOC107374924
ENSNFUG00015000366,LOC107391390
ENSNFUG00015003437,LOC107381681
ENSNFUG00015019311,LOC107394379
ENSNFUG00015001611,LOC107374998
ENSNFUG00015016449,LOC107384131
ENSNFUG00015015528,LOC107396232
ENSNFUG00015018546,LOC107375695
ENSNFUG00015023375,LOC107395318
ENSNFUG00015016746,LOC107394968
ENSNFUG00015006895,LOC107388083
ENSNFUG00015023280,LOC107391091
ENSNFUG00015005425,LOC107377406
ENSNFUG00015002680,LOC107377820
ENSNFUG00015006166,LOC107376993
ENSNFUG00015016182,LOC107397065
ENSNFUG00015015591,LOC107373338
ENSNFUG00015000409,LOC107378594
ENSNFUG00015007526,LOC107384856
ENSNFUG00015012490,LOC107396965
ENSNFUG00015006428,LOC107387737
ENSNFUG00015008426,LOC107382555
ENSNFUG00015019109,LOC107396072
ENSNFUG00015006722,LOC107388792
ENSNFUG00015000606,LOC107378508
ENSNFUG00015016709,LOC107373675
ENSNFUG00015006615,LOC107386446
ENSNFUG00015016965,LOC107392871
ENSNFUG00015010133,LOC107375930
ENSNFUG00015024463,LOC107388306
ENSNFUG00015013245,LOC107375644
ENSNFUG00015015865,LOC107389971
ENSNFUG00015009533,LOC107387480
ENSNFUG00015024164,LOC107389342
ENSNFUG00015013877,LOC107397342
ENSNFUG00015014470,LOC107382378
ENSNFUG00015010771,LOC107384028
ENSNFUG00015005736,LOC107389505
ENSNFUG00015000599,LOC107378506
ENSNFUG00015018453,LOC107375681
ENSNFUG00015013331,LOC107383975
ENSNFUG00015013191,LOC107389972
ENSNFUG00015001017,LOC107381561
ENSNFUG00015010666,LOC107389459
ENSNFUG00015011217,LOC107395870
ENSNFUG00015004229,LOC107393576
ENSNFUG00015021770,LOC107385151
ENSNFUG00015002655,LOC107374717
ENSNFUG00015005447,LOC107393314
ENSNFUG00015021848,LOC107388935
ENSNFUG00015021349,LOC107396078
ENSNFUG00015009675,LOC107378107
ENSNFUG00015010124,LOC107391566
ENSNFUG00015005412,LOC107384621
ENSNFUG00015011906,LOC107375932
ENSNFUG00015018921,LOC107385251
ENSNFUG00015007756,LOC107386461
ENSNFUG00015015409,LOC107385534
ENSNFUG00015011193,LOC107378076
ENSNFUG00015025071,LOC107386602
ENSNFUG00015023126,LOC107395270
ENSNFUG00015023654,LOC107377433
ENSNFUG00015004528,LOC107382703
ENSNFUG00015001904,LOC107375259
ENSNFUG00015019116,LOC107394509
ENSNFUG00015019053,LOC107374090
ENSNFUG00015023364,LOC107395316
ENSNFUG00015020690,LOC107373573
ENSNFUG00015000279,LOC107380099
ENSNFUG00015019092,LOC107394502
ENSNFUG00015008707,LOC107377714
ENSNFUG00015021609,LOC107395107
ENSNFUG00015017588,LOC107386946
ENSNFUG00015017210,LOC107395865
ENSNFUG00015018285,LOC107386355
ENSNFUG00015011411,LOC107384268
ENSNFUG00015023178,LOC107381699
ENSNFUG00015024859,LOC107393185
ENSNFUG00015005371,LOC107384718
ENSNFUG00015002792,LOC107381299
ENSNFUG00015024319,LOC107393615
ENSNFUG00015016608,LOC107385727
ENSNFUG00015004992,LOC107387414
ENSNFUG00015020517,LOC107379572
ENSNFUG00015004737,LOC107384933
ENSNFUG00015006129,LOC107390267
ENSNFUG00015001371,LOC107381322
ENSNFUG00015002875,LOC107376370
ENSNFUG00015008515,LOC107389924
ENSNFUG00015024468,LOC107389051
ENSNFUG00015003574,LOC107376642
ENSNFUG00015002478,LOC107375731
ENSNFUG00015018615,LOC107388615
ENSNFUG00015017462,LOC107391083
ENSNFUG00015019233,LOC107383826
ENSNFUG00015003570,LOC107393645
ENSNFUG00015024727,LOC107387014
ENSNFUG00015007869,LOC107384938
ENSNFUG00015015240,LOC107394830
ENSNFUG00015015129,LOC107396647
ENSNFUG00015017332,LOC107389756
ENSNFUG00015008815,LOC107384959
ENSNFUG00015011240,LOC107397287
ENSNFUG00015014347,LOC107373809
ENSNFUG00015005511,LOC107374860
ENSNFUG00015009508,LOC107391030
ENSNFUG00015024495,LOC107380877
ENSNFUG00015022846,LOC107394951
ENSNFUG00015022849,LOC107392595
ENSNFUG00015014060,LOC107390558
ENSNFUG00015009943,LOC107384120
ENSNFUG00015008676,LOC107378875
ENSNFUG00015014207,LOC107372559
ENSNFUG00015006347,LOC107389382
ENSNFUG00015002167,LOC107392032
ENSNFUG00015015337,LOC107395692
ENSNFUG00015013214,LOC107391035
ENSNFUG00015017500,LOC107393652
ENSNFUG00015015071,LOC107376102
ENSNFUG00015016257,LOC107372971
ENSNFUG00015011813,LOC107384564
ENSNFUG00015001683,LOC107376797
ENSNFUG00015023483,LOC107390014
ENSNFUG00015020010,LOC107393848
ENSNFUG00015009892,LOC107389392
ENSNFUG00015002740,LOC107376187
ENSNFUG00015020966,LOC107385143
ENSNFUG00015015239,LOC107385531
ENSNFUG00015007027,LOC107392988
ENSNFUG00015010920,LOC107384874
ENSNFUG00015013392,LOC107388113
ENSNFUG00015008868,LOC107376618
ENSNFUG00015017446,LOC107384747
ENSNFUG00015000633,LOC107377709
ENSNFUG00015002975,LOC107376356
ENSNFUG00015003411,LOC107381687
ENSNFUG00015006435,LOC107382522
ENSNFUG00015004154,LOC107374746
ENSNFUG00015015050,LOC107396306
ENSNFUG00015011530,LOC107389682
ENSNFUG00015018495,LOC107396771
ENSNFUG00015025134,LOC107391345
ENSNFUG00015001701,LOC107375253
ENSNFUG00015010598,LOC107391886
ENSNFUG00015002924,LOC107376364
ENSNFUG00015002812,LOC107383999
ENSNFUG00015017342,LOC107389760
ENSNFUG00015022936,LOC107394884
ENSNFUG00015003947,LOC107380461
ENSNFUG00015008181,LOC107379027
ENSNFUG00015017184,LOC107388200
ENSNFUG00015003139,LOC107378656
ENSNFUG00015011232,LOC107382032
ENSNFUG00015019539,LOC107397355
ENSNFUG00015022244,LOC107389138
ENSNFUG00015024073,LOC107393519
ENSNFUG00015006370,LOC107388982
ENSNFUG00015018588,LOC107396784
ENSNFUG00015005979,LOC107389360
ENSNFUG00015021020,LOC107388929
ENSNFUG00015008307,LOC107377012
ENSNFUG00015006503,LOC107388354
ENSNFUG00015003048,LOC107375711
ENSNFUG00015017683,LOC107382948
ENSNFUG00015012362,LOC107383432
ENSNFUG00015009537,LOC107391016
ENSNFUG00015020606,LOC107392766
ENSNFUG00015005641,LOC107392212
ENSNFUG00015012215,LOC107387581
ENSNFUG00015021800,LOC107386979
ENSNFUG00015015816,LOC107382604
ENSNFUG00015006979,LOC107391374
ENSNFUG00015007500,LOC107377572
ENSNFUG00015012186,LOC107393461
ENSNFUG00015015825,LOC107396141
ENSNFUG00015020896,LOC107389789
ENSNFUG00015020762,LOC107388928
ENSNFUG00015009045,LOC107390653
ENSNFUG00015021706,LOC107391807
ENSNFUG00015004293,LOC107380474
ENSNFUG00015024508,LOC107393623
ENSNFUG00015003148,LOC107391718
ENSNFUG00015023521,LOC107376503
ENSNFUG00015017012,LOC107396925
ENSNFUG00015018732,LOC107394767
ENSNFUG00015011999,LOC107383169
ENSNFUG00015023700,LOC107382174
ENSNFUG00015022470,LOC107394321
ENSNFUG00015023762,LOC107386418
ENSNFUG00015000320,LOC107376195
ENSNFUG00015024247,LOC107393523
ENSNFUG00015020427,LOC107373258
ENSNFUG00015013008,LOC107390457
ENSNFUG00015024692,LOC107383583
ENSNFUG00015018836,LOC107388223
ENSNFUG00015023506,LOC107386411
ENSNFUG00015009975,LOC107386494
ENSNFUG00015013758,LOC107383079
ENSNFUG00015025018,LOC107392763
ENSNFUG00015017515,LOC107379664
ENSNFUG00015020899,LOC107389238
ENSNFUG00015008087,LOC107380196
ENSNFUG00015018225,LOC107393676
ENSNFUG00015024909,LOC107391337
ENSNFUG00015000811,LOC107379872
ENSNFUG00015007204,LOC107388895
ENSNFUG00015022026,LOC107388938
ENSNFUG00015002403,LOC107378441
ENSNFUG00015006245,LOC107386634
ENSNFUG00015003649,LOC107378121
ENSNFUG00015013686,LOC107382341
ENSNFUG00015003745,LOC107395114
ENSNFUG00015021927,LOC107387146
ENSNFUG00015009954,LOC107381260
ENSNFUG00015013423,LOC107387829
ENSNFUG00015024272,LOC107393613
ENSNFUG00015021757,LOC107386391
ENSNFUG00015022172,LOC107389133
ENSNFUG00015017863,LOC107384145
ENSNFUG00015015941,LOC107390541
ENSNFUG00015003159,LOC107377220
ENSNFUG00015021553,LOC107386164
ENSNFUG00015022990,LOC107383900
ENSNFUG00015007092,LOC107392906
ENSNFUG00015002519,LOC107381217
ENSNFUG00015016059,LOC107396430
ENSNFUG00015015094,LOC107383256
ENSNFUG00015004107,LOC107385666
ENSNFUG00015017263,LOC107377676
ENSNFUG00015010154,LOC107384420
ENSNFUG00015006323,LOC107389014
ENSNFUG00015002483,LOC107375565
ENSNFUG00015009873,LOC107392260
ENSNFUG00015020794,LOC107385270
ENSNFUG00015024925,LOC107375984
ENSNFUG00015011558,LOC107384560
ENSNFUG00015017078,LOC107386559
ENSNFUG00015013942,LOC107380311
ENSNFUG00015019730,LOC107383713
ENSNFUG00015022752,LOC107393878
ENSNFUG00015017085,LOC107394351
ENSNFUG00015001373,LOC107377724
ENSNFUG00015021636,LOC107386162
ENSNFUG00015012949,LOC107376561
ENSNFUG00015023060,LOC107383907
ENSNFUG00015022081,LOC107381708
ENSNFUG00015021086,LOC107392973
ENSNFUG00015013368,LOC107388768
ENSNFUG00015009307,LOC107386483
ENSNFUG00015019283,LOC107388240
ENSNFUG00015017211,LOC107391964
ENSNFUG00015019976,LOC107393844
ENSNFUG00015024170,LOC107392056
ENSNFUG00015009462,LOC107374823
ENSNFUG00015013477,LOC107379830
ENSNFUG00015023261,LOC107391090
ENSNFUG00015024338,LOC107376066
ENSNFUG00015007646,LOC107381218
ENSNFUG00015011213,LOC107382034
ENSNFUG00015008489,LOC107384321
ENSNFUG00015024734,LOC107387015
ENSNFUG00015024934,LOC107372515
ENSNFUG00015021245,LOC107389805
ENSNFUG00015004847,LOC107390231
ENSNFUG00015000398,LOC107380671
ENSNFUG00015013782,LOC107385569
ENSNFUG00015001422,LOC107394230
ENSNFUG00015002437,LOC107380021
ENSNFUG00015015479,LOC107390159
ENSNFUG00015012127,LOC107395152
ENSNFUG00015023512,LOC107376042
ENSNFUG00015011342,LOC107376009
ENSNFUG00015005768,LOC107375885
ENSNFUG00015012655,LOC107383869
ENSNFUG00015016557,LOC107372612
ENSNFUG00015003820,LOC107377228
ENSNFUG00015002485,LOC107376653
ENSNFUG00015002324,LOC107377308
ENSNFUG00015017166,LOC107384590
ENSNFUG00015006261,LOC107391368
ENSNFUG00015008092,LOC107389616
ENSNFUG00015007426,LOC107385109
ENSNFUG00015024395,LOC107393620
ENSNFUG00015001757,LOC107375494
ENSNFUG00015011682,LOC107393448
ENSNFUG00015014499,LOC107373042
ENSNFUG00015014844,LOC107391173
ENSNFUG00015014487,LOC107383251
ENSNFUG00015014140,LOC107374136
ENSNFUG00015007582,LOC107390406
ENSNFUG00015002982,LOC107376355
ENSNFUG00015004625,LOC107379129
ENSNFUG00015022149,LOC107379598
ENSNFUG00015015097,LOC107385862
ENSNFUG00015012366,LOC107379622
ENSNFUG00015018658,LOC107395917
ENSNFUG00015015891,LOC107390388
ENSNFUG00015002288,LOC107376476
ENSNFUG00015017984,LOC107385207
ENSNFUG00015014595,LOC107394435
ENSNFUG00015014777,LOC107388400
ENSNFUG00015016137,LOC107395184
ENSNFUG00015020019,LOC107380247
ENSNFUG00015007508,LOC107389602
ENSNFUG00015004249,LOC107385809
ENSNFUG00015015725,LOC107391295
ENSNFUG00015003059,LOC107378571
ENSNFUG00015000333,LOC107376489
ENSNFUG00015004899,LOC107391664
ENSNFUG00015002243,LOC107378674
ENSNFUG00015000081,LOC107376779
ENSNFUG00015023969,LOC107397366
ENSNFUG00015009293,LOC107384963
ENSNFUG00015016429,LOC107372354
ENSNFUG00015023233,LOC107376026
ENSNFUG00015004894,LOC107389836
ENSNFUG00015001108,LOC107394312
ENSNFUG00015016773,LOC107382204
ENSNFUG00015005340,LOC107391260
ENSNFUG00015015773,LOC107391299
ENSNFUG00015015812,LOC107389416
ENSNFUG00015004213,LOC107375124
ENSNFUG00015005463,LOC107391936
ENSNFUG00015003773,LOC107375642
ENSNFUG00015018189,LOC107390935
ENSNFUG00015001772,LOC107376664
ENSNFUG00015005742,LOC107389508
ENSNFUG00015020224,LOC107392146
ENSNFUG00015005309,LOC107393739
ENSNFUG00015023608,LOC107391497
ENSNFUG00015002239,LOC107396352
ENSNFUG00015015673,LOC107396671
ENSNFUG00015004887,LOC107386615
ENSNFUG00015017625,LOC107387767
ENSNFUG00015016678,LOC107383187
ENSNFUG00015000156,LOC107380373
ENSNFUG00015019123,LOC107393783
ENSNFUG00015021104,LOC107393695
ENSNFUG00015021279,LOC107373566
ENSNFUG00015005955,LOC107376991
ENSNFUG00015024901,LOC107387680
ENSNFUG00015000073,LOC107377281
ENSNFUG00015017151,LOC107384589
ENSNFUG00015017880,LOC107384148
ENSNFUG00015006928,LOC107385094
ENSNFUG00015001098,LOC107377338
ENSNFUG00015014597,LOC107394436
ENSNFUG00015005757,LOC107386856
ENSNFUG00015017458,LOC107392781
ENSNFUG00015016469,LOC107384135
ENSNFUG00015003098,LOC107375715
ENSNFUG00015022796,LOC107387124
ENSNFUG00015006624,LOC107388918
ENSNFUG00015014370,LOC107378189
ENSNFUG00015021241,LOC107381107
ENSNFUG00015025151,LOC107384788
ENSNFUG00015024202,LOC107391104
ENSNFUG00015023781,LOC107391506
ENSNFUG00015018061,LOC107396336
ENSNFUG00015011601,LOC107394518
ENSNFUG00015000076,LOC107378402
ENSNFUG00015006963,LOC107385792
ENSNFUG00015006453,LOC107393071
ENSNFUG00015005329,LOC107379155
ENSNFUG00015023185,LOC107388630
ENSNFUG00015004934,LOC107390353
ENSNFUG00015011435,LOC107385013
ENSNFUG00015011462,LOC107384490
ENSNFUG00015024978,LOC107393202
ENSNFUG00015012483,LOC107391424
ENSNFUG00015017887,LOC107395190
ENSNFUG00015019418,LOC107383034
ENSNFUG00015019100,LOC107393273
ENSNFUG00015005243,LOC107391257
ENSNFUG00015010285,LOC107381741
ENSNFUG00015017748,LOC107395256
ENSNFUG00015024731,LOC107387013
ENSNFUG00015008681,LOC107378874
ENSNFUG00015002505,LOC107378792
ENSNFUG00015019760,LOC107384013
ENSNFUG00015024540,LOC107390728
ENSNFUG00015004839,LOC107385662
ENSNFUG00015018386,LOC107373005
ENSNFUG00015008278,LOC107374802
ENSNFUG00015011626,LOC107384124
ENSNFUG00015021370,LOC107383478
ENSNFUG00015001503,LOC107379397
ENSNFUG00015005660,LOC107387169
ENSNFUG00015002383,LOC107378550
ENSNFUG00015009202,LOC107393037
ENSNFUG00015012507,LOC107383437
ENSNFUG00015017358,LOC107391082
ENSNFUG00015006446,LOC107387739
ENSNFUG00015005287,LOC107390847
ENSNFUG00015005632,LOC107387725
ENSNFUG00015024466,LOC107380881
ENSNFUG00015003929,LOC107395286
ENSNFUG00015016640,LOC107377668
ENSNFUG00015011554,LOC107394513
ENSNFUG00015022947,LOC107375912
ENSNFUG00015021100,LOC107391427
ENSNFUG00015003992,LOC107383476
ENSNFUG00015014096,LOC107394900
ENSNFUG00015012600,LOC107387043
ENSNFUG00015023182,LOC107387945
ENSNFUG00015007453,LOC107389601
ENSNFUG00015008467,LOC107384318
ENSNFUG00015021294,LOC107391721
ENSNFUG00015021694,LOC107389114
ENSNFUG00015023531,LOC107391481
ENSNFUG00015020858,LOC107382658
ENSNFUG00015013945,LOC107387210
ENSNFUG00015005217,LOC107391513
ENSNFUG00015002903,LOC107394805
ENSNFUG00015011264,LOC107390552
ENSNFUG00015015639,LOC107391291
ENSNFUG00015002261,LOC107381013
ENSNFUG00015015881,LOC107379853
ENSNFUG00015016255,LOC107385315
ENSNFUG00015011943,LOC107379273
ENSNFUG00015019321,LOC107396344
ENSNFUG00015010959,LOC107385202
ENSNFUG00015010482,LOC107384475
ENSNFUG00015024294,LOC107387577
ENSNFUG00015014611,LOC107388770
ENSNFUG00015009140,LOC107373976
ENSNFUG00015010739,LOC107383427
ENSNFUG00015002853,LOC107375626
ENSNFUG00015009661,LOC107384265
ENSNFUG00015007040,LOC107392947
ENSNFUG00015021520,LOC107391795
ENSNFUG00015007854,LOC107382150
ENSNFUG00015018799,LOC107388219
ENSNFUG00015023156,LOC107395290
ENSNFUG00015025039,LOC107375383
ENSNFUG00015021785,LOC107388440
ENSNFUG00015002751,LOC107376186
ENSNFUG00015011189,LOC107395558
ENSNFUG00015013924,LOC107375403
ENSNFUG00015008024,LOC107388085
ENSNFUG00015012817,LOC107379321
ENSNFUG00015011071,LOC107382043
ENSNFUG00015021204,LOC107383461
ENSNFUG00015002622,LOC107381008
ENSNFUG00015015121,LOC107396535
ENSNFUG00015007522,LOC107390411
ENSNFUG00015017594,LOC107388206
ENSNFUG00015005379,LOC107392209
ENSNFUG00015019837,LOC107397097
ENSNFUG00015007144,LOC107386106
ENSNFUG00015024282,LOC107394333
ENSNFUG00015024399,LOC107380904
ENSNFUG00015012091,LOC107383785
ENSNFUG00015017636,LOC107388848
ENSNFUG00015014712,LOC107373825
ENSNFUG00015002616,LOC107378449
ENSNFUG00015007191,LOC107381209
ENSNFUG00015003801,LOC107375072
ENSNFUG00015012378,LOC107387648
ENSNFUG00015010315,LOC107376107
ENSNFUG00015001519,LOC107380922
ENSNFUG00015009007,LOC107390654
ENSNFUG00015007502,LOC107378722
ENSNFUG00015025087,LOC107393225
ENSNFUG00015009191,LOC107379173
ENSNFUG00015010383,LOC107380295
ENSNFUG00015009735,LOC107392259
ENSNFUG00015017107,LOC107388842
ENSNFUG00015024628,LOC107391130
ENSNFUG00015008491,LOC107393764
ENSNFUG00015008718,LOC107389931
ENSNFUG00015024650,LOC107377506
ENSNFUG00015012317,LOC107379618
ENSNFUG00015008228,LOC107379031
ENSNFUG00015007331,LOC107395637
ENSNFUG00015023055,LOC107383906
ENSNFUG00015022252,LOC107390777
ENSNFUG00015022194,LOC107379600
ENSNFUG00015012515,LOC107396969
ENSNFUG00015021717,LOC107391219
ENSNFUG00015024320,LOC107386993
ENSNFUG00015007830,LOC107383946
ENSNFUG00015003221,LOC107378149
ENSNFUG00015003874,LOC107375570
ENSNFUG00015023985,LOC107387652
ENSNFUG00015020393,LOC107394873
ENSNFUG00015012518,LOC107391906
ENSNFUG00015005460,LOC107387154
ENSNFUG00015017331,LOC107372380
ENSNFUG00015025259,LOC107387684
ENSNFUG00015015151,LOC107394549
ENSNFUG00015019204,LOC107394823
ENSNFUG00015020380,LOC107392150
ENSNFUG00015004098,LOC107374743
ENSNFUG00015007105,LOC107391769
ENSNFUG00015011146,LOC107386915
ENSNFUG00015003321,LOC107375050
ENSNFUG00015024326,LOC107376063
ENSNFUG00015022503,LOC107386823
ENSNFUG00015003070,LOC107383353
ENSNFUG00015010396,LOC107384421
ENSNFUG00015004356,LOC107379079
ENSNFUG00015007213,LOC107385801
ENSNFUG00015021262,LOC107395001
ENSNFUG00015009688,LOC107384338
ENSNFUG00015012348,LOC107379620
ENSNFUG00015008057,LOC107380192
ENSNFUG00015016866,LOC107391203
ENSNFUG00015006464,LOC107387233
ENSNFUG00015023031,LOC107394212
ENSNFUG00015001876,LOC107381079
ENSNFUG00015011097,LOC107395376
ENSNFUG00015022043,LOC107380925
ENSNFUG00015019888,LOC107388623
ENSNFUG00015004958,LOC107377841
ENSNFUG00015006555,LOC107393069
ENSNFUG00015010561,LOC107381785
ENSNFUG00015002022,LOC107380420
ENSNFUG00015000115,LOC107378022
ENSNFUG00015001637,LOC107379418
ENSNFUG00015015926,LOC107395172
ENSNFUG00015011954,LOC107372326
ENSNFUG00015008210,LOC107386475
ENSNFUG00015000367,LOC107376831
ENSNFUG00015004619,LOC107379128
ENSNFUG00015007256,LOC107388874
ENSNFUG00015000560,LOC107378505
ENSNFUG00015011123,LOC107386782
ENSNFUG00015012422,LOC107386498
ENSNFUG00015001438,LOC107374995
ENSNFUG00015018272,LOC107394367
ENSNFUG00015018847,LOC107385242
ENSNFUG00015001655,LOC107378500
ENSNFUG00015009442,LOC107395484
ENSNFUG00015001915,LOC107389699
ENSNFUG00015017629,LOC107390560
ENSNFUG00015023747,LOC107386417
ENSNFUG00015023497,LOC107386409
ENSNFUG00015007620,LOC107378371
ENSNFUG00015008000,LOC107383768
ENSNFUG00015011347,LOC107386784
ENSNFUG00015002249,LOC107378437
ENSNFUG00015010589,LOC107374035
ENSNFUG00015019813,LOC107374352
ENSNFUG00015016801,LOC107391198
ENSNFUG00015018668,LOC107396045
ENSNFUG00015012442,LOC107379290
ENSNFUG00015010448,LOC107381739
ENSNFUG00015002856,LOC107385609
ENSNFUG00015018089,LOC107389017
ENSNFUG00015000595,LOC107376416
ENSNFUG00015007115,LOC107381202
ENSNFUG00015024032,LOC107387783
ENSNFUG00015010157,LOC107374255
ENSNFUG00015016392,LOC107376253
ENSNFUG00015009713,LOC107380278
ENSNFUG00015020304,LOC107385603
ENSNFUG00015014978,LOC107385401
ENSNFUG00015019909,LOC107383561
ENSNFUG00015009228,LOC107393035
ENSNFUG00015023936,LOC107376047
ENSNFUG00015001102,LOC107377344
ENSNFUG00015024077,LOC107387312
ENSNFUG00015017468,LOC107393649
ENSNFUG00015010659,LOC107377079
ENSNFUG00015018708,LOC107386658
ENSNFUG00015012539,LOC107383864
ENSNFUG00015010036,LOC107384870
ENSNFUG00015010560,LOC107374447
ENSNFUG00015001569,LOC107381050
ENSNFUG00015007307,LOC107381211
ENSNFUG00015014297,LOC107380314
ENSNFUG00015006851,LOC107389090
ENSNFUG00015012495,LOC107377647
ENSNFUG00015023093,LOC107392963
ENSNFUG00015013281,LOC107380221
ENSNFUG00015013593,LOC107381634
ENSNFUG00015005058,LOC107375863
ENSNFUG00015005577,LOC107375753
ENSNFUG00015007501,LOC107375898
ENSNFUG00015011595,LOC107381782
ENSNFUG00015011465,LOC107385826
ENSNFUG00015017993,LOC107395989
ENSNFUG00015016564,LOC107385728
ENSNFUG00015023167,LOC107384110
ENSNFUG00015024845,LOC107389068
ENSNFUG00015014134,LOC107396201
ENSNFUG00015013386,LOC107387618
ENSNFUG00015020431,LOC107394391
ENSNFUG00015001801,LOC107391332
ENSNFUG00015010530,LOC107395588
ENSNFUG00015006426,LOC107382749
ENSNFUG00015006082,LOC107384838
ENSNFUG00015023141,LOC107393493
ENSNFUG00015019402,LOC107394863
ENSNFUG00015003610,LOC107381385
ENSNFUG00015021999,LOC107387926
ENSNFUG00015021354,LOC107391443
ENSNFUG00015000950,LOC107378527
ENSNFUG00015022897,LOC107376041
ENSNFUG00015011811,LOC107374061
ENSNFUG00015018245,LOC107394360
ENSNFUG00015017514,LOC107382492
ENSNFUG00015007791,LOC107386021
ENSNFUG00015010129,LOC107384419
ENSNFUG00015012380,LOC107392399
ENSNFUG00015017994,LOC107388862
ENSNFUG00015020915,LOC107389240
ENSNFUG00015021794,LOC107381711
ENSNFUG00015020293,LOC107390367
ENSNFUG00015012255,LOC107386332
ENSNFUG00015022266,LOC107386508
ENSNFUG00015008071,LOC107390882
ENSNFUG00015022545,LOC107383234
ENSNFUG00015001336,LOC107376928
ENSNFUG00015011901,LOC107383147
ENSNFUG00015001981,LOC107380416
ENSNFUG00015000614,LOC107389956
ENSNFUG00015002568,LOC107385521
ENSNFUG00015001382,LOC107379385
ENSNFUG00015001914,LOC107375262
ENSNFUG00015015922,LOC107393258
ENSNFUG00015010066,LOC107381795
ENSNFUG00015020561,LOC107397127
ENSNFUG00015006620,LOC107387740
ENSNFUG00015009039,LOC107379610
ENSNFUG00015023971,LOC107390836
ENSNFUG00015023507,LOC107386413
ENSNFUG00015012709,LOC107374931
ENSNFUG00015025211,LOC107390136
ENSNFUG00015020356,LOC107392009
ENSNFUG00015024087,LOC107384113
ENSNFUG00015002576,LOC107377746
ENSNFUG00015025196,LOC107372647
ENSNFUG00015005611,LOC107386855
ENSNFUG00015023504,LOC107390018
ENSNFUG00015021080,LOC107392360
ENSNFUG00015009821,LOC107384528
ENSNFUG00015003122,LOC107376169
ENSNFUG00015006058,LOC107383926
ENSNFUG00015024245,LOC107387308
ENSNFUG00015020628,LOC107385610
ENSNFUG00015016216,LOC107372965
ENSNFUG00015024391,LOC107389050
ENSNFUG00015017127,LOC107395855
ENSNFUG00015000097,LOC107376777
ENSNFUG00015020546,LOC107397123
ENSNFUG00015013988,LOC107383983
ENSNFUG00015013743,LOC107372451
ENSNFUG00015022001,LOC107387929
ENSNFUG00015019345,LOC107394074
ENSNFUG00015000626,LOC107375819
ENSNFUG00015003180,LOC107379529
ENSNFUG00015004280,LOC107381945
ENSNFUG00015016896,LOC107394974
ENSNFUG00015010908,LOC107386780
ENSNFUG00015010647,LOC107379255
ENSNFUG00015013137,LOC107374934
ENSNFUG00015022293,LOC107394624
ENSNFUG00015001991,LOC107376943
ENSNFUG00015024418,LOC107385463
ENSNFUG00015006362,LOC107388967
ENSNFUG00015014976,LOC107396218
ENSNFUG00015005268,LOC107393136
ENSNFUG00015002274,LOC107396868
ENSNFUG00015003647,LOC107376157
ENSNFUG00015020015,LOC107394592
ENSNFUG00015006197,LOC107386444
ENSNFUG00015010268,LOC107391350
ENSNFUG00015009506,LOC107376590
ENSNFUG00015023445,LOC107395323
ENSNFUG00015018325,LOC107374960
ENSNFUG00015023435,LOC107392498
ENSNFUG00015011658,LOC107375248
ENSNFUG00015016594,LOC107394263
ENSNFUG00015007792,LOC107390405
ENSNFUG00015017968,LOC107390160
ENSNFUG00015024080,LOC107394543
ENSNFUG00015001752,LOC107381052
ENSNFUG00015002511,LOC107381173
ENSNFUG00015025356,LOC107393971
ENSNFUG00015011527,LOC107383784
ENSNFUG00015015046,LOC107395042
ENSNFUG00015003999,LOC107377141
ENSNFUG00015015420,LOC107396651
ENSNFUG00015001357,LOC107394265
ENSNFUG00015017215,LOC107391206
ENSNFUG00015010059,LOC107394107
ENSNFUG00015013325,LOC107389177
ENSNFUG00015002707,LOC107376379
ENSNFUG00015015457,LOC107396227
ENSNFUG00015015911,LOC107386539
ENSNFUG00015008224,LOC107392228
ENSNFUG00015025305,LOC107392936
ENSNFUG00015008520,LOC107393770
ENSNFUG00015019138,LOC107390359
ENSNFUG00015003784,LOC107375062
ENSNFUG00015007928,LOC107384945
ENSNFUG00015004488,LOC107384762
ENSNFUG00015003193,LOC107379545
ENSNFUG00015010616,LOC107397365
ENSNFUG00015016726,LOC107382319
ENSNFUG00015001469,LOC107376680
ENSNFUG00015004845,LOC107391251
ENSNFUG00015012739,LOC107376568
ENSNFUG00015012232,LOC107383683
ENSNFUG00015024441,LOC107390722
ENSNFUG00015014853,LOC107396304
ENSNFUG00015017830,LOC107390932
ENSNFUG00015019436,LOC107385555
ENSNFUG00015024854,LOC107393183
ENSNFUG00015018208,LOC107390939
ENSNFUG00015000697,LOC107375193
ENSNFUG00015024657,LOC107387289
ENSNFUG00015016851,LOC107391200
ENSNFUG00015005830,LOC107391941
ENSNFUG00015020401,LOC107388926
ENSNFUG00015024327,LOC107386994
ENSNFUG00015004703,LOC107384202
ENSNFUG00015001458,LOC107376217
ENSNFUG00015007094,LOC107380963
ENSNFUG00015007780,LOC107387812
ENSNFUG00015002765,LOC107380084
ENSNFUG00015020935,LOC107391217
ENSNFUG00015012321,LOC107397316
ENSNFUG00015020729,LOC107390519
ENSNFUG00015007509,LOC107387199
ENSNFUG00015023151,LOC107385643
ENSNFUG00015014441,LOC107393895
ENSNFUG00015024777,LOC107393172
ENSNFUG00015012216,LOC107390504
ENSNFUG00015022305,LOC107384053
ENSNFUG00015008561,LOC107387496
ENSNFUG00015014414,LOC107385060
ENSNFUG00015002987,LOC107380087
ENSNFUG00015003676,LOC107378480
ENSNFUG00015024181,LOC107380907
ENSNFUG00015014881,LOC107373835
ENSNFUG00015021840,LOC107388933
ENSNFUG00015001679,LOC107381038
ENSNFUG00015022793,LOC107392154
ENSNFUG00015017796,LOC107389007
ENSNFUG00015003971,LOC107380464
ENSNFUG00015016494,LOC107384134
ENSNFUG00015014098,LOC107392514
ENSNFUG00015001523,LOC107376808
ENSNFUG00015024874,LOC107391141
ENSNFUG00015012792,LOC107378591
ENSNFUG00015022025,LOC107396495
ENSNFUG00015006956,LOC107375757
ENSNFUG00015022412,LOC107392463
ENSNFUG00015022799,LOC107388485
ENSNFUG00015012494,LOC107388375
ENSNFUG00015007860,LOC107380947
ENSNFUG00015017023,LOC107387333
ENSNFUG00015020880,LOC107397143
ENSNFUG00015021125,LOC107386174
ENSNFUG00015017483,LOC107390912
ENSNFUG00015020646,LOC107385337
ENSNFUG00015005588,LOC107391093
ENSNFUG00015005218,LOC107384300
ENSNFUG00015020905,LOC107373532
ENSNFUG00015008164,LOC107393596
ENSNFUG00015023447,LOC107395326
ENSNFUG00015002490,LOC107375567
ENSNFUG00015000208,LOC107380623
ENSNFUG00015021232,LOC107397168
ENSNFUG00015022615,LOC107387566
ENSNFUG00015014044,LOC107388869
ENSNFUG00015021130,LOC107393699
ENSNFUG00015004717,LOC107378340
ENSNFUG00015006016,LOC107377273
ENSNFUG00015001779,LOC107391362
ENSNFUG00015002076,LOC107381029
ENSNFUG00015023012,LOC107391785
ENSNFUG00015006859,LOC107391608
ENSNFUG00015009429,LOC107384263
ENSNFUG00015023957,LOC107388646
ENSNFUG00015005601,LOC107377780
ENSNFUG00015014725,LOC107385072
ENSNFUG00015021000,LOC107393429
ENSNFUG00015002536,LOC107378159
ENSNFUG00015020504,LOC107381118
ENSNFUG00015024634,LOC107390735
ENSNFUG00015016932,LOC107396576
ENSNFUG00015002940,LOC107381889
ENSNFUG00015023222,LOC107391089
ENSNFUG00015018690,LOC107386959
ENSNFUG00015022574,LOC107392554
ENSNFUG00015015504,LOC107397054
ENSNFUG00015006092,LOC107389652
ENSNFUG00015000091,LOC107378491
ENSNFUG00015022096,LOC107388451
ENSNFUG00015004714,LOC107378339
ENSNFUG00015015073,LOC107391916
ENSNFUG00015018527,LOC107394301
ENSNFUG00015016166,LOC107397061
ENSNFUG00015005301,LOC107374854
ENSNFUG00015008486,LOC107389887
ENSNFUG00015022408,LOC107389153
ENSNFUG00015000630,LOC107380011
ENSNFUG00015014219,LOC107395976
ENSNFUG00015017729,LOC107390928
ENSNFUG00015017491,LOC107389763
ENSNFUG00015017018,LOC107390307
ENSNFUG00015021482,LOC107388047
ENSNFUG00015025056,LOC107387277
ENSNFUG00015007005,LOC107386893
ENSNFUG00015021844,LOC107381102
ENSNFUG00015003882,LOC107381422
ENSNFUG00015003752,LOC107395122
ENSNFUG00015011100,LOC107384970
ENSNFUG00015003667,LOC107376917
ENSNFUG00015016263,LOC107385545
ENSNFUG00015014896,LOC107373836
ENSNFUG00015008399,LOC107391531
ENSNFUG00015024394,LOC107384193
ENSNFUG00015018162,LOC107395652
ENSNFUG00015018088,LOC107394487
ENSNFUG00015009677,LOC107393026
ENSNFUG00015017886,LOC107384149
ENSNFUG00015016945,LOC107392790
ENSNFUG00015008262,LOC107393043
ENSNFUG00015011979,LOC107383065
ENSNFUG00015006403,LOC107386879
ENSNFUG00015016015,LOC107396539
ENSNFUG00015013604,LOC107380228
ENSNFUG00015000412,LOC107394896
ENSNFUG00015021265,LOC107391714
ENSNFUG00015024954,LOC107390117
ENSNFUG00015002472,LOC107393886
ENSNFUG00015009564,LOC107385685
ENSNFUG00015001646,LOC107380403
ENSNFUG00015011944,LOC107372431
ENSNFUG00015018895,LOC107382496
ENSNFUG00015012723,LOC107376261
ENSNFUG00015009534,LOC107388801
ENSNFUG00015012373,LOC107375429
ENSNFUG00015024585,LOC107390101
ENSNFUG00015014402,LOC107396736
ENSNFUG00015016572,LOC107386790
ENSNFUG00015021031,LOC107396261
ENSNFUG00015001501,LOC107375115
ENSNFUG00015001052,LOC107375217
ENSNFUG00015012974,LOC107375580
ENSNFUG00015018102,LOC107389018
ENSNFUG00015009008,LOC107379609
ENSNFUG00015000550,LOC107394353
ENSNFUG00015004682,LOC107374772
ENSNFUG00015004653,LOC107379139
ENSNFUG00015014444,LOC107394177
ENSNFUG00015008809,LOC107393351
ENSNFUG00015020898,LOC107390507
ENSNFUG00015024879,LOC107390047
ENSNFUG00015017946,LOC107392431
ENSNFUG00015000692,LOC107380795
ENSNFUG00015001819,LOC107379430
ENSNFUG00015013307,LOC107396986
ENSNFUG00015001564,LOC107381051
ENSNFUG00015005392,LOC107374857
ENSNFUG00015016012,LOC107388275
ENSNFUG00015016696,LOC107382365
ENSNFUG00015006998,LOC107385104
ENSNFUG00015005852,LOC107390263
ENSNFUG00015014193,LOC107394020
ENSNFUG00015018788,LOC107383803
ENSNFUG00015024955,LOC107386600
ENSNFUG00015014345,LOC107396309
ENSNFUG00015016460,LOC107389723
ENSNFUG00015014504,LOC107381614
ENSNFUG00015022050,LOC107387772
ENSNFUG00015013598,LOC107385057
ENSNFUG00015024699,LOC107391330
ENSNFUG00015010348,LOC107393363
ENSNFUG00015020218,LOC107386187
ENSNFUG00015012911,LOC107374526
ENSNFUG00015001783,LOC107375493
ENSNFUG00015017832,LOC107374952
ENSNFUG00015023171,LOC107383914
ENSNFUG00015024323,LOC107390708
ENSNFUG00015018892,LOC107383818
ENSNFUG00015023695,LOC107375950
ENSNFUG00015014451,LOC107383245
ENSNFUG00015002461,LOC107378669
ENSNFUG00015024016,LOC107392701
ENSNFUG00015007541,LOC107389866
ENSNFUG00015009339,LOC107387960
ENSNFUG00015002704,LOC107380080
ENSNFUG00015010467,LOC107378096
ENSNFUG00015004128,LOC107385731
ENSNFUG00015006819,LOC107382877
ENSNFUG00015018982,LOC107383022
ENSNFUG00015007081,LOC107386897
ENSNFUG00015003881,LOC107378805
ENSNFUG00015015040,LOC107394548
ENSNFUG00015009909,LOC107395508
ENSNFUG00015010184,LOC107384352
ENSNFUG00015001047,LOC107380383
ENSNFUG00015024408,LOC107380885
ENSNFUG00015015211,LOC107396642
ENSNFUG00015011922,LOC107372328
ENSNFUG00015014724,LOC107374373
ENSNFUG00015003238,LOC107375047
ENSNFUG00015016647,LOC107375739
ENSNFUG00015019562,LOC107383831
ENSNFUG00015001993,LOC107381117
ENSNFUG00015009741,LOC107386485
ENSNFUG00015020644,LOC107385614
ENSNFUG00015003185,LOC107379530
ENSNFUG00015017656,LOC107393657
ENSNFUG00015024696,LOC107383584
ENSNFUG00015024209,LOC107386992
ENSNFUG00015008418,LOC107379763
ENSNFUG00015017979,LOC107390162
ENSNFUG00015021380,LOC107391445
ENSNFUG00015008789,LOC107384254
ENSNFUG00015006692,LOC107383937
ENSNFUG00015004853,LOC107390844
ENSNFUG00015012847,LOC107389481
ENSNFUG00015003296,LOC107378324
ENSNFUG00015019039,LOC107389026
ENSNFUG00015009503,LOC107395356
ENSNFUG00015006024,LOC107384728
ENSNFUG00015003467,LOC107379933
ENSNFUG00015017016,LOC107388563
ENSNFUG00015000764,LOC107378982
ENSNFUG00015001855,LOC107374708
ENSNFUG00015019511,LOC107394559
ENSNFUG00015022933,LOC107384087
ENSNFUG00015006353,LOC107388958
ENSNFUG00015009187,LOC107372404
ENSNFUG00015007748,LOC107375925
ENSNFUG00015005670,LOC107389502
ENSNFUG00015000948,LOC107375607
ENSNFUG00015010443,LOC107387472
ENSNFUG00015009275,LOC107372407
ENSNFUG00015019469,LOC107379227
ENSNFUG00015018509,LOC107396047
ENSNFUG00015011928,LOC107379826
ENSNFUG00015001661,LOC107376801
ENSNFUG00015018198,LOC107395651
ENSNFUG00015004324,LOC107381941
ENSNFUG00015007486,LOC107375297
ENSNFUG00015000543,LOC107380997
ENSNFUG00015019285,LOC107396719
ENSNFUG00015007883,LOC107390870
ENSNFUG00015020868,LOC107388030
ENSNFUG00015009144,LOC107379171
ENSNFUG00015001920,LOC107381316
ENSNFUG00015025086,LOC107392743
ENSNFUG00015018775,LOC107396789
ENSNFUG00015014471,LOC107383082
ENSNFUG00015017341,LOC107394740
ENSNFUG00015020688,LOC107373571
ENSNFUG00015007699,LOC107393565
ENSNFUG00015020204,LOC107373558
ENSNFUG00015003204,LOC107376645
ENSNFUG00015014364,LOC107395239
ENSNFUG00015018444,LOC107394294
ENSNFUG00015015944,LOC107396750
ENSNFUG00015007083,LOC107380964
ENSNFUG00015018866,LOC107383813
ENSNFUG00015001208,LOC107378226
ENSNFUG00015021686,LOC107384988
ENSNFUG00015022369,LOC107384063
ENSNFUG00015002682,LOC107380443
ENSNFUG00015006507,LOC107378745
ENSNFUG00015024580,LOC107387294
ENSNFUG00015022209,LOC107388288
ENSNFUG00015011281,LOC107384035
ENSNFUG00015015453,LOC107388586
ENSNFUG00015012746,LOC107379315
ENSNFUG00015001393,LOC107378433
ENSNFUG00015020567,LOC107379581
ENSNFUG00015013151,LOC107386344
ENSNFUG00015020595,LOC107373355
ENSNFUG00015005294,LOC107375355
ENSNFUG00015016892,LOC107392303
ENSNFUG00015009792,LOC107384966
ENSNFUG00015003942,LOC107378802
ENSNFUG00015019166,LOC107394376
ENSNFUG00015020235,LOC107397115
ENSNFUG00015021091,LOC107392984
ENSNFUG00015008945,LOC107374441
ENSNFUG00015003952,LOC107380465
ENSNFUG00015004858,LOC107379728
ENSNFUG00015013516,LOC107388152
ENSNFUG00015006254,LOC107384843
ENSNFUG00015011616,LOC107385500
ENSNFUG00015002117,LOC107376962
ENSNFUG00015010724,LOC107395531
ENSNFUG00015017809,LOC107382191
ENSNFUG00015014942,LOC107394705
ENSNFUG00015004631,LOC107379131
ENSNFUG00015022557,LOC107390475
ENSNFUG00015022621,LOC107392563
ENSNFUG00015024221,LOC107393522
ENSNFUG00015024765,LOC107384115
ENSNFUG00015008537,LOC107389926
ENSNFUG00015023583,LOC107382281
ENSNFUG00015020241,LOC107391665
ENSNFUG00015009863,LOC107382058
ENSNFUG00015003746,LOC107378632
ENSNFUG00015023974,LOC107387651
ENSNFUG00015005286,LOC107378342
ENSNFUG00015019833,LOC107378300
ENSNFUG00015015716,LOC107396666
ENSNFUG00015006257,LOC107391363
ENSNFUG00015023415,LOC107382177
ENSNFUG00015003254,LOC107380028
ENSNFUG00015022843,LOC107391468
ENSNFUG00015022367,LOC107391457
ENSNFUG00015018824,LOC107393902
ENSNFUG00015000699,LOC107380777
ENSNFUG00015005620,LOC107387721
ENSNFUG00015019220,LOC107387941
ENSNFUG00015024317,LOC107376062
ENSNFUG00015024350,LOC107393619
ENSNFUG00015002937,LOC107376365
ENSNFUG00015009721,LOC107395130
ENSNFUG00015020265,LOC107383718
ENSNFUG00015017277,LOC107391078
ENSNFUG00015013543,LOC107393481
ENSNFUG00015002070,LOC107380104
ENSNFUG00015019231,LOC107384761
ENSNFUG00015020006,LOC107396383
ENSNFUG00015019676,LOC107396387
ENSNFUG00015011394,LOC107394140
ENSNFUG00015005836,LOC107391788
ENSNFUG00015002417,LOC107378442
ENSNFUG00015008360,LOC107389522
ENSNFUG00015018692,LOC107396458
ENSNFUG00015021242,LOC107389804
ENSNFUG00015013198,LOC107388757
ENSNFUG00015003074,LOC107381534
ENSNFUG00015015298,LOC107388259
ENSNFUG00015022436,LOC107391461
ENSNFUG00015009298,LOC107390813
ENSNFUG00015018917,LOC107382314
ENSNFUG00015016658,LOC107386216
ENSNFUG00015002473,LOC107380232
ENSNFUG00015014983,LOC107381719
ENSNFUG00015006961,LOC107385186
ENSNFUG00015006207,LOC107387734
ENSNFUG00015018030,LOC107396033
ENSNFUG00015013787,LOC107385570
ENSNFUG00015005694,LOC107384722
ENSNFUG00015000194,LOC107377364
ENSNFUG00015000075,LOC107377507
ENSNFUG00015019997,LOC107388424
ENSNFUG00015012611,LOC107388379
ENSNFUG00015014924,LOC107383184
ENSNFUG00015005973,LOC107385762
ENSNFUG00015009302,LOC107379177
ENSNFUG00015010895,LOC107385201
ENSNFUG00015007846,LOC107376004
ENSNFUG00015011692,LOC107394523
ENSNFUG00015017110,LOC107373897
ENSNFUG00015001899,LOC107394001
ENSNFUG00015007068,LOC107388361
ENSNFUG00015008538,LOC107379774
ENSNFUG00015025050,LOC107387279
ENSNFUG00015007386,LOC107389594
ENSNFUG00015003119,LOC107389541
ENSNFUG00015010960,LOC107394135
ENSNFUG00015010713,LOC107392878
ENSNFUG00015003042,LOC107393803
ENSNFUG00015006158,LOC107391600
ENSNFUG00015004442,LOC107377419
ENSNFUG00015009084,LOC107383715
ENSNFUG00015001707,LOC107381028
ENSNFUG00015009390,LOC107395475
ENSNFUG00015004744,LOC107382712
ENSNFUG00015023689,LOC107393330
ENSNFUG00015008947,LOC107384260
ENSNFUG00015013207,LOC107380827
ENSNFUG00015015333,LOC107390158
ENSNFUG00015023456,LOC107377447
ENSNFUG00015000637,LOC107376280
ENSNFUG00015014411,LOC107396734
ENSNFUG00015011339,LOC107393780
ENSNFUG00015022730,LOC107390465
ENSNFUG00015010156,LOC107379038
ENSNFUG00015017624,LOC107388210
ENSNFUG00015020076,LOC107397282
ENSNFUG00015020153,LOC107388431
ENSNFUG00015021536,LOC107392454
ENSNFUG00015016600,LOC107380782
ENSNFUG00015015180,LOC107385867
ENSNFUG00015003032,LOC107376349
ENSNFUG00015017097,LOC107382359
ENSNFUG00015012417,LOC107383436
ENSNFUG00015014709,LOC107385068
ENSNFUG00015005541,LOC107386043
ENSNFUG00015003597,LOC107376629
ENSNFUG00015015586,LOC107373891
ENSNFUG00015018827,LOC107383014
ENSNFUG00015009496,LOC107396234
ENSNFUG00015008482,LOC107384406
ENSNFUG00015025387,LOC107392110
ENSNFUG00015015845,LOC107379850
ENSNFUG00015002394,LOC107378552
ENSNFUG00015004929,LOC107386616
ENSNFUG00015008557,LOC107384328
ENSNFUG00015006893,LOC107380742
ENSNFUG00015005813,LOC107385014
ENSNFUG00015001379,LOC107377725
ENSNFUG00015016526,LOC107393265
ENSNFUG00015004495,LOC107375664
ENSNFUG00015001803,LOC107379487
ENSNFUG00015009948,LOC107373695
ENSNFUG00015001094,LOC107394369
ENSNFUG00015003371,LOC107379921
ENSNFUG00015021171,LOC107396475
ENSNFUG00015022971,LOC107382111
ENSNFUG00015004837,LOC107387246
ENSNFUG00015011734,LOC107390401
ENSNFUG00015017418,LOC107379659
ENSNFUG00015004156,LOC107377233
ENSNFUG00015003866,LOC107375655
ENSNFUG00015015241,LOC107383085
ENSNFUG00015003928,LOC107381854
ENSNFUG00015002913,LOC107376368
ENSNFUG00015000130,LOC107377366
ENSNFUG00015024376,LOC107388494
ENSNFUG00015005199,LOC107382025
ENSNFUG00015017821,LOC107390930
ENSNFUG00015024058,LOC107393518
ENSNFUG00015022628,LOC107388463
ENSNFUG00015011143,LOC107390583
ENSNFUG00015014901,LOC107379640
ENSNFUG00015003716,LOC107377930
ENSNFUG00015016552,LOC107382331
ENSNFUG00015007198,LOC107385798
ENSNFUG00015023143,LOC107384176
ENSNFUG00015022917,LOC107390194
ENSNFUG00015023067,LOC107394233
ENSNFUG00015012944,LOC107375940
ENSNFUG00015004447,LOC107378965
ENSNFUG00015020184,LOC107379342
ENSNFUG00015011346,LOC107379822
ENSNFUG00015005376,LOC107391268
ENSNFUG00015009165,LOC107376007
ENSNFUG00015007136,LOC107387514
ENSNFUG00015024268,LOC107391107
ENSNFUG00015002456,LOC107378668
ENSNFUG00015024686,LOC107388674
ENSNFUG00015010667,LOC107380297
ENSNFUG00015005087,LOC107386622
ENSNFUG00015024470,LOC107376082
ENSNFUG00015015624,LOC107396654
ENSNFUG00015008755,LOC107393349
ENSNFUG00015016845,LOC107391201
ENSNFUG00015002073,LOC107376951
ENSNFUG00015019027,LOC107388231
ENSNFUG00015000257,LOC107394334
ENSNFUG00015013474,LOC107396257
ENSNFUG00015007356,LOC107392891
ENSNFUG00015011724,LOC107372320
ENSNFUG00015024356,LOC107389047
ENSNFUG00015001952,LOC107376789
ENSNFUG00015020709,LOC107385744
ENSNFUG00015016070,LOC107373416
ENSNFUG00015003214,LOC107377568
ENSNFUG00015009956,LOC107374570
ENSNFUG00015018786,LOC107387910
ENSNFUG00015005497,LOC107382020
ENSNFUG00015003886,LOC107377068
ENSNFUG00015021335,LOC107396079
ENSNFUG00015004145,LOC107381839
ENSNFUG00015021535,LOC107391796
ENSNFUG00015025370,LOC107392100
ENSNFUG00015016505,LOC107389726
ENSNFUG00015017132,LOC107384587
ENSNFUG00015019979,LOC107373551
ENSNFUG00015013669,LOC107383976
ENSNFUG00015014957,LOC107388881
ENSNFUG00015005331,LOC107391264
ENSNFUG00015010192,LOC107385003
ENSNFUG00015011766,LOC107386682
ENSNFUG00015012434,LOC107383797
ENSNFUG00015013587,LOC107397213
ENSNFUG00015012143,LOC107385509
ENSNFUG00015015774,LOC107387761
ENSNFUG00015017420,LOC107386286
ENSNFUG00015014333,LOC107396312
ENSNFUG00015017376,LOC107394753
ENSNFUG00015003199,LOC107376749
ENSNFUG00015006964,LOC107385187
ENSNFUG00015025138,LOC107391346
ENSNFUG00015025077,LOC107386604
ENSNFUG00015018513,LOC107393413
ENSNFUG00015010295,LOC107394650
ENSNFUG00015023473,LOC107386404
ENSNFUG00015023735,LOC107378309
ENSNFUG00015025097,LOC107391156
ENSNFUG00015015934,LOC107393603
ENSNFUG00015004762,LOC107387709
ENSNFUG00015024520,LOC107394497
ENSNFUG00015021764,LOC107394609
ENSNFUG00015005713,LOC107390968
ENSNFUG00015023556,LOC107393306
ENSNFUG00015016830,LOC107389744
ENSNFUG00015020370,LOC107394992
ENSNFUG00015014558,LOC107392521
ENSNFUG00015020146,LOC107389233
ENSNFUG00015022106,LOC107396505
ENSNFUG00015020103,LOC107392137
ENSNFUG00015021672,LOC107393491
ENSNFUG00015024498,LOC107380878
ENSNFUG00015016803,LOC107394969
ENSNFUG00015003962,LOC107380463
ENSNFUG00015009953,LOC107395504
ENSNFUG00015011559,LOC107380508
ENSNFUG00015018781,LOC107387908
ENSNFUG00015021019,LOC107385422
ENSNFUG00015001509,LOC107379395
ENSNFUG00015018521,LOC107373116
ENSNFUG00015000808,LOC107380138
ENSNFUG00015024475,LOC107391324
ENSNFUG00015019028,LOC107375439
ENSNFUG00015024575,LOC107389059
ENSNFUG00015009075,LOC107373658
ENSNFUG00015014338,LOC107380318
ENSNFUG00015009847,LOC107391871
ENSNFUG00015008590,LOC107378820
ENSNFUG00015006865,LOC107384220
ENSNFUG00015021640,LOC107394942
ENSNFUG00015016900,LOC107397346
ENSNFUG00015013747,LOC107388131
ENSNFUG00015002947,LOC107378659
ENSNFUG00015001673,LOC107378513
ENSNFUG00015023615,LOC107385653
ENSNFUG00015009020,LOC107381396
ENSNFUG00015004878,LOC107385751
ENSNFUG00015014687,LOC107386527
ENSNFUG00015011760,LOC107394531
ENSNFUG00015016487,LOC107385549
ENSNFUG00015019715,LOC107391426
ENSNFUG00015019210,LOC107386381
ENSNFUG00015003368,LOC107379961
ENSNFUG00015018723,LOC107396043
ENSNFUG00015010697,LOC107386318
ENSNFUG00015012394,LOC107384975
ENSNFUG00015000763,LOC107388068
ENSNFUG00015004198,LOC107377278
ENSNFUG00015018791,LOC107387636
ENSNFUG00015016285,LOC107374171
ENSNFUG00015024353,LOC107376068
ENSNFUG00015000325,LOC107394865
ENSNFUG00015017149,LOC107391959
ENSNFUG00015019510,LOC107395215
ENSNFUG00015000605,LOC107380725
ENSNFUG00015021508,LOC107394926
ENSNFUG00015015356,LOC107383802
ENSNFUG00015013043,LOC107375347
ENSNFUG00015013987,LOC107374123
ENSNFUG00015016655,LOC107393607
ENSNFUG00015012519,LOC107386545
ENSNFUG00015001942,LOC107375261
ENSNFUG00015014607,LOC107396117
ENSNFUG00015024984,LOC107393215
ENSNFUG00015002926,LOC107378564
ENSNFUG00015001729,LOC107394051
ENSNFUG00015012922,LOC107385047
ENSNFUG00015006417,LOC107376432
ENSNFUG00015004768,LOC107389349
ENSNFUG00015013746,LOC107385528
ENSNFUG00015013530,LOC107385522
ENSNFUG00015001520,LOC107378365
ENSNFUG00015002665,LOC107374718
ENSNFUG00015004110,LOC107385704
ENSNFUG00015013167,LOC107384407
ENSNFUG00015015251,LOC107389709
ENSNFUG00015014753,LOC107396731
ENSNFUG00015018748,LOC107388898
ENSNFUG00015024509,LOC107387002
ENSNFUG00015010712,LOC107391353
ENSNFUG00015009641,LOC107386319
ENSNFUG00015017209,LOC107396436
ENSNFUG00015006391,LOC107386877
ENSNFUG00015020787,LOC107373389
ENSNFUG00015012463,LOC107373761
ENSNFUG00015001011,LOC107379649
ENSNFUG00015000775,LOC107376685
ENSNFUG00015006316,LOC107389032
ENSNFUG00015012547,LOC107392401
ENSNFUG00015008640,LOC107386747
ENSNFUG00015005346,LOC107379157
ENSNFUG00015011609,LOC107386519
ENSNFUG00015004854,LOC107393474
ENSNFUG00015000834,LOC107392502
ENSNFUG00015005208,LOC107378763
ENSNFUG00015020418,LOC107380332
ENSNFUG00015007224,LOC107388883
ENSNFUG00015019750,LOC107396267
ENSNFUG00015010247,LOC107384356
ENSNFUG00015021106,LOC107382822
ENSNFUG00015017456,LOC107390385
ENSNFUG00015015291,LOC107393252
ENSNFUG00015021233,LOC107397169
ENSNFUG00015025348,LOC107387702
ENSNFUG00015005669,LOC107389500
ENSNFUG00015006050,LOC107384832
ENSNFUG00015002733,LOC107376378
ENSNFUG00015004618,LOC107378771
ENSNFUG00015001606,LOC107378434
ENSNFUG00015015735,LOC107379844
ENSNFUG00015020784,LOC107394598
ENSNFUG00015014416,LOC107373814
ENSNFUG00015006504,LOC107388927
ENSNFUG00015005700,LOC107376988
ENSNFUG00015004353,LOC107382684
ENSNFUG00015004630,LOC107380699
ENSNFUG00015017750,LOC107396941
ENSNFUG00015012068,LOC107384273
ENSNFUG00015022495,LOC107383233
ENSNFUG00015002610,LOC107381011
ENSNFUG00015004354,LOC107375660
ENSNFUG00015016381,LOC107376254
ENSNFUG00015013881,LOC107380309
ENSNFUG00015001793,LOC107379902
ENSNFUG00015023485,LOC107395336
ENSNFUG00015015300,LOC107387227
ENSNFUG00015001499,LOC107375233
ENSNFUG00015009839,LOC107390991
ENSNFUG00015017808,LOC107388852
ENSNFUG00015005842,LOC107378756
ENSNFUG00015025355,LOC107392094
ENSNFUG00015023651,LOC107389318
ENSNFUG00015002851,LOC107378310
ENSNFUG00015001252,LOC107379017
ENSNFUG00015018700,LOC107388617
ENSNFUG00015004549,LOC107381938
ENSNFUG00015015997,LOC107389546
ENSNFUG00015008241,LOC107388717
ENSNFUG00015017320,LOC107384742
ENSNFUG00015014162,LOC107396738
ENSNFUG00015003456,LOC107376830
ENSNFUG00015025017,LOC107392078
ENSNFUG00015015002,LOC107388403
ENSNFUG00015008488,LOC107393763
ENSNFUG00015003576,LOC107393627
ENSNFUG00015022496,LOC107386822
ENSNFUG00015013929,LOC107386978
ENSNFUG00015025362,LOC107392097
ENSNFUG00015023172,LOC107388628
ENSNFUG00015016168,LOC107383547
ENSNFUG00015016681,LOC107392422
ENSNFUG00015021552,LOC107395101
ENSNFUG00015022932,LOC107393728
ENSNFUG00015005253,LOC107381771
ENSNFUG00015018574,LOC107394307
ENSNFUG00015012667,LOC107385037
ENSNFUG00015018252,LOC107375941
ENSNFUG00015023213,LOC107385369
ENSNFUG00015002860,LOC107376627
ENSNFUG00015002280,LOC107376203
ENSNFUG00015017218,LOC107388204
ENSNFUG00015018762,LOC107389195
ENSNFUG00015003432,LOC107377760
ENSNFUG00015006762,LOC107382171
ENSNFUG00015011475,LOC107387988
ENSNFUG00015010933,LOC107374260
ENSNFUG00015022916,LOC107394885
ENSNFUG00015018890,LOC107388224
ENSNFUG00015025438,LOC107392656
ENSNFUG00015010709,LOC107373803
ENSNFUG00015000299,LOC107381954
ENSNFUG00015012433,LOC107386685
ENSNFUG00015000336,LOC107378410
ENSNFUG00015003787,LOC107378118
ENSNFUG00015023642,LOC107384911
ENSNFUG00015024248,LOC107390025
ENSNFUG00015016983,LOC107384142
ENSNFUG00015019411,LOC107394510
ENSNFUG00015017850,LOC107374955
ENSNFUG00015022118,LOC107387773
ENSNFUG00015019302,LOC107396723
ENSNFUG00015018087,LOC107391701
ENSNFUG00015024288,LOC107387302
ENSNFUG00015023913,LOC107397331
ENSNFUG00015004106,LOC107377225
ENSNFUG00015023534,LOC107382285
ENSNFUG00015017923,LOC107388857
ENSNFUG00015023492,LOC107395337
ENSNFUG00015003508,LOC107381667
ENSNFUG00015006475,LOC107390348
ENSNFUG00015008259,LOC107383770
ENSNFUG00015021789,LOC107386394
ENSNFUG00015006773,LOC107384660
ENSNFUG00015009973,LOC107378240
ENSNFUG00015003402,LOC107381689
ENSNFUG00015000254,LOC107394834
ENSNFUG00015010732,LOC107379047
ENSNFUG00015024806,LOC107387860
ENSNFUG00015016841,LOC107384139
ENSNFUG00015001581,LOC107381048
ENSNFUG00015016223,LOC107396320
ENSNFUG00015018064,LOC107379332
ENSNFUG00015021587,LOC107388280
ENSNFUG00015003877,LOC107378808
ENSNFUG00015013503,LOC107388151
ENSNFUG00015008816,LOC107387743
ENSNFUG00015004692,LOC107384918
ENSNFUG00015005616,LOC107391272
ENSNFUG00015008729,LOC107384674
ENSNFUG00015014455,LOC107393894
ENSNFUG00015023084,LOC107375921
ENSNFUG00015002177,LOC107377369
ENSNFUG00015003489,LOC107379940
ENSNFUG00015011549,LOC107388104
ENSNFUG00015020717,LOC107381435
ENSNFUG00015016040,LOC107396431
ENSNFUG00015019695,LOC107394569
ENSNFUG00015013284,LOC107387822
ENSNFUG00015019291,LOC107390185
ENSNFUG00015021631,LOC107394935
ENSNFUG00015017213,LOC107395873
ENSNFUG00015011302,LOC107394660
ENSNFUG00015015940,LOC107396751
ENSNFUG00015019409,LOC107383558
ENSNFUG00015020430,LOC107380335
ENSNFUG00015000787,LOC107374673
ENSNFUG00015006164,LOC107389841
ENSNFUG00015016103,LOC107383278
ENSNFUG00015005733,LOC107387176
ENSNFUG00015001023,LOC107375512
ENSNFUG00015002209,LOC107376974
ENSNFUG00015017162,LOC107394356
ENSNFUG00015003957,LOC107379503
ENSNFUG00015012914,LOC107385046
ENSNFUG00015020173,LOC107386188
ENSNFUG00015004199,LOC107380695
ENSNFUG00015025085,LOC107386610
ENSNFUG00015018485,LOC107394068
ENSNFUG00015019738,LOC107396639
ENSNFUG00015010762,LOC107386322
ENSNFUG00015020140,LOC107382812
ENSNFUG00015004124,LOC107389102
ENSNFUG00015013363,LOC107396996
ENSNFUG00015009254,LOC107387955
ENSNFUG00015024751,LOC107387200
ENSNFUG00015000710,LOC107378514
ENSNFUG00015019098,LOC107390373
ENSNFUG00015009166,LOC107379172
ENSNFUG00015024646,LOC107393170
ENSNFUG00015001929,LOC107380111
ENSNFUG00015025119,LOC107387265
ENSNFUG00015008321,LOC107391527
ENSNFUG00015011670,LOC107373605
ENSNFUG00015004181,LOC107378049
ENSNFUG00015004482,LOC107382121
ENSNFUG00015005121,LOC107391824
ENSNFUG00015009730,LOC107384413
ENSNFUG00015023983,LOC107393505
ENSNFUG00015013622,LOC107388158
ENSNFUG00015008674,LOC107378877
ENSNFUG00015012855,LOC107376256
ENSNFUG00015011409,LOC107388823
ENSNFUG00015005384,LOC107387116
ENSNFUG00015010442,LOC107389405
ENSNFUG00015004117,LOC107379058
ENSNFUG00015008005,LOC107390875
ENSNFUG00015020055,LOC107373550
ENSNFUG00015020113,LOC107392139
ENSNFUG00015019816,LOC107390382
ENSNFUG00015010276,LOC107381742
ENSNFUG00015000886,LOC107375209
ENSNFUG00015001367,LOC107376881
ENSNFUG00015024672,LOC107390105
ENSNFUG00015012083,LOC107387992
ENSNFUG00015016492,LOC107395701
ENSNFUG00015016764,LOC107394264
ENSNFUG00015007288,LOC107380767
ENSNFUG00015013834,LOC107388006
ENSNFUG00015005658,LOC107390966
ENSNFUG00015025000,LOC107391154
ENSNFUG00015017513,LOC107390921
ENSNFUG00015016345,LOC107373476
ENSNFUG00015001036,LOC107375109
ENSNFUG00015005404,LOC107383345
ENSNFUG00015022093,LOC107380905
ENSNFUG00015007589,LOC107375778
ENSNFUG00015021235,LOC107397167
ENSNFUG00015009916,LOC107386490
ENSNFUG00015007367,LOC107392889
ENSNFUG00015009664,LOC107384526
ENSNFUG00015021425,LOC107396897
ENSNFUG00015011121,LOC107379821
ENSNFUG00015020655,LOC107394083
ENSNFUG00015010690,LOC107385923
ENSNFUG00015017536,LOC107395426
ENSNFUG00015006898,LOC107384224
ENSNFUG00015023493,LOC107395332
ENSNFUG00015012644,LOC107374492
ENSNFUG00015007404,LOC107375999
ENSNFUG00015007785,LOC107386023
ENSNFUG00015002927,LOC107376363
ENSNFUG00015017604,LOC107394047
ENSNFUG00015021373,LOC107383475
ENSNFUG00015021410,LOC107396478
ENSNFUG00015000761,LOC107392525
ENSNFUG00015018829,LOC107383674
ENSNFUG00015012646,LOC107379305
ENSNFUG00015011279,LOC107388819
ENSNFUG00015023705,LOC107390211
ENSNFUG00015005962,LOC107389080
ENSNFUG00015007157,LOC107386902
ENSNFUG00015007096,LOC107375918
ENSNFUG00015024199,LOC107393996
ENSNFUG00015017276,LOC107386064
ENSNFUG00015023003,LOC107392487
ENSNFUG00015013345,LOC107380222
ENSNFUG00015008106,LOC107395740
ENSNFUG00015019767,LOC107378297
ENSNFUG00015017845,LOC107393666
ENSNFUG00015012342,LOC107379621
ENSNFUG00015009577,LOC107389662
ENSNFUG00015009717,LOC107372816
ENSNFUG00015008380,LOC107385482
ENSNFUG00015016054,LOC107394906
ENSNFUG00015009949,LOC107391873
ENSNFUG00015022844,LOC107391811
ENSNFUG00015017533,LOC107395427
ENSNFUG00015007122,LOC107386108
ENSNFUG00015023491,LOC107386408
ENSNFUG00015006434,LOC107387738
ENSNFUG00015004574,LOC107382707
ENSNFUG00015020996,LOC107377040
ENSNFUG00015018903,LOC107382316
ENSNFUG00015011620,LOC107384690
ENSNFUG00015014707,LOC107394023
ENSNFUG00015015749,LOC107396138
ENSNFUG00015015647,LOC107394550
ENSNFUG00015002143,LOC107379381
ENSNFUG00015015192,LOC107380230
ENSNFUG00015021392,LOC107384888
ENSNFUG00015019544,LOC107383830
ENSNFUG00015015855,LOC107390545
ENSNFUG00015007833,LOC107383616
ENSNFUG00015019147,LOC107383824
ENSNFUG00015005755,LOC107380720
ENSNFUG00015024003,LOC107386595
ENSNFUG00015013371,LOC107397001
ENSNFUG00015002660,LOC107378459
ENSNFUG00015015160,LOC107387757
ENSNFUG00015001180,LOC107376921
ENSNFUG00015010594,LOC107379752
ENSNFUG00015016195,LOC107396553
ENSNFUG00015010420,LOC107394125
ENSNFUG00015020481,LOC107392968
ENSNFUG00015018958,LOC107385254
ENSNFUG00015001473,LOC107379393
ENSNFUG00015011407,LOC107376288
ENSNFUG00015014962,LOC107394706
ENSNFUG00015021250,LOC107389806
ENSNFUG00015024976,LOC107393205
ENSNFUG00015010461,LOC107378168
ENSNFUG00015004874,LOC107377840
ENSNFUG00015012887,LOC107384350
ENSNFUG00015008436,LOC107382556
ENSNFUG00015022374,LOC107387777
ENSNFUG00015007070,LOC107385915
ENSNFUG00015001417,LOC107377727
ENSNFUG00015025075,LOC107386603
ENSNFUG00015017453,LOC107381609
ENSNFUG00015014543,LOC107388173
ENSNFUG00015000786,LOC107382991
ENSNFUG00015018681,LOC107388889
ENSNFUG00015024785,LOC107387674
ENSNFUG00015005034,LOC107387119
ENSNFUG00015019369,LOC107383086
ENSNFUG00015019763,LOC107383093
ENSNFUG00015020359,LOC107394866
ENSNFUG00015025082,LOC107386607
ENSNFUG00015024589,LOC107390734
ENSNFUG00015016027,LOC107397057
ENSNFUG00015017788,LOC107387768
ENSNFUG00015007292,LOC107395595
ENSNFUG00015019930,LOC107385412
ENSNFUG00015023729,LOC107393945
ENSNFUG00015022787,LOC107392152
ENSNFUG00015002287,LOC107379444
ENSNFUG00015020535,LOC107383568
ENSNFUG00015003201,LOC107381694
ENSNFUG00015001795,LOC107376663
ENSNFUG00015008798,LOC107382059
ENSNFUG00015012461,LOC107373760
ENSNFUG00015001629,LOC107378466
ENSNFUG00015006467,LOC107382578
ENSNFUG00015019385,LOC107395753
ENSNFUG00015006675,LOC107388909
ENSNFUG00015022993,LOC107384095
ENSNFUG00015023733,LOC107384187
ENSNFUG00015023986,LOC107390697
ENSNFUG00015012776,LOC107385698
ENSNFUG00015022423,LOC107389160
ENSNFUG00015019530,LOC107391977
ENSNFUG00015008082,LOC107391393
ENSNFUG00015018954,LOC107383018
ENSNFUG00015003200,LOC107393742
ENSNFUG00015022260,LOC107386506
ENSNFUG00015014124,LOC107395021
ENSNFUG00015010490,LOC107382047
ENSNFUG00015021671,LOC107383111
ENSNFUG00015003708,LOC107378992
ENSNFUG00015004418,LOC107378960
ENSNFUG00015011588,LOC107386674
ENSNFUG00015005718,LOC107389506
ENSNFUG00015020037,LOC107392007
ENSNFUG00015005390,LOC107384613
ENSNFUG00015007045,LOC107385105
ENSNFUG00015007626,LOC107378375
ENSNFUG00015021287,LOC107383218
ENSNFUG00015012105,LOC107385029
ENSNFUG00015024684,LOC107390110
ENSNFUG00015024094,LOC107380906
ENSNFUG00015016857,LOC107382206
ENSNFUG00015006608,LOC107382544
ENSNFUG00015007359,LOC107375997
ENSNFUG00015015311,LOC107387212
ENSNFUG00015018065,LOC107396335
ENSNFUG00015023765,LOC107386419
ENSNFUG00015003967,LOC107380147
ENSNFUG00015011568,LOC107379485
ENSNFUG00015005778,LOC107384390
ENSNFUG00015006839,LOC107380735
ENSNFUG00015011843,LOC107374060
ENSNFUG00015004134,LOC107379062
ENSNFUG00015005473,LOC107393286
ENSNFUG00015016243,LOC107385308
ENSNFUG00015020698,LOC107373574
ENSNFUG00015001347,LOC107379380
ENSNFUG00015011985,LOC107372696
ENSNFUG00015001554,LOC107379410
ENSNFUG00015010930,LOC107373188
ENSNFUG00015002476,LOC107380237
ENSNFUG00015010025,LOC107381797
ENSNFUG00015004711,LOC107386613
ENSNFUG00015018534,LOC107394302
ENSNFUG00015003844,LOC107378582
ENSNFUG00015025316,LOC107392930
ENSNFUG00015021413,LOC107384173
ENSNFUG00015016789,LOC107382632
ENSNFUG00015023830,LOC107388638
ENSNFUG00015023777,LOC107390220
ENSNFUG00015006049,LOC107391944
ENSNFUG00015003241,LOC107381690
ENSNFUG00015003453,LOC107376768
ENSNFUG00015018494,LOC107373090
ENSNFUG00015014747,LOC107386528
ENSNFUG00015014070,LOC107381980
ENSNFUG00015020488,LOC107373299
ENSNFUG00015014547,LOC107378186
ENSNFUG00015016408,LOC107390300
ENSNFUG00015019942,LOC107385738
ENSNFUG00015008792,LOC107387373
ENSNFUG00015021614,LOC107388282
ENSNFUG00015024070,LOC107380935
ENSNFUG00015018430,LOC107397198
ENSNFUG00015005569,LOC107385753
ENSNFUG00015020294,LOC107390251
ENSNFUG00015003851,LOC107378584
ENSNFUG00015016631,LOC107396682
ENSNFUG00015009285,LOC107390834
ENSNFUG00015006601,LOC107389855
ENSNFUG00015018724,LOC107395739
ENSNFUG00015010626,LOC107377076
ENSNFUG00015015789,LOC107379570
ENSNFUG00015023510,LOC107386415
ENSNFUG00015016508,LOC107388834
ENSNFUG00015001568,LOC107380061
ENSNFUG00015023166,LOC107385646
ENSNFUG00015016888,LOC107391202
ENSNFUG00015000719,LOC107377306
ENSNFUG00015000538,LOC107376094
ENSNFUG00015021649,LOC107386965
ENSNFUG00015002219,LOC107381016
ENSNFUG00015013628,LOC107388252
ENSNFUG00015020712,LOC107381437
ENSNFUG00015010748,LOC107386803
ENSNFUG00015009838,LOC107397033
ENSNFUG00015012414,LOC107378254
ENSNFUG00015005163,LOC107375748
ENSNFUG00015013700,LOC107378200
ENSNFUG00015001542,LOC107376805
ENSNFUG00015002759,LOC107380022
ENSNFUG00015016292,LOC107377655
ENSNFUG00015017597,LOC107388207
ENSNFUG00015025289,LOC107375542
ENSNFUG00015004602,LOC107382415
ENSNFUG00015024144,LOC107376059
ENSNFUG00015002089,LOC107377403
ENSNFUG00015024425,LOC107372389
ENSNFUG00015004947,LOC107390323
ENSNFUG00015016747,LOC107391191
ENSNFUG00015021120,LOC107391428
ENSNFUG00015002963,LOC107377560
ENSNFUG00015001817,LOC107383078
ENSNFUG00015013852,LOC107384512
ENSNFUG00015000917,LOC107375603
ENSNFUG00015008757,LOC107384675
ENSNFUG00015025084,LOC107386608
ENSNFUG00015009946,LOC107386493
ENSNFUG00015012775,LOC107389477
ENSNFUG00015002295,LOC107378438
ENSNFUG00015008914,LOC107390881
ENSNFUG00015004125,LOC107374761
ENSNFUG00015010790,LOC107379264
ENSNFUG00015012464,LOC107373762
ENSNFUG00015013583,LOC107377151
ENSNFUG00015024084,LOC107390841
ENSNFUG00015008602,LOC107387816
ENSNFUG00015007130,LOC107386107
ENSNFUG00015024722,LOC107387286
ENSNFUG00015001254,LOC107377719
ENSNFUG00015003699,LOC107376994
ENSNFUG00015013850,LOC107388138
ENSNFUG00015017173,LOC107376140
ENSNFUG00015021465,LOC107393438
ENSNFUG00015012150,LOC107388827
ENSNFUG00015016003,LOC107384600
ENSNFUG00015023900,LOC107385445
ENSNFUG00015023194,LOC107388508
ENSNFUG00015009645,LOC107384524
ENSNFUG00015008227,LOC107395761
ENSNFUG00015005582,LOC107391098
ENSNFUG00015001048,LOC107375219
ENSNFUG00015019208,LOC107392436
ENSNFUG00015009294,LOC107373024
ENSNFUG00015008173,LOC107392216
ENSNFUG00015006879,LOC107379004
ENSNFUG00015009402,LOC107384261
ENSNFUG00015008480,LOC107384319
ENSNFUG00015020483,LOC107381121
ENSNFUG00015023114,LOC107385639
ENSNFUG00015012880,LOC107389482
ENSNFUG00015005360,LOC107391266
ENSNFUG00015007714,LOC107375924
ENSNFUG00015023563,LOC107389312
ENSNFUG00015017712,LOC107376022
ENSNFUG00015002663,LOC107381543
ENSNFUG00015002378,LOC107377212
ENSNFUG00015000677,LOC107376311
ENSNFUG00015003835,LOC107395273
ENSNFUG00015023025,LOC107391821
ENSNFUG00015020847,LOC107388025
ENSNFUG00015001781,LOC107389801
ENSNFUG00015010403,LOC107378102
ENSNFUG00015002154,LOC107376788
ENSNFUG00015009350,LOC107381154
ENSNFUG00015014861,LOC107390391
ENSNFUG00015001540,LOC107379409
ENSNFUG00015017983,LOC107391690
ENSNFUG00015019811,LOC107378299
ENSNFUG00015022467,LOC107382783
ENSNFUG00015024480,LOC107391327
ENSNFUG00015022757,LOC107390463
ENSNFUG00015006664,LOC107386720
ENSNFUG00015014635,LOC107390283
ENSNFUG00015013544,LOC107372459
ENSNFUG00015010134,LOC107376611
ENSNFUG00015012526,LOC107376277
ENSNFUG00015016447,LOC107389455
ENSNFUG00015008594,LOC107392250
ENSNFUG00015021537,LOC107393918
ENSNFUG00015020247,LOC107392148
ENSNFUG00015018108,LOC107384751
ENSNFUG00015021340,LOC107393704
ENSNFUG00015015498,LOC107394731
ENSNFUG00015003655,LOC107378473
ENSNFUG00015020764,LOC107388020
ENSNFUG00015023180,LOC107388629
ENSNFUG00015021062,LOC107397149
ENSNFUG00015020786,LOC107394599
ENSNFUG00015015033,LOC107389706
ENSNFUG00015019632,LOC107386205
ENSNFUG00015011521,LOC107374038
ENSNFUG00015024158,LOC107389340
ENSNFUG00015003041,LOC107375022
ENSNFUG00015022661,LOC107388472
ENSNFUG00015022385,LOC107390790
ENSNFUG00015011297,LOC107397291
ENSNFUG00015010453,LOC107393284
ENSNFUG00015023605,LOC107385650
ENSNFUG00015001074,LOC107377340
ENSNFUG00015025407,LOC107392689
ENSNFUG00015005493,LOC107385377
ENSNFUG00015023202,LOC107388959
ENSNFUG00015011500,LOC107385579
ENSNFUG00015002589,LOC107376394
ENSNFUG00015019106,LOC107396244
ENSNFUG00015005678,LOC107389501
ENSNFUG00015011762,LOC107374047
ENSNFUG00015004165,LOC107377251
ENSNFUG00015019563,LOC107384008
ENSNFUG00015013429,LOC107397007
ENSNFUG00015001718,LOC107376791
ENSNFUG00015010642,LOC107374367
ENSNFUG00015020934,LOC107385142
ENSNFUG00015022664,LOC107388475
ENSNFUG00015018352,LOC107396584
ENSNFUG00015023188,LOC107385647
ENSNFUG00015013268,LOC107380218
ENSNFUG00015010353,LOC107394121
ENSNFUG00015004862,LOC107390845
ENSNFUG00015011111,LOC107384971
ENSNFUG00015009720,LOC107388809
ENSNFUG00015013926,LOC107394540
ENSNFUG00015019956,LOC107392129
ENSNFUG00015005992,LOC107386434
ENSNFUG00015010946,LOC107383779
ENSNFUG00015013153,LOC107394165
ENSNFUG00015011882,LOC107376595
ENSNFUG00015011576,LOC107385499
ENSNFUG00015010813,LOC107394127
ENSNFUG00015002999,LOC107378987
ENSNFUG00015005606,LOC107388681
ENSNFUG00015008898,LOC107374436
ENSNFUG00015011841,LOC107382246
ENSNFUG00015001954,LOC107380412
ENSNFUG00015004892,LOC107387718
ENSNFUG00015008850,LOC107381145
ENSNFUG00015018697,LOC107388216
ENSNFUG00015024415,LOC107390721
ENSNFUG00015013464,LOC107384501
ENSNFUG00015015342,LOC107382376
ENSNFUG00015007619,LOC107387206
ENSNFUG00015024531,LOC107377492
ENSNFUG00015006359,LOC107386868
ENSNFUG00015008111,LOC107395730
ENSNFUG00015017769,LOC107393663
ENSNFUG00015012237,LOC107384694
ENSNFUG00015020569,LOC107397128
ENSNFUG00015003212,LOC107378859
ENSNFUG00015002561,LOC107397113
ENSNFUG00015005775,LOC107391522
ENSNFUG00015020061,LOC107373553
ENSNFUG00015019791,LOC107384005
ENSNFUG00015006932,LOC107385096
ENSNFUG00015006757,LOC107382173
ENSNFUG00015002122,LOC107376964
ENSNFUG00015016451,LOC107385328
ENSNFUG00015005226,LOC107385663
ENSNFUG00015011307,LOC107386497
ENSNFUG00015004342,LOC107379099
ENSNFUG00015004676,LOC107380967
ENSNFUG00015004914,LOC107389497
ENSNFUG00015008694,LOC107378112
ENSNFUG00015009781,LOC107378237
ENSNFUG00015010071,LOC107386492
ENSNFUG00015010302,LOC107381473
ENSNFUG00015014714,LOC107386530
ENSNFUG00015016101,LOC107387835
ENSNFUG00015017117,LOC107373895
ENSNFUG00015018224,LOC107388875
ENSNFUG00015020120,LOC107392142
ENSNFUG00015020740,LOC107373584
ENSNFUG00015020841,LOC107395677
ENSNFUG00015022868,LOC107394955
ENSNFUG00015024398,LOC107394005
ENSNFUG00015024404,LOC107394006
ENSNFUG00015019848,LOC107379236
ENSNFUG00015009306,LOC107395472
ENSNFUG00015009723,LOC107392258
ENSNFUG00015021921,LOC107387148
ENSNFUG00015002806,LOC107380413
ENSNFUG00015019787,LOC107396948
ENSNFUG00015005764,LOC107375883
ENSNFUG00015018672,LOC107388888
ENSNFUG00015016917,LOC107382201
ENSNFUG00015018113,LOC107396762
ENSNFUG00015015801,LOC107387766
ENSNFUG00015016809,LOC107392123
ENSNFUG00015011433,LOC107395396
ENSNFUG00015004751,LOC107383595
ENSNFUG00015012945,LOC107390483
ENSNFUG00015004997,LOC107390954
ENSNFUG00015009544,LOC107372416
ENSNFUG00015004251,LOC107394593
ENSNFUG00015009015,LOC107395124
ENSNFUG00015017873,LOC107388854
ENSNFUG00015001514,LOC107392158
ENSNFUG00015001363,LOC107394260
ENSNFUG00015008185,LOC107390334
ENSNFUG00015012612,LOC107380510
ENSNFUG00015022665,LOC107388473
ENSNFUG00015013674,LOC107385900
ENSNFUG00015013963,LOC107387605
ENSNFUG00015024750,LOC107387194
ENSNFUG00015007588,LOC107378369
ENSNFUG00015017397,LOC107375797
ENSNFUG00015000845,LOC107392476
ENSNFUG00015021278,LOC107373577
ENSNFUG00015005042,LOC107375861
ENSNFUG00015007969,LOC107390876
ENSNFUG00015022487,LOC107391241
ENSNFUG00015009076,LOC107379695
ENSNFUG00015011531,LOC107397383
ENSNFUG00015023030,LOC107383904
ENSNFUG00015021679,LOC107384986
ENSNFUG00015007406,LOC107387800
ENSNFUG00015008643,LOC107387487
ENSNFUG00015001533,LOC107379408
ENSNFUG00015020225,LOC107380253
ENSNFUG00015014925,LOC107388010
ENSNFUG00015024262,LOC107383658
ENSNFUG00015021007,LOC107387920
ENSNFUG00015004361,LOC107389366
ENSNFUG00015025251,LOC107387681
ENSNFUG00015004174,LOC107378958
ENSNFUG00015012896,LOC107385044
ENSNFUG00015004506,LOC107381831
ENSNFUG00015001042,LOC107381329
ENSNFUG00015012858,LOC107375938
ENSNFUG00015000371,LOC107378501
ENSNFUG00015010058,LOC107373025
ENSNFUG00015013762,LOC107385800
ENSNFUG00015000984,LOC107375106
ENSNFUG00015017080,LOC107395852
ENSNFUG00015004265,LOC107379071
ENSNFUG00015014097,LOC107396727
ENSNFUG00015013986,LOC107379711
ENSNFUG00015007583,LOC107375776
ENSNFUG00015009712,LOC107393024
ENSNFUG00015024886,LOC107375974
ENSNFUG00015015983,LOC107389545
ENSNFUG00015018165,LOC107376544
ENSNFUG00015002829,LOC107376650
ENSNFUG00015014257,LOC107394021
ENSNFUG00015021180,LOC107392444
ENSNFUG00015024812,LOC107391135
ENSNFUG00015023976,LOC107392704
ENSNFUG00015020426,LOC107380333
ENSNFUG00015018602,LOC107395727
ENSNFUG00015017951,LOC107372661
ENSNFUG00015020267,LOC107383724
ENSNFUG00015008459,LOC107385490
ENSNFUG00015024348,LOC107387580
ENSNFUG00015017608,LOC107388208
ENSNFUG00015005134,LOC107384929
ENSNFUG00015005933,LOC107386036
ENSNFUG00015010293,LOC107379801
ENSNFUG00015018743,LOC107395748
ENSNFUG00015022518,LOC107386817
ENSNFUG00015011283,LOC107384553
ENSNFUG00015015172,LOC107383258
ENSNFUG00015012367,LOC107383433
ENSNFUG00015009879,LOC107393021
ENSNFUG00015012842,LOC107382572
ENSNFUG00015019564,LOC107373190
ENSNFUG00015020257,LOC107383732
ENSNFUG00015013514,LOC107387746
ENSNFUG00015001627,LOC107381043
ENSNFUG00015025442,LOC107392649
ENSNFUG00015014837,LOC107374147
ENSNFUG00015016854,LOC107374175
ENSNFUG00015004203,LOC107379068
ENSNFUG00015002123,LOC107376965
ENSNFUG00015022670,LOC107393723
ENSNFUG00015025464,LOC107393124
ENSNFUG00015018733,LOC107386692
ENSNFUG00015000929,LOC107375605
ENSNFUG00015011686,LOC107386681
ENSNFUG00015011951,LOC107374607
ENSNFUG00015014933,LOC107388011
ENSNFUG00015021947,LOC107374630
ENSNFUG00015019475,LOC107395771
ENSNFUG00015024691,LOC107383582
ENSNFUG00015008068,LOC107392884
ENSNFUG00015008830,LOC107381139
ENSNFUG00015013529,LOC107387747
ENSNFUG00015006880,LOC107382878
ENSNFUG00015017317,LOC107386563
ENSNFUG00015009832,LOC107391870
ENSNFUG00015006842,LOC107390420
ENSNFUG00015006847,LOC107390419
ENSNFUG00015004712,LOC107383593
ENSNFUG00015012266,LOC107373739
ENSNFUG00015003953,LOC107376447
ENSNFUG00015010761,LOC107374829
ENSNFUG00015010122,LOC107382056
ENSNFUG00015017403,LOC107376234
ENSNFUG00015024434,LOC107393835
ENSNFUG00015009937,LOC107395366
ENSNFUG00015007942,LOC107390640
ENSNFUG00015007505,LOC107375900
ENSNFUG00015025433,LOC107392658
ENSNFUG00015014868,LOC107395033
ENSNFUG00015007807,LOC107386313
ENSNFUG00015020101,LOC107382802
ENSNFUG00015012355,LOC107396949
ENSNFUG00015011337,LOC107387983
ENSNFUG00015011027,LOC107384537
ENSNFUG00015000973,LOC107377524
ENSNFUG00015021247,LOC107389807
ENSNFUG00015009959,LOC107382411
ENSNFUG00015001927,LOC107380606
ENSNFUG00015024103,LOC107380901
ENSNFUG00015004239,LOC107393566
ENSNFUG00015014579,LOC107395246
ENSNFUG00015011371,LOC107376292
ENSNFUG00015002031,LOC107376210
ENSNFUG00015012950,LOC107385053
ENSNFUG00015021703,LOC107389115
ENSNFUG00015012889,LOC107385043
ENSNFUG00015001229,LOC107378535
ENSNFUG00015002825,LOC107394755
ENSNFUG00015000841,LOC107380057
ENSNFUG00015001596,LOC107379416
ENSNFUG00015018110,LOC107375445
ENSNFUG00015012291,LOC107374072
ENSNFUG00015013249,LOC107388111
ENSNFUG00015016674,LOC107378834
ENSNFUG00015010078,LOC107394642
ENSNFUG00015003466,LOC107378066
ENSNFUG00015025120,LOC107384199
ENSNFUG00015020495,LOC107394404
ENSNFUG00015001647,LOC107375498
ENSNFUG00015000963,LOC107380573
ENSNFUG00015004017,LOC107377243
ENSNFUG00015000814,LOC107389909
